ts,speed_mps,lat,lon,heading_deg
0.0,5.0,19.076,72.8777,45.0
0.01,5.00654498282587,19.0760002,72.8777003,45.0
0.02,5.01308995443709,19.0760004,72.87770060000001,45.0
0.03,5.01963490361903,19.0760006,72.87770090000001,45.0
0.04,5.0261798191570985,19.0760008,72.8777012,45.0
0.05,5.032724689836759,19.076001,72.8777015,45.0
0.06,5.039269504443556,19.0760012,72.87770180000001,45.0
0.07,5.045814251763129,19.0760014,72.87770210000001,45.0
0.08,5.052358920581229,19.0760016,72.8777024,45.0
0.09,5.058903499683746,19.0760018,72.8777027,45.0
0.1,5.065447977856722,19.076002,72.87770300000001,45.0
0.11,5.0719923438863725,19.0760022,72.87770330000001,45.0
0.12,5.078536586559103,19.0760024,72.8777036,45.0
0.13,5.085080694661535,19.0760026,72.8777039,45.0
0.14,5.091624656980514,19.0760028,72.87770420000001,45.0
0.15,5.098168462303142,19.076003,72.87770450000001,45.0
0.16,5.104712099416785,19.0760032,72.8777048,45.0
0.17,5.1112555571091,19.0760034,72.8777051,45.0
0.18,5.117798824168051,19.0760036,72.87770540000001,45.0
0.19,5.1243418893819275,19.076003800000002,72.8777057,45.0
0.2,5.130884741539365,19.076004,72.877706,45.0
0.21,5.137427369429367,19.0760042,72.8777063,45.0
0.22,5.143969761841317,19.076004400000002,72.87770660000001,45.0
0.23,5.150511907565005,19.0760046,72.8777069,45.0
0.24,5.157053795390642,19.0760048,72.8777072,45.0
0.25,5.1635954141088805,19.076005000000002,72.8777075,45.0
0.26,5.170136752510838,19.0760052,72.87770780000001,45.0
0.27,5.176677799388107,19.0760054,72.8777081,45.0
0.28,5.1832185435327816,19.076005600000002,72.8777084,45.0
0.29,5.189758973737478,19.0760058,72.8777087,45.0
0.3,5.196299078795343,19.076006,72.87770900000001,45.0
0.31,5.202838847500089,19.076006200000002,72.8777093,45.0
0.32,5.209378268645998,19.0760064,72.8777096,45.0
0.33,5.215917331027952,19.0760066,72.8777099,45.0
0.34,5.222456023441444,19.076006800000002,72.87771020000001,45.0
0.35000000000000003,5.2289943346826036,19.076007,72.8777105,45.0
0.36,5.235532253548213,19.0760072,72.8777108,45.0
0.37,5.2420697688357265,19.0760074,72.8777111,45.0
0.38,5.2486068693432895,19.0760076,72.87771140000001,45.0
0.39,5.2551435438697585,19.0760078,72.8777117,45.0
0.4,5.261679781214719,19.076008,72.877712,45.0
0.41000000000000003,5.2682155701785085,19.0760082,72.8777123,45.0
0.42,5.274750899562228,19.0760084,72.87771260000001,45.0
0.43,5.281285758167772,19.0760086,72.8777129,45.0
0.44,5.287820134797836,19.0760088,72.8777132,45.0
0.45,5.294354018255945,19.076009,72.8777135,45.0
0.46,5.300887397346468,19.0760092,72.87771380000001,45.0
0.47000000000000003,5.307420260874636,19.0760094,72.8777141,45.0
0.48,5.313952597646567,19.0760096,72.8777144,45.0
0.49,5.320484396469279,19.0760098,72.8777147,45.0
0.5,5.327015646150715,19.07601,72.87771500000001,45.0
0.51,5.333546335499754,19.0760102,72.8777153,45.0
0.52,5.340076453326241,19.0760104,72.8777156,45.0
0.53,5.346605988440993,19.0760106,72.8777159,45.0
0.54,5.353134929655834,19.0760108,72.87771620000001,45.0
0.55,5.359663265783597,19.076011,72.8777165,45.0
0.56,5.366190985638158,19.0760112,72.8777168,45.0
0.5700000000000001,5.372718078034447,19.076011400000002,72.8777171,45.0
0.58,5.379244531788469,19.0760116,72.87771740000001,45.0
0.59,5.385770335717325,19.0760118,72.8777177,45.0
0.6,5.392295478639225,19.076012000000002,72.877718,45.0
0.61,5.398819949373515,19.0760122,72.8777183,45.0
0.62,5.4053437367406945,19.0760124,72.87771860000001,45.0
0.63,5.411866829562428,19.076012600000002,72.8777189,45.0
0.64,5.418389216661578,19.0760128,72.8777192,45.0
0.65,5.424910886862209,19.076013,72.8777195,45.0
0.66,5.431431828989616,19.076013200000002,72.87771980000001,45.0
0.67,5.4379520318703465,19.0760134,72.8777201,45.0
0.68,5.444471484332207,19.0760136,72.8777204,45.0
0.6900000000000001,5.4509901752042955,19.076013800000002,72.8777207,45.0
0.7000000000000001,5.457508093317012,19.076014,72.87772100000001,45.0
0.71,5.464025227502081,19.0760142,72.8777213,45.0
0.72,5.470541566592572,19.076014400000002,72.8777216,45.0
0.73,5.477057099422914,19.0760146,72.8777219,45.0
0.74,5.48357181482892,19.0760148,72.87772220000001,45.0
0.75,5.4900857016478035,19.076015,72.8777225,45.0
0.76,5.4965987487181955,19.0760152,72.8777228,45.0
0.77,5.503110944880167,19.0760154,72.87772310000001,45.0
0.78,5.50962227897525,19.0760156,72.87772340000001,45.0
0.79,5.516132739846449,19.0760158,72.8777237,45.0
0.8,5.522642316338268,19.076016,72.877724,45.0
0.81,5.529150997296723,19.0760162,72.87772430000001,45.0
0.8200000000000001,5.535658771569368,19.0760164,72.87772460000001,45.0
0.8300000000000001,5.54216562800531,19.0760166,72.8777249,45.0
0.84,5.548671555455227,19.0760168,72.8777252,45.0
0.85,5.555176542771388,19.076017,72.87772550000001,45.0
0.86,5.561680578807677,19.0760172,72.87772580000001,45.0
0.87,5.568183652419606,19.0760174,72.8777261,45.0
0.88,5.574685752464333,19.0760176,72.8777264,45.0
0.89,5.581186867800688,19.0760178,72.87772670000001,45.0
0.9,5.587686987289189,19.076018,72.87772700000001,45.0
0.91,5.594186099792054,19.0760182,72.8777273,45.0
0.92,5.600684194173235,19.0760184,72.8777276,45.0
0.93,5.607181259298423,19.0760186,72.87772790000001,45.0
0.9400000000000001,5.613677284035075,19.0760188,72.8777282,45.0
0.9500000000000001,5.6201722572524275,19.076019000000002,72.8777285,45.0
0.96,5.626666167821521,19.0760192,72.8777288,45.0
0.97,5.633159004615219,19.0760194,72.87772910000001,45.0
0.98,5.639650756508221,19.076019600000002,72.8777294,45.0
0.99,5.646141412377088,19.0760198,72.8777297,45.0
1.0,5.652630961100257,19.07602,72.87773,45.0
1.01,5.659119391558065,19.076020200000002,72.87773030000001,45.0
1.02,5.665606692632762,19.0760204,72.8777306,45.0
1.03,5.672092853208533,19.0760206,72.8777309,45.0
1.04,5.678577862171522,19.076020800000002,72.8777312,45.0
1.05,5.68506170840984,19.076021,72.87773150000001,45.0
1.06,5.691544380813594,19.0760212,72.8777318,45.0
1.07,5.698025868274903,19.076021400000002,72.8777321,45.0
1.08,5.704506159687913,19.0760216,72.8777324,45.0
1.09,5.710985243948823,19.0760218,72.87773270000001,45.0
1.1,5.717463109955897,19.076022000000002,72.877733,45.0
1.11,5.723939746609489,19.0760222,72.8777333,45.0
1.12,5.730415142812058,19.0760224,72.8777336,45.0
1.1300000000000001,5.736889287468189,19.0760226,72.87773390000001,45.0
1.1400000000000001,5.743362169484615,19.0760228,72.8777342,45.0
1.1500000000000001,5.749833777770225,19.076023,72.8777345,45.0
1.16,5.756304101236096,19.0760232,72.8777348,45.0
1.17,5.762773128795505,19.0760234,72.87773510000001,45.0
1.18,5.76924084936395,19.0760236,72.8777354,45.0
1.19,5.775707251859168,19.0760238,72.8777357,45.0
1.2,5.782172325201155,19.076024,72.877736,45.0
1.21,5.788636058312182,19.0760242,72.87773630000001,45.0
1.22,5.7950984401168215,19.0760244,72.8777366,45.0
1.23,5.801559459541956,19.0760246,72.8777369,45.0
1.24,5.808019105516806,19.0760248,72.8777372,45.0
1.25,5.814477366972943,19.076025,72.87773750000001,45.0
1.26,5.820934232844315,19.0760252,72.8777378,45.0
1.27,5.827389692067255,19.0760254,72.8777381,45.0
1.28,5.833843733580512,19.0760256,72.8777384,45.0
1.29,5.84029634632526,19.0760258,72.87773870000001,45.0
1.3,5.846747519245124,19.076026,72.877739,45.0
1.31,5.8531972412861935,19.0760262,72.8777393,45.0
1.32,5.859645501397049,19.0760264,72.8777396,45.0
1.33,5.866092288528768,19.076026600000002,72.87773990000001,45.0
1.34,5.87253759163496,19.0760268,72.8777402,45.0
1.35,5.878981399671773,19.076027,72.8777405,45.0
1.36,5.885423701597916,19.076027200000002,72.8777408,45.0
1.37,5.891864486374683,19.0760274,72.87774110000001,45.0
1.3800000000000001,5.898303742965963,19.0760276,72.8777414,45.0
1.3900000000000001,5.904741460338265,19.076027800000002,72.8777417,45.0
1.4000000000000001,5.911177627460738,19.076028,72.877742,45.0
1.41,5.9176122333051815,19.0760282,72.87774230000001,45.0
1.42,5.924045266846077,19.076028400000002,72.8777426,45.0
1.43,5.930476717060595,19.0760286,72.8777429,45.0
1.44,5.936906572928623,19.0760288,72.8777432,45.0
1.45,5.943334823432776,19.076029000000002,72.87774350000001,45.0
1.46,5.949761457558424,19.0760292,72.8777438,45.0
1.47,5.956186464293701,19.0760294,72.8777441,45.0
1.48,5.962609832629537,19.076029600000002,72.8777444,45.0
1.49,5.969031551559664,19.0760298,72.87774470000001,45.0
1.5,5.975451610080641,19.07603,72.877745,45.0
1.51,5.9818699971918745,19.0760302,72.8777453,45.0
1.52,5.988286701895631,19.0760304,72.87774560000001,45.0
1.53,5.994701713197062,19.0760306,72.87774590000001,45.0
1.54,6.001115020104223,19.0760308,72.8777462,45.0
1.55,6.007526611628085,19.076031,72.8777465,45.0
1.56,6.013936476782562,19.0760312,72.87774680000001,45.0
1.57,6.020344604584524,19.0760314,72.87774710000001,45.0
1.58,6.02675098405382,19.0760316,72.8777474,45.0
1.59,6.033155604213291,19.0760318,72.8777477,45.0
1.6,6.039558454088797,19.076032,72.87774800000001,45.0
1.61,6.045959522709228,19.0760322,72.87774830000001,45.0
1.62,6.052358799106528,19.0760324,72.8777486,45.0
1.6300000000000001,6.058756272315712,19.0760326,72.8777489,45.0
1.6400000000000001,6.065151931374882,19.0760328,72.87774920000001,45.0
1.6500000000000001,6.071545765325253,19.076033,72.87774950000001,45.0
1.6600000000000001,6.077937763211164,19.0760332,72.8777498,45.0
1.67,6.0843279140801,19.0760334,72.8777501,45.0
1.68,6.090716206982712,19.0760336,72.87775040000001,45.0
1.69,6.097102630972836,19.0760338,72.8777507,45.0
1.7,6.103487175107506,19.076034,72.877751,45.0
1.71,6.10986982844698,19.076034200000002,72.8777513,45.0
1.72,6.116250580054756,19.0760344,72.87775160000001,45.0
1.73,6.122629418997592,19.0760346,72.8777519,45.0
1.74,6.129006334345518,19.076034800000002,72.8777522,45.0
1.75,6.135381315171866,19.076035,72.8777525,45.0
1.76,6.1417543505532795,19.0760352,72.87775280000001,45.0
1.77,6.148125429569734,19.076035400000002,72.8777531,45.0
1.78,6.154494541304562,19.0760356,72.8777534,45.0
1.79,6.160861674844462,19.0760358,72.8777537,45.0
1.8,6.167226819279526,19.076036000000002,72.87775400000001,45.0
1.81,6.173589963703253,19.0760362,72.8777543,45.0
1.82,6.179951097212567,19.0760364,72.8777546,45.0
1.83,6.186310208907838,19.076036600000002,72.8777549,45.0
1.84,6.192667287892904,19.0760368,72.87775520000001,45.0
1.85,6.1990223232750825,19.076037,72.8777555,45.0
1.86,6.205375304165194,19.076037200000002,72.8777558,45.0
1.87,6.211726219677577,19.0760374,72.8777561,45.0
1.8800000000000001,6.218075058930113,19.0760376,72.87775640000001,45.0
1.8900000000000001,6.2244218110442375,19.0760378,72.8777567,45.0
1.9000000000000001,6.230766465144965,19.076038,72.877757,45.0
1.9100000000000001,6.2371090103609035,19.0760382,72.8777573,45.0
1.92,6.243449435824273,19.0760384,72.87775760000001,45.0
1.93,6.24978773067093,19.0760386,72.8777579,45.0
1.94,6.2561238840403774,19.0760388,72.8777582,45.0
1.95,6.26245788507579,19.076039,72.8777585,45.0
1.96,6.268789722924028,19.0760392,72.87775880000001,45.0
1.97,6.275119386735661,19.0760394,72.8777591,45.0
1.98,6.281446865664984,19.0760396,72.8777594,45.0
1.99,6.287772148870031,19.0760398,72.8777597,45.0
2.0,6.294095225512604,19.07604,72.87776000000001,45.0
2.0100000000000002,6.300416084758282,19.0760402,72.8777603,45.0
2.02,6.3067347157764475,19.0760404,72.8777606,45.0
2.0300000000000002,6.313051107740297,19.0760406,72.8777609,45.0
2.04,6.319365249826864,19.0760408,72.87776120000001,45.0
2.05,6.32567713121704,19.076041,72.8777615,45.0
2.06,6.331986741095587,19.0760412,72.8777618,45.0
2.07,6.3382940686511615,19.0760414,72.8777621,45.0
2.08,6.3445991030763285,19.0760416,72.87776240000001,45.0
2.09,6.350901833567583,19.076041800000002,72.8777627,45.0
2.1,6.357202249325371,19.076042,72.877763,45.0
2.11,6.363500339554099,19.0760422,72.8777633,45.0
2.12,6.3697960934621625,19.076042400000002,72.87776360000001,45.0
2.13,6.3760895002619575,19.0760426,72.8777639,45.0
2.14,6.382380549169904,19.0760428,72.8777642,45.0
2.15,6.38866922940646,19.076043000000002,72.8777645,45.0
2.16,6.394955530196147,19.0760432,72.87776480000001,45.0
2.17,6.401239440767554,19.0760434,72.8777651,45.0
2.18,6.407520950353377,19.076043600000002,72.8777654,45.0
2.19,6.413800048190417,19.0760438,72.8777657,45.0
2.2,6.420076723519613,19.076044,72.87776600000001,45.0
2.21,6.426350965586051,19.076044200000002,72.8777663,45.0
2.22,6.4326227636389905,19.0760444,72.8777666,45.0
2.23,6.438892106931876,19.0760446,72.8777669,45.0
2.24,6.445158984722358,19.076044800000002,72.87776720000001,45.0
2.25,6.451423386272311,19.076045,72.8777675,45.0
2.2600000000000002,6.457685300847857,19.0760452,72.8777678,45.0
2.27,6.463944717719373,19.0760454,72.8777681,45.0
2.2800000000000002,6.47020162616152,19.0760456,72.87776840000001,45.0
2.29,6.476456015453255,19.0760458,72.8777687,45.0
2.3000000000000003,6.482707874877855,19.076046,72.877769,45.0
2.31,6.488957193722927,19.0760462,72.87776930000001,45.0
2.32,6.495203961280433,19.0760464,72.87776960000001,45.0
2.33,6.50144816684671,19.0760466,72.8777699,45.0
2.34,6.507689799722478,19.0760468,72.8777702,45.0
2.35,6.513928849212873,19.076047,72.87777050000001,45.0
2.36,6.520165304627451,19.0760472,72.87777080000001,45.0
2.37,6.5263991552802185,19.0760474,72.8777711,45.0
2.38,6.532630390489639,19.0760476,72.8777714,45.0
2.39,6.538858999578663,19.0760478,72.87777170000001,45.0
2.4,6.545084971874737,19.076048,72.87777200000001,45.0
2.41,6.551308296709829,19.0760482,72.8777723,45.0
2.42,6.55752896342044,19.0760484,72.8777726,45.0
2.43,6.563746961347629,19.0760486,72.87777290000001,45.0
2.44,6.569962279837025,19.0760488,72.87777320000001,45.0
2.45,6.5761749082388485,19.076049,72.8777735,45.0
2.46,6.582384835907931,19.0760492,72.8777738,45.0
2.47,6.58859205220373,19.076049400000002,72.87777410000001,45.0
2.48,6.59479654649035,19.0760496,72.8777744,45.0
2.49,6.600998308136559,19.0760498,72.8777747,45.0
2.5,6.6071973265158075,19.076050000000002,72.877775,45.0
2.5100000000000002,6.613393591006247,19.0760502,72.87777530000001,45.0
2.52,6.619587090990747,19.0760504,72.8777756,45.0
2.5300000000000002,6.625777815856914,19.076050600000002,72.8777759,45.0
2.54,6.631965754997109,19.0760508,72.8777762,45.0
2.5500000000000003,6.638150897808468,19.076051,72.87777650000001,45.0
2.56,6.644333233692916,19.076051200000002,72.8777768,45.0
2.57,6.650512752057191,19.0760514,72.8777771,45.0
2.58,6.656689442312855,19.0760516,72.8777774,45.0
2.59,6.662863293876318,19.076051800000002,72.87777770000001,45.0
2.6,6.669034296168855,19.076052,72.877778,45.0
2.61,6.67520243861662,19.0760522,72.8777783,45.0
2.62,6.68136771065067,19.076052400000002,72.8777786,45.0
2.63,6.687530101706978,19.0760526,72.87777890000001,45.0
2.64,6.693689601226457,19.0760528,72.8777792,45.0
2.65,6.699846198654971,19.076053,72.8777795,45.0
2.66,6.705999883443359,19.0760532,72.8777798,45.0
2.67,6.7121506450474495,19.0760534,72.87778010000001,45.0
2.68,6.718298472928081,19.0760536,72.8777804,45.0
2.69,6.724443356551115,19.0760538,72.8777807,45.0
2.7,6.730585285387464,19.076054,72.877781,45.0
2.71,6.7367242489131005,19.0760542,72.87778130000001,45.0
2.72,6.742860236609076,19.0760544,72.8777816,45.0
2.73,6.748993237961543,19.0760546,72.8777819,45.0
2.74,6.7551232424617735,19.0760548,72.8777822,45.0
2.75,6.7612502396061664,19.076055,72.87778250000001,45.0
2.7600000000000002,6.767374218896286,19.0760552,72.8777828,45.0
2.77,6.7734951698388555,19.0760554,72.8777831,45.0
2.7800000000000002,6.7796130819457945,19.0760556,72.8777834,45.0
2.79,6.7857279447342265,19.0760558,72.87778370000001,45.0
2.8000000000000003,6.791839747726502,19.076056,72.877784,45.0
2.81,6.797948480450211,19.0760562,72.8777843,45.0
2.82,6.804054132438209,19.0760564,72.8777846,45.0
2.83,6.810156693228626,19.0760566,72.87778490000001,45.0
2.84,6.8162561523648915,19.0760568,72.8777852,45.0
2.85,6.822352499395748,19.076057000000002,72.8777855,45.0
2.86,6.828445723875271,19.0760572,72.8777858,45.0
2.87,6.834535815362887,19.0760574,72.87778610000001,45.0
2.88,6.84062276342339,19.076057600000002,72.8777864,45.0
2.89,6.846706557626959,19.0760578,72.8777867,45.0
2.9,6.852787187549181,19.076058,72.877787,45.0
2.91,6.858864642771061,19.076058200000002,72.87778730000001,45.0
2.92,6.864938912879044,19.0760584,72.8777876,45.0
2.93,6.871009987465037,19.0760586,72.8777879,45.0
2.94,6.877077856126416,19.076058800000002,72.8777882,45.0
2.95,6.883142508466054,19.076059,72.87778850000001,45.0
2.96,6.889203934092336,19.0760592,72.8777888,45.0
2.97,6.895262122619172,19.076059400000002,72.8777891,45.0
2.98,6.901317063666025,19.0760596,72.8777894,45.0
2.99,6.907368746857915,19.0760598,72.87778970000001,45.0
3.0,6.913417161825449,19.076060000000002,72.87779,45.0
3.0100000000000002,6.919462298204833,19.0760602,72.8777903,45.0
3.02,6.925504145637891,19.0760604,72.8777906,45.0
3.0300000000000002,6.93154269377208,19.0760606,72.87779090000001,45.0
3.04,6.937577932260515,19.0760608,72.8777912,45.0
3.0500000000000003,6.943609850761979,19.076061,72.8777915,45.0
3.06,6.949638438940942,19.0760612,72.87779180000001,45.0
3.0700000000000003,6.955663686467584,19.0760614,72.87779210000001,45.0
3.08,6.9616855830178075,19.0760616,72.8777924,45.0
3.09,6.967704118273257,19.0760618,72.8777927,45.0
3.1,6.973719281921335,19.076062,72.87779300000001,45.0
3.11,6.979731063655226,19.0760622,72.87779330000001,45.0
3.12,6.9857394531739025,19.0760624,72.8777936,45.0
3.13,6.9917444401821545,19.0760626,72.8777939,45.0
3.14,6.9977460143906,19.0760628,72.87779420000001,45.0
3.15,7.003744165515704,19.076063,72.87779450000001,45.0
3.16,7.009738883279802,19.0760632,72.8777948,45.0
3.17,7.015730157411102,19.0760634,72.8777951,45.0
3.18,7.021717977643725,19.0760636,72.87779540000001,45.0
3.19,7.027702333717701,19.0760638,72.87779570000001,45.0
3.2,7.033683215379001,19.076064,72.877796,45.0
3.21,7.039660612379546,19.0760642,72.8777963,45.0
3.22,7.045634514477229,19.0760644,72.87779660000001,45.0
3.23,7.051604911435932,19.076064600000002,72.8777969,45.0
3.24,7.057571793025544,19.0760648,72.8777972,45.0
3.25,7.063535149021973,19.076065,72.8777975,45.0
3.2600000000000002,7.069494969207174,19.076065200000002,72.87779780000001,45.0
3.27,7.075451243369156,19.0760654,72.8777981,45.0
3.2800000000000002,7.081403961302007,19.0760656,72.8777984,45.0
3.29,7.0873531128059035,19.076065800000002,72.8777987,45.0
3.3000000000000003,7.093298687687141,19.076066,72.87779900000001,45.0
3.31,7.099240675758136,19.0760662,72.8777993,45.0
3.3200000000000003,7.105179066837454,19.076066400000002,72.8777996,45.0
3.33,7.1111138507498275,19.0760666,72.8777999,45.0
3.34,7.117045017326161,19.0760668,72.87780020000001,45.0
3.35,7.122972556403566,19.076067000000002,72.8778005,45.0
3.36,7.1288964578253635,19.0760672,72.8778008,45.0
3.37,7.134816711441111,19.0760674,72.8778011,45.0
3.38,7.140733307106615,19.076067600000002,72.87780140000001,45.0
3.39,7.14664623468395,19.0760678,72.8778017,45.0
3.4,7.152555484041477,19.076068,72.877802,45.0
3.41,7.158461045053855,19.0760682,72.8778023,45.0
3.42,7.16436290760207,19.0760684,72.87780260000001,45.0
3.43,7.17026106157344,19.0760686,72.8778029,45.0
3.44,7.176155496861637,19.0760688,72.8778032,45.0
3.45,7.182046203366711,19.076069,72.8778035,45.0
3.46,7.187933170995093,19.0760692,72.87780380000001,45.0
3.47,7.193816389659626,19.0760694,72.8778041,45.0
3.48,7.199695849279576,19.0760696,72.8778044,45.0
3.49,7.205571539780648,19.0760698,72.8778047,45.0
3.5,7.211443451095007,19.07607,72.87780500000001,45.0
3.5100000000000002,7.217311573161292,19.0760702,72.8778053,45.0
3.52,7.223175895924637,19.0760704,72.8778056,45.0
3.5300000000000002,7.229036409336685,19.0760706,72.8778059,45.0
3.54,7.234893103355605,19.0760708,72.87780620000001,45.0
3.5500000000000003,7.240745967946113,19.076071,72.8778065,45.0
3.56,7.246594993079483,19.0760712,72.8778068,45.0
3.5700000000000003,7.252440168733571,19.0760714,72.8778071,45.0
3.58,7.258281484892828,19.0760716,72.87780740000001,45.0
3.59,7.2641189315483174,19.0760718,72.8778077,45.0
3.6,7.269952498697734,19.076072,72.877808,45.0
3.61,7.275782176345419,19.076072200000002,72.8778083,45.0
3.62,7.2816079545023795,19.0760724,72.87780860000001,45.0
3.63,7.287429823186303,19.0760726,72.8778089,45.0
3.64,7.293247772421575,19.076072800000002,72.8778092,45.0
3.65,7.299061792239298,19.076073,72.8778095,45.0
3.66,7.304871872677312,19.0760732,72.87780980000001,45.0
3.67,7.310678003780198,19.076073400000002,72.8778101,45.0
3.68,7.31648017559931,19.0760736,72.8778104,45.0
3.69,7.322278378192783,19.0760738,72.8778107,45.0
3.7,7.328072601625557,19.076074000000002,72.87781100000001,45.0
3.71,7.333862835969388,19.0760742,72.8778113,45.0
3.72,7.339649071302867,19.0760744,72.8778116,45.0
3.73,7.345431297711436,19.076074600000002,72.8778119,45.0
3.74,7.351209505287412,19.0760748,72.87781220000001,45.0
3.75,7.356983684129988,19.076075,72.8778125,45.0
3.7600000000000002,7.362753824345269,19.076075200000002,72.8778128,45.0
3.77,7.368519916046279,19.0760754,72.8778131,45.0
3.7800000000000002,7.374281949352973,19.0760756,72.87781340000001,45.0
3.79,7.380039914392266,19.0760758,72.8778137,45.0
3.8000000000000003,7.385793801298042,19.076076,72.877814,45.0
3.81,7.391543600211172,19.0760762,72.87781430000001,45.0
3.8200000000000003,7.3972893012795335,19.0760764,72.87781460000001,45.0
3.83,7.4030308946580226,19.0760766,72.8778149,45.0
3.84,7.408768370508576,19.0760768,72.8778152,45.0
3.85,7.414501719000187,19.076077,72.87781550000001,45.0
3.86,7.420230930308916,19.0760772,72.87781580000001,45.0
3.87,7.425955994617919,19.0760774,72.8778161,45.0
3.88,7.431676902117452,19.0760776,72.8778164,45.0
3.89,7.4373936430048975,19.0760778,72.87781670000001,45.0
3.9,7.4431062074847745,19.076078,72.87781700000001,45.0
3.91,7.44881458576876,19.0760782,72.8778173,45.0
3.92,7.454518768075705,19.0760784,72.8778176,45.0
3.93,7.460218744631645,19.0760786,72.87781790000001,45.0
3.94,7.465914505669828,19.0760788,72.87781820000001,45.0
3.95,7.471606041430723,19.076079,72.8778185,45.0
3.96,7.477293342162038,19.0760792,72.8778188,45.0
3.97,7.482976398118737,19.0760794,72.87781910000001,45.0
3.98,7.488655199563061,19.0760796,72.8778194,45.0
3.99,7.494329736764537,19.076079800000002,72.8778197,45.0
4.0,7.5,19.07608,72.87782,45.0
4.01,7.5056659795536085,19.0760802,72.87782030000001,45.0
4.0200000000000005,7.511327665716863,19.076080400000002,72.8778206,45.0
4.03,7.516985048788616,19.0760806,72.8778209,45.0
4.04,7.522638119075095,19.0760808,72.8778212,45.0
4.05,7.528286866889923,19.076081000000002,72.87782150000001,45.0
4.0600000000000005,7.5339312825541205,19.0760812,72.8778218,45.0
4.07,7.539571356396135,19.0760814,72.8778221,45.0
4.08,7.545207078751856,19.076081600000002,72.8778224,45.0
4.09,7.550838439964627,19.0760818,72.87782270000001,45.0
4.1,7.556465430385259,19.076082,72.877823,45.0
4.11,7.562088040372066,19.076082200000002,72.8778233,45.0
4.12,7.56770626029085,19.0760824,72.8778236,45.0
4.13,7.57332008051495,19.0760826,72.87782390000001,45.0
4.14,7.578929491425237,19.076082800000002,72.8778242,45.0
4.15,7.584534483410138,19.076083,72.8778245,45.0
4.16,7.590135046865651,19.0760832,72.8778248,45.0
4.17,7.595731172195364,19.0760834,72.87782510000001,45.0
4.18,7.601322849810469,19.0760836,72.8778254,45.0
4.19,7.60691007012978,19.0760838,72.8778257,45.0
4.2,7.612492823579744,19.076084,72.877826,45.0
4.21,7.618071100594468,19.0760842,72.87782630000001,45.0
4.22,7.623644891615725,19.0760844,72.8778266,45.0
4.23,7.629214187092978,19.0760846,72.8778269,45.0
4.24,7.634778977483387,19.0760848,72.8778272,45.0
4.25,7.64033925325184,19.076085,72.87782750000001,45.0
4.26,7.645895004870953,19.0760852,72.8778278,45.0
4.2700000000000005,7.651446222821098,19.0760854,72.8778281,45.0
4.28,7.656992897590414,19.0760856,72.8778284,45.0
4.29,7.662535019674825,19.0760858,72.87782870000001,45.0
4.3,7.668072579578058,19.076086,72.877829,45.0
4.3100000000000005,7.673605567811652,19.0760862,72.8778293,45.0
4.32,7.679133974894983,19.0760864,72.8778296,45.0
4.33,7.684657791355277,19.0760866,72.87782990000001,45.0
4.34,7.690177007727625,19.0760868,72.8778302,45.0
4.3500000000000005,7.695691614555001,19.076087,72.8778305,45.0
4.36,7.701201602388275,19.0760872,72.8778308,45.0
4.37,7.706706961786233,19.076087400000002,72.87783110000001,45.0
4.38,7.712207683315593,19.0760876,72.8778314,45.0
4.39,7.717703757551018,19.0760878,72.8778317,45.0
4.4,7.723195175075135,19.076088000000002,72.877832,45.0
4.41,7.728681926478549,19.0760882,72.87783230000001,45.0
4.42,7.734164002359862,19.0760884,72.8778326,45.0
4.43,7.739641393325685,19.076088600000002,72.8778329,45.0
4.44,7.745114089990659,19.0760888,72.8778332,45.0
4.45,7.750582082977466,19.076089,72.87783350000001,45.0
4.46,7.756045362916852,19.076089200000002,72.8778338,45.0
4.47,7.761503920447632,19.0760894,72.8778341,45.0
4.48,7.76695774621672,19.0760896,72.8778344,45.0
4.49,7.772406830879133,19.076089800000002,72.87783470000001,45.0
4.5,7.777851165098011,19.07609,72.877835,45.0
4.51,7.783290739544638,19.0760902,72.8778353,45.0
4.5200000000000005,7.788725544898451,19.076090400000002,72.8778356,45.0
4.53,7.7941555718470585,19.0760906,72.87783590000001,45.0
4.54,7.7995808110862574,19.0760908,72.8778362,45.0
4.55,7.805001253320048,19.076091,72.8778365,45.0
4.5600000000000005,7.810416889260653,19.0760912,72.87783680000001,45.0
4.57,7.8158277096285245,19.0760914,72.87783710000001,45.0
4.58,7.821233705152371,19.0760916,72.8778374,45.0
4.59,7.826634866569164,19.0760918,72.8778377,45.0
4.6000000000000005,7.832031184624164,19.076092,72.87783800000001,45.0
4.61,7.837422650070927,19.0760922,72.87783830000001,45.0
4.62,7.842809253671319,19.0760924,72.8778386,45.0
4.63,7.848190986195548,19.0760926,72.8778389,45.0
4.64,7.853567838422157,19.0760928,72.87783920000001,45.0
4.65,7.85893980113806,19.076093,72.87783950000001,45.0
4.66,7.864306865138545,19.0760932,72.8778398,45.0
4.67,7.869669021227292,19.0760934,72.8778401,45.0
4.68,7.875026260216393,19.0760936,72.87784040000001,45.0
4.69,7.880378572926365,19.0760938,72.87784070000001,45.0
4.7,7.885725950186169,19.076094,72.877841,45.0
4.71,7.891068382833215,19.0760942,72.8778413,45.0
4.72,7.896405861713394,19.0760944,72.87784160000001,45.0
4.73,7.90173837768108,19.0760946,72.8778419,45.0
4.74,7.907065921599152,19.0760948,72.8778422,45.0
4.75,7.91238848433901,19.076095000000002,72.8778425,45.0
4.76,7.917706056780586,19.0760952,72.87784280000001,45.0
4.7700000000000005,7.923018629812368,19.0760954,72.8778431,45.0
4.78,7.928326194331403,19.076095600000002,72.8778434,45.0
4.79,7.933628741243326,19.0760958,72.8778437,45.0
4.8,7.938926261462366,19.076096,72.87784400000001,45.0
4.8100000000000005,7.944218745911367,19.076096200000002,72.8778443,45.0
4.82,7.949506185521802,19.0760964,72.8778446,45.0
4.83,7.954788571233786,19.0760966,72.8778449,45.0
4.84,7.960065893996098,19.076096800000002,72.87784520000001,45.0
4.8500000000000005,7.965338144766186,19.076097,72.8778455,45.0
4.86,7.970605314510193,19.0760972,72.8778458,45.0
4.87,7.975867394202966,19.076097400000002,72.8778461,45.0
4.88,7.981124374828079,19.0760976,72.87784640000001,45.0
4.89,7.9863762473778355,19.0760978,72.8778467,45.0
4.9,7.991623002853295,19.076098,72.877847,45.0
4.91,7.996864632264287,19.0760982,72.8778473,45.0
4.92,8.00210112662942,19.0760984,72.87784760000001,45.0
4.93,8.007332476976107,19.0760986,72.8778479,45.0
4.94,8.012558674340566,19.0760988,72.8778482,45.0
4.95,8.017779709767858,19.076099,72.8778485,45.0
4.96,8.022995574311874,19.0760992,72.87784880000001,45.0
4.97,8.028206259035377,19.0760994,72.8778491,45.0
4.98,8.033411755009999,19.0760996,72.8778494,45.0
4.99,8.038612053316264,19.0760998,72.8778497,45.0
5.0,8.043807145043603,19.0761,72.87785000000001,45.0
5.01,8.048997021290369,19.0761002,72.8778503,45.0
5.0200000000000005,8.05418167316385,19.0761004,72.8778506,45.0
5.03,8.059361091780284,19.0761006,72.8778509,45.0
5.04,8.064535268264882,19.0761008,72.87785120000001,45.0
5.05,8.069704193751832,19.076101,72.8778515,45.0
5.0600000000000005,8.07486785938432,19.0761012,72.8778518,45.0
5.07,8.08002625631455,19.0761014,72.8778521,45.0
5.08,8.085179375703744,19.0761016,72.87785240000001,45.0
5.09,8.090327208722174,19.0761018,72.8778527,45.0
5.1000000000000005,8.09546974654917,19.076102,72.877853,45.0
5.11,8.100606980373133,19.0761022,72.8778533,45.0
5.12,8.105738901391552,19.0761024,72.87785360000001,45.0
5.13,8.110865500811022,19.076102600000002,72.8778539,45.0
5.14,8.11598676984725,19.0761028,72.8778542,45.0
5.15,8.121102699725089,19.076103,72.8778545,45.0
5.16,8.126213281678526,19.076103200000002,72.87785480000001,45.0
5.17,8.13131850695072,19.0761034,72.8778551,45.0
5.18,8.136418366794008,19.0761036,72.8778554,45.0
5.19,8.141512852469917,19.076103800000002,72.8778557,45.0
5.2,8.146601955249187,19.076104,72.87785600000001,45.0
5.21,8.15168566641178,19.0761042,72.8778563,45.0
5.22,8.156763977246888,19.076104400000002,72.8778566,45.0
5.23,8.161836879052974,19.0761046,72.8778569,45.0
5.24,8.16690436313775,19.0761048,72.87785720000001,45.0
5.25,8.171966420818228,19.076105000000002,72.8778575,45.0
5.26,8.177023043420704,19.0761052,72.8778578,45.0
5.2700000000000005,8.182074222280797,19.0761054,72.8778581,45.0
5.28,8.18711994874345,19.0761056,72.87785840000001,45.0
5.29,8.192160214162943,19.0761058,72.8778587,45.0
5.3,8.197195009902924,19.076106,72.877859,45.0
5.3100000000000005,8.202224327336404,19.0761062,72.87785930000001,45.0
5.32,8.20724815784579,19.0761064,72.87785960000001,45.0
5.33,8.212266492822879,19.0761066,72.8778599,45.0
5.34,8.217279323668894,19.0761068,72.8778602,45.0
5.3500000000000005,8.222286641794486,19.076107,72.87786050000001,45.0
5.36,8.227288438619754,19.0761072,72.87786080000001,45.0
5.37,8.232284705574248,19.0761074,72.8778611,45.0
5.38,8.237275434097011,19.0761076,72.8778614,45.0
5.39,8.242260615636557,19.0761078,72.87786170000001,45.0
5.4,8.247240241650918,19.076108,72.87786200000001,45.0
5.41,8.252214303607639,19.0761082,72.8778623,45.0
5.42,8.257182792983802,19.0761084,72.8778626,45.0
5.43,8.262145701266032,19.0761086,72.87786290000001,45.0
5.44,8.267103019950529,19.0761088,72.87786320000001,45.0
5.45,8.272054740543052,19.076109,72.8778635,45.0
5.46,8.277000854558969,19.0761092,72.8778638,45.0
5.47,8.281941353523248,19.0761094,72.87786410000001,45.0
5.48,8.28687622897048,19.0761096,72.8778644,45.0
5.49,8.291805472444885,19.0761098,72.8778647,45.0
5.5,8.296729075500345,19.07611,72.877865,45.0
5.51,8.301647029700396,19.076110200000002,72.87786530000001,45.0
5.5200000000000005,8.30655932661826,19.0761104,72.8778656,45.0
5.53,8.311465957836848,19.0761106,72.8778659,45.0
5.54,8.316366914948784,19.076110800000002,72.8778662,45.0
5.55,8.321262189556409,19.076111,72.87786650000001,45.0
5.5600000000000005,8.326151773271803,19.0761112,72.8778668,45.0
5.57,8.3310356577168,19.076111400000002,72.8778671,45.0
5.58,8.335913834522998,19.0761116,72.8778674,45.0
5.59,8.340786295331771,19.0761118,72.87786770000001,45.0
5.6000000000000005,8.345653031794292,19.076112000000002,72.877868,45.0
5.61,8.350514035571539,19.0761122,72.8778683,45.0
5.62,8.355369298334313,19.0761124,72.8778686,45.0
5.63,8.36021881176326,19.076112600000002,72.87786890000001,45.0
5.64,8.365062567548867,19.0761128,72.8778692,45.0
5.65,8.369900557391489,19.076113,72.8778695,45.0
5.66,8.374732773001364,19.0761132,72.8778698,45.0
5.67,8.379559206098623,19.0761134,72.87787010000001,45.0
5.68,8.384379848413303,19.0761136,72.8778704,45.0
5.69,8.389194691685367,19.0761138,72.8778707,45.0
5.7,8.39400372766471,19.076114,72.877871,45.0
5.71,8.39880694811118,19.0761142,72.87787130000001,45.0
5.72,8.403604344794589,19.0761144,72.8778716,45.0
5.73,8.40839590949473,19.0761146,72.8778719,45.0
5.74,8.41318163400139,19.0761148,72.8778722,45.0
5.75,8.417961510114356,19.076115,72.87787250000001,45.0
5.76,8.422735529643443,19.0761152,72.8778728,45.0
5.7700000000000005,8.4275036844085,19.0761154,72.8778731,45.0
5.78,8.432265966239418,19.0761156,72.8778734,45.0
5.79,8.437022366976164,19.0761158,72.87787370000001,45.0
5.8,8.44177287846877,19.076116,72.877874,45.0
5.8100000000000005,8.446517492577367,19.0761162,72.8778743,45.0
5.82,8.451256201172185,19.0761164,72.8778746,45.0
5.83,8.45598899613358,19.0761166,72.87787490000001,45.0
5.84,8.460715869352033,19.0761168,72.8778752,45.0
5.8500000000000005,8.46543681272818,19.076117,72.8778755,45.0
5.86,8.470151818172809,19.0761172,72.8778758,45.0
5.87,8.474860877606886,19.0761174,72.87787610000001,45.0
5.88,8.47956398296157,19.0761176,72.8778764,45.0
5.89,8.484261126178218,19.076117800000002,72.8778767,45.0
5.9,8.488952299208401,19.076118,72.877877,45.0
5.91,8.493637494013921,19.0761182,72.87787730000001,45.0
5.92,8.498316702566827,19.076118400000002,72.8778776,45.0
5.93,8.502989916849423,19.0761186,72.8778779,45.0
5.94,8.507657128854278,19.0761188,72.8778782,45.0
5.95,8.51231833058426,19.076119000000002,72.87787850000001,45.0
5.96,8.51697351405252,19.0761192,72.8778788,45.0
5.97,8.52162267128253,19.0761194,72.8778791,45.0
5.98,8.526265794308088,19.076119600000002,72.8778794,45.0
5.99,8.530902875173329,19.0761198,72.87787970000001,45.0
6.0,8.535533905932738,19.07612,72.87788,45.0
6.01,8.540158878651171,19.076120200000002,72.8778803,45.0
6.0200000000000005,8.544777785403868,19.0761204,72.8778806,45.0
6.03,8.549390618276451,19.0761206,72.87788090000001,45.0
6.04,8.553997369364962,19.0761208,72.8778812,45.0
6.05,8.558598030775856,19.076121,72.8778815,45.0
6.0600000000000005,8.563192594626027,19.0761212,72.8778818,45.0
6.07,8.567781053042813,19.0761214,72.87788210000001,45.0
6.08,8.572363398164015,19.0761216,72.8778824,45.0
6.09,8.576939622137914,19.0761218,72.8778827,45.0
6.1000000000000005,8.581509717123271,19.076122,72.87788300000001,45.0
6.11,8.586073675289354,19.0761222,72.87788330000001,45.0
6.12,8.590631488815944,19.0761224,72.8778836,45.0
6.13,8.595183149893353,19.0761226,72.8778839,45.0
6.140000000000001,8.599728650722433,19.0761228,72.87788420000001,45.0
6.15,8.604267983514596,19.076123,72.87788450000001,45.0
6.16,8.60880114049181,19.0761232,72.8778848,45.0
6.17,8.613328113886643,19.0761234,72.8778851,45.0
6.18,8.617848895942245,19.0761236,72.87788540000001,45.0
6.19,8.622363478912384,19.0761238,72.87788570000001,45.0
6.2,8.626871855061438,19.076124,72.877886,45.0
6.21,8.631374016664433,19.0761242,72.8778863,45.0
6.22,8.635869956007035,19.0761244,72.87788660000001,45.0
6.23,8.640359665385574,19.0761246,72.87788690000001,45.0
6.24,8.644843137107056,19.0761248,72.8778872,45.0
6.25,8.64932036348918,19.076125,72.8778875,45.0
6.26,8.65379133686033,19.0761252,72.87788780000001,45.0
6.2700000000000005,8.658256049559624,19.076125400000002,72.8778881,45.0
6.28,8.662714493936894,19.0761256,72.8778884,45.0
6.29,8.667166662352718,19.0761258,72.8778887,45.0
6.3,8.671612547178427,19.076126000000002,72.87788900000001,45.0
6.3100000000000005,8.67605214079612,19.0761262,72.8778893,45.0
6.32,8.680485435598671,19.0761264,72.8778896,45.0
6.33,8.684912423989754,19.076126600000002,72.8778899,45.0
6.34,8.689333098383843,19.0761268,72.87789020000001,45.0
6.3500000000000005,8.693747451206232,19.076127,72.8778905,45.0
6.36,8.698155474893047,19.076127200000002,72.8778908,45.0
6.37,8.702557161891264,19.0761274,72.8778911,45.0
6.38,8.70695250465871,19.0761276,72.87789140000001,45.0
6.390000000000001,8.711341495664085,19.076127800000002,72.8778917,45.0
6.4,8.71572412738697,19.076128,72.877892,45.0
6.41,8.72010039231785,19.0761282,72.8778923,45.0
6.42,8.72447028295811,19.0761284,72.87789260000001,45.0
6.43,8.728833791820064,19.0761286,72.8778929,45.0
6.44,8.733190911426957,19.0761288,72.8778932,45.0
6.45,8.737541634312985,19.076129,72.8778935,45.0
6.46,8.7418859530233,19.0761292,72.87789380000001,45.0
6.47,8.746223860114032,19.0761294,72.8778941,45.0
6.48,8.750555348152298,19.0761296,72.8778944,45.0
6.49,8.754880409716208,19.0761298,72.8778947,45.0
6.5,8.759199037394886,19.07613,72.87789500000001,45.0
6.51,8.763511223788484,19.0761302,72.8778953,45.0
6.5200000000000005,8.76781696150819,19.0761304,72.8778956,45.0
6.53,8.772116243176233,19.0761306,72.8778959,45.0
6.54,8.776409061425918,19.0761308,72.87789620000001,45.0
6.55,8.780695408901613,19.076131,72.8778965,45.0
6.5600000000000005,8.784975278258782,19.0761312,72.8778968,45.0
6.57,8.789248662163985,19.0761314,72.8778971,45.0
6.58,8.79351555329489,19.0761316,72.87789740000001,45.0
6.59,8.797775944340302,19.0761318,72.8778977,45.0
6.6000000000000005,8.802029828000155,19.076132,72.877898,45.0
6.61,8.806277196985533,19.0761322,72.8778983,45.0
6.62,8.81051804401869,19.0761324,72.87789860000001,45.0
6.63,8.814752361833044,19.0761326,72.8778989,45.0
6.640000000000001,8.818980143173212,19.0761328,72.8778992,45.0
6.65,8.823201380795002,19.076133000000002,72.8778995,45.0
6.66,8.82741606746544,19.0761332,72.87789980000001,45.0
6.67,8.831624195962778,19.0761334,72.8779001,45.0
6.68,8.835825759076497,19.076133600000002,72.8779004,45.0
6.69,8.840020749607337,19.0761338,72.8779007,45.0
6.7,8.844209160367297,19.076134,72.87790100000001,45.0
6.71,8.848390984179646,19.076134200000002,72.8779013,45.0
6.72,8.852566213878944,19.0761344,72.8779016,45.0
6.73,8.856734842311052,19.0761346,72.8779019,45.0
6.74,8.860896862333135,19.076134800000002,72.87790220000001,45.0
6.75,8.865052266813684,19.076135,72.8779025,45.0
6.76,8.869201048632531,19.0761352,72.8779028,45.0
6.7700000000000005,8.873343200680848,19.076135400000002,72.8779031,45.0
6.78,8.877478715861173,19.0761356,72.87790340000001,45.0
6.79,8.88160758708741,19.0761358,72.8779037,45.0
6.8,8.885729807284854,19.076136,72.877904,45.0
6.8100000000000005,8.889845369390192,19.0761362,72.8779043,45.0
6.82,8.893954266351521,19.0761364,72.87790460000001,45.0
6.83,8.898056491128356,19.0761366,72.8779049,45.0
6.84,8.902152036691648,19.0761368,72.8779052,45.0
6.8500000000000005,8.906240896023792,19.076137,72.87790550000001,45.0
6.86,8.91032306211864,19.0761372,72.87790580000001,45.0
6.87,8.914398527981508,19.0761374,72.8779061,45.0
6.88,8.918467286629198,19.0761376,72.8779064,45.0
6.890000000000001,8.922529331090006,19.0761378,72.87790670000001,45.0
6.9,8.926584654403724,19.076138,72.87790700000001,45.0
6.91,8.930633249621671,19.0761382,72.8779073,45.0
6.92,8.934675109806687,19.0761384,72.8779076,45.0
6.93,8.938710228033154,19.0761386,72.87790790000001,45.0
6.94,8.94273859738701,19.0761388,72.87790820000001,45.0
6.95,8.94676021096575,19.076139,72.8779085,45.0
6.96,8.950775061878453,19.0761392,72.8779088,45.0
6.97,8.954783143245777,19.0761394,72.87790910000001,45.0
6.98,8.958784448199985,19.0761396,72.87790940000001,45.0
6.99,8.962778969884955,19.0761398,72.8779097,45.0
7.0,8.966766701456176,19.07614,72.87791,45.0
7.01,8.970747636080782,19.0761402,72.87791030000001,45.0
7.0200000000000005,8.97472176693755,19.0761404,72.8779106,45.0
7.03,8.978689087216916,19.076140600000002,72.8779109,45.0
7.04,8.982649590120982,19.0761408,72.8779112,45.0
7.05,8.986603268863536,19.076141,72.87791150000001,45.0
7.0600000000000005,8.990550116670057,19.076141200000002,72.8779118,45.0
7.07,8.99449012677773,19.0761414,72.8779121,45.0
7.08,8.998423292435453,19.0761416,72.8779124,45.0
7.09,9.002349606903854,19.076141800000002,72.87791270000001,45.0
7.1000000000000005,9.006269063455303,19.076142,72.877913,45.0
7.11,9.010181655373916,19.0761422,72.8779133,45.0
7.12,9.014087375955572,19.076142400000002,72.8779136,45.0
7.13,9.017986218507929,19.0761426,72.87791390000001,45.0
7.140000000000001,9.021878176350421,19.0761428,72.8779142,45.0
7.15,9.02576324281429,19.076143000000002,72.8779145,45.0
7.16,9.02964141124258,19.0761432,72.8779148,45.0
7.17,9.033512674990149,19.0761434,72.87791510000001,45.0
7.18,9.0373770274237,19.0761436,72.8779154,45.0
7.19,9.041234461921766,19.0761438,72.8779157,45.0
7.2,9.045084971874736,19.076144,72.877916,45.0
7.21,9.048928550684872,19.0761442,72.87791630000001,45.0
7.22,9.052765191766303,19.0761444,72.8779166,45.0
7.23,9.056594888545051,19.0761446,72.8779169,45.0
7.24,9.06041763445903,19.0761448,72.8779172,45.0
7.25,9.064233422958077,19.076145,72.87791750000001,45.0
7.26,9.068042247503934,19.0761452,72.8779178,45.0
7.2700000000000005,9.07184410157029,19.0761454,72.8779181,45.0
7.28,9.075638978642772,19.0761456,72.8779184,45.0
7.29,9.079426872218956,19.0761458,72.87791870000001,45.0
7.3,9.083207775808395,19.076146,72.877919,45.0
7.3100000000000005,9.086981682932612,19.0761462,72.8779193,45.0
7.32,9.090748587125116,19.0761464,72.8779196,45.0
7.33,9.094508481931427,19.0761466,72.87791990000001,45.0
7.34,9.098261360909062,19.0761468,72.8779202,45.0
7.3500000000000005,9.102007217627568,19.076147,72.8779205,45.0
7.36,9.10574604566852,19.0761472,72.8779208,45.0
7.37,9.109477838625539,19.0761474,72.87792110000001,45.0
7.38,9.113202590104299,19.0761476,72.8779214,45.0
7.390000000000001,9.11692029372254,19.0761478,72.8779217,45.0
7.4,9.12063094311008,19.076148,72.877922,45.0
7.41,9.124334531908818,19.076148200000002,72.87792230000001,45.0
7.42,9.128031053772759,19.0761484,72.8779226,45.0
7.43,9.131720502368012,19.0761486,72.8779229,45.0
7.44,9.135402871372808,19.076148800000002,72.8779232,45.0
7.45,9.139078154477511,19.076149,72.87792350000001,45.0
7.46,9.142746345384618,19.0761492,72.8779238,45.0
7.47,9.146407437808788,19.076149400000002,72.8779241,45.0
7.48,9.150061425476837,19.0761496,72.8779244,45.0
7.49,9.153708302127757,19.0761498,72.87792470000001,45.0
7.5,9.157348061512726,19.076150000000002,72.877925,45.0
7.51,9.160980697395114,19.0761502,72.8779253,45.0
7.5200000000000005,9.164606203550498,19.0761504,72.8779256,45.0
7.53,9.168224573766672,19.076150600000002,72.87792590000001,45.0
7.54,9.171835801843658,19.0761508,72.8779262,45.0
7.55,9.175439881593714,19.076151,72.8779265,45.0
7.5600000000000005,9.179036806841353,19.0761512,72.8779268,45.0
7.57,9.182626571423333,19.0761514,72.87792710000001,45.0
7.58,9.186209169188695,19.0761516,72.8779274,45.0
7.59,9.189784593998755,19.0761518,72.8779277,45.0
7.6000000000000005,9.19335283972712,19.076152,72.87792800000001,45.0
7.61,9.196913900259698,19.0761522,72.87792830000001,45.0
7.62,9.20046776949471,19.0761524,72.8779286,45.0
7.63,9.204014441342697,19.0761526,72.8779289,45.0
7.640000000000001,9.207553909726531,19.0761528,72.87792920000001,45.0
7.65,9.211086168581433,19.076153,72.87792950000001,45.0
7.66,9.214611211854972,19.0761532,72.8779298,45.0
7.67,9.218129033507083,19.0761534,72.8779301,45.0
7.68,9.221639627510074,19.0761536,72.87793040000001,45.0
7.69,9.22514298784864,19.0761538,72.87793070000001,45.0
7.7,9.228639108519868,19.076154,72.877931,45.0
7.71,9.232127983533244,19.0761542,72.8779313,45.0
7.72,9.235609606910685,19.0761544,72.87793160000001,45.0
7.73,9.23908397268652,19.0761546,72.87793190000001,45.0
7.74,9.242551074907519,19.0761548,72.8779322,45.0
7.75,9.246010907632895,19.076155,72.8779325,45.0
7.76,9.249463464934319,19.0761552,72.87793280000001,45.0
7.7700000000000005,9.252908740895931,19.0761554,72.8779331,45.0
7.78,9.256346729614343,19.0761556,72.8779334,45.0
7.79,9.259777425198653,19.076155800000002,72.8779337,45.0
7.8,9.263200821770461,19.076156,72.87793400000001,45.0
7.8100000000000005,9.266616913463869,19.0761562,72.8779343,45.0
7.82,9.270025694425495,19.076156400000002,72.8779346,45.0
7.83,9.273427158814489,19.0761566,72.8779349,45.0
7.84,9.276821300802533,19.0761568,72.87793520000001,45.0
7.8500000000000005,9.280208114573856,19.076157000000002,72.8779355,45.0
7.86,9.28358759432525,19.0761572,72.8779358,45.0
7.87,9.28695973426606,19.0761574,72.8779361,45.0
7.88,9.290324528618223,19.076157600000002,72.87793640000001,45.0
7.890000000000001,9.293681971616252,19.0761578,72.8779367,45.0
7.9,9.297032057507264,19.076158,72.877937,45.0
7.91,9.300374780550973,19.076158200000002,72.8779373,45.0
7.92,9.303710135019719,19.0761584,72.87793760000001,45.0
7.930000000000001,9.30703811519846,19.0761586,72.8779379,45.0
7.94,9.310358715384792,19.0761588,72.8779382,45.0
7.95,9.313671929888958,19.076159,72.8779385,45.0
7.96,9.316977753033859,19.0761592,72.87793880000001,45.0
7.97,9.320276179155051,19.0761594,72.8779391,45.0
7.98,9.323567202600776,19.0761596,72.8779394,45.0
7.99,9.326850817731952,19.0761598,72.8779397,45.0
8.0,9.330127018922193,19.07616,72.87794000000001,45.0
8.01,9.33339580055782,19.0761602,72.8779403,45.0
8.02,9.336657157037866,19.0761604,72.8779406,45.0
8.03,9.339911082774082,19.0761606,72.8779409,45.0
8.040000000000001,9.343157572190957,19.0761608,72.87794120000001,45.0
8.05,9.346396619725718,19.076161,72.8779415,45.0
8.06,9.349628219828348,19.0761612,72.8779418,45.0
8.07,9.352852366961587,19.0761614,72.8779421,45.0
8.08,9.356069055600946,19.0761616,72.87794240000001,45.0
8.09,9.359278280234719,19.0761618,72.8779427,45.0
8.1,9.362480035363985,19.076162,72.877943,45.0
8.11,9.365674315502625,19.0761622,72.8779433,45.0
8.120000000000001,9.368861115177326,19.0761624,72.87794360000001,45.0
8.13,9.372040428927594,19.0761626,72.8779439,45.0
8.14,9.375212251305761,19.0761628,72.8779442,45.0
8.15,9.378376576876999,19.076163,72.8779445,45.0
8.16,9.381533400219318,19.0761632,72.87794480000001,45.0
8.17,9.384682715923589,19.076163400000002,72.8779451,45.0
8.18,9.387824518593547,19.0761636,72.8779454,45.0
8.19,9.390958802845796,19.0761638,72.8779457,45.0
8.2,9.394085563309826,19.076164000000002,72.87794600000001,45.0
8.21,9.39720479462802,19.0761642,72.8779463,45.0
8.22,9.40031649145566,19.0761644,72.8779466,45.0
8.23,9.403420648460937,19.076164600000002,72.8779469,45.0
8.24,9.40651726032496,19.0761648,72.87794720000001,45.0
8.25,9.409606321741775,19.076165,72.8779475,45.0
8.26,9.412687827418356,19.076165200000002,72.8779478,45.0
8.27,9.415761772074626,19.0761654,72.8779481,45.0
8.28,9.418828150443467,19.0761656,72.87794840000001,45.0
8.290000000000001,9.421886957270722,19.076165800000002,72.8779487,45.0
8.3,9.42493818731521,19.076166,72.877949,45.0
8.31,9.427981835348728,19.0761662,72.8779493,45.0
8.32,9.431017896156073,19.0761664,72.87794960000001,45.0
8.33,9.434046364535035,19.0761666,72.8779499,45.0
8.34,9.437067235296418,19.0761668,72.8779502,45.0
8.35,9.440080503264037,19.076167,72.87795050000001,45.0
8.36,9.443086163274742,19.0761672,72.87795080000001,45.0
8.370000000000001,9.446084210178423,19.0761674,72.8779511,45.0
8.38,9.449074638837999,19.0761676,72.8779514,45.0
8.39,9.452057444129455,19.0761678,72.87795170000001,45.0
8.4,9.45503262094184,19.076168,72.87795200000001,45.0
8.41,9.458000164177262,19.0761682,72.8779523,45.0
8.42,9.460960068750923,19.0761684,72.8779526,45.0
8.43,9.463912329591103,19.0761686,72.87795290000001,45.0
8.44,9.466856941639188,19.0761688,72.87795320000001,45.0
8.45,9.46979389984966,19.076169,72.8779535,45.0
8.46,9.472723199190124,19.0761692,72.8779538,45.0
8.47,9.475644834641308,19.0761694,72.87795410000001,45.0
8.48,9.478558801197064,19.0761696,72.87795440000001,45.0
8.49,9.481465093864394,19.0761698,72.8779547,45.0
8.5,9.48436370766344,19.07617,72.877955,45.0
8.51,9.487254637627514,19.0761702,72.87795530000001,45.0
8.52,9.490137878803077,19.0761704,72.8779556,45.0
8.53,9.493013426249782,19.0761706,72.8779559,45.0
8.540000000000001,9.495881275040452,19.0761708,72.8779562,45.0
8.55,9.498741420261108,19.076171000000002,72.87795650000001,45.0
8.56,9.501593857010969,19.0761712,72.8779568,45.0
8.57,9.50443858040246,19.0761714,72.8779571,45.0
8.58,9.507275585561228,19.076171600000002,72.8779574,45.0
8.59,9.510104867626142,19.0761718,72.87795770000001,45.0
8.6,9.512926421749302,19.076172,72.877958,45.0
8.61,9.515740243096054,19.076172200000002,72.8779583,45.0
8.620000000000001,9.518546326844993,19.0761724,72.8779586,45.0
8.63,9.521344668187968,19.0761726,72.87795890000001,45.0
8.64,9.524135262330098,19.076172800000002,72.8779592,45.0
8.65,9.526918104489777,19.076173,72.8779595,45.0
8.66,9.52969318989868,19.0761732,72.8779598,45.0
8.67,9.532460513801773,19.076173400000002,72.87796010000001,45.0
8.68,9.535220071457324,19.0761736,72.8779604,45.0
8.69,9.537971858136906,19.0761738,72.8779607,45.0
8.700000000000001,9.540715869125407,19.076174,72.877961,45.0
8.71,9.543452099721037,19.0761742,72.87796130000001,45.0
8.72,9.546180545235343,19.0761744,72.8779616,45.0
8.73,9.548901200993205,19.0761746,72.8779619,45.0
8.74,9.551614062332856,19.0761748,72.8779622,45.0
8.75,9.554319124605879,19.076175,72.87796250000001,45.0
8.76,9.557016383177226,19.0761752,72.8779628,45.0
8.77,9.559705833425218,19.0761754,72.8779631,45.0
8.78,9.562387470741553,19.0761756,72.8779634,45.0
8.790000000000001,9.565061290531322,19.0761758,72.87796370000001,45.0
8.8,9.567727288213003,19.076176,72.877964,45.0
8.81,9.570385459218487,19.0761762,72.8779643,45.0
8.82,9.573035798993068,19.0761764,72.8779646,45.0
8.83,9.57567830299546,19.0761766,72.87796490000001,45.0
8.84,9.578312966697805,19.0761768,72.8779652,45.0
8.85,9.580939785585679,19.076177,72.8779655,45.0
8.86,9.5835587551581,19.0761772,72.8779658,45.0
8.870000000000001,9.586169870927534,19.0761774,72.87796610000001,45.0
8.88,9.588773128419906,19.0761776,72.8779664,45.0
8.89,9.591368523174603,19.0761778,72.8779667,45.0
8.9,9.593956050744492,19.076178,72.877967,45.0
8.91,9.59653570669591,19.0761782,72.87796730000001,45.0
8.92,9.599107486608688,19.0761784,72.8779676,45.0
8.93,9.601671386076152,19.076178600000002,72.8779679,45.0
8.94,9.604227400705131,19.0761788,72.8779682,45.0
8.950000000000001,9.606775526115962,19.076179,72.87796850000001,45.0
8.96,9.609315757942502,19.076179200000002,72.8779688,45.0
8.97,9.611848091832133,19.0761794,72.8779691,45.0
8.98,9.614372523445772,19.0761796,72.8779694,45.0
8.99,9.616889048457871,19.076179800000002,72.87796970000001,45.0
9.0,9.619397662556434,19.07618,72.87797,45.0
9.01,9.62189836144302,19.0761802,72.8779703,45.0
9.02,9.62439114083275,19.076180400000002,72.8779706,45.0
9.03,9.626875996454311,19.0761806,72.87797090000001,45.0
9.040000000000001,9.629352924049975,19.0761808,72.8779712,45.0
9.05,9.631821919375591,19.076181000000002,72.8779715,45.0
9.06,9.634282978200604,19.0761812,72.8779718,45.0
9.07,9.63673609630806,19.0761814,72.87797210000001,45.0
9.08,9.6391812694946,19.0761816,72.8779724,45.0
9.09,9.641618493570492,19.0761818,72.8779727,45.0
9.1,9.64404776435962,19.076182,72.87797300000001,45.0
9.11,9.646469077699493,19.0761822,72.87797330000001,45.0
9.120000000000001,9.648882429441256,19.0761824,72.8779736,45.0
9.13,9.651287815449699,19.0761826,72.8779739,45.0
9.14,9.653685231603253,19.0761828,72.87797420000001,45.0
9.15,9.656074673794016,19.076183,72.87797450000001,45.0
9.16,9.658456137927745,19.0761832,72.8779748,45.0
9.17,9.660829619923861,19.0761834,72.8779751,45.0
9.18,9.663195115715471,19.0761836,72.87797540000001,45.0
9.19,9.665552621249361,19.0761838,72.87797570000001,45.0
9.200000000000001,9.667902132486008,19.076184,72.877976,45.0
9.21,9.670243645399593,19.0761842,72.8779763,45.0
9.22,9.672577155977994,19.0761844,72.87797660000001,45.0
9.23,9.674902660222804,19.0761846,72.87797690000001,45.0
9.24,9.677220154149337,19.0761848,72.8779772,45.0
9.25,9.679529633786627,19.076185,72.8779775,45.0
9.26,9.681831095177449,19.0761852,72.87797780000001,45.0
9.27,9.684124534378306,19.0761854,72.8779781,45.0
9.28,9.686409947459458,19.0761856,72.8779784,45.0
9.290000000000001,9.688687330504905,19.0761858,72.8779787,45.0
9.3,9.690956679612421,19.076186,72.87797900000001,45.0
9.31,9.693217990893533,19.076186200000002,72.8779793,45.0
9.32,9.695471260473544,19.0761864,72.8779796,45.0
9.33,9.697716484491545,19.0761866,72.8779799,45.0
9.34,9.699953659100402,19.076186800000002,72.87798020000001,45.0
9.35,9.702182780466774,19.076187,72.8779805,45.0
9.36,9.704403844771129,19.0761872,72.8779808,45.0
9.370000000000001,9.706616848207727,19.076187400000002,72.8779811,45.0
9.38,9.708821786984652,19.0761876,72.87798140000001,45.0
9.39,9.7110186573238,19.0761878,72.8779817,45.0
9.4,9.713207455460893,19.076188000000002,72.877982,45.0
9.41,9.715388177645485,19.0761882,72.8779823,45.0
9.42,9.717560820140967,19.0761884,72.87798260000001,45.0
9.43,9.71972537922458,19.076188600000002,72.8779829,45.0
9.44,9.721881851187405,19.0761888,72.8779832,45.0
9.450000000000001,9.72403023233439,19.076189,72.8779835,45.0
9.46,9.72617051898434,19.0761892,72.87798380000001,45.0
9.47,9.728302707469936,19.0761894,72.8779841,45.0
9.48,9.730426794137726,19.0761896,72.8779844,45.0
9.49,9.73254277534815,19.0761898,72.8779847,45.0
9.5,9.734650647475528,19.07619,72.87798500000001,45.0
9.51,9.736750406908081,19.0761902,72.8779853,45.0
9.52,9.738842050047928,19.0761904,72.8779856,45.0
9.53,9.740925573311095,19.0761906,72.8779859,45.0
9.540000000000001,9.743000973127524,19.0761908,72.87798620000001,45.0
9.55,9.74506824594107,19.076191,72.8779865,45.0
9.56,9.74712738820952,19.0761912,72.8779868,45.0
9.57,9.749178396404588,19.0761914,72.8779871,45.0
9.58,9.751221267011928,19.0761916,72.87798740000001,45.0
9.59,9.753255996531141,19.0761918,72.8779877,45.0
9.6,9.755282581475768,19.076192,72.877988,45.0
9.61,9.757301018373312,19.0761922,72.8779883,45.0
9.620000000000001,9.759311303765239,19.0761924,72.87798860000001,45.0
9.63,9.761313434206977,19.0761926,72.8779889,45.0
9.64,9.76330740626793,19.0761928,72.8779892,45.0
9.65,9.765293216531486,19.076193,72.8779895,45.0
9.66,9.767270861595005,19.0761932,72.87798980000001,45.0
9.67,9.769240338069853,19.0761934,72.8779901,45.0
9.68,9.771201642581385,19.0761936,72.8779904,45.0
9.69,9.773154771768954,19.076193800000002,72.8779907,45.0
9.700000000000001,9.775099722285933,19.076194,72.87799100000001,45.0
9.71,9.777036490799698,19.0761942,72.8779913,45.0
9.72,9.77896507399165,19.076194400000002,72.8779916,45.0
9.73,9.780885468557216,19.0761946,72.8779919,45.0
9.74,9.782797671205849,19.0761948,72.87799220000001,45.0
9.75,9.784701678661044,19.076195000000002,72.8779925,45.0
9.76,9.786597487660336,19.0761952,72.8779928,45.0
9.77,9.788485094955309,19.0761954,72.8779931,45.0
9.78,9.790364497311595,19.076195600000002,72.87799340000001,45.0
9.790000000000001,9.792235691508894,19.0761958,72.8779937,45.0
9.8,9.794098674340965,19.076196,72.877994,45.0
9.81,9.795953442615637,19.076196200000002,72.8779943,45.0
9.82,9.797799993154813,19.0761964,72.87799460000001,45.0
9.83,9.799638322794483,19.0761966,72.8779949,45.0
9.84,9.801468428384716,19.0761968,72.8779952,45.0
9.85,9.803290306789677,19.076197,72.8779955,45.0
9.86,9.805103954887626,19.0761972,72.87799580000001,45.0
9.870000000000001,9.806909369570931,19.0761974,72.8779961,45.0
9.88,9.808706547746057,19.0761976,72.8779964,45.0
9.89,9.810495486333592,19.0761978,72.87799670000001,45.0
9.9,9.812276182268235,19.076198,72.87799700000001,45.0
9.91,9.814048632498817,19.0761982,72.8779973,45.0
9.92,9.815812833988291,19.0761984,72.8779976,45.0
9.93,9.817568783713744,19.0761986,72.87799790000001,45.0
9.94,9.819316478666405,19.0761988,72.87799820000001,45.0
9.950000000000001,9.821055915851646,19.076199,72.8779985,45.0
9.96,9.82278709228899,19.0761992,72.8779988,45.0
9.97,9.824510005012112,19.0761994,72.87799910000001,45.0
9.98,9.82622465106885,19.0761996,72.87799940000001,45.0
9.99,9.827931027521203,19.0761998,72.8779997,45.0
10.0,9.82962913144534,19.0762,72.878,45.0
10.01,9.831318959931611,19.0762002,72.87800030000001,45.0
10.02,9.833000510084537,19.0762004,72.87800060000001,45.0
10.03,9.834673779022827,19.0762006,72.8780009,45.0
10.040000000000001,9.836338763879384,19.0762008,72.8780012,45.0
10.05,9.837995461801299,19.076201,72.87800150000001,45.0
10.06,9.839643869949866,19.0762012,72.8780018,45.0
10.07,9.841283985500581,19.076201400000002,72.8780021,45.0
10.08,9.842915805643155,19.0762016,72.8780024,45.0
10.09,9.844539327581504,19.0762018,72.87800270000001,45.0
10.1,9.846154548533772,19.076202000000002,72.878003,45.0
10.11,9.847761465732317,19.0762022,72.8780033,45.0
10.120000000000001,9.849360076423734,19.0762024,72.8780036,45.0
10.13,9.850950377868845,19.076202600000002,72.87800390000001,45.0
10.14,9.852532367342713,19.0762028,72.8780042,45.0
10.15,9.85410604213464,19.076203,72.8780045,45.0
10.16,9.85567139954818,19.076203200000002,72.8780048,45.0
10.17,9.857228436901135,19.0762034,72.87800510000001,45.0
10.18,9.858777151525562,19.0762036,72.8780054,45.0
10.19,9.860317540767785,19.076203800000002,72.8780057,45.0
10.200000000000001,9.861849601988384,19.076204,72.878006,45.0
10.21,9.863373332562215,19.0762042,72.87800630000001,45.0
10.22,9.864888729878409,19.0762044,72.8780066,45.0
10.23,9.866395791340373,19.0762046,72.8780069,45.0
10.24,9.867894514365801,19.0762048,72.8780072,45.0
10.25,9.869384896386668,19.076205,72.87800750000001,45.0
10.26,9.870866934849246,19.0762052,72.8780078,45.0
10.27,9.872340627214104,19.0762054,72.8780081,45.0
10.28,9.87380597095611,19.0762056,72.8780084,45.0
10.290000000000001,9.875262963564435,19.0762058,72.87800870000001,45.0
10.3,9.876711602542564,19.076206,72.878009,45.0
10.31,9.878151885408293,19.0762062,72.8780093,45.0
10.32,9.879583809693738,19.0762064,72.8780096,45.0
10.33,9.881007372945334,19.0762066,72.87800990000001,45.0
10.34,9.882422572723844,19.0762068,72.8780102,45.0
10.35,9.883829406604361,19.076207,72.8780105,45.0
10.36,9.88522787217632,19.0762072,72.8780108,45.0
10.370000000000001,9.886617967043478,19.0762074,72.87801110000001,45.0
10.38,9.887999688823953,19.0762076,72.8780114,45.0
10.39,9.8893730351502,19.0762078,72.8780117,45.0
10.4,9.890738003669028,19.076208,72.878012,45.0
10.41,9.8920945920416,19.0762082,72.87801230000001,45.0
10.42,9.89344279794344,19.076208400000002,72.8780126,45.0
10.43,9.894782619064431,19.0762086,72.8780129,45.0
10.44,9.896114053108828,19.0762088,72.8780132,45.0
10.450000000000001,9.897437097795256,19.076209000000002,72.87801350000001,45.0
10.46,9.898751750856714,19.0762092,72.8780138,45.0
10.47,9.900058010040578,19.0762094,72.8780141,45.0
10.48,9.90135587310861,19.076209600000002,72.8780144,45.0
10.49,9.902645337836955,19.0762098,72.87801470000001,45.0
10.5,9.903926402016152,19.07621,72.878015,45.0
10.51,9.905199063451134,19.076210200000002,72.8780153,45.0
10.52,9.906463319961226,19.0762104,72.8780156,45.0
10.53,9.907719169380162,19.0762106,72.87801590000001,45.0
10.540000000000001,9.908966609556078,19.076210800000002,72.8780162,45.0
10.55,9.910205638351519,19.076211,72.8780165,45.0
10.56,9.911436253643444,19.0762112,72.8780168,45.0
10.57,9.912658453323225,19.076211400000002,72.87801710000001,45.0
10.58,9.913872235296656,19.0762116,72.8780174,45.0
10.59,9.91507759748396,19.0762118,72.8780177,45.0
10.6,9.916274537819772,19.076212,72.878018,45.0
10.61,9.917463054253178,19.0762122,72.87801830000001,45.0
10.620000000000001,9.918643144747678,19.0762124,72.8780186,45.0
10.63,9.919814807281227,19.0762126,72.8780189,45.0
10.64,9.92097803984621,19.0762128,72.87801920000001,45.0
10.65,9.922132840449457,19.076213,72.87801950000001,45.0
10.66,9.923279207112255,19.0762132,72.8780198,45.0
10.67,9.924417137870329,19.0762134,72.8780201,45.0
10.68,9.92554663077387,19.0762136,72.87802040000001,45.0
10.69,9.92666768388752,19.0762138,72.87802070000001,45.0
10.700000000000001,9.92778029529039,19.076214,72.878021,45.0
10.71,9.928884463076045,19.0762142,72.8780213,45.0
10.72,9.929980185352525,19.0762144,72.87802160000001,45.0
10.73,9.93106746024234,19.0762146,72.87802190000001,45.0
10.74,9.932146285882478,19.0762148,72.8780222,45.0
10.75,9.933216660424396,19.076215,72.8780225,45.0
10.76,9.934278582034036,19.0762152,72.87802280000001,45.0
10.77,9.935332048891826,19.0762154,72.87802310000001,45.0
10.78,9.936377059192683,19.0762156,72.8780234,45.0
10.790000000000001,9.937413611146004,19.0762158,72.8780237,45.0
10.8,9.93844170297569,19.076216000000002,72.87802400000001,45.0
10.81,9.93946133292013,19.0762162,72.8780243,45.0
10.82,9.940472499232216,19.0762164,72.8780246,45.0
10.83,9.941475200179346,19.076216600000002,72.8780249,45.0
10.84,9.942469434043417,19.0762168,72.87802520000001,45.0
10.85,9.943455199120837,19.076217,72.8780255,45.0
10.86,9.944432493722523,19.076217200000002,72.8780258,45.0
10.870000000000001,9.945401316173907,19.0762174,72.8780261,45.0
10.88,9.946361664814942,19.0762176,72.87802640000001,45.0
10.89,9.947313538000092,19.076217800000002,72.8780267,45.0
10.9,9.948256934098351,19.076218,72.878027,45.0
10.91,9.949191851493236,19.0762182,72.8780273,45.0
10.92,9.950118288582788,19.076218400000002,72.87802760000001,45.0
10.93,9.951036243779585,19.0762186,72.8780279,45.0
10.94,9.951945715510737,19.0762188,72.8780282,45.0
10.950000000000001,9.952846702217887,19.076219000000002,72.8780285,45.0
10.96,9.953739202357218,19.0762192,72.87802880000001,45.0
10.97,9.954623214399458,19.0762194,72.8780291,45.0
10.98,9.955498736829874,19.0762196,72.8780294,45.0
10.99,9.956365768148283,19.0762198,72.8780297,45.0
11.0,9.957224306869053,19.07622,72.87803000000001,45.0
11.01,9.958074351521095,19.0762202,72.8780303,45.0
11.02,9.958915900647888,19.0762204,72.8780306,45.0
11.03,9.959748952807457,19.0762206,72.8780309,45.0
11.040000000000001,9.96057350657239,19.0762208,72.87803120000001,45.0
11.05,9.961389560529835,19.076221,72.8780315,45.0
11.06,9.962197113281508,19.0762212,72.8780318,45.0
11.07,9.96299616344369,19.0762214,72.8780321,45.0
11.08,9.963786709647227,19.0762216,72.87803240000001,45.0
11.09,9.964568750537543,19.0762218,72.8780327,45.0
11.1,9.965342284774632,19.076222,72.878033,45.0
11.11,9.966107311033062,19.0762222,72.8780333,45.0
11.120000000000001,9.966863828001982,19.0762224,72.87803360000001,45.0
11.13,9.96761183438512,19.0762226,72.8780339,45.0
11.14,9.968351328900793,19.0762228,72.8780342,45.0
11.15,9.969082310281891,19.076223,72.8780345,45.0
11.16,9.969804777275899,19.0762232,72.87803480000001,45.0
11.17,9.970518728644889,19.0762234,72.8780351,45.0
11.18,9.971224163165527,19.076223600000002,72.8780354,45.0
11.19,9.97192107962907,19.0762238,72.8780357,45.0
11.200000000000001,9.972609476841367,19.076224,72.87803600000001,45.0
11.21,9.97328935362287,19.076224200000002,72.8780363,45.0
11.22,9.973960708808633,19.0762244,72.8780366,45.0
11.23,9.9746235412483,19.0762246,72.8780369,45.0
11.24,9.975277849806131,19.076224800000002,72.87803720000001,45.0
11.25,9.975923633360985,19.076225,72.8780375,45.0
11.26,9.976560890806327,19.0762252,72.8780378,45.0
11.27,9.977189621050236,19.076225400000002,72.8780381,45.0
11.28,9.9778098230154,19.0762256,72.87803840000001,45.0
11.290000000000001,9.978421495639118,19.0762258,72.8780387,45.0
11.3,9.979024637873309,19.076226000000002,72.878039,45.0
11.31,9.979619248684502,19.0762262,72.8780393,45.0
11.32,9.980205327053849,19.0762264,72.87803960000001,45.0
11.33,9.98078287197712,19.076226600000002,72.8780399,45.0
11.34,9.981351882464706,19.0762268,72.8780402,45.0
11.35,9.981912357541628,19.076227,72.8780405,45.0
11.36,9.982464296247521,19.0762272,72.87804080000001,45.0
11.370000000000001,9.983007697636658,19.0762274,72.8780411,45.0
11.38,9.983542560777934,19.0762276,72.8780414,45.0
11.39,9.984068884754876,19.0762278,72.87804170000001,45.0
11.4,9.98458666866564,19.076228,72.87804200000001,45.0
11.41,9.985095911623018,19.0762282,72.8780423,45.0
11.42,9.985596612754438,19.0762284,72.8780426,45.0
11.43,9.986088771201963,19.0762286,72.87804290000001,45.0
11.44,9.98657238612229,19.0762288,72.87804320000001,45.0
11.450000000000001,9.98704745668676,19.076229,72.8780435,45.0
11.46,9.987513982081351,19.0762292,72.8780438,45.0
11.47,9.987971961506686,19.0762294,72.87804410000001,45.0
11.48,9.988421394178026,19.0762296,72.87804440000001,45.0
11.49,9.988862279325286,19.0762298,72.8780447,45.0
11.5,9.989294616193018,19.07623,72.878045,45.0
11.51,9.989718404040424,19.0762302,72.87804530000001,45.0
11.52,9.990133642141357,19.0762304,72.87804560000001,45.0
11.53,9.990540329784318,19.0762306,72.8780459,45.0
11.540000000000001,9.990938466272457,19.0762308,72.8780462,45.0
11.55,9.991328050923581,19.076231,72.87804650000001,45.0
11.56,9.991709083070141,19.076231200000002,72.8780468,45.0
11.57,9.992081562059257,19.0762314,72.8780471,45.0
11.58,9.99244548725269,19.0762316,72.8780474,45.0
11.59,9.992800858026866,19.076231800000002,72.87804770000001,45.0
11.6,9.993147673772869,19.076232,72.878048,45.0
11.61,9.993485933896437,19.0762322,72.8780483,45.0
11.620000000000001,9.993815637817974,19.076232400000002,72.8780486,45.0
11.63,9.994136784972536,19.0762326,72.87804890000001,45.0
11.64,9.99444937480985,19.0762328,72.8780492,45.0
11.65,9.9947534067943,19.076233000000002,72.8780495,45.0
11.66,9.995048880404937,19.0762332,72.8780498,45.0
11.67,9.995335795135475,19.0762334,72.87805010000001,45.0
11.68,9.995614150494292,19.076233600000002,72.8780504,45.0
11.69,9.995883946004433,19.0762338,72.8780507,45.0
11.700000000000001,9.996145181203616,19.076234,72.878051,45.0
11.71,9.996397855644215,19.076234200000002,72.87805130000001,45.0
11.72,9.99664196889328,19.0762344,72.8780516,45.0
11.73,9.996877520532534,19.0762346,72.8780519,45.0
11.74,9.997104510158364,19.0762348,72.8780522,45.0
11.75,9.997322937381828,19.076235,72.87805250000001,45.0
11.76,9.997532801828658,19.0762352,72.8780528,45.0
11.77,9.997734103139255,19.0762354,72.8780531,45.0
11.78,9.997926840968699,19.0762356,72.8780534,45.0
11.790000000000001,9.998111014986735,19.0762358,72.87805370000001,45.0
11.8,9.998286624877785,19.076236,72.878054,45.0
11.81,9.998453670340952,19.0762362,72.8780543,45.0
11.82,9.998612151090002,19.0762364,72.8780546,45.0
11.83,9.998762066853386,19.0762366,72.87805490000001,45.0
11.84,9.998903417374228,19.0762368,72.8780552,45.0
11.85,9.999036202410323,19.076237,72.8780555,45.0
11.86,9.999160421734155,19.0762372,72.8780558,45.0
11.870000000000001,9.99927607513287,19.0762374,72.87805610000001,45.0
11.88,9.999383162408304,19.0762376,72.8780564,45.0
11.89,9.999481683376963,19.0762378,72.8780567,45.0
11.9,9.999571637870035,19.076238,72.878057,45.0
11.91,9.999653025733386,19.0762382,72.87805730000001,45.0
11.92,9.99972584682756,19.0762384,72.8780576,45.0
11.93,9.99979010102778,19.0762386,72.8780579,45.0
11.94,9.999845788223949,19.076238800000002,72.8780582,45.0
11.950000000000001,9.999892908320646,19.076239,72.87805850000001,45.0
11.96,9.999931461237134,19.0762392,72.8780588,45.0
11.97,9.999961446907353,19.076239400000002,72.8780591,45.0
11.98,9.999982865279923,19.0762396,72.8780594,45.0
11.99,9.999995716318146,19.0762398,72.87805970000001,45.0
12.0,10.0,19.076240000000002,72.87806,45.0
12.01,9.999995716318146,19.0762402,72.8780603,45.0
12.02,9.999982865279923,19.0762404,72.8780606,45.0
12.030000000000001,9.999961446907353,19.076240600000002,72.87806090000001,45.0
12.040000000000001,9.999931461237134,19.0762408,72.8780612,45.0
12.05,9.999892908320646,19.076241,72.8780615,45.0
12.06,9.999845788223949,19.076241200000002,72.8780618,45.0
12.07,9.99979010102778,19.0762414,72.87806210000001,45.0
12.08,9.99972584682756,19.0762416,72.8780624,45.0
12.09,9.999653025733386,19.076241800000002,72.8780627,45.0
12.1,9.999571637870035,19.076242,72.878063,45.0
12.11,9.999481683376963,19.0762422,72.87806330000001,45.0
12.120000000000001,9.999383162408304,19.0762424,72.8780636,45.0
12.13,9.99927607513287,19.0762426,72.8780639,45.0
12.14,9.999160421734155,19.0762428,72.87806420000001,45.0
12.15,9.999036202410323,19.076243,72.87806450000001,45.0
12.16,9.998903417374228,19.0762432,72.8780648,45.0
12.17,9.998762066853386,19.0762434,72.8780651,45.0
12.18,9.998612151090002,19.0762436,72.87806540000001,45.0
12.19,9.998453670340952,19.0762438,72.87806570000001,45.0
12.200000000000001,9.998286624877785,19.076244,72.878066,45.0
12.21,9.998111014986735,19.0762442,72.8780663,45.0
12.22,9.997926840968699,19.0762444,72.87806660000001,45.0
12.23,9.997734103139255,19.0762446,72.87806690000001,45.0
12.24,9.997532801828658,19.0762448,72.8780672,45.0
12.25,9.997322937381828,19.076245,72.8780675,45.0
12.26,9.997104510158364,19.0762452,72.87806780000001,45.0
12.27,9.996877520532534,19.0762454,72.87806810000001,45.0
12.280000000000001,9.99664196889328,19.0762456,72.8780684,45.0
12.290000000000001,9.996397855644215,19.0762458,72.8780687,45.0
12.3,9.996145181203616,19.076246,72.87806900000001,45.0
12.31,9.995883946004433,19.0762462,72.8780693,45.0
12.32,9.995614150494292,19.076246400000002,72.8780696,45.0
12.33,9.995335795135475,19.0762466,72.8780699,45.0
12.34,9.995048880404937,19.0762468,72.87807020000001,45.0
12.35,9.9947534067943,19.076247000000002,72.8780705,45.0
12.36,9.99444937480985,19.0762472,72.8780708,45.0
12.370000000000001,9.994136784972536,19.0762474,72.8780711,45.0
12.38,9.993815637817974,19.076247600000002,72.87807140000001,45.0
12.39,9.993485933896437,19.0762478,72.8780717,45.0
12.4,9.993147673772869,19.076248,72.878072,45.0
12.41,9.992800858026866,19.076248200000002,72.8780723,45.0
12.42,9.99244548725269,19.0762484,72.87807260000001,45.0
12.43,9.992081562059257,19.0762486,72.8780729,45.0
12.44,9.991709083070141,19.076248800000002,72.8780732,45.0
12.450000000000001,9.991328050923581,19.076249,72.8780735,45.0
12.46,9.990938466272457,19.0762492,72.87807380000001,45.0
12.47,9.990540329784318,19.076249400000002,72.8780741,45.0
12.48,9.990133642141357,19.0762496,72.8780744,45.0
12.49,9.989718404040424,19.0762498,72.8780747,45.0
12.5,9.989294616193018,19.07625,72.87807500000001,45.0
12.51,9.988862279325286,19.0762502,72.8780753,45.0
12.52,9.988421394178026,19.0762504,72.8780756,45.0
12.530000000000001,9.987971961506684,19.0762506,72.8780759,45.0
12.540000000000001,9.987513982081351,19.0762508,72.87807620000001,45.0
12.55,9.98704745668676,19.076251,72.8780765,45.0
12.56,9.98657238612229,19.0762512,72.8780768,45.0
12.57,9.986088771201963,19.0762514,72.8780771,45.0
12.58,9.985596612754438,19.0762516,72.87807740000001,45.0
12.59,9.985095911623018,19.0762518,72.8780777,45.0
12.6,9.98458666866564,19.076252,72.878078,45.0
12.61,9.984068884754876,19.0762522,72.8780783,45.0
12.620000000000001,9.983542560777934,19.0762524,72.87807860000001,45.0
12.63,9.983007697636658,19.0762526,72.8780789,45.0
12.64,9.982464296247521,19.0762528,72.8780792,45.0
12.65,9.981912357541628,19.076253,72.8780795,45.0
12.66,9.981351882464706,19.0762532,72.87807980000001,45.0
12.67,9.98078287197712,19.0762534,72.8780801,45.0
12.68,9.980205327053849,19.0762536,72.8780804,45.0
12.69,9.979619248684502,19.0762538,72.8780807,45.0
12.700000000000001,9.979024637873309,19.076254000000002,72.87808100000001,45.0
12.71,9.978421495639118,19.0762542,72.8780813,45.0
12.72,9.9778098230154,19.0762544,72.8780816,45.0
12.73,9.977189621050236,19.076254600000002,72.8780819,45.0
12.74,9.976560890806327,19.0762548,72.87808220000001,45.0
12.75,9.975923633360985,19.076255,72.8780825,45.0
12.76,9.975277849806133,19.076255200000002,72.8780828,45.0
12.77,9.9746235412483,19.0762554,72.8780831,45.0
12.780000000000001,9.973960708808633,19.0762556,72.87808340000001,45.0
12.790000000000001,9.97328935362287,19.076255800000002,72.8780837,45.0
12.8,9.972609476841367,19.076256,72.878084,45.0
12.81,9.97192107962907,19.0762562,72.8780843,45.0
12.82,9.971224163165527,19.076256400000002,72.87808460000001,45.0
12.83,9.970518728644889,19.0762566,72.8780849,45.0
12.84,9.969804777275899,19.0762568,72.8780852,45.0
12.85,9.969082310281891,19.076257000000002,72.8780855,45.0
12.86,9.968351328900793,19.0762572,72.87808580000001,45.0
12.870000000000001,9.96761183438512,19.0762574,72.8780861,45.0
12.88,9.966863828001982,19.0762576,72.8780864,45.0
12.89,9.966107311033062,19.0762578,72.87808670000001,45.0
12.9,9.965342284774632,19.076258,72.87808700000001,45.0
12.91,9.964568750537543,19.0762582,72.8780873,45.0
12.92,9.963786709647227,19.0762584,72.8780876,45.0
12.93,9.96299616344369,19.0762586,72.87808790000001,45.0
12.94,9.962197113281508,19.0762588,72.87808820000001,45.0
12.950000000000001,9.961389560529835,19.076259,72.8780885,45.0
12.96,9.96057350657239,19.0762592,72.8780888,45.0
12.97,9.959748952807457,19.0762594,72.87808910000001,45.0
12.98,9.958915900647888,19.0762596,72.87808940000001,45.0
12.99,9.958074351521095,19.0762598,72.8780897,45.0
13.0,9.957224306869053,19.07626,72.87809,45.0
13.01,9.956365768148283,19.0762602,72.87809030000001,45.0
13.02,9.955498736829874,19.0762604,72.87809060000001,45.0
13.030000000000001,9.954623214399458,19.0762606,72.8780909,45.0
13.040000000000001,9.953739202357218,19.0762608,72.8780912,45.0
13.05,9.952846702217887,19.076261,72.87809150000001,45.0
13.06,9.951945715510737,19.0762612,72.8780918,45.0
13.07,9.951036243779585,19.0762614,72.8780921,45.0
13.08,9.950118288582788,19.076261600000002,72.8780924,45.0
13.09,9.949191851493236,19.0762618,72.87809270000001,45.0
13.1,9.948256934098351,19.076262,72.878093,45.0
13.11,9.947313538000092,19.076262200000002,72.8780933,45.0
13.120000000000001,9.946361664814942,19.0762624,72.8780936,45.0
13.13,9.945401316173907,19.0762626,72.87809390000001,45.0
13.14,9.944432493722523,19.076262800000002,72.8780942,45.0
13.15,9.943455199120837,19.076263,72.8780945,45.0
13.16,9.942469434043417,19.0762632,72.8780948,45.0
13.17,9.941475200179346,19.076263400000002,72.87809510000001,45.0
13.18,9.940472499232216,19.0762636,72.8780954,45.0
13.19,9.93946133292013,19.0762638,72.8780957,45.0
13.200000000000001,9.93844170297569,19.076264000000002,72.878096,45.0
13.21,9.937413611146004,19.0762642,72.87809630000001,45.0
13.22,9.936377059192683,19.0762644,72.8780966,45.0
13.23,9.935332048891826,19.076264600000002,72.8780969,45.0
13.24,9.934278582034038,19.0762648,72.8780972,45.0
13.25,9.933216660424396,19.076265,72.87809750000001,45.0
13.26,9.932146285882478,19.0762652,72.8780978,45.0
13.27,9.931067460242343,19.0762654,72.8780981,45.0
13.280000000000001,9.929980185352525,19.0762656,72.8780984,45.0
13.290000000000001,9.928884463076045,19.0762658,72.87809870000001,45.0
13.3,9.92778029529039,19.076266,72.878099,45.0
13.31,9.92666768388752,19.0762662,72.8780993,45.0
13.32,9.92554663077387,19.0762664,72.8780996,45.0
13.33,9.924417137870329,19.0762666,72.87809990000001,45.0
13.34,9.923279207112255,19.0762668,72.8781002,45.0
13.35,9.922132840449457,19.076267,72.8781005,45.0
13.36,9.92097803984621,19.0762672,72.8781008,45.0
13.370000000000001,9.919814807281227,19.0762674,72.87810110000001,45.0
13.38,9.918643144747678,19.0762676,72.8781014,45.0
13.39,9.917463054253178,19.0762678,72.8781017,45.0
13.4,9.916274537819774,19.076268,72.878102,45.0
13.41,9.91507759748396,19.0762682,72.87810230000001,45.0
13.42,9.913872235296656,19.0762684,72.8781026,45.0
13.43,9.912658453323225,19.0762686,72.8781029,45.0
13.44,9.911436253643444,19.0762688,72.8781032,45.0
13.450000000000001,9.910205638351519,19.076269,72.87810350000001,45.0
13.46,9.908966609556078,19.076269200000002,72.8781038,45.0
13.47,9.907719169380162,19.0762694,72.8781041,45.0
13.48,9.906463319961226,19.0762696,72.8781044,45.0
13.49,9.905199063451134,19.076269800000002,72.87810470000001,45.0
13.5,9.903926402016152,19.07627,72.878105,45.0
13.51,9.902645337836955,19.0762702,72.8781053,45.0
13.52,9.90135587310861,19.076270400000002,72.8781056,45.0
13.530000000000001,9.900058010040578,19.0762706,72.87810590000001,45.0
13.540000000000001,9.898751750856714,19.0762708,72.8781062,45.0
13.55,9.897437097795256,19.076271000000002,72.8781065,45.0
13.56,9.896114053108828,19.0762712,72.8781068,45.0
13.57,9.894782619064431,19.0762714,72.87810710000001,45.0
13.58,9.89344279794344,19.076271600000002,72.8781074,45.0
13.59,9.8920945920416,19.0762718,72.8781077,45.0
13.6,9.890738003669028,19.076272,72.878108,45.0
13.61,9.8893730351502,19.076272200000002,72.87810830000001,45.0
13.620000000000001,9.887999688823953,19.0762724,72.8781086,45.0
13.63,9.886617967043478,19.0762726,72.8781089,45.0
13.64,9.88522787217632,19.0762728,72.87810920000001,45.0
13.65,9.883829406604361,19.076273,72.87810950000001,45.0
13.66,9.882422572723844,19.0762732,72.8781098,45.0
13.67,9.881007372945334,19.0762734,72.8781101,45.0
13.68,9.879583809693738,19.0762736,72.87811040000001,45.0
13.69,9.878151885408293,19.0762738,72.87811070000001,45.0
13.700000000000001,9.876711602542564,19.076274,72.878111,45.0
13.71,9.875262963564435,19.0762742,72.8781113,45.0
13.72,9.87380597095611,19.0762744,72.87811160000001,45.0
13.73,9.872340627214104,19.0762746,72.87811190000001,45.0
13.74,9.870866934849246,19.0762748,72.8781122,45.0
13.75,9.869384896386668,19.076275,72.8781125,45.0
13.76,9.867894514365801,19.0762752,72.87811280000001,45.0
13.77,9.866395791340373,19.0762754,72.87811310000001,45.0
13.780000000000001,9.864888729878409,19.0762756,72.8781134,45.0
13.790000000000001,9.863373332562215,19.0762758,72.8781137,45.0
13.8,9.861849601988382,19.076276,72.87811400000001,45.0
13.81,9.860317540767785,19.0762762,72.87811430000001,45.0
13.82,9.858777151525564,19.0762764,72.8781146,45.0
13.83,9.857228436901135,19.0762766,72.8781149,45.0
13.84,9.85567139954818,19.076276800000002,72.87811520000001,45.0
13.85,9.85410604213464,19.076277,72.8781155,45.0
13.86,9.852532367342713,19.0762772,72.8781158,45.0
13.870000000000001,9.850950377868845,19.076277400000002,72.8781161,45.0
13.88,9.849360076423734,19.0762776,72.87811640000001,45.0
13.89,9.847761465732317,19.0762778,72.8781167,45.0
13.9,9.846154548533772,19.076278000000002,72.878117,45.0
13.91,9.844539327581504,19.0762782,72.8781173,45.0
13.92,9.842915805643155,19.0762784,72.87811760000001,45.0
13.93,9.841283985500583,19.076278600000002,72.8781179,45.0
13.94,9.839643869949866,19.0762788,72.8781182,45.0
13.950000000000001,9.837995461801299,19.076279,72.8781185,45.0
13.96,9.836338763879384,19.076279200000002,72.87811880000001,45.0
13.97,9.834673779022827,19.0762794,72.8781191,45.0
13.98,9.833000510084537,19.0762796,72.8781194,45.0
13.99,9.831318959931611,19.076279800000002,72.8781197,45.0
14.0,9.82962913144534,19.07628,72.87812000000001,45.0
14.01,9.827931027521203,19.0762802,72.8781203,45.0
14.02,9.826224651068852,19.0762804,72.8781206,45.0
14.030000000000001,9.824510005012112,19.0762806,72.8781209,45.0
14.040000000000001,9.82278709228899,19.0762808,72.87812120000001,45.0
14.05,9.821055915851646,19.076281,72.8781215,45.0
14.06,9.819316478666405,19.0762812,72.8781218,45.0
14.07,9.817568783713744,19.0762814,72.8781221,45.0
14.08,9.815812833988291,19.0762816,72.87812240000001,45.0
14.09,9.814048632498817,19.0762818,72.8781227,45.0
14.1,9.812276182268235,19.076282,72.878123,45.0
14.11,9.810495486333592,19.0762822,72.8781233,45.0
14.120000000000001,9.808706547746057,19.0762824,72.87812360000001,45.0
14.13,9.806909369570931,19.0762826,72.8781239,45.0
14.14,9.805103954887626,19.0762828,72.8781242,45.0
14.15,9.803290306789677,19.076283,72.8781245,45.0
14.16,9.801468428384716,19.0762832,72.87812480000001,45.0
14.17,9.799638322794483,19.0762834,72.8781251,45.0
14.18,9.797799993154813,19.0762836,72.8781254,45.0
14.19,9.795953442615637,19.0762838,72.8781257,45.0
14.200000000000001,9.794098674340965,19.076284,72.87812600000001,45.0
14.21,9.792235691508894,19.0762842,72.8781263,45.0
14.22,9.790364497311597,19.076284400000002,72.8781266,45.0
14.23,9.788485094955309,19.0762846,72.8781269,45.0
14.24,9.786597487660336,19.0762848,72.87812720000001,45.0
14.25,9.784701678661046,19.076285000000002,72.8781275,45.0
14.26,9.782797671205849,19.0762852,72.8781278,45.0
14.27,9.780885468557216,19.0762854,72.8781281,45.0
14.280000000000001,9.77896507399165,19.076285600000002,72.87812840000001,45.0
14.290000000000001,9.777036490799698,19.0762858,72.8781287,45.0
14.3,9.775099722285933,19.076286,72.878129,45.0
14.31,9.773154771768954,19.076286200000002,72.8781293,45.0
14.32,9.771201642581385,19.0762864,72.87812960000001,45.0
14.33,9.769240338069853,19.0762866,72.8781299,45.0
14.34,9.767270861595007,19.076286800000002,72.8781302,45.0
14.35,9.765293216531486,19.076287,72.8781305,45.0
14.36,9.76330740626793,19.0762872,72.87813080000001,45.0
14.370000000000001,9.761313434206977,19.076287400000002,72.8781311,45.0
14.38,9.759311303765239,19.0762876,72.8781314,45.0
14.39,9.757301018373314,19.0762878,72.8781317,45.0
14.4,9.755282581475768,19.076288,72.87813200000001,45.0
14.41,9.753255996531141,19.0762882,72.8781323,45.0
14.42,9.751221267011928,19.0762884,72.8781326,45.0
14.43,9.749178396404588,19.0762886,72.87813290000001,45.0
14.44,9.74712738820952,19.0762888,72.87813320000001,45.0
14.450000000000001,9.74506824594107,19.076289,72.8781335,45.0
14.46,9.743000973127522,19.0762892,72.8781338,45.0
14.47,9.740925573311095,19.0762894,72.87813410000001,45.0
14.48,9.738842050047928,19.0762896,72.87813440000001,45.0
14.49,9.736750406908081,19.0762898,72.8781347,45.0
14.5,9.73465064747553,19.07629,72.878135,45.0
14.51,9.73254277534815,19.0762902,72.87813530000001,45.0
14.52,9.730426794137728,19.0762904,72.87813560000001,45.0
14.530000000000001,9.728302707469936,19.0762906,72.8781359,45.0
14.540000000000001,9.72617051898434,19.0762908,72.8781362,45.0
14.55,9.72403023233439,19.076291,72.87813650000001,45.0
14.56,9.721881851187405,19.0762912,72.87813680000001,45.0
14.57,9.71972537922458,19.0762914,72.8781371,45.0
14.58,9.717560820140967,19.0762916,72.8781374,45.0
14.59,9.715388177645485,19.0762918,72.87813770000001,45.0
14.6,9.713207455460893,19.076292000000002,72.878138,45.0
14.61,9.7110186573238,19.0762922,72.8781383,45.0
14.620000000000001,9.708821786984652,19.0762924,72.8781386,45.0
14.63,9.706616848207727,19.076292600000002,72.87813890000001,45.0
14.64,9.704403844771129,19.0762928,72.8781392,45.0
14.65,9.702182780466774,19.076293,72.8781395,45.0
14.66,9.699953659100402,19.076293200000002,72.8781398,45.0
14.67,9.697716484491545,19.0762934,72.87814010000001,45.0
14.68,9.695471260473544,19.0762936,72.8781404,45.0
14.69,9.693217990893533,19.076293800000002,72.8781407,45.0
14.700000000000001,9.69095667961242,19.076294,72.878141,45.0
14.71,9.688687330504907,19.0762942,72.87814130000001,45.0
14.72,9.686409947459458,19.076294400000002,72.8781416,45.0
14.73,9.684124534378306,19.0762946,72.8781419,45.0
14.74,9.681831095177449,19.0762948,72.8781422,45.0
14.75,9.679529633786629,19.076295000000002,72.87814250000001,45.0
14.76,9.677220154149337,19.0762952,72.8781428,45.0
14.77,9.674902660222804,19.0762954,72.8781431,45.0
14.780000000000001,9.672577155977994,19.0762956,72.8781434,45.0
14.790000000000001,9.670243645399593,19.0762958,72.87814370000001,45.0
14.8,9.667902132486008,19.076296,72.878144,45.0
14.81,9.665552621249361,19.0762962,72.8781443,45.0
14.82,9.663195115715471,19.0762964,72.8781446,45.0
14.83,9.660829619923861,19.0762966,72.87814490000001,45.0
14.84,9.658456137927745,19.0762968,72.8781452,45.0
14.85,9.656074673794016,19.076297,72.8781455,45.0
14.86,9.653685231603255,19.0762972,72.8781458,45.0
14.870000000000001,9.651287815449699,19.0762974,72.87814610000001,45.0
14.88,9.648882429441256,19.0762976,72.8781464,45.0
14.89,9.646469077699493,19.0762978,72.8781467,45.0
14.9,9.644047764359621,19.076298,72.878147,45.0
14.91,9.641618493570494,19.0762982,72.87814730000001,45.0
14.92,9.6391812694946,19.0762984,72.8781476,45.0
14.93,9.63673609630806,19.0762986,72.8781479,45.0
14.94,9.634282978200604,19.0762988,72.8781482,45.0
14.950000000000001,9.63182191937559,19.076299,72.87814850000001,45.0
14.96,9.629352924049975,19.0762992,72.8781488,45.0
14.97,9.626875996454311,19.0762994,72.8781491,45.0
14.98,9.62439114083275,19.076299600000002,72.8781494,45.0
14.99,9.62189836144302,19.0762998,72.87814970000001,45.0
15.0,9.619397662556434,19.0763,72.87815,45.0
15.01,9.616889048457871,19.076300200000002,72.8781503,45.0
15.02,9.614372523445772,19.0763004,72.8781506,45.0
15.030000000000001,9.611848091832133,19.0763006,72.87815090000001,45.0
15.040000000000001,9.609315757942502,19.076300800000002,72.8781512,45.0
15.05,9.606775526115962,19.076301,72.8781515,45.0
15.06,9.604227400705131,19.0763012,72.8781518,45.0
15.07,9.601671386076152,19.076301400000002,72.87815210000001,45.0
15.08,9.59910748660869,19.0763016,72.8781524,45.0
15.09,9.59653570669591,19.0763018,72.8781527,45.0
15.1,9.593956050744492,19.076302000000002,72.878153,45.0
15.11,9.591368523174603,19.0763022,72.87815330000001,45.0
15.120000000000001,9.588773128419906,19.0763024,72.8781536,45.0
15.13,9.586169870927534,19.0763026,72.8781539,45.0
15.14,9.5835587551581,19.0763028,72.8781542,45.0
15.15,9.58093978558568,19.076303,72.87815450000001,45.0
15.16,9.578312966697807,19.0763032,72.8781548,45.0
15.17,9.57567830299546,19.0763034,72.8781551,45.0
15.18,9.573035798993068,19.0763036,72.87815540000001,45.0
15.19,9.570385459218487,19.0763038,72.87815570000001,45.0
15.200000000000001,9.567727288213005,19.076304,72.878156,45.0
15.21,9.565061290531322,19.0763042,72.8781563,45.0
15.22,9.562387470741553,19.0763044,72.87815660000001,45.0
15.23,9.559705833425218,19.0763046,72.87815690000001,45.0
15.24,9.557016383177226,19.0763048,72.8781572,45.0
15.25,9.554319124605879,19.076305,72.8781575,45.0
15.26,9.551614062332854,19.0763052,72.87815780000001,45.0
15.27,9.548901200993205,19.0763054,72.87815810000001,45.0
15.280000000000001,9.546180545235343,19.0763056,72.8781584,45.0
15.290000000000001,9.543452099721039,19.0763058,72.8781587,45.0
15.3,9.540715869125407,19.076306,72.87815900000001,45.0
15.31,9.537971858136906,19.0763062,72.87815930000001,45.0
15.32,9.535220071457324,19.0763064,72.8781596,45.0
15.33,9.532460513801773,19.0763066,72.8781599,45.0
15.34,9.52969318989868,19.0763068,72.87816020000001,45.0
15.35,9.526918104489777,19.076307,72.8781605,45.0
15.36,9.524135262330098,19.076307200000002,72.8781608,45.0
15.370000000000001,9.521344668187968,19.0763074,72.8781611,45.0
15.38,9.518546326844993,19.0763076,72.87816140000001,45.0
15.39,9.515740243096056,19.076307800000002,72.8781617,45.0
15.4,9.512926421749302,19.076308,72.878162,45.0
15.41,9.510104867626143,19.0763082,72.8781623,45.0
15.42,9.507275585561228,19.076308400000002,72.87816260000001,45.0
15.43,9.50443858040246,19.0763086,72.8781629,45.0
15.44,9.501593857010969,19.0763088,72.8781632,45.0
15.450000000000001,9.498741420261107,19.076309000000002,72.8781635,45.0
15.46,9.495881275040452,19.0763092,72.87816380000001,45.0
15.47,9.493013426249782,19.0763094,72.8781641,45.0
15.48,9.490137878803077,19.076309600000002,72.8781644,45.0
15.49,9.487254637627514,19.0763098,72.8781647,45.0
15.5,9.48436370766344,19.07631,72.87816500000001,45.0
15.51,9.481465093864394,19.0763102,72.8781653,45.0
15.52,9.478558801197064,19.0763104,72.8781656,45.0
15.530000000000001,9.475644834641308,19.0763106,72.8781659,45.0
15.540000000000001,9.472723199190124,19.0763108,72.87816620000001,45.0
15.55,9.46979389984966,19.076311,72.8781665,45.0
15.56,9.466856941639188,19.0763112,72.8781668,45.0
15.57,9.463912329591103,19.0763114,72.8781671,45.0
15.58,9.460960068750925,19.0763116,72.87816740000001,45.0
15.59,9.458000164177262,19.0763118,72.8781677,45.0
15.6,9.45503262094184,19.076312,72.878168,45.0
15.610000000000001,9.452057444129457,19.0763122,72.8781683,45.0
15.620000000000001,9.449074638837997,19.0763124,72.87816860000001,45.0
15.63,9.446084210178421,19.0763126,72.8781689,45.0
15.64,9.443086163274742,19.0763128,72.8781692,45.0
15.65,9.440080503264037,19.076313,72.8781695,45.0
15.66,9.437067235296418,19.0763132,72.87816980000001,45.0
15.67,9.434046364535035,19.0763134,72.8781701,45.0
15.68,9.431017896156074,19.0763136,72.8781704,45.0
15.69,9.427981835348728,19.0763138,72.8781707,45.0
15.700000000000001,9.42493818731521,19.076314,72.87817100000001,45.0
15.71,9.421886957270722,19.0763142,72.8781713,45.0
15.72,9.418828150443465,19.0763144,72.8781716,45.0
15.73,9.415761772074626,19.0763146,72.8781719,45.0
15.74,9.412687827418356,19.076314800000002,72.87817220000001,45.0
15.75,9.409606321741775,19.076315,72.8781725,45.0
15.76,9.40651726032496,19.0763152,72.8781728,45.0
15.77,9.403420648460937,19.076315400000002,72.8781731,45.0
15.780000000000001,9.40031649145566,19.0763156,72.87817340000001,45.0
15.790000000000001,9.39720479462802,19.0763158,72.8781737,45.0
15.8,9.394085563309826,19.076316000000002,72.878174,45.0
15.81,9.390958802845796,19.0763162,72.8781743,45.0
15.82,9.387824518593547,19.0763164,72.87817460000001,45.0
15.83,9.384682715923589,19.076316600000002,72.8781749,45.0
15.84,9.381533400219318,19.0763168,72.8781752,45.0
15.85,9.378376576876999,19.076317,72.8781755,45.0
15.860000000000001,9.375212251305761,19.076317200000002,72.87817580000001,45.0
15.870000000000001,9.372040428927594,19.0763174,72.8781761,45.0
15.88,9.368861115177328,19.0763176,72.8781764,45.0
15.89,9.365674315502625,19.0763178,72.8781767,45.0
15.9,9.362480035363987,19.076318,72.87817700000001,45.0
15.91,9.359278280234719,19.0763182,72.8781773,45.0
15.92,9.356069055600948,19.0763184,72.8781776,45.0
15.93,9.352852366961589,19.0763186,72.87817790000001,45.0
15.94,9.349628219828348,19.0763188,72.87817820000001,45.0
15.950000000000001,9.346396619725718,19.076319,72.8781785,45.0
15.96,9.343157572190957,19.0763192,72.8781788,45.0
15.97,9.339911082774082,19.0763194,72.87817910000001,45.0
15.98,9.336657157037866,19.0763196,72.87817940000001,45.0
15.99,9.33339580055782,19.0763198,72.8781797,45.0
16.0,9.330127018922195,19.07632,72.87818,45.0
16.01,9.326850817731952,19.0763202,72.87818030000001,45.0
16.02,9.323567202600776,19.0763204,72.87818060000001,45.0
16.03,9.320276179155051,19.0763206,72.8781809,45.0
16.04,9.316977753033859,19.0763208,72.8781812,45.0
16.05,9.31367192988896,19.076321,72.87818150000001,45.0
16.06,9.310358715384792,19.0763212,72.87818180000001,45.0
16.07,9.30703811519846,19.0763214,72.8781821,45.0
16.080000000000002,9.303710135019719,19.0763216,72.8781824,45.0
16.09,9.300374780550973,19.0763218,72.87818270000001,45.0
16.1,9.297032057507264,19.076322,72.878183,45.0
16.11,9.293681971616254,19.0763222,72.8781833,45.0
16.12,9.290324528618223,19.076322400000002,72.8781836,45.0
16.13,9.28695973426606,19.0763226,72.87818390000001,45.0
16.14,9.28358759432525,19.0763228,72.8781842,45.0
16.15,9.280208114573858,19.076323000000002,72.8781845,45.0
16.16,9.276821300802533,19.0763232,72.8781848,45.0
16.17,9.273427158814489,19.0763234,72.87818510000001,45.0
16.18,9.270025694425495,19.076323600000002,72.8781854,45.0
16.19,9.266616913463869,19.0763238,72.8781857,45.0
16.2,9.263200821770461,19.076324,72.878186,45.0
16.21,9.259777425198653,19.076324200000002,72.87818630000001,45.0
16.22,9.256346729614343,19.0763244,72.8781866,45.0
16.23,9.252908740895931,19.0763246,72.8781869,45.0
16.240000000000002,9.249463464934319,19.076324800000002,72.8781872,45.0
16.25,9.246010907632895,19.076325,72.87818750000001,45.0
16.26,9.242551074907517,19.0763252,72.8781878,45.0
16.27,9.239083972686522,19.0763254,72.8781881,45.0
16.28,9.235609606910685,19.0763256,72.8781884,45.0
16.29,9.232127983533246,19.0763258,72.87818870000001,45.0
16.3,9.228639108519866,19.076326,72.878189,45.0
16.31,9.225142987848642,19.0763262,72.8781893,45.0
16.32,9.221639627510076,19.0763264,72.8781896,45.0
16.330000000000002,9.218129033507083,19.0763266,72.87818990000001,45.0
16.34,9.214611211854972,19.0763268,72.8781902,45.0
16.35,9.211086168581433,19.076327,72.8781905,45.0
16.36,9.207553909726531,19.0763272,72.8781908,45.0
16.37,9.204014441342697,19.0763274,72.87819110000001,45.0
16.38,9.20046776949471,19.0763276,72.8781914,45.0
16.39,9.196913900259698,19.0763278,72.8781917,45.0
16.4,9.19335283972712,19.076328,72.878192,45.0
16.41,9.189784593998755,19.0763282,72.87819230000001,45.0
16.42,9.186209169188695,19.0763284,72.8781926,45.0
16.43,9.182626571423334,19.0763286,72.8781929,45.0
16.44,9.179036806841351,19.0763288,72.8781932,45.0
16.45,9.175439881593714,19.076329,72.87819350000001,45.0
16.46,9.171835801843658,19.0763292,72.8781938,45.0
16.47,9.168224573766672,19.0763294,72.8781941,45.0
16.48,9.164606203550498,19.0763296,72.8781944,45.0
16.490000000000002,9.160980697395114,19.0763298,72.87819470000001,45.0
16.5,9.157348061512726,19.076330000000002,72.878195,45.0
16.51,9.153708302127757,19.0763302,72.8781953,45.0
16.52,9.150061425476837,19.0763304,72.8781956,45.0
16.53,9.146407437808788,19.076330600000002,72.87819590000001,45.0
16.54,9.142746345384618,19.0763308,72.8781962,45.0
16.55,9.13907815447751,19.076331,72.8781965,45.0
16.56,9.135402871372811,19.076331200000002,72.8781968,45.0
16.57,9.131720502368012,19.0763314,72.87819710000001,45.0
16.580000000000002,9.128031053772757,19.0763316,72.8781974,45.0
16.59,9.124334531908818,19.076331800000002,72.8781977,45.0
16.6,9.120630943110077,19.076332,72.878198,45.0
16.61,9.116920293722542,19.0763322,72.87819830000001,45.0
16.62,9.113202590104299,19.076332400000002,72.8781986,45.0
16.63,9.10947783862554,19.0763326,72.8781989,45.0
16.64,9.105746045668521,19.0763328,72.8781992,45.0
16.65,9.102007217627568,19.076333,72.87819950000001,45.0
16.66,9.098261360909063,19.0763332,72.8781998,45.0
16.67,9.094508481931427,19.0763334,72.8782001,45.0
16.68,9.090748587125116,19.0763336,72.87820040000001,45.0
16.69,9.086981682932612,19.0763338,72.87820070000001,45.0
16.7,9.083207775808395,19.076334,72.878201,45.0
16.71,9.079426872218956,19.0763342,72.8782013,45.0
16.72,9.075638978642772,19.0763344,72.87820160000001,45.0
16.73,9.07184410157029,19.0763346,72.87820190000001,45.0
16.740000000000002,9.068042247503936,19.0763348,72.8782022,45.0
16.75,9.064233422958077,19.076335,72.8782025,45.0
16.76,9.06041763445903,19.0763352,72.87820280000001,45.0
16.77,9.056594888545051,19.0763354,72.87820310000001,45.0
16.78,9.052765191766303,19.0763356,72.8782034,45.0
16.79,9.048928550684872,19.0763358,72.8782037,45.0
16.8,9.045084971874736,19.076336,72.87820400000001,45.0
16.81,9.041234461921766,19.0763362,72.87820430000001,45.0
16.82,9.037377027423698,19.0763364,72.8782046,45.0
16.830000000000002,9.033512674990149,19.0763366,72.8782049,45.0
16.84,9.02964141124258,19.0763368,72.87820520000001,45.0
16.85,9.025763242814289,19.076337,72.8782055,45.0
16.86,9.021878176350423,19.0763372,72.8782058,45.0
16.87,9.017986218507927,19.0763374,72.8782061,45.0
16.88,9.014087375955572,19.076337600000002,72.87820640000001,45.0
16.89,9.010181655373916,19.0763378,72.8782067,45.0
16.9,9.006269063455305,19.076338,72.878207,45.0
16.91,9.002349606903854,19.076338200000002,72.8782073,45.0
16.92,8.99842329243545,19.0763384,72.87820760000001,45.0
16.93,8.99449012677773,19.0763386,72.8782079,45.0
16.94,8.990550116670057,19.076338800000002,72.8782082,45.0
16.95,8.986603268863538,19.076339,72.8782085,45.0
16.96,8.982649590120982,19.0763392,72.87820880000001,45.0
16.97,8.978689087216916,19.076339400000002,72.8782091,45.0
16.98,8.97472176693755,19.0763396,72.8782094,45.0
16.990000000000002,8.970747636080782,19.0763398,72.8782097,45.0
17.0,8.966766701456176,19.076340000000002,72.87821000000001,45.0
17.01,8.962778969884955,19.0763402,72.8782103,45.0
17.02,8.958784448199987,19.0763404,72.8782106,45.0
17.03,8.954783143245777,19.0763406,72.8782109,45.0
17.04,8.950775061878453,19.0763408,72.87821120000001,45.0
17.05,8.94676021096575,19.076341,72.8782115,45.0
17.06,8.94273859738701,19.0763412,72.8782118,45.0
17.07,8.938710228033154,19.0763414,72.8782121,45.0
17.080000000000002,8.934675109806685,19.0763416,72.87821240000001,45.0
17.09,8.930633249621671,19.0763418,72.8782127,45.0
17.1,8.926584654403724,19.076342,72.878213,45.0
17.11,8.922529331090006,19.0763422,72.8782133,45.0
17.12,8.918467286629198,19.0763424,72.87821360000001,45.0
17.13,8.914398527981508,19.0763426,72.8782139,45.0
17.14,8.91032306211864,19.0763428,72.8782142,45.0
17.150000000000002,8.906240896023792,19.076343,72.8782145,45.0
17.16,8.902152036691648,19.0763432,72.87821480000001,45.0
17.17,8.898056491128356,19.0763434,72.8782151,45.0
17.18,8.893954266351521,19.0763436,72.8782154,45.0
17.19,8.88984536939019,19.0763438,72.8782157,45.0
17.2,8.885729807284854,19.076344,72.87821600000001,45.0
17.21,8.88160758708741,19.0763442,72.8782163,45.0
17.22,8.877478715861173,19.0763444,72.8782166,45.0
17.23,8.873343200680848,19.0763446,72.8782169,45.0
17.240000000000002,8.86920104863253,19.0763448,72.87821720000001,45.0
17.25,8.865052266813686,19.076345,72.8782175,45.0
17.26,8.860896862333135,19.076345200000002,72.8782178,45.0
17.27,8.856734842311054,19.0763454,72.8782181,45.0
17.28,8.852566213878946,19.0763456,72.87821840000001,45.0
17.29,8.848390984179646,19.076345800000002,72.8782187,45.0
17.3,8.844209160367297,19.076346,72.878219,45.0
17.31,8.84002074960734,19.0763462,72.8782193,45.0
17.32,8.8358257590765,19.076346400000002,72.87821960000001,45.0
17.330000000000002,8.831624195962778,19.0763466,72.8782199,45.0
17.34,8.82741606746544,19.0763468,72.8782202,45.0
17.35,8.823201380795002,19.076347000000002,72.8782205,45.0
17.36,8.818980143173212,19.0763472,72.87822080000001,45.0
17.37,8.814752361833044,19.0763474,72.8782211,45.0
17.38,8.81051804401869,19.076347600000002,72.8782214,45.0
17.39,8.806277196985533,19.0763478,72.8782217,45.0
17.400000000000002,8.802029828000155,19.076348,72.87822200000001,45.0
17.41,8.797775944340302,19.0763482,72.8782223,45.0
17.42,8.79351555329489,19.0763484,72.8782226,45.0
17.43,8.789248662163981,19.0763486,72.87822290000001,45.0
17.44,8.784975278258782,19.0763488,72.87822320000001,45.0
17.45,8.780695408901614,19.076349,72.8782235,45.0
17.46,8.776409061425918,19.0763492,72.8782238,45.0
17.47,8.772116243176235,19.0763494,72.87822410000001,45.0
17.48,8.767816961508188,19.0763496,72.87822440000001,45.0
17.490000000000002,8.763511223788484,19.0763498,72.8782247,45.0
17.5,8.759199037394886,19.07635,72.878225,45.0
17.51,8.754880409716206,19.0763502,72.87822530000001,45.0
17.52,8.750555348152298,19.0763504,72.87822560000001,45.0
17.53,8.746223860114032,19.0763506,72.8782259,45.0
17.54,8.741885953023301,19.0763508,72.8782262,45.0
17.55,8.737541634312985,19.076351,72.87822650000001,45.0
17.56,8.733190911426957,19.0763512,72.87822680000001,45.0
17.57,8.728833791820064,19.0763514,72.8782271,45.0
17.580000000000002,8.72447028295811,19.0763516,72.8782274,45.0
17.59,8.720100392317852,19.0763518,72.87822770000001,45.0
17.6,8.715724127386972,19.076352,72.87822800000001,45.0
17.61,8.711341495664085,19.0763522,72.8782283,45.0
17.62,8.706952504658712,19.0763524,72.8782286,45.0
17.63,8.702557161891265,19.0763526,72.87822890000001,45.0
17.64,8.69815547489305,19.076352800000002,72.8782292,45.0
17.650000000000002,8.693747451206232,19.076353,72.8782295,45.0
17.66,8.689333098383843,19.0763532,72.8782298,45.0
17.67,8.684912423989754,19.076353400000002,72.87823010000001,45.0
17.68,8.680485435598673,19.0763536,72.8782304,45.0
17.69,8.676052140796118,19.0763538,72.8782307,45.0
17.7,8.671612547178428,19.076354000000002,72.878231,45.0
17.71,8.667166662352718,19.0763542,72.87823130000001,45.0
17.72,8.662714493936894,19.0763544,72.8782316,45.0
17.73,8.658256049559624,19.076354600000002,72.8782319,45.0
17.740000000000002,8.65379133686033,19.0763548,72.8782322,45.0
17.75,8.649320363489178,19.076355,72.87823250000001,45.0
17.76,8.644843137107056,19.076355200000002,72.8782328,45.0
17.77,8.640359665385574,19.0763554,72.8782331,45.0
17.78,8.635869956007035,19.0763556,72.8782334,45.0
17.79,8.631374016664433,19.0763558,72.87823370000001,45.0
17.8,8.626871855061438,19.076356,72.878234,45.0
17.81,8.622363478912385,19.0763562,72.8782343,45.0
17.82,8.617848895942245,19.0763564,72.8782346,45.0
17.830000000000002,8.613328113886642,19.0763566,72.87823490000001,45.0
17.84,8.60880114049181,19.0763568,72.8782352,45.0
17.85,8.604267983514593,19.076357,72.8782355,45.0
17.86,8.599728650722435,19.0763572,72.8782358,45.0
17.87,8.595183149893353,19.0763574,72.87823610000001,45.0
17.88,8.590631488815944,19.0763576,72.8782364,45.0
17.89,8.586073675289354,19.0763578,72.8782367,45.0
17.900000000000002,8.58150971712327,19.076358,72.878237,45.0
17.91,8.576939622137916,19.0763582,72.87823730000001,45.0
17.92,8.572363398164015,19.0763584,72.8782376,45.0
17.93,8.567781053042815,19.0763586,72.8782379,45.0
17.94,8.563192594626027,19.0763588,72.8782382,45.0
17.95,8.558598030775856,19.076359,72.87823850000001,45.0
17.96,8.553997369364962,19.0763592,72.8782388,45.0
17.97,8.549390618276453,19.0763594,72.8782391,45.0
17.98,8.544777785403868,19.0763596,72.8782394,45.0
17.990000000000002,8.540158878651171,19.0763598,72.87823970000001,45.0
18.0,8.535533905932738,19.07636,72.87824,45.0
18.01,8.530902875173329,19.0763602,72.8782403,45.0
18.02,8.52626579430809,19.076360400000002,72.8782406,45.0
18.03,8.52162267128253,19.0763606,72.87824090000001,45.0
18.04,8.51697351405252,19.0763608,72.8782412,45.0
18.05,8.51231833058426,19.076361000000002,72.8782415,45.0
18.06,8.507657128854278,19.0763612,72.8782418,45.0
18.07,8.50298991684942,19.0763614,72.87824210000001,45.0
18.080000000000002,8.498316702566825,19.076361600000002,72.8782424,45.0
18.09,8.493637494013921,19.0763618,72.8782427,45.0
18.1,8.488952299208401,19.076362,72.878243,45.0
18.11,8.484261126178218,19.076362200000002,72.87824330000001,45.0
18.12,8.47956398296157,19.0763624,72.8782436,45.0
18.13,8.474860877606888,19.0763626,72.8782439,45.0
18.14,8.470151818172807,19.076362800000002,72.8782442,45.0
18.150000000000002,8.465436812728178,19.076363,72.87824450000001,45.0
18.16,8.460715869352033,19.0763632,72.8782448,45.0
18.17,8.455988996133579,19.0763634,72.8782451,45.0
18.18,8.451256201172185,19.0763636,72.8782454,45.0
18.19,8.446517492577366,19.0763638,72.87824570000001,45.0
18.2,8.441772878468772,19.076364,72.878246,45.0
18.21,8.437022366976164,19.0763642,72.8782463,45.0
18.22,8.432265966239418,19.0763644,72.87824660000001,45.0
18.23,8.4275036844085,19.0763646,72.87824690000001,45.0
18.240000000000002,8.422735529643443,19.0763648,72.8782472,45.0
18.25,8.417961510114358,19.076365,72.8782475,45.0
18.26,8.41318163400139,19.0763652,72.87824780000001,45.0
18.27,8.40839590949473,19.0763654,72.87824810000001,45.0
18.28,8.403604344794589,19.0763656,72.8782484,45.0
18.29,8.39880694811118,19.0763658,72.8782487,45.0
18.3,8.394003727664709,19.076366,72.87824900000001,45.0
18.31,8.389194691685368,19.0763662,72.87824930000001,45.0
18.32,8.384379848413303,19.0763664,72.8782496,45.0
18.330000000000002,8.379559206098623,19.0763666,72.8782499,45.0
18.34,8.374732773001366,19.0763668,72.87825020000001,45.0
18.35,8.369900557391489,19.076367,72.87825050000001,45.0
18.36,8.365062567548867,19.0763672,72.8782508,45.0
18.37,8.36021881176326,19.0763674,72.8782511,45.0
18.38,8.355369298334315,19.0763676,72.87825140000001,45.0
18.39,8.350514035571539,19.0763678,72.8782517,45.0
18.400000000000002,8.34565303179429,19.076368000000002,72.878252,45.0
18.41,8.340786295331771,19.0763682,72.8782523,45.0
18.42,8.335913834522998,19.0763684,72.87825260000001,45.0
18.43,8.331035657716802,19.076368600000002,72.8782529,45.0
18.44,8.326151773271803,19.0763688,72.8782532,45.0
18.45,8.321262189556409,19.076369,72.8782535,45.0
18.46,8.316366914948784,19.076369200000002,72.87825380000001,45.0
18.47,8.31146595783685,19.0763694,72.8782541,45.0
18.48,8.30655932661826,19.0763696,72.8782544,45.0
18.490000000000002,8.301647029700394,19.076369800000002,72.8782547,45.0
18.5,8.296729075500345,19.07637,72.87825500000001,45.0
18.51,8.291805472444885,19.0763702,72.8782553,45.0
18.52,8.28687622897048,19.076370400000002,72.8782556,45.0
18.53,8.281941353523248,19.0763706,72.8782559,45.0
18.54,8.27700085455897,19.0763708,72.87825620000001,45.0
18.55,8.272054740543052,19.076371,72.8782565,45.0
18.56,8.267103019950529,19.0763712,72.8782568,45.0
18.57,8.262145701266036,19.0763714,72.8782571,45.0
18.580000000000002,8.257182792983802,19.0763716,72.87825740000001,45.0
18.59,8.252214303607639,19.0763718,72.8782577,45.0
18.6,8.24724024165092,19.076372,72.878258,45.0
18.61,8.242260615636559,19.0763722,72.8782583,45.0
18.62,8.237275434097011,19.0763724,72.87825860000001,45.0
18.63,8.232284705574251,19.0763726,72.8782589,45.0
18.64,8.227288438619754,19.0763728,72.8782592,45.0
18.650000000000002,8.222286641794486,19.076373,72.8782595,45.0
18.66,8.217279323668896,19.0763732,72.87825980000001,45.0
18.67,8.212266492822879,19.0763734,72.8782601,45.0
18.68,8.20724815784579,19.0763736,72.8782604,45.0
18.69,8.202224327336404,19.0763738,72.8782607,45.0
18.7,8.197195009902924,19.076374,72.87826100000001,45.0
18.71,8.192160214162943,19.0763742,72.8782613,45.0
18.72,8.18711994874345,19.0763744,72.8782616,45.0
18.73,8.182074222280797,19.0763746,72.8782619,45.0
18.740000000000002,8.177023043420704,19.0763748,72.87826220000001,45.0
18.75,8.171966420818228,19.076375,72.8782625,45.0
18.76,8.16690436313775,19.0763752,72.8782628,45.0
18.77,8.161836879052974,19.0763754,72.8782631,45.0
18.78,8.156763977246888,19.076375600000002,72.87826340000001,45.0
18.79,8.15168566641178,19.0763758,72.8782637,45.0
18.8,8.146601955249187,19.076376,72.878264,45.0
18.81,8.14151285246992,19.076376200000002,72.8782643,45.0
18.82,8.136418366794008,19.0763764,72.87826460000001,45.0
18.830000000000002,8.13131850695072,19.0763766,72.8782649,45.0
18.84,8.126213281678528,19.076376800000002,72.8782652,45.0
18.85,8.121102699725089,19.076377,72.8782655,45.0
18.86,8.115986769847254,19.0763772,72.87826580000001,45.0
18.87,8.110865500811022,19.076377400000002,72.8782661,45.0
18.88,8.105738901391552,19.0763776,72.8782664,45.0
18.89,8.100606980373133,19.0763778,72.8782667,45.0
18.900000000000002,8.095469746549169,19.076378000000002,72.87826700000001,45.0
18.91,8.090327208722174,19.0763782,72.8782673,45.0
18.92,8.085179375703744,19.0763784,72.8782676,45.0
18.93,8.08002625631455,19.0763786,72.8782679,45.0
18.94,8.074867859384323,19.0763788,72.87826820000001,45.0
18.95,8.069704193751834,19.076379,72.8782685,45.0
18.96,8.064535268264882,19.0763792,72.8782688,45.0
18.97,8.059361091780286,19.0763794,72.87826910000001,45.0
18.98,8.05418167316385,19.0763796,72.87826940000001,45.0
18.990000000000002,8.048997021290367,19.0763798,72.8782697,45.0
19.0,8.043807145043605,19.07638,72.87827,45.0
19.01,8.038612053316264,19.0763802,72.87827030000001,45.0
19.02,8.033411755009999,19.0763804,72.87827060000001,45.0
19.03,8.028206259035377,19.0763806,72.8782709,45.0
19.04,8.022995574311874,19.0763808,72.8782712,45.0
19.05,8.017779709767856,19.076381,72.87827150000001,45.0
19.06,8.012558674340568,19.0763812,72.87827180000001,45.0
19.07,8.007332476976107,19.0763814,72.8782721,45.0
19.080000000000002,8.002101126629418,19.0763816,72.8782724,45.0
19.09,7.996864632264287,19.0763818,72.87827270000001,45.0
19.1,7.991623002853294,19.076382,72.87827300000001,45.0
19.11,7.9863762473778355,19.0763822,72.8782733,45.0
19.12,7.981124374828079,19.0763824,72.8782736,45.0
19.13,7.975867394202969,19.0763826,72.87827390000001,45.0
19.14,7.970605314510193,19.0763828,72.8782742,45.0
19.150000000000002,7.965338144766184,19.076383,72.8782745,45.0
19.16,7.960065893996098,19.076383200000002,72.8782748,45.0
19.17,7.954788571233786,19.0763834,72.87827510000001,45.0
19.18,7.949506185521804,19.0763836,72.8782754,45.0
19.19,7.944218745911367,19.076383800000002,72.8782757,45.0
19.2,7.938926261462367,19.076384,72.878276,45.0
19.21,7.933628741243326,19.0763842,72.87827630000001,45.0
19.22,7.9283261943314045,19.076384400000002,72.8782766,45.0
19.23,7.923018629812368,19.0763846,72.8782769,45.0
19.240000000000002,7.917706056780586,19.0763848,72.8782772,45.0
19.25,7.91238848433901,19.076385000000002,72.87827750000001,45.0
19.26,7.907065921599154,19.0763852,72.8782778,45.0
19.27,7.901738377681081,19.0763854,72.8782781,45.0
19.28,7.896405861713394,19.076385600000002,72.8782784,45.0
19.29,7.891068382833215,19.0763858,72.87827870000001,45.0
19.3,7.885725950186169,19.076386,72.878279,45.0
19.31,7.880378572926365,19.0763862,72.8782793,45.0
19.32,7.875026260216393,19.0763864,72.8782796,45.0
19.330000000000002,7.86966902122729,19.0763866,72.87827990000001,45.0
19.34,7.864306865138544,19.0763868,72.8782802,45.0
19.35,7.85893980113806,19.076387,72.8782805,45.0
19.36,7.853567838422158,19.0763872,72.8782808,45.0
19.37,7.848190986195547,19.0763874,72.87828110000001,45.0
19.38,7.842809253671321,19.0763876,72.8782814,45.0
19.39,7.837422650070924,19.0763878,72.8782817,45.0
19.400000000000002,7.832031184624164,19.076388,72.878282,45.0
19.41,7.826634866569164,19.0763882,72.87828230000001,45.0
19.42,7.821233705152368,19.0763884,72.8782826,45.0
19.43,7.8158277096285245,19.0763886,72.8782829,45.0
19.44,7.810416889260652,19.0763888,72.8782832,45.0
19.45,7.805001253320051,19.076389,72.87828350000001,45.0
19.46,7.7995808110862574,19.0763892,72.8782838,45.0
19.47,7.794155571847061,19.0763894,72.8782841,45.0
19.48,7.788725544898451,19.0763896,72.8782844,45.0
19.490000000000002,7.783290739544637,19.0763898,72.87828470000001,45.0
19.5,7.7778511650980136,19.07639,72.878285,45.0
19.51,7.772406830879133,19.0763902,72.8782853,45.0
19.52,7.76695774621672,19.0763904,72.8782856,45.0
19.53,7.761503920447633,19.0763906,72.87828590000001,45.0
19.54,7.756045362916852,19.076390800000002,72.8782862,45.0
19.55,7.750582082977468,19.076391,72.8782865,45.0
19.56,7.74511408999066,19.0763912,72.8782868,45.0
19.57,7.739641393325685,19.076391400000002,72.87828710000001,45.0
19.580000000000002,7.734164002359862,19.0763916,72.8782874,45.0
19.59,7.72868192647855,19.0763918,72.8782877,45.0
19.6,7.723195175075135,19.076392000000002,72.878288,45.0
19.61,7.717703757551018,19.0763922,72.87828830000001,45.0
19.62,7.712207683315594,19.0763924,72.8782886,45.0
19.63,7.706706961786233,19.076392600000002,72.8782889,45.0
19.64,7.7012016023882754,19.0763928,72.8782892,45.0
19.650000000000002,7.695691614555001,19.076393,72.87828950000001,45.0
19.66,7.690177007727625,19.076393200000002,72.8782898,45.0
19.67,7.684657791355277,19.0763934,72.8782901,45.0
19.68,7.679133974894983,19.0763936,72.8782904,45.0
19.69,7.67360556781165,19.0763938,72.87829070000001,45.0
19.7,7.668072579578058,19.076394,72.878291,45.0
19.71,7.662535019674825,19.0763942,72.8782913,45.0
19.72,7.656992897590415,19.0763944,72.87829160000001,45.0
19.73,7.6514462228210975,19.0763946,72.87829190000001,45.0
19.740000000000002,7.645895004870951,19.0763948,72.8782922,45.0
19.75,7.64033925325184,19.076395,72.8782925,45.0
19.76,7.634778977483387,19.0763952,72.87829280000001,45.0
19.77,7.629214187092979,19.0763954,72.87829310000001,45.0
19.78,7.623644891615725,19.0763956,72.8782934,45.0
19.79,7.61807110059447,19.0763958,72.8782937,45.0
19.8,7.612492823579744,19.076396,72.87829400000001,45.0
19.81,7.60691007012978,19.0763962,72.87829430000001,45.0
19.82,7.601322849810471,19.0763964,72.8782946,45.0
19.830000000000002,7.5957311721953635,19.0763966,72.8782949,45.0
19.84,7.590135046865651,19.0763968,72.87829520000001,45.0
19.85,7.584534483410138,19.076397,72.87829550000001,45.0
19.86,7.578929491425238,19.0763972,72.8782958,45.0
19.87,7.573320080514952,19.0763974,72.8782961,45.0
19.88,7.567706260290851,19.0763976,72.87829640000001,45.0
19.89,7.562088040372065,19.0763978,72.8782967,45.0
19.900000000000002,7.556465430385261,19.076398,72.878297,45.0
19.91,7.550838439964627,19.0763982,72.8782973,45.0
19.92,7.545207078751855,19.076398400000002,72.87829760000001,45.0
19.93,7.539571356396138,19.0763986,72.8782979,45.0
19.94,7.5339312825541205,19.0763988,72.8782982,45.0
19.95,7.528286866889923,19.076399000000002,72.8782985,45.0
19.96,7.522638119075097,19.0763992,72.87829880000001,45.0
19.97,7.516985048788616,19.0763994,72.8782991,45.0
19.98,7.511327665716862,19.076399600000002,72.8782994,45.0
19.990000000000002,7.5056659795536085,19.0763998,72.8782997,45.0
20.0,7.5,19.0764,72.87830000000001,45.0
20.01,7.494329736764537,19.076400200000002,72.8783003,45.0
20.02,7.488655199563061,19.0764004,72.8783006,45.0
20.03,7.482976398118737,19.0764006,72.8783009,45.0
20.04,7.477293342162039,19.076400800000002,72.87830120000001,45.0
20.05,7.471606041430723,19.076401,72.8783015,45.0
20.06,7.465914505669831,19.0764012,72.8783018,45.0
20.07,7.460218744631646,19.0764014,72.8783021,45.0
20.080000000000002,7.454518768075703,19.0764016,72.87830240000001,45.0
20.09,7.448814585768762,19.0764018,72.8783027,45.0
20.1,7.4431062074847745,19.076402,72.878303,45.0
20.11,7.437393643004899,19.0764022,72.8783033,45.0
20.12,7.431676902117452,19.0764024,72.87830360000001,45.0
20.13,7.42595599461792,19.0764026,72.8783039,45.0
20.14,7.420230930308918,19.0764028,72.8783042,45.0
20.150000000000002,7.414501719000186,19.076403,72.8783045,45.0
20.16,7.408768370508579,19.0764032,72.87830480000001,45.0
20.17,7.4030308946580226,19.0764034,72.8783051,45.0
20.18,7.3972893012795335,19.0764036,72.8783054,45.0
20.19,7.391543600211174,19.0764038,72.8783057,45.0
20.2,7.385793801298043,19.076404,72.87830600000001,45.0
20.21,7.380039914392266,19.0764042,72.8783063,45.0
20.22,7.374281949352973,19.0764044,72.8783066,45.0
20.23,7.368519916046279,19.0764046,72.8783069,45.0
20.240000000000002,7.362753824345271,19.0764048,72.87830720000001,45.0
20.25,7.35698368412999,19.076405,72.8783075,45.0
20.26,7.351209505287411,19.0764052,72.8783078,45.0
20.27,7.345431297711436,19.0764054,72.8783081,45.0
20.28,7.339649071302867,19.0764056,72.87830840000001,45.0
20.29,7.33386283596939,19.0764058,72.8783087,45.0
20.3,7.328072601625556,19.076406000000002,72.878309,45.0
20.31,7.322278378192784,19.0764062,72.8783093,45.0
20.32,7.316480175599308,19.0764064,72.87830960000001,45.0
20.330000000000002,7.310678003780198,19.076406600000002,72.8783099,45.0
20.34,7.304871872677312,19.0764068,72.8783102,45.0
20.35,7.299061792239298,19.076407,72.8783105,45.0
20.36,7.2932477724215765,19.076407200000002,72.87831080000001,45.0
20.37,7.287429823186303,19.0764074,72.8783111,45.0
20.38,7.2816079545023795,19.0764076,72.8783114,45.0
20.39,7.275782176345419,19.076407800000002,72.8783117,45.0
20.400000000000002,7.269952498697733,19.076408,72.87831200000001,45.0
20.41,7.2641189315483174,19.0764082,72.8783123,45.0
20.42,7.2582814848928265,19.076408400000002,72.8783126,45.0
20.43,7.252440168733573,19.0764086,72.8783129,45.0
20.44,7.246594993079483,19.0764088,72.87831320000001,45.0
20.45,7.240745967946113,19.076409,72.8783135,45.0
20.46,7.234893103355606,19.0764092,72.8783138,45.0
20.47,7.229036409336689,19.0764094,72.87831410000001,45.0
20.48,7.223175895924636,19.0764096,72.87831440000001,45.0
20.490000000000002,7.217311573161291,19.0764098,72.8783147,45.0
20.5,7.2114434510950085,19.07641,72.878315,45.0
20.51,7.205571539780646,19.0764102,72.87831530000001,45.0
20.52,7.199695849279577,19.0764104,72.87831560000001,45.0
20.53,7.193816389659627,19.0764106,72.8783159,45.0
20.54,7.187933170995092,19.0764108,72.8783162,45.0
20.55,7.18204620336671,19.076411,72.87831650000001,45.0
20.56,7.17615549686164,19.0764112,72.87831680000001,45.0
20.57,7.170261061573438,19.0764114,72.8783171,45.0
20.580000000000002,7.164362907602069,19.0764116,72.8783174,45.0
20.59,7.158461045053857,19.0764118,72.87831770000001,45.0
20.6,7.152555484041474,19.076412,72.87831800000001,45.0
20.61,7.14664623468395,19.0764122,72.8783183,45.0
20.62,7.140733307106615,19.0764124,72.8783186,45.0
20.63,7.134816711441112,19.0764126,72.87831890000001,45.0
20.64,7.128896457825363,19.0764128,72.8783192,45.0
20.650000000000002,7.122972556403565,19.076413000000002,72.8783195,45.0
20.66,7.117045017326161,19.0764132,72.8783198,45.0
20.67,7.111113850749825,19.0764134,72.87832010000001,45.0
20.68,7.105179066837456,19.076413600000002,72.8783204,45.0
20.69,7.099240675758135,19.0764138,72.8783207,45.0
20.7,7.093298687687142,19.076414,72.878321,45.0
20.71,7.0873531128059035,19.076414200000002,72.87832130000001,45.0
20.72,7.081403961302007,19.0764144,72.8783216,45.0
20.73,7.075451243369156,19.0764146,72.8783219,45.0
20.740000000000002,7.069494969207173,19.076414800000002,72.8783222,45.0
20.75,7.063535149021973,19.076415,72.87832250000001,45.0
20.76,7.057571793025543,19.0764152,72.8783228,45.0
20.77,7.051604911435935,19.076415400000002,72.8783231,45.0
20.78,7.04563451447723,19.0764156,72.8783234,45.0
20.79,7.039660612379547,19.0764158,72.87832370000001,45.0
20.8,7.033683215379002,19.076416000000002,72.878324,45.0
20.81,7.027702333717701,19.0764162,72.8783243,45.0
20.82,7.021717977643725,19.0764164,72.8783246,45.0
20.830000000000002,7.015730157411103,19.0764166,72.87832490000001,45.0
20.84,7.009738883279799,19.0764168,72.8783252,45.0
20.85,7.003744165515704,19.076417,72.8783255,45.0
20.86,6.997746014390601,19.0764172,72.8783258,45.0
20.87,6.991744440182157,19.0764174,72.87832610000001,45.0
20.88,6.9857394531739025,19.0764176,72.8783264,45.0
20.89,6.979731063655227,19.0764178,72.8783267,45.0
20.900000000000002,6.973719281921337,19.076418,72.878327,45.0
20.91,6.9677041182732555,19.0764182,72.87832730000001,45.0
20.92,6.9616855830178075,19.0764184,72.8783276,45.0
20.93,6.955663686467586,19.0764186,72.8783279,45.0
20.94,6.949638438940939,19.0764188,72.8783282,45.0
20.95,6.943609850761979,19.076419,72.87832850000001,45.0
20.96,6.937577932260516,19.0764192,72.8783288,45.0
20.97,6.931542693772082,19.0764194,72.8783291,45.0
20.98,6.925504145637889,19.0764196,72.8783294,45.0
20.990000000000002,6.919462298204833,19.0764198,72.87832970000001,45.0
21.0,6.913417161825449,19.07642,72.87833,45.0
21.01,6.907368746857914,19.0764202,72.8783303,45.0
21.02,6.901317063666026,19.0764204,72.8783306,45.0
21.03,6.895262122619172,19.076420600000002,72.87833090000001,45.0
21.04,6.889203934092337,19.0764208,72.8783312,45.0
21.05,6.883142508466054,19.076421,72.8783315,45.0
21.06,6.877077856126416,19.076421200000002,72.8783318,45.0
21.07,6.871009987465038,19.0764214,72.87833210000001,45.0
21.080000000000002,6.864938912879044,19.0764216,72.8783324,45.0
21.09,6.858864642771061,19.076421800000002,72.8783327,45.0
21.1,6.852787187549181,19.076422,72.878333,45.0
21.11,6.846706557626963,19.0764222,72.87833330000001,45.0
21.12,6.840622763423388,19.076422400000002,72.8783336,45.0
21.13,6.834535815362889,19.0764226,72.8783339,45.0
21.14,6.828445723875274,19.0764228,72.8783342,45.0
21.150000000000002,6.8223524993957465,19.076423000000002,72.87833450000001,45.0
21.16,6.816256152364892,19.0764232,72.8783348,45.0
21.17,6.8101566932286275,19.0764234,72.8783351,45.0
21.18,6.804054132438209,19.076423600000002,72.8783354,45.0
21.19,6.797948480450211,19.0764238,72.87833570000001,45.0
21.2,6.791839747726503,19.076424,72.878336,45.0
21.21,6.785727944734225,19.0764242,72.8783363,45.0
21.22,6.7796130819457945,19.0764244,72.87833660000001,45.0
21.23,6.773495169838856,19.0764246,72.87833690000001,45.0
21.240000000000002,6.767374218896287,19.0764248,72.8783372,45.0
21.25,6.7612502396061664,19.076425,72.8783375,45.0
21.26,6.755123242461773,19.0764252,72.87833780000001,45.0
21.27,6.748993237961544,19.0764254,72.87833810000001,45.0
21.28,6.742860236609075,19.0764256,72.8783384,45.0
21.29,6.736724248913102,19.0764258,72.8783387,45.0
21.3,6.730585285387464,19.076426,72.87833900000001,45.0
21.31,6.7244433565511175,19.0764262,72.87833930000001,45.0
21.32,6.718298472928081,19.0764264,72.8783396,45.0
21.330000000000002,6.7121506450474495,19.0764266,72.8783399,45.0
21.34,6.70599988344336,19.0764268,72.87834020000001,45.0
21.35,6.699846198654971,19.076427,72.87834050000001,45.0
21.36,6.693689601226457,19.0764272,72.8783408,45.0
21.37,6.687530101706978,19.0764274,72.8783411,45.0
21.38,6.681367710650672,19.0764276,72.87834140000001,45.0
21.39,6.675202438616621,19.0764278,72.87834170000001,45.0
21.400000000000002,6.669034296168855,19.076428,72.878342,45.0
21.41,6.66286329387632,19.076428200000002,72.8783423,45.0
21.42,6.656689442312855,19.0764284,72.87834260000001,45.0
21.43,6.650512752057192,19.0764286,72.8783429,45.0
21.44,6.644333233692917,19.076428800000002,72.8783432,45.0
21.45,6.638150897808467,19.076429,72.8783435,45.0
21.46,6.631965754997108,19.0764292,72.87834380000001,45.0
21.47,6.625777815856916,19.076429400000002,72.8783441,45.0
21.48,6.619587090990749,19.0764296,72.8783444,45.0
21.490000000000002,6.613393591006246,19.0764298,72.8783447,45.0
21.5,6.607197326515809,19.076430000000002,72.87834500000001,45.0
21.51,6.60099830813656,19.0764302,72.8783453,45.0
21.52,6.594796546490349,19.0764304,72.8783456,45.0
21.53,6.58859205220373,19.076430600000002,72.8783459,45.0
21.54,6.582384835907932,19.0764308,72.87834620000001,45.0
21.55,6.576174908238847,19.076431,72.8783465,45.0
21.56,6.569962279837026,19.076431200000002,72.8783468,45.0
21.57,6.563746961347631,19.0764314,72.8783471,45.0
21.580000000000002,6.557528963420438,19.0764316,72.87834740000001,45.0
21.59,6.551308296709829,19.0764318,72.8783477,45.0
21.6,6.545084971874737,19.076432,72.878348,45.0
21.61,6.538858999578663,19.0764322,72.8783483,45.0
21.62,6.532630390489638,19.0764324,72.87834860000001,45.0
21.63,6.526399155280219,19.0764326,72.8783489,45.0
21.64,6.520165304627451,19.0764328,72.8783492,45.0
21.650000000000002,6.513928849212871,19.076433,72.8783495,45.0
21.66,6.507689799722479,19.0764332,72.87834980000001,45.0
21.67,6.501448166846709,19.0764334,72.8783501,45.0
21.68,6.495203961280435,19.0764336,72.8783504,45.0
21.69,6.488957193722927,19.0764338,72.8783507,45.0
21.7,6.482707874877855,19.076434,72.87835100000001,45.0
21.71,6.476456015453255,19.0764342,72.8783513,45.0
21.72,6.470201626161522,19.0764344,72.8783516,45.0
21.73,6.463944717719372,19.0764346,72.8783519,45.0
21.740000000000002,6.4576853008478565,19.0764348,72.87835220000001,45.0
21.75,6.451423386272314,19.076435,72.8783525,45.0
21.76,6.445158984722356,19.0764352,72.8783528,45.0
21.77,6.438892106931878,19.0764354,72.8783531,45.0
21.78,6.432622763638993,19.0764356,72.87835340000001,45.0
21.79,6.426350965586051,19.076435800000002,72.8783537,45.0
21.8,6.420076723519613,19.076436,72.878354,45.0
21.81,6.41380004819042,19.0764362,72.8783543,45.0
21.82,6.407520950353376,19.076436400000002,72.87835460000001,45.0
21.830000000000002,6.4012394407675535,19.0764366,72.8783549,45.0
21.84,6.394955530196148,19.0764368,72.8783552,45.0
21.85,6.388669229406458,19.076437000000002,72.8783555,45.0
21.86,6.382380549169904,19.0764372,72.87835580000001,45.0
21.87,6.3760895002619575,19.0764374,72.8783561,45.0
21.88,6.369796093462163,19.076437600000002,72.8783564,45.0
21.89,6.363500339554098,19.0764378,72.8783567,45.0
21.900000000000002,6.357202249325371,19.076438,72.87835700000001,45.0
21.91,6.350901833567583,19.076438200000002,72.8783573,45.0
21.92,6.344599103076327,19.0764384,72.8783576,45.0
21.93,6.338294068651162,19.0764386,72.8783579,45.0
21.94,6.331986741095587,19.076438800000002,72.87835820000001,45.0
21.95,6.3256771312170414,19.076439,72.8783585,45.0
21.96,6.3193652498268635,19.0764392,72.8783588,45.0
21.97,6.313051107740297,19.0764394,72.8783591,45.0
21.98,6.306734715776448,19.0764396,72.87835940000001,45.0
21.990000000000002,6.3004160847582815,19.0764398,72.8783597,45.0
22.0,6.294095225512605,19.07644,72.87836,45.0
22.01,6.2877721488700296,19.0764402,72.87836030000001,45.0
22.02,6.281446865664986,19.0764404,72.87836060000001,45.0
22.03,6.275119386735661,19.0764406,72.8783609,45.0
22.04,6.268789722924028,19.0764408,72.8783612,45.0
22.05,6.262457885075791,19.076441,72.87836150000001,45.0
22.06,6.256123884040377,19.0764412,72.87836180000001,45.0
22.07,6.24978773067093,19.0764414,72.8783621,45.0
22.080000000000002,6.2434494358242745,19.0764416,72.8783624,45.0
22.09,6.237109010360906,19.0764418,72.87836270000001,45.0
22.1,6.2307664651449635,19.076442,72.87836300000001,45.0
22.11,6.224421811044238,19.0764422,72.8783633,45.0
22.12,6.218075058930115,19.0764424,72.8783636,45.0
22.13,6.211726219677577,19.0764426,72.87836390000001,45.0
22.14,6.205375304165194,19.0764428,72.87836420000001,45.0
22.150000000000002,6.1990223232750825,19.076443,72.8783645,45.0
22.16,6.192667287892903,19.0764432,72.8783648,45.0
22.17,6.186310208907838,19.076443400000002,72.87836510000001,45.0
22.18,6.179951097212568,19.0764436,72.8783654,45.0
22.19,6.173589963703251,19.0764438,72.8783657,45.0
22.2,6.167226819279527,19.076444000000002,72.878366,45.0
22.21,6.160861674844464,19.0764442,72.87836630000001,45.0
22.22,6.154494541304563,19.0764444,72.8783666,45.0
22.23,6.148125429569734,19.076444600000002,72.8783669,45.0
22.240000000000002,6.1417543505532795,19.0764448,72.8783672,45.0
22.25,6.135381315171866,19.076445,72.87836750000001,45.0
22.26,6.129006334345517,19.076445200000002,72.8783678,45.0
22.27,6.122629418997593,19.0764454,72.8783681,45.0
22.28,6.116250580054756,19.0764456,72.8783684,45.0
22.29,6.109869828446982,19.076445800000002,72.87836870000001,45.0
22.3,6.103487175107506,19.076446,72.878369,45.0
22.31,6.097102630972836,19.0764462,72.8783693,45.0
22.32,6.090716206982714,19.076446400000002,72.8783696,45.0
22.330000000000002,6.0843279140801,19.0764466,72.87836990000001,45.0
22.34,6.077937763211164,19.0764468,72.8783702,45.0
22.35,6.071545765325253,19.076447,72.8783705,45.0
22.36,6.065151931374886,19.0764472,72.8783708,45.0
22.37,6.05875627231571,19.0764474,72.87837110000001,45.0
22.38,6.05235879910653,19.0764476,72.8783714,45.0
22.39,6.04595952270923,19.0764478,72.8783717,45.0
22.400000000000002,6.039558454088797,19.076448,72.878372,45.0
22.41,6.033155604213292,19.0764482,72.87837230000001,45.0
22.42,6.0267509840538205,19.0764484,72.8783726,45.0
22.43,6.0203446045845235,19.0764486,72.8783729,45.0
22.44,6.013936476782562,19.0764488,72.8783732,45.0
22.45,6.007526611628088,19.076449,72.87837350000001,45.0
22.46,6.001115020104222,19.0764492,72.8783738,45.0
22.47,5.994701713197063,19.0764494,72.8783741,45.0
22.48,5.988286701895632,19.0764496,72.8783744,45.0
22.490000000000002,5.981869997191875,19.0764498,72.87837470000001,45.0
22.5,5.975451610080641,19.07645,72.878375,45.0
22.51,5.969031551559664,19.0764502,72.8783753,45.0
22.52,5.962609832629537,19.0764504,72.8783756,45.0
22.53,5.9561864642937,19.0764506,72.87837590000001,45.0
22.54,5.949761457558425,19.0764508,72.8783762,45.0
22.55,5.943334823432778,19.076451000000002,72.8783765,45.0
22.56,5.936906572928625,19.0764512,72.8783768,45.0
22.57,5.930476717060595,19.0764514,72.87837710000001,45.0
22.580000000000002,5.924045266846077,19.076451600000002,72.8783774,45.0
22.59,5.917612233305183,19.0764518,72.8783777,45.0
22.6,5.911177627460736,19.076452,72.878378,45.0
22.61,5.904741460338265,19.076452200000002,72.87837830000001,45.0
22.62,5.898303742965963,19.0764524,72.8783786,45.0
22.63,5.8918644863746845,19.0764526,72.8783789,45.0
22.64,5.885423701597917,19.076452800000002,72.8783792,45.0
22.650000000000002,5.878981399671771,19.076453,72.87837950000001,45.0
22.66,5.872537591634961,19.0764532,72.8783798,45.0
22.67,5.866092288528768,19.076453400000002,72.8783801,45.0
22.68,5.859645501397049,19.0764536,72.8783804,45.0
22.69,5.853197241286194,19.0764538,72.87838070000001,45.0
22.7,5.846747519245126,19.076454000000002,72.878381,45.0
22.71,5.840296346325259,19.0764542,72.8783813,45.0
22.72,5.833843733580513,19.0764544,72.8783816,45.0
22.73,5.827389692067257,19.0764546,72.87838190000001,45.0
22.740000000000002,5.820934232844312,19.0764548,72.8783822,45.0
22.75,5.814477366972945,19.076455,72.8783825,45.0
22.76,5.808019105516808,19.0764552,72.87838280000001,45.0
22.77,5.801559459541955,19.0764554,72.87838310000001,45.0
22.78,5.795098440116821,19.0764556,72.8783834,45.0
22.79,5.788636058312184,19.0764558,72.8783837,45.0
22.8,5.782172325201152,19.076456,72.87838400000001,45.0
22.81,5.775707251859169,19.0764562,72.87838430000001,45.0
22.82,5.7692408493639515,19.0764564,72.8783846,45.0
22.830000000000002,5.762773128795503,19.0764566,72.8783849,45.0
22.84,5.756304101236096,19.0764568,72.87838520000001,45.0
22.85,5.749833777770226,19.076457,72.87838550000001,45.0
22.86,5.743362169484616,19.0764572,72.8783858,45.0
22.87,5.736889287468189,19.0764574,72.8783861,45.0
22.88,5.73041514281206,19.0764576,72.87838640000001,45.0
22.89,5.723939746609489,19.0764578,72.87838670000001,45.0
22.900000000000002,5.717463109955895,19.076458,72.878387,45.0
22.91,5.710985243948823,19.0764582,72.8783873,45.0
22.92,5.704506159687912,19.0764584,72.87838760000001,45.0
22.93,5.698025868274904,19.076458600000002,72.8783879,45.0
22.94,5.691544380813594,19.0764588,72.8783882,45.0
22.95,5.68506170840984,19.076459,72.8783885,45.0
22.96,5.678577862171522,19.076459200000002,72.87838880000001,45.0
22.97,5.672092853208537,19.0764594,72.8783891,45.0
22.98,5.66560669263276,19.0764596,72.8783894,45.0
22.990000000000002,5.659119391558065,19.076459800000002,72.8783897,45.0
23.0,5.65263096110026,19.07646,72.87839000000001,45.0
23.01,5.646141412377088,19.0764602,72.8783903,45.0
23.02,5.639650756508222,19.076460400000002,72.8783906,45.0
23.03,5.63315900461522,19.0764606,72.8783909,45.0
23.04,5.62666616782152,19.0764608,72.87839120000001,45.0
23.05,5.620172257252426,19.076461000000002,72.8783915,45.0
23.06,5.613677284035077,19.0764612,72.8783918,45.0
23.07,5.607181259298422,19.0764614,72.8783921,45.0
23.080000000000002,5.600684194173234,19.076461600000002,72.87839240000001,45.0
23.09,5.594186099792056,19.0764618,72.8783927,45.0
23.1,5.58768698728919,19.076462,72.878393,45.0
23.11,5.581186867800688,19.0764622,72.8783933,45.0
23.12,5.574685752464333,19.0764624,72.87839360000001,45.0
23.13,5.568183652419606,19.0764626,72.8783939,45.0
23.14,5.561680578807676,19.0764628,72.8783942,45.0
23.150000000000002,5.555176542771387,19.076463,72.8783945,45.0
23.16,5.548671555455228,19.0764632,72.87839480000001,45.0
23.17,5.542165628005308,19.0764634,72.8783951,45.0
23.18,5.535658771569368,19.0764636,72.8783954,45.0
23.19,5.529150997296723,19.0764638,72.8783957,45.0
23.2,5.522642316338269,19.076464,72.87839600000001,45.0
23.21,5.516132739846449,19.0764642,72.8783963,45.0
23.22,5.50962227897525,19.0764644,72.8783966,45.0
23.23,5.503110944880168,19.0764646,72.8783969,45.0
23.240000000000002,5.496598748718194,19.0764648,72.87839720000001,45.0
23.25,5.490085701647804,19.076465,72.8783975,45.0
23.26,5.483571814828919,19.0764652,72.8783978,45.0
23.27,5.477057099422916,19.0764654,72.8783981,45.0
23.28,5.470541566592572,19.0764656,72.87839840000001,45.0
23.29,5.4640252275020815,19.0764658,72.8783987,45.0
23.3,5.457508093317013,19.076466,72.878399,45.0
23.31,5.450990175204299,19.076466200000002,72.8783993,45.0
23.32,5.444471484332207,19.0764664,72.87839960000001,45.0
23.330000000000002,5.4379520318703465,19.0764666,72.8783999,45.0
23.34,5.431431828989619,19.076466800000002,72.8784002,45.0
23.35,5.4249108868622065,19.076467,72.8784005,45.0
23.36,5.418389216661579,19.0764672,72.87840080000001,45.0
23.37,5.411866829562431,19.076467400000002,72.8784011,45.0
23.38,5.405343736740694,19.0764676,72.8784014,45.0
23.39,5.398819949373515,19.0764678,72.8784017,45.0
23.400000000000002,5.392295478639225,19.076468000000002,72.87840200000001,45.0
23.41,5.385770335717323,19.0764682,72.8784023,45.0
23.42,5.379244531788469,19.0764684,72.8784026,45.0
23.43,5.37271807803445,19.076468600000002,72.8784029,45.0
23.44,5.366190985638156,19.0764688,72.87840320000001,45.0
23.45,5.359663265783597,19.076469,72.8784035,45.0
23.46,5.353134929655834,19.076469200000002,72.8784038,45.0
23.47,5.346605988440995,19.0764694,72.8784041,45.0
23.48,5.34007645332624,19.0764696,72.87840440000001,45.0
23.490000000000002,5.333546335499754,19.0764698,72.8784047,45.0
23.5,5.327015646150715,19.07647,72.878405,45.0
23.51,5.320484396469278,19.0764702,72.87840530000001,45.0
23.52,5.313952597646567,19.0764704,72.87840560000001,45.0
23.53,5.307420260874634,19.0764706,72.8784059,45.0
23.54,5.300887397346469,19.0764708,72.8784062,45.0
23.55,5.294354018255945,19.076471,72.87840650000001,45.0
23.56,5.287820134797837,19.0764712,72.87840680000001,45.0
23.57,5.281285758167773,19.0764714,72.8784071,45.0
23.580000000000002,5.274750899562228,19.0764716,72.8784074,45.0
23.59,5.268215570178507,19.0764718,72.87840770000001,45.0
23.6,5.261679781214719,19.076472,72.87840800000001,45.0
23.61,5.25514354386976,19.0764722,72.8784083,45.0
23.62,5.2486068693432895,19.0764724,72.8784086,45.0
23.63,5.242069768835727,19.0764726,72.87840890000001,45.0
23.64,5.235532253548215,19.0764728,72.87840920000001,45.0
23.650000000000002,5.2289943346826036,19.076473,72.8784095,45.0
23.66,5.222456023441444,19.0764732,72.8784098,45.0
23.67,5.215917331027952,19.0764734,72.87841010000001,45.0
23.68,5.209378268645997,19.0764736,72.8784104,45.0
23.69,5.202838847500088,19.076473800000002,72.8784107,45.0
23.7,5.196299078795344,19.076474,72.878411,45.0
23.71,5.1897589737374785,19.0764742,72.87841130000001,45.0
23.72,5.1832185435327816,19.076474400000002,72.8784116,45.0
23.73,5.176677799388107,19.0764746,72.8784119,45.0
23.740000000000002,5.170136752510839,19.0764748,72.8784122,45.0
23.75,5.1635954141088805,19.076475000000002,72.87841250000001,45.0
23.76,5.157053795390642,19.0764752,72.8784128,45.0
23.77,5.150511907565008,19.0764754,72.8784131,45.0
23.78,5.143969761841316,19.076475600000002,72.8784134,45.0
23.79,5.137427369429368,19.0764758,72.87841370000001,45.0
23.8,5.130884741539367,19.076476,72.878414,45.0
23.81,5.124341889381929,19.076476200000002,72.8784143,45.0
23.82,5.117798824168051,19.0764764,72.8784146,45.0
23.830000000000002,5.1112555571091,19.0764766,72.87841490000001,45.0
23.84,5.104712099416786,19.076476800000002,72.8784152,45.0
23.85,5.098168462303141,19.076477,72.8784155,45.0
23.86,5.091624656980516,19.0764772,72.8784158,45.0
23.87,5.085080694661535,19.0764774,72.87841610000001,45.0
23.88,5.078536586559106,19.0764776,72.8784164,45.0
23.89,5.0719923438863725,19.0764778,72.8784167,45.0
23.900000000000002,5.065447977856721,19.076478,72.878417,45.0
23.91,5.058903499683748,19.0764782,72.87841730000001,45.0
23.92,5.052358920581228,19.0764784,72.8784176,45.0
23.93,5.045814251763129,19.0764786,72.8784179,45.0
23.94,5.039269504443558,19.0764788,72.8784182,45.0
23.95,5.032724689836763,19.076479,72.87841850000001,45.0
23.96,5.026179819157097,19.0764792,72.8784188,45.0
23.97,5.019634903619031,19.0764794,72.8784191,45.0
23.98,5.013089954437092,19.0764796,72.8784194,45.0
23.990000000000002,5.006544982825868,19.0764798,72.87841970000001,45.0
24.0,5.000000000000001,19.07648,72.87842,45.0
24.01,4.993455017174131,19.0764802,72.8784203,45.0
24.02,4.98691004556291,19.0764804,72.8784206,45.0
24.03,4.98036509638097,19.0764806,72.87842090000001,45.0
24.04,4.973820180842904,19.0764808,72.8784212,45.0
24.05,4.967275310163239,19.076481,72.8784215,45.0
24.060000000000002,4.960730495556442,19.0764812,72.8784218,45.0
24.07,4.954185748236873,19.076481400000002,72.87842210000001,45.0
24.080000000000002,4.947641079418768,19.0764816,72.8784224,45.0
24.09,4.941096500316254,19.0764818,72.8784227,45.0
24.1,4.934552022143278,19.076482000000002,72.878423,45.0
24.11,4.928007656113628,19.0764822,72.87842330000001,45.0
24.12,4.921463413440895,19.0764824,72.8784236,45.0
24.13,4.914919305338467,19.076482600000002,72.8784239,45.0
24.14,4.908375343019485,19.0764828,72.8784242,45.0
24.150000000000002,4.901831537696856,19.076483,72.87842450000001,45.0
24.16,4.895287900583216,19.076483200000002,72.8784248,45.0
24.17,4.888744442890901,19.0764834,72.8784251,45.0
24.18,4.88220117583195,19.0764836,72.8784254,45.0
24.19,4.8756581106180725,19.076483800000002,72.87842570000001,45.0
24.2,4.869115258460634,19.076484,72.878426,45.0
24.21,4.862572630570633,19.0764842,72.8784263,45.0
24.22,4.856030238158685,19.076484400000002,72.8784266,45.0
24.23,4.849488092434994,19.0764846,72.87842690000001,45.0
24.240000000000002,4.842946204609358,19.0764848,72.8784272,45.0
24.25,4.836404585891121,19.076485,72.8784275,45.0
24.26,4.829863247489163,19.0764852,72.87842780000001,45.0
24.27,4.823322200611894,19.0764854,72.87842810000001,45.0
24.28,4.816781456467219,19.0764856,72.8784284,45.0
24.29,4.810241026262522,19.0764858,72.8784287,45.0
24.3,4.803700921204657,19.076486,72.87842900000001,45.0
24.310000000000002,4.797161152499911,19.0764862,72.87842930000001,45.0
24.32,4.790621731354005,19.0764864,72.8784296,45.0
24.330000000000002,4.784082668972046,19.0764866,72.8784299,45.0
24.34,4.777543976558557,19.0764868,72.87843020000001,45.0
24.35,4.771005665317397,19.076487,72.87843050000001,45.0
24.36,4.764467746451786,19.0764872,72.8784308,45.0
24.37,4.7579302311642735,19.0764874,72.8784311,45.0
24.38,4.751393130656711,19.0764876,72.87843140000001,45.0
24.39,4.744856456130241,19.0764878,72.87843170000001,45.0
24.400000000000002,4.73832021878528,19.076488,72.878432,45.0
24.41,4.731784429821493,19.0764882,72.8784323,45.0
24.42,4.725249100437769,19.0764884,72.87843260000001,45.0
24.43,4.718714241832228,19.0764886,72.8784329,45.0
24.44,4.712179865202165,19.0764888,72.8784332,45.0
24.45,4.705645981744056,19.076489000000002,72.8784335,45.0
24.46,4.699112602653532,19.0764892,72.87843380000001,45.0
24.47,4.6925797391253665,19.0764894,72.8784341,45.0
24.48,4.6860474023534335,19.076489600000002,72.8784344,45.0
24.490000000000002,4.679515603530718,19.0764898,72.8784347,45.0
24.5,4.6729843538492855,19.07649,72.87843500000001,45.0
24.51,4.666453664500244,19.076490200000002,72.8784353,45.0
24.52,4.659923546673761,19.0764904,72.8784356,45.0
24.53,4.653394011559006,19.0764906,72.8784359,45.0
24.54,4.646865070344167,19.076490800000002,72.87843620000001,45.0
24.55,4.640336734216404,19.076491,72.8784365,45.0
24.560000000000002,4.633809014361841,19.0764912,72.8784368,45.0
24.57,4.627281921965551,19.076491400000002,72.8784371,45.0
24.580000000000002,4.62075546821153,19.0764916,72.87843740000001,45.0
24.59,4.614229664282678,19.0764918,72.8784377,45.0
24.6,4.607704521360773,19.076492000000002,72.878438,45.0
24.61,4.6011800506264855,19.0764922,72.8784383,45.0
24.62,4.594656263259307,19.0764924,72.87843860000001,45.0
24.63,4.588133170437571,19.0764926,72.8784389,45.0
24.64,4.581610783338422,19.0764928,72.8784392,45.0
24.650000000000002,4.575089113137793,19.076493,72.8784395,45.0
24.66,4.568568171010382,19.0764932,72.87843980000001,45.0
24.67,4.562047968129653,19.0764934,72.8784401,45.0
24.68,4.555528515667794,19.0764936,72.8784404,45.0
24.69,4.549009824795702,19.0764938,72.8784407,45.0
24.7,4.542491906682988,19.076494,72.87844100000001,45.0
24.71,4.535974772497919,19.0764942,72.8784413,45.0
24.72,4.529458433407429,19.0764944,72.8784416,45.0
24.73,4.522942900577085,19.0764946,72.8784419,45.0
24.740000000000002,4.51642818517108,19.0764948,72.87844220000001,45.0
24.75,4.509914298352197,19.076495,72.8784425,45.0
24.76,4.503401251281804,19.0764952,72.8784428,45.0
24.77,4.4968890551198335,19.0764954,72.8784431,45.0
24.78,4.490377721024751,19.0764956,72.87844340000001,45.0
24.79,4.483867260153552,19.0764958,72.8784437,45.0
24.8,4.477357683661732,19.076496,72.878444,45.0
24.810000000000002,4.470849002703278,19.0764962,72.8784443,45.0
24.82,4.464341228430632,19.0764964,72.87844460000001,45.0
24.830000000000002,4.457834371994689,19.076496600000002,72.8784449,45.0
24.84,4.451328444544773,19.0764968,72.8784452,45.0
24.85,4.444823457228611,19.076497,72.8784455,45.0
24.86,4.4383194211923245,19.076497200000002,72.87844580000001,45.0
24.87,4.431816347580394,19.0764974,72.8784461,45.0
24.88,4.425314247535668,19.0764976,72.8784464,45.0
24.89,4.418813132199313,19.076497800000002,72.8784467,45.0
24.900000000000002,4.412313012710811,19.076498,72.87844700000001,45.0
24.91,4.405813900207946,19.0764982,72.8784473,45.0
24.92,4.399315805826765,19.076498400000002,72.8784476,45.0
24.93,4.392818740701579,19.0764986,72.8784479,45.0
24.94,4.3863227159649245,19.0764988,72.87844820000001,45.0
24.95,4.379827742747575,19.076499000000002,72.8784485,45.0
24.96,4.373333832178481,19.0764992,72.8784488,45.0
24.97,4.366840995384781,19.0764994,72.8784491,45.0
24.98,4.360349243491779,19.076499600000002,72.87844940000001,45.0
24.990000000000002,4.353858587622913,19.0764998,72.8784497,45.0
25.0,4.347369038899741,19.0765,72.87845,45.0
25.01,4.3408806084419345,19.0765002,72.87845030000001,45.0
25.02,4.3343933073672405,19.0765004,72.87845060000001,45.0
25.03,4.327907146791464,19.0765006,72.8784509,45.0
25.04,4.321422137828479,19.0765008,72.8784512,45.0
25.05,4.3149382915901615,19.076501,72.87845150000001,45.0
25.060000000000002,4.308455619186403,19.0765012,72.87845180000001,45.0
25.07,4.301974131725096,19.0765014,72.8784521,45.0
25.080000000000002,4.295493840312087,19.0765016,72.8784524,45.0
25.09,4.289014756051178,19.0765018,72.87845270000001,45.0
25.1,4.282536890044103,19.076502,72.87845300000001,45.0
25.11,4.276060253390513,19.0765022,72.8784533,45.0
25.12,4.269584857187941,19.0765024,72.8784536,45.0
25.13,4.2631107125318115,19.0765026,72.87845390000001,45.0
25.14,4.256637830515385,19.0765028,72.87845420000001,45.0
25.150000000000002,4.250166222229773,19.076503,72.8784545,45.0
25.16,4.243695898763905,19.0765032,72.8784548,45.0
25.17,4.237226871204494,19.0765034,72.87845510000001,45.0
25.18,4.23075915063605,19.0765036,72.8784554,45.0
25.19,4.224292748140832,19.0765038,72.8784557,45.0
25.2,4.217827674798849,19.076504,72.878456,45.0
25.21,4.211363941687817,19.076504200000002,72.87845630000001,45.0
25.22,4.204901559883181,19.0765044,72.8784566,45.0
25.23,4.198440540458046,19.0765046,72.8784569,45.0
25.240000000000002,4.191980894483194,19.076504800000002,72.8784572,45.0
25.25,4.185522633027057,19.076505,72.87845750000001,45.0
25.26,4.179065767155686,19.0765052,72.8784578,45.0
25.27,4.172610307932744,19.076505400000002,72.8784581,45.0
25.28,4.166156266419488,19.0765056,72.8784584,45.0
25.29,4.159703653674743,19.0765058,72.87845870000001,45.0
25.3,4.153252480754875,19.076506000000002,72.878459,45.0
25.310000000000002,4.146802758713805,19.0765062,72.8784593,45.0
25.32,4.140354498602953,19.0765064,72.8784596,45.0
25.330000000000002,4.133907711471234,19.076506600000002,72.87845990000001,45.0
25.34,4.12746240836504,19.0765068,72.8784602,45.0
25.35,4.121018600328227,19.076507,72.8784605,45.0
25.36,4.114576298402084,19.0765072,72.8784608,45.0
25.37,4.1081355136253155,19.0765074,72.87846110000001,45.0
25.38,4.101696257034039,19.0765076,72.8784614,45.0
25.39,4.095258539661736,19.0765078,72.8784617,45.0
25.400000000000002,4.08882237253926,19.076508,72.878462,45.0
25.41,4.0823877666948185,19.0765082,72.87846230000001,45.0
25.42,4.075954733153924,19.0765084,72.8784626,45.0
25.43,4.0695232829394055,19.0765086,72.8784629,45.0
25.44,4.063093427071376,19.0765088,72.8784632,45.0
25.45,4.056665176567224,19.076509,72.87846350000001,45.0
25.46,4.050238542441577,19.0765092,72.8784638,45.0
25.47,4.043813535706302,19.0765094,72.8784641,45.0
25.48,4.0373901673704635,19.0765096,72.8784644,45.0
25.490000000000002,4.030968448440335,19.0765098,72.87846470000001,45.0
25.5,4.02454838991936,19.07651,72.878465,45.0
25.51,4.0181300028081255,19.0765102,72.8784653,45.0
25.52,4.01171329810437,19.0765104,72.8784656,45.0
25.53,4.005298286802938,19.0765106,72.87846590000001,45.0
25.54,3.99888497989578,19.0765108,72.8784662,45.0
25.55,3.9924733883719137,19.076511,72.8784665,45.0
25.560000000000002,3.9860635232174375,19.0765112,72.8784668,45.0
25.57,3.979655395415478,19.0765114,72.87846710000001,45.0
25.580000000000002,3.9732490159461786,19.0765116,72.8784674,45.0
25.59,3.96684439578671,19.076511800000002,72.8784677,45.0
25.6,3.9604415459112046,19.076512,72.878468,45.0
25.61,3.954040477290772,19.0765122,72.87846830000001,45.0
25.62,3.9476412008934716,19.076512400000002,72.8784686,45.0
25.63,3.9412437276842907,19.0765126,72.8784689,45.0
25.64,3.934848068625116,19.0765128,72.8784692,45.0
25.650000000000002,3.9284542346747453,19.076513000000002,72.87846950000001,45.0
25.66,3.9220622367888374,19.0765132,72.8784698,45.0
25.67,3.9156720859198972,19.0765134,72.8784701,45.0
25.68,3.9092837930172877,19.076513600000002,72.8784704,45.0
25.69,3.902897369027165,19.0765138,72.87847070000001,45.0
25.7,3.8965128248924956,19.076514,72.878471,45.0
25.71,3.890130171553019,19.076514200000002,72.8784713,45.0
25.72,3.8837494199452447,19.0765144,72.8784716,45.0
25.73,3.8773705810024084,19.0765146,72.87847190000001,45.0
25.740000000000002,3.8709936656544794,19.0765148,72.8784722,45.0
25.75,3.8646186848281348,19.076515,72.8784725,45.0
25.76,3.8582456494467205,19.0765152,72.8784728,45.0
25.77,3.8518745704302675,19.0765154,72.87847310000001,45.0
25.78,3.845505458695438,19.0765156,72.8784734,45.0
25.79,3.8391383251555378,19.0765158,72.8784737,45.0
25.8,3.8327731807204737,19.076516,72.87847400000001,45.0
25.810000000000002,3.8264100362967457,19.0765162,72.87847430000001,45.0
25.82,3.820048902787433,19.0765164,72.8784746,45.0
25.830000000000002,3.8136897910921608,19.0765166,72.8784749,45.0
25.84,3.8073327121070974,19.0765168,72.87847520000001,45.0
25.85,3.8009776767249157,19.076517,72.87847550000001,45.0
25.86,3.7946246958348073,19.0765172,72.8784758,45.0
25.87,3.7882737803224242,19.0765174,72.8784761,45.0
25.88,3.781924941069887,19.0765176,72.87847640000001,45.0
25.89,3.775578188955762,19.0765178,72.87847670000001,45.0
25.900000000000002,3.7692335348550356,19.076518,72.878477,45.0
25.91,3.7628909896390947,19.0765182,72.8784773,45.0
25.92,3.7565505641757246,19.0765184,72.87847760000001,45.0
25.93,3.7502122693290705,19.0765186,72.87847790000001,45.0
25.94,3.743876115959624,19.0765188,72.8784782,45.0
25.95,3.7375421149242105,19.076519,72.8784785,45.0
25.96,3.7312102770759727,19.0765192,72.87847880000001,45.0
25.97,3.7248806132643395,19.076519400000002,72.8784791,45.0
25.98,3.718553134335016,19.0765196,72.8784794,45.0
25.990000000000002,3.7122278511299687,19.0765198,72.8784797,45.0
26.0,3.7059047744873963,19.076520000000002,72.87848000000001,45.0
26.01,3.6995839152417154,19.0765202,72.8784803,45.0
26.02,3.6932652842235525,19.0765204,72.8784806,45.0
26.03,3.6869488922597036,19.076520600000002,72.8784809,45.0
26.04,3.6806347501731373,19.0765208,72.87848120000001,45.0
26.05,3.67432286878296,19.076521,72.8784815,45.0
26.060000000000002,3.6680132589044128,19.076521200000002,72.8784818,45.0
26.07,3.6617059313488394,19.0765214,72.8784821,45.0
26.080000000000002,3.6554008969236707,19.0765216,72.87848240000001,45.0
26.09,3.6490981664324176,19.076521800000002,72.8784827,45.0
26.1,3.6427977506746285,19.076522,72.878483,45.0
26.11,3.6364996604459026,19.0765222,72.8784833,45.0
26.12,3.6302039065378375,19.0765224,72.87848360000001,45.0
26.13,3.6239104997380434,19.0765226,72.8784839,45.0
26.14,3.617619450830097,19.0765228,72.8784842,45.0
26.150000000000002,3.611330770593538,19.076523,72.8784845,45.0
26.16,3.6050444698038535,19.0765232,72.87848480000001,45.0
26.17,3.5987605592324456,19.0765234,72.8784851,45.0
26.18,3.592479049646626,19.0765236,72.8784854,45.0
26.19,3.5861999518095815,19.0765238,72.8784857,45.0
26.2,3.579923276480388,19.076524,72.87848600000001,45.0
26.21,3.5736490344139495,19.0765242,72.8784863,45.0
26.22,3.5673772363610086,19.0765244,72.8784866,45.0
26.23,3.561107893068124,19.0765246,72.8784869,45.0
26.240000000000002,3.554841015277643,19.0765248,72.87848720000001,45.0
26.25,3.5485766137276875,19.076525,72.8784875,45.0
26.26,3.5423146991521426,19.0765252,72.8784878,45.0
26.27,3.5360552822806293,19.0765254,72.8784881,45.0
26.28,3.529798373838479,19.0765256,72.87848840000001,45.0
26.29,3.5235439845467456,19.0765258,72.8784887,45.0
26.3,3.5172921251221463,19.076526,72.878489,45.0
26.310000000000002,3.5110428062770707,19.0765262,72.8784893,45.0
26.32,3.5047960387195665,19.0765264,72.87848960000001,45.0
26.330000000000002,3.4985518331532903,19.0765266,72.8784899,45.0
26.34,3.492310200277522,19.0765268,72.8784902,45.0
26.35,3.486071150787126,19.076527000000002,72.8784905,45.0
26.36,3.47983469537255,19.0765272,72.87849080000001,45.0
26.37,3.473600844719782,19.0765274,72.8784911,45.0
26.38,3.4673696095103637,19.076527600000002,72.8784914,45.0
26.39,3.4611410004213377,19.0765278,72.8784917,45.0
26.400000000000002,3.4549150281252636,19.076528,72.87849200000001,45.0
26.41,3.448691703290172,19.076528200000002,72.8784923,45.0
26.42,3.4424710365795583,19.0765284,72.8784926,45.0
26.43,3.4362530386523704,19.0765286,72.8784929,45.0
26.44,3.430037720162975,19.076528800000002,72.87849320000001,45.0
26.45,3.4238250917611546,19.076529,72.8784935,45.0
26.46,3.4176151640920684,19.0765292,72.8784938,45.0
26.47,3.4114079477962718,19.076529400000002,72.8784941,45.0
26.48,3.4052034535096523,19.0765296,72.87849440000001,45.0
26.490000000000002,3.399001691863441,19.0765298,72.8784947,45.0
26.5,3.392802673484192,19.07653,72.878495,45.0
26.51,3.386606408993753,19.0765302,72.8784953,45.0
26.52,3.3804129090092516,19.0765304,72.87849560000001,45.0
26.53,3.3742221841430853,19.0765306,72.8784959,45.0
26.54,3.3680342450028933,19.0765308,72.8784962,45.0
26.55,3.3618491021915347,19.076531,72.87849650000001,45.0
26.560000000000002,3.355666766307082,19.0765312,72.87849680000001,45.0
26.57,3.34948724794281,19.0765314,72.8784971,45.0
26.580000000000002,3.3433105576871465,19.0765316,72.8784974,45.0
26.59,3.3371367061236814,19.0765318,72.87849770000001,45.0
26.6,3.3309657038311453,19.076532,72.87849800000001,45.0
26.61,3.324797561383381,19.0765322,72.8784983,45.0
26.62,3.3186322893493294,19.0765324,72.8784986,45.0
26.63,3.312469898293023,19.0765326,72.87849890000001,45.0
26.64,3.3063103987735443,19.0765328,72.87849920000001,45.0
26.650000000000002,3.3001538013450267,19.076533,72.8784995,45.0
26.66,3.2940001165566413,19.0765332,72.8784998,45.0
26.67,3.2878493549525514,19.0765334,72.87850010000001,45.0
26.68,3.2817015270719208,19.0765336,72.87850040000001,45.0
26.69,3.2755566434488834,19.0765338,72.8785007,45.0
26.7,3.269414714612537,19.076534,72.878501,45.0
26.71,3.2632757510868995,19.0765342,72.87850130000001,45.0
26.72,3.257139763390926,19.0765344,72.8785016,45.0
26.73,3.251006762038457,19.076534600000002,72.8785019,45.0
26.740000000000002,3.2448767575382265,19.0765348,72.8785022,45.0
26.75,3.2387497603938344,19.076535,72.87850250000001,45.0
26.76,3.232625781103714,19.076535200000002,72.8785028,45.0
26.77,3.226504830161145,19.0765354,72.8785031,45.0
26.78,3.2203869180542064,19.0765356,72.8785034,45.0
26.79,3.2142720552657766,19.076535800000002,72.87850370000001,45.0
26.8,3.2081602522734975,19.076536,72.878504,45.0
26.810000000000002,3.2020515195497885,19.0765362,72.8785043,45.0
26.82,3.195945867561793,19.076536400000002,72.8785046,45.0
26.830000000000002,3.1898433067713716,19.0765366,72.87850490000001,45.0
26.84,3.1837438476351085,19.0765368,72.8785052,45.0
26.85,3.1776475006042526,19.076537000000002,72.8785055,45.0
26.86,3.1715542761247284,19.0765372,72.8785058,45.0
26.87,3.1654641846371123,19.0765374,72.87850610000001,45.0
26.88,3.1593772365766126,19.0765376,72.8785064,45.0
26.89,3.1532934423730383,19.0765378,72.8785067,45.0
26.900000000000002,3.1472128124508183,19.076538,72.878507,45.0
26.91,3.14113535722894,19.0765382,72.87850730000001,45.0
26.92,3.1350610871209525,19.0765384,72.8785076,45.0
26.93,3.1289900125349632,19.0765386,72.8785079,45.0
26.94,3.1229221438735855,19.0765388,72.8785082,45.0
26.95,3.116857491533947,19.076539,72.87850850000001,45.0
26.96,3.110796065907664,19.0765392,72.8785088,45.0
26.97,3.1047378773808285,19.0765394,72.8785091,45.0
26.98,3.098682936333975,19.0765396,72.8785094,45.0
26.990000000000002,3.0926312531420836,19.0765398,72.87850970000001,45.0
27.0,3.086582838174552,19.07654,72.87851,45.0
27.01,3.0805377017951683,19.0765402,72.8785103,45.0
27.02,3.0744958543621115,19.0765404,72.8785106,45.0
27.03,3.06845730622792,19.0765406,72.87851090000001,45.0
27.04,3.0624220677394853,19.0765408,72.8785112,45.0
27.05,3.0563901492380223,19.076541,72.8785115,45.0
27.060000000000002,3.0503615610590575,19.0765412,72.8785118,45.0
27.07,3.0443363135324155,19.0765414,72.87851210000001,45.0
27.080000000000002,3.0383144169821916,19.0765416,72.8785124,45.0
27.09,3.0322958817267454,19.0765418,72.8785127,45.0
27.1,3.0262807180786644,19.076542,72.878513,45.0
27.11,3.0202689363447743,19.076542200000002,72.87851330000001,45.0
27.12,3.014260546826098,19.0765424,72.8785136,45.0
27.13,3.0082555598178446,19.0765426,72.8785139,45.0
27.14,3.0022539856094,19.076542800000002,72.8785142,45.0
27.150000000000002,2.9962558344842956,19.076543,72.87851450000001,45.0
27.16,2.990261116720202,19.0765432,72.8785148,45.0
27.17,2.9842698425888963,19.076543400000002,72.8785151,45.0
27.18,2.978282022356276,19.0765436,72.8785154,45.0
27.19,2.9722976662822997,19.0765438,72.87851570000001,45.0
27.2,2.9663167846209992,19.076544000000002,72.878516,45.0
27.21,2.9603393876204542,19.0765442,72.8785163,45.0
27.22,2.9543654855227715,19.0765444,72.8785166,45.0
27.23,2.9483950885640664,19.076544600000002,72.87851690000001,45.0
27.240000000000002,2.942428206974456,19.0765448,72.8785172,45.0
27.25,2.9364648509780276,19.076545,72.8785175,45.0
27.26,2.9305050307928235,19.0765452,72.8785178,45.0
27.27,2.924548756630845,19.0765454,72.87851810000001,45.0
27.28,2.918596038697995,19.0765456,72.8785184,45.0
27.29,2.9126468871940983,19.0765458,72.8785187,45.0
27.3,2.906701312312859,19.076546,72.87851900000001,45.0
27.310000000000002,2.900759324241864,19.0765462,72.87851930000001,45.0
27.32,2.894820933162545,19.0765464,72.8785196,45.0
27.330000000000002,2.8888861492501716,19.0765466,72.8785199,45.0
27.34,2.88295498267384,19.0765468,72.87852020000001,45.0
27.35,2.877027443596434,19.076547,72.87852050000001,45.0
27.36,2.871103542174639,19.0765472,72.8785208,45.0
27.37,2.8651832885588897,19.0765474,72.8785211,45.0
27.38,2.859266692893386,19.0765476,72.87852140000001,45.0
27.39,2.8533537653160512,19.0765478,72.87852170000001,45.0
27.400000000000002,2.8474445159585238,19.076548,72.878522,45.0
27.41,2.8415389549461443,19.0765482,72.8785223,45.0
27.42,2.8356370923979304,19.0765484,72.87852260000001,45.0
27.43,2.829738938426563,19.0765486,72.87852290000001,45.0
27.44,2.8238445031383614,19.0765488,72.8785232,45.0
27.45,2.8179537966332906,19.076549,72.8785235,45.0
27.46,2.812066829004909,19.0765492,72.87852380000001,45.0
27.47,2.8061836103403737,19.0765494,72.8785241,45.0
27.48,2.8003041507204247,19.0765496,72.8785244,45.0
27.490000000000002,2.794428460219353,19.076549800000002,72.8785247,45.0
27.5,2.7885565489049924,19.07655,72.87852500000001,45.0
27.51,2.7826884268387078,19.0765502,72.8785253,45.0
27.52,2.7768241040753643,19.076550400000002,72.8785256,45.0
27.53,2.770963590663313,19.0765506,72.8785259,45.0
27.54,2.7651068966443946,19.0765508,72.87852620000001,45.0
27.55,2.7592540320538883,19.076551000000002,72.8785265,45.0
27.560000000000002,2.7534050069205183,19.0765512,72.8785268,45.0
27.57,2.7475598312664284,19.0765514,72.8785271,45.0
27.580000000000002,2.741718515107172,19.076551600000002,72.87852740000001,45.0
27.59,2.7358810684516826,19.0765518,72.8785277,45.0
27.6,2.7300475013022645,19.076552,72.878528,45.0
27.61,2.724217823654582,19.076552200000002,72.8785283,45.0
27.62,2.718392045497622,19.0765524,72.87852860000001,45.0
27.63,2.7125701768136996,19.0765526,72.8785289,45.0
27.64,2.7067522275784253,19.0765528,72.8785292,45.0
27.650000000000002,2.7009382077607014,19.076553,72.8785295,45.0
27.66,2.695128127322689,19.0765532,72.87852980000001,45.0
27.67,2.6893219962198023,19.0765534,72.8785301,45.0
27.68,2.683519824400691,19.0765536,72.8785304,45.0
27.69,2.6777216218072173,19.0765538,72.8785307,45.0
27.7,2.671927398374445,19.076554,72.87853100000001,45.0
27.71,2.6661371640306126,19.0765542,72.8785313,45.0
27.72,2.6603509286971336,19.0765544,72.8785316,45.0
27.73,2.6545687022885645,19.0765546,72.8785319,45.0
27.740000000000002,2.648790494712588,19.0765548,72.87853220000001,45.0
27.75,2.6430163158700113,19.076555,72.8785325,45.0
27.76,2.6372461756547305,19.0765552,72.8785328,45.0
27.77,2.6314800839537247,19.0765554,72.8785331,45.0
27.78,2.625718050647026,19.0765556,72.87853340000001,45.0
27.79,2.6199600856077354,19.0765558,72.8785337,45.0
27.8,2.61420619870196,19.076556,72.878534,45.0
27.810000000000002,2.608456399788826,19.0765562,72.8785343,45.0
27.82,2.6027106987204673,19.0765564,72.87853460000001,45.0
27.830000000000002,2.5969691053419783,19.0765566,72.8785349,45.0
27.84,2.591231629491423,19.0765568,72.8785352,45.0
27.85,2.5854982809998135,19.076557,72.8785355,45.0
27.86,2.5797690696910855,19.0765572,72.87853580000001,45.0
27.87,2.5740440053820794,19.076557400000002,72.8785361,45.0
27.88,2.568323097882548,19.0765576,72.8785364,45.0
27.89,2.5626063569951034,19.0765578,72.8785367,45.0
27.900000000000002,2.556893792515223,19.076558000000002,72.87853700000001,45.0
27.91,2.55118541423124,19.0765582,72.8785373,45.0
27.92,2.545481231924296,19.0765584,72.8785376,45.0
27.93,2.539781255368356,19.076558600000002,72.8785379,45.0
27.94,2.5340854943301707,19.0765588,72.87853820000001,45.0
27.95,2.5283939585692785,19.076559,72.8785385,45.0
27.96,2.522706657837962,19.076559200000002,72.8785388,45.0
27.97,2.517023601881265,19.0765594,72.8785391,45.0
27.98,2.51134480043694,19.0765596,72.87853940000001,45.0
27.990000000000002,2.505670263235462,19.076559800000002,72.8785397,45.0
28.0,2.500000000000001,19.07656,72.87854,45.0
28.01,2.4943340204463906,19.0765602,72.8785403,45.0
28.02,2.4886723342831374,19.0765604,72.87854060000001,45.0
28.03,2.4830149512113846,19.0765606,72.8785409,45.0
28.04,2.4773618809249065,19.0765608,72.8785412,45.0
28.05,2.471713133110076,19.076561,72.87854150000001,45.0
28.060000000000002,2.4660687174458795,19.0765612,72.87854180000001,45.0
28.07,2.4604286436038665,19.0765614,72.8785421,45.0
28.080000000000002,2.4547929212481416,19.0765616,72.8785424,45.0
28.09,2.4491615600353747,19.0765618,72.87854270000001,45.0
28.1,2.4435345696147404,19.076562,72.87854300000001,45.0
28.11,2.4379119596279346,19.0765622,72.8785433,45.0
28.12,2.4322937397091495,19.0765624,72.8785436,45.0
28.13,2.4266799194850512,19.0765626,72.87854390000001,45.0
28.14,2.4210705085747612,19.0765628,72.87854420000001,45.0
28.150000000000002,2.4154655165898613,19.076563,72.8785445,45.0
28.16,2.4098649531343503,19.0765632,72.8785448,45.0
28.17,2.404268827804637,19.0765634,72.87854510000001,45.0
28.18,2.3986771501895303,19.0765636,72.87854540000001,45.0
28.19,2.3930899298702206,19.0765638,72.8785457,45.0
28.2,2.3875071764202564,19.076564,72.878546,45.0
28.21,2.3819288994055308,19.0765642,72.87854630000001,45.0
28.22,2.376355108384276,19.0765644,72.8785466,45.0
28.23,2.3707858129070223,19.0765646,72.8785469,45.0
28.240000000000002,2.3652210225166104,19.0765648,72.8785472,45.0
28.25,2.3596607467481605,19.076565000000002,72.87854750000001,45.0
28.26,2.3541049951290476,19.0765652,72.8785478,45.0
28.27,2.3485537771789033,19.0765654,72.8785481,45.0
28.28,2.343007102409585,19.076565600000002,72.8785484,45.0
28.29,2.337464980325174,19.0765658,72.87854870000001,45.0
28.3,2.3319274204219425,19.076566,72.878549,45.0
28.310000000000002,2.3263944321883474,19.076566200000002,72.8785493,45.0
28.32,2.3208660251050177,19.0765664,72.8785496,45.0
28.330000000000002,2.3153422086447217,19.0765666,72.87854990000001,45.0
28.34,2.3098229922723763,19.076566800000002,72.8785502,45.0
28.35,2.3043083854449993,19.076567,72.8785505,45.0
28.36,2.2987983976117254,19.0765672,72.8785508,45.0
28.37,2.2932930382137675,19.076567400000002,72.87855110000001,45.0
28.38,2.2877923166844054,19.0765676,72.8785514,45.0
28.39,2.2822962424489805,19.0765678,72.8785517,45.0
28.400000000000002,2.2768048249248647,19.076568,72.878552,45.0
28.41,2.271318073521453,19.0765682,72.87855230000001,45.0
28.42,2.265835997640137,19.0765684,72.8785526,45.0
28.43,2.260358606674316,19.0765686,72.8785529,45.0
28.44,2.254885910009343,19.0765688,72.8785532,45.0
28.45,2.2494179170225332,19.076569,72.87855350000001,45.0
28.46,2.243954637083148,19.0765692,72.8785538,45.0
28.47,2.2384960795523696,19.0765694,72.8785541,45.0
28.48,2.233042253783278,19.0765696,72.8785544,45.0
28.490000000000002,2.227593169120867,19.0765698,72.87855470000001,45.0
28.5,2.22214883490199,19.07657,72.878555,45.0
28.51,2.21670926045536,19.0765702,72.8785553,45.0
28.52,2.2112744551015497,19.0765704,72.8785556,45.0
28.53,2.2058444281529423,19.0765706,72.87855590000001,45.0
28.54,2.200419188913743,19.0765708,72.8785562,45.0
28.55,2.1949987466799503,19.076571,72.8785565,45.0
28.560000000000002,2.1895831107393473,19.0765712,72.8785568,45.0
28.57,2.184172290371476,19.0765714,72.87855710000001,45.0
28.580000000000002,2.1787662948476285,19.0765716,72.8785574,45.0
28.59,2.1733651334308366,19.0765718,72.8785577,45.0
28.6,2.1679688153758354,19.076572,72.878558,45.0
28.61,2.1625773499290757,19.0765722,72.87855830000001,45.0
28.62,2.1571907463286806,19.0765724,72.8785586,45.0
28.63,2.151809013804452,19.076572600000002,72.8785589,45.0
28.64,2.1464321615778426,19.0765728,72.8785592,45.0
28.650000000000002,2.1410601988619375,19.076573,72.87855950000001,45.0
28.66,2.1356931348614543,19.076573200000002,72.8785598,45.0
28.67,2.130330978772708,19.0765734,72.8785601,45.0
28.68,2.1249737397836093,19.0765736,72.8785604,45.0
28.69,2.119621427073633,19.076573800000002,72.87856070000001,45.0
28.7,2.114274049813833,19.076574,72.878561,45.0
28.71,2.1089316171667862,19.0765742,72.8785613,45.0
28.72,2.103594138286606,19.076574400000002,72.8785616,45.0
28.73,2.09826162231892,19.0765746,72.87856190000001,45.0
28.740000000000002,2.0929340784008477,19.0765748,72.8785622,45.0
28.75,2.087611515660988,19.076575000000002,72.8785625,45.0
28.76,2.0822939432194114,19.0765752,72.8785628,45.0
28.77,2.0769813701876334,19.0765754,72.87856310000001,45.0
28.78,2.0716738056685986,19.0765756,72.8785634,45.0
28.79,2.0663712587566745,19.0765758,72.8785637,45.0
28.8,2.061073738537635,19.076576,72.87856400000001,45.0
28.810000000000002,2.0557812540886338,19.0765762,72.87856430000001,45.0
28.82,2.0504938144781977,19.0765764,72.8785646,45.0
28.830000000000002,2.045211428766213,19.0765766,72.8785649,45.0
28.84,2.0399341060039022,19.0765768,72.87856520000001,45.0
28.85,2.034661855233813,19.076577,72.87856550000001,45.0
28.86,2.029394685489808,19.0765772,72.8785658,45.0
28.87,2.0241326057970337,19.0765774,72.8785661,45.0
28.88,2.0188756251719226,19.0765776,72.87856640000001,45.0
28.89,2.0136237526221645,19.0765778,72.87856670000001,45.0
28.900000000000002,2.0083769971467054,19.076578,72.878567,45.0
28.91,2.0031353677357138,19.0765782,72.8785673,45.0
28.92,1.9978988733705787,19.0765784,72.87856760000001,45.0
28.93,1.9926675230238955,19.0765786,72.87856790000001,45.0
28.94,1.9874413256594332,19.0765788,72.8785682,45.0
28.95,1.982220290232145,19.076579,72.8785685,45.0
28.96,1.9770044256881265,19.0765792,72.87856880000001,45.0
28.97,1.9717937409646242,19.0765794,72.8785691,45.0
28.98,1.966588244990003,19.0765796,72.8785694,45.0
28.990000000000002,1.9613879466837358,19.0765798,72.8785697,45.0
29.0,1.9561928549563967,19.07658,72.87857000000001,45.0
29.01,1.9510029787096317,19.076580200000002,72.8785703,45.0
29.02,1.9458183268361533,19.0765804,72.8785706,45.0
29.03,1.9406389082197144,19.0765806,72.8785709,45.0
29.04,1.9354647317351188,19.076580800000002,72.87857120000001,45.0
29.05,1.930295806248169,19.076581,72.8785715,45.0
29.060000000000002,1.925132140615677,19.0765812,72.8785718,45.0
29.07,1.9199737436854514,19.076581400000002,72.8785721,45.0
29.080000000000002,1.9148206242962573,19.0765816,72.87857240000001,45.0
29.09,1.9096727912778255,19.0765818,72.8785727,45.0
29.1,1.9045302534508295,19.076582000000002,72.878573,45.0
29.11,1.8993930196268693,19.0765822,72.8785733,45.0
29.12,1.894261098608447,19.0765824,72.87857360000001,45.0
29.13,1.8891344991889798,19.076582600000002,72.8785739,45.0
29.14,1.8840132301527497,19.0765828,72.8785742,45.0
29.150000000000002,1.8788973002749092,19.076583,72.8785745,45.0
29.16,1.873786718321474,19.0765832,72.87857480000001,45.0
29.17,1.8686814930492797,19.0765834,72.8785751,45.0
29.18,1.8635816332059925,19.0765836,72.8785754,45.0
29.19,1.8584871475300813,19.0765838,72.8785757,45.0
29.2,1.8533980447508136,19.076584,72.87857600000001,45.0
29.21,1.8483143335882217,19.0765842,72.8785763,45.0
29.22,1.843236022753113,19.0765844,72.8785766,45.0
29.23,1.8381631209470277,19.0765846,72.8785769,45.0
29.240000000000002,1.8330956368622497,19.0765848,72.87857720000001,45.0
29.25,1.8280335791817737,19.076585,72.8785775,45.0
29.26,1.8229769565792946,19.0765852,72.8785778,45.0
29.27,1.8179257777192026,19.0765854,72.8785781,45.0
29.28,1.8128800512565517,19.0765856,72.87857840000001,45.0
29.29,1.8078397858370594,19.0765858,72.8785787,45.0
29.3,1.8028049900970755,19.076586,72.878579,45.0
29.310000000000002,1.797775672663594,19.0765862,72.8785793,45.0
29.32,1.7927518421542121,19.0765864,72.87857960000001,45.0
29.330000000000002,1.787733507177121,19.0765866,72.8785799,45.0
29.34,1.7827206763311054,19.0765868,72.8785802,45.0
29.35,1.7777133582055138,19.076587,72.8785805,45.0
29.36,1.7727115613802464,19.0765872,72.87858080000001,45.0
29.37,1.7677152944257501,19.0765874,72.8785811,45.0
29.38,1.7627245659029915,19.0765876,72.8785814,45.0
29.39,1.7577393843634448,19.076587800000002,72.8785817,45.0
29.400000000000002,1.7527597583490806,19.076588,72.87858200000001,45.0
29.41,1.747785696392361,19.0765882,72.8785823,45.0
29.42,1.7428172070161996,19.076588400000002,72.8785826,45.0
29.43,1.7378542987339662,19.0765886,72.8785829,45.0
29.44,1.7328969800494731,19.0765888,72.87858320000001,45.0
29.45,1.7279452594569484,19.076589000000002,72.8785835,45.0
29.46,1.7229991454410292,19.0765892,72.8785838,45.0
29.47,1.7180586464767522,19.0765894,72.8785841,45.0
29.48,1.7131237710295228,19.076589600000002,72.87858440000001,45.0
29.490000000000002,1.7081945275551131,19.0765898,72.8785847,45.0
29.5,1.7032709244996558,19.07659,72.878585,45.0
29.51,1.6983529702996047,19.076590200000002,72.8785853,45.0
29.52,1.6934406733817413,19.0765904,72.87858560000001,45.0
29.53,1.6885340421631512,19.0765906,72.8785859,45.0
29.54,1.6836330850512182,19.0765908,72.8785862,45.0
29.55,1.6787378104435917,19.076591,72.8785865,45.0
29.560000000000002,1.6738482267281944,19.0765912,72.87858680000001,45.0
29.57,1.668964342283199,19.0765914,72.8785871,45.0
29.580000000000002,1.6640861654770012,19.0765916,72.8785874,45.0
29.59,1.6592137046682303,19.0765918,72.87858770000001,45.0
29.6,1.6543469682057088,19.076592,72.87858800000001,45.0
29.61,1.649485964428462,19.0765922,72.8785883,45.0
29.62,1.6446307016656858,19.0765924,72.8785886,45.0
29.63,1.639781188236742,19.0765926,72.87858890000001,45.0
29.64,1.634937432451133,19.0765928,72.87858920000001,45.0
29.650000000000002,1.6300994426085107,19.076593,72.8785895,45.0
29.66,1.6252672269986368,19.0765932,72.8785898,45.0
29.67,1.6204407939013754,19.0765934,72.87859010000001,45.0
29.68,1.6156201515866975,19.0765936,72.87859040000001,45.0
29.69,1.6108053083146345,19.0765938,72.8785907,45.0
29.7,1.605996272335291,19.076594,72.878591,45.0
29.71,1.601193051888821,19.0765942,72.87859130000001,45.0
29.72,1.5963956552054133,19.0765944,72.87859160000001,45.0
29.73,1.5916040905052675,19.0765946,72.8785919,45.0
29.740000000000002,1.5868183659986097,19.0765948,72.8785922,45.0
29.75,1.5820384898856448,19.076595,72.87859250000001,45.0
29.76,1.5772644703565553,19.0765952,72.8785928,45.0
29.77,1.5724963155915017,19.076595400000002,72.8785931,45.0
29.78,1.567734033760582,19.0765956,72.8785934,45.0
29.79,1.5629776330238376,19.0765958,72.87859370000001,45.0
29.8,1.5582271215312293,19.076596000000002,72.878594,45.0
29.810000000000002,1.5534825074226333,19.0765962,72.8785943,45.0
29.82,1.548743798827814,19.0765964,72.8785946,45.0
29.830000000000002,1.544011003866419,19.076596600000002,72.87859490000001,45.0
29.84,1.5392841306479665,19.0765968,72.8785952,45.0
29.85,1.5345631872718202,19.076597,72.8785955,45.0
29.86,1.5298481818271932,19.076597200000002,72.8785958,45.0
29.87,1.5251391223931128,19.0765974,72.87859610000001,45.0
29.88,1.5204360170384286,19.0765976,72.8785964,45.0
29.89,1.5157388738217825,19.076597800000002,72.8785967,45.0
29.900000000000002,1.5110477007915986,19.076598,72.878597,45.0
29.91,1.5063625059860781,19.0765982,72.87859730000001,45.0
29.92,1.5016832974331729,19.0765984,72.8785976,45.0
29.93,1.4970100831505806,19.0765986,72.8785979,45.0
29.94,1.492342871145722,19.0765988,72.8785982,45.0
29.95,1.4876816694157418,19.076599,72.87859850000001,45.0
29.96,1.4830264859474818,19.0765992,72.8785988,45.0
29.97,1.4783773287174689,19.0765994,72.8785991,45.0
29.98,1.4737342056919112,19.0765996,72.8785994,45.0
29.990000000000002,1.4690971248266722,19.0765998,72.87859970000001,45.0
30.0,1.4644660940672645,19.0766,72.8786,45.0
30.01,1.4598411213488272,19.0766002,72.8786003,45.0
30.02,1.4552222145961342,19.0766004,72.8786006,45.0
30.03,1.45060938172355,19.0766006,72.87860090000001,45.0
30.04,1.4460026306350375,19.0766008,72.8786012,45.0
30.05,1.4414019692241435,19.076601,72.8786015,45.0
30.060000000000002,1.436807405373974,19.0766012,72.8786018,45.0
30.07,1.4322189469571862,19.0766014,72.87860210000001,45.0
30.080000000000002,1.4276366018359825,19.0766016,72.8786024,45.0
30.09,1.423060377862087,19.0766018,72.8786027,45.0
30.1,1.4184902828767276,19.076602,72.878603,45.0
30.11,1.413926324710647,19.0766022,72.87860330000001,45.0
30.12,1.4093685111840566,19.0766024,72.8786036,45.0
30.13,1.4048168501066476,19.0766026,72.8786039,45.0
30.14,1.400271349277566,19.0766028,72.8786042,45.0
30.150000000000002,1.395732016485406,19.076603000000002,72.87860450000001,45.0
30.16,1.3911988595081892,19.0766032,72.8786048,45.0
30.17,1.3866718861133553,19.0766034,72.8786051,45.0
30.18,1.3821511040577543,19.076603600000002,72.8786054,45.0
30.19,1.377636521087617,19.0766038,72.87860570000001,45.0
30.2,1.3731281449385635,19.076604,72.878606,45.0
30.21,1.3686259833355678,19.076604200000002,72.8786063,45.0
30.22,1.3641300439929664,19.0766044,72.8786066,45.0
30.23,1.359640334614427,19.0766046,72.87860690000001,45.0
30.240000000000002,1.3551568628929422,19.076604800000002,72.8786072,45.0
30.25,1.3506796365108213,19.076605,72.8786075,45.0
30.26,1.3462086631396697,19.0766052,72.8786078,45.0
30.27,1.3417439504403783,19.076605400000002,72.87860810000001,45.0
30.28,1.3372855060631057,19.0766056,72.8786084,45.0
30.29,1.332833337647283,19.0766058,72.8786087,45.0
30.3,1.3283874528215733,19.076606,72.878609,45.0
30.310000000000002,1.323947859203879,19.0766062,72.87860930000001,45.0
30.32,1.3195145644013284,19.0766064,72.8786096,45.0
30.330000000000002,1.3150875760102472,19.0766066,72.8786099,45.0
30.34,1.3106669016161576,19.0766068,72.87861020000001,45.0
30.35,1.3062525487937682,19.076607,72.87861050000001,45.0
30.36,1.3018445251069526,19.0766072,72.8786108,45.0
30.37,1.2974428381087337,19.0766074,72.8786111,45.0
30.38,1.2930474953412903,19.0766076,72.87861140000001,45.0
30.39,1.288658504335916,19.0766078,72.87861170000001,45.0
30.400000000000002,1.28427587261303,19.076608,72.878612,45.0
30.41,1.27989960768215,19.0766082,72.8786123,45.0
30.42,1.27552971704189,19.0766084,72.87861260000001,45.0
30.43,1.2711662081799364,19.0766086,72.87861290000001,45.0
30.44,1.266809088573042,19.0766088,72.8786132,45.0
30.45,1.262458365687017,19.076609,72.8786135,45.0
30.46,1.2581140469766998,19.0766092,72.87861380000001,45.0
30.47,1.2537761398859681,19.0766094,72.87861410000001,45.0
30.48,1.2494446518477025,19.0766096,72.8786144,45.0
30.490000000000002,1.245119590283793,19.0766098,72.8786147,45.0
30.5,1.2408009626051135,19.076610000000002,72.87861500000001,45.0
30.51,1.236488776211514,19.0766102,72.8786153,45.0
30.52,1.2321830384918102,19.0766104,72.8786156,45.0
30.53,1.2278837568237662,19.076610600000002,72.8786159,45.0
30.54,1.223590938574084,19.0766108,72.87861620000001,45.0
30.55,1.2193045910983868,19.076611,72.8786165,45.0
30.560000000000002,1.2150247217412158,19.076611200000002,72.8786168,45.0
30.57,1.2107513378360162,19.0766114,72.8786171,45.0
30.580000000000002,1.2064844467051112,19.0766116,72.87861740000001,45.0
30.59,1.2022240556596975,19.076611800000002,72.8786177,45.0
30.6,1.1979701719998443,19.076612,72.878618,45.0
30.61,1.193722803014467,19.0766122,72.8786183,45.0
30.62,1.1894819559813108,19.076612400000002,72.87861860000001,45.0
30.63,1.1852476381669574,19.0766126,72.8786189,45.0
30.64,1.1810198568267893,19.0766128,72.8786192,45.0
30.650000000000002,1.1767986192049973,19.076613000000002,72.8786195,45.0
30.66,1.17258393253456,19.0766132,72.87861980000001,45.0
30.67,1.1683758040372223,19.0766134,72.8786201,45.0
30.68,1.1641742409235034,19.0766136,72.8786204,45.0
30.69,1.1599792503926616,19.0766138,72.8786207,45.0
30.7,1.1557908396327043,19.076614,72.87862100000001,45.0
30.71,1.1516090158203536,19.0766142,72.8786213,45.0
30.72,1.147433786121056,19.0766144,72.8786216,45.0
30.73,1.1432651576889485,19.0766146,72.8786219,45.0
30.740000000000002,1.1391031376668654,19.0766148,72.87862220000001,45.0
30.75,1.1349477331863167,19.076615,72.8786225,45.0
30.76,1.1307989513674692,19.0766152,72.8786228,45.0
30.77,1.1266567993191512,19.0766154,72.8786231,45.0
30.78,1.1225212841388288,19.0766156,72.87862340000001,45.0
30.79,1.1183924129125922,19.0766158,72.8786237,45.0
30.8,1.1142701927151444,19.076616,72.878624,45.0
30.810000000000002,1.110154630609808,19.0766162,72.8786243,45.0
30.82,1.1060457336484815,19.0766164,72.87862460000001,45.0
30.830000000000002,1.1019435088716423,19.0766166,72.8786249,45.0
30.84,1.097847963308351,19.0766168,72.8786252,45.0
30.85,1.0937591039762085,19.076617,72.8786255,45.0
30.86,1.0896769378813609,19.0766172,72.87862580000001,45.0
30.87,1.085601472018491,19.0766174,72.8786261,45.0
30.88,1.081532713370802,19.076617600000002,72.8786264,45.0
30.89,1.0774706689099944,19.0766178,72.8786267,45.0
30.900000000000002,1.0734153455962736,19.076618,72.87862700000001,45.0
30.91,1.0693667503783293,19.076618200000002,72.8786273,45.0
30.92,1.0653248901933121,19.0766184,72.8786276,45.0
30.93,1.0612897719668464,19.0766186,72.8786279,45.0
30.94,1.05726140261299,19.076618800000002,72.87862820000001,45.0
30.95,1.0532397890342509,19.076619,72.8786285,45.0
30.96,1.049224938121548,19.0766192,72.8786288,45.0
30.970000000000002,1.0452168567542226,19.076619400000002,72.8786291,45.0
30.98,1.0412155518000143,19.0766196,72.87862940000001,45.0
30.990000000000002,1.0372210301150453,19.0766198,72.8786297,45.0
31.0,1.0332332985438253,19.076620000000002,72.87863,45.0
31.01,1.0292523639192175,19.0766202,72.8786303,45.0
31.02,1.025278233062451,19.0766204,72.87863060000001,45.0
31.03,1.0213109127830855,19.076620600000002,72.8786309,45.0
31.04,1.0173504098790176,19.0766208,72.8786312,45.0
31.05,1.013396731136465,19.076621,72.8786315,45.0
31.060000000000002,1.0094498833299426,19.0766212,72.87863180000001,45.0
31.07,1.0055098732222696,19.0766214,72.8786321,45.0
31.080000000000002,1.0015767075645476,19.0766216,72.8786324,45.0
31.09,0.9976503930961467,19.0766218,72.87863270000001,45.0
31.1,0.9937309365446972,19.076622,72.87863300000001,45.0
31.11,0.9898183446260839,19.0766222,72.8786333,45.0
31.12,0.9859126240444283,19.0766224,72.8786336,45.0
31.13,0.9820137814920715,19.0766226,72.87863390000001,45.0
31.14,0.9781218236495764,19.0766228,72.87863420000001,45.0
31.150000000000002,0.9742367571857097,19.076623,72.8786345,45.0
31.16,0.9703585887574234,19.0766232,72.8786348,45.0
31.17,0.9664873250098482,19.0766234,72.87863510000001,45.0
31.18,0.9626229725763003,19.0766236,72.87863540000001,45.0
31.19,0.9587655380782367,19.0766238,72.8786357,45.0
31.2,0.9549150281252633,19.076624,72.878636,45.0
31.21,0.9510714493151268,19.0766242,72.87863630000001,45.0
31.220000000000002,0.9472348082336973,19.0766244,72.87863660000001,45.0
31.23,0.9434051114549497,19.0766246,72.8786369,45.0
31.240000000000002,0.9395823655409674,19.0766248,72.8786372,45.0
31.25,0.9357665770419243,19.076625,72.87863750000001,45.0
31.26,0.9319577524960643,19.076625200000002,72.8786378,45.0
31.27,0.9281558984297095,19.0766254,72.8786381,45.0
31.28,0.9243610213572284,19.0766256,72.8786384,45.0
31.29,0.9205731277810447,19.076625800000002,72.87863870000001,45.0
31.3,0.9167922241916054,19.076626,72.878639,45.0
31.310000000000002,0.9130183170673889,19.0766262,72.8786393,45.0
31.32,0.9092514128748835,19.076626400000002,72.8786396,45.0
31.330000000000002,0.905491518068573,19.0766266,72.87863990000001,45.0
31.34,0.9017386390909388,19.0766268,72.8786402,45.0
31.35,0.8979927823724321,19.076627000000002,72.8786405,45.0
31.36,0.8942539543314815,19.0766272,72.8786408,45.0
31.37,0.8905221613744618,19.0766274,72.87864110000001,45.0
31.38,0.8867974098957004,19.076627600000002,72.8786414,45.0
31.39,0.8830797062774609,19.0766278,72.8786417,45.0
31.400000000000002,0.8793690568899215,19.076628,72.878642,45.0
31.41,0.8756654680911818,19.076628200000002,72.87864230000001,45.0
31.42,0.8719689462272423,19.0766284,72.8786426,45.0
31.43,0.8682794976319896,19.0766286,72.8786429,45.0
31.44,0.8645971286271892,19.0766288,72.8786432,45.0
31.45,0.8609218455224893,19.076629,72.87864350000001,45.0
31.46,0.857253654615383,19.0766292,72.8786438,45.0
31.470000000000002,0.8535925621912122,19.0766294,72.8786441,45.0
31.48,0.8499385745231619,19.0766296,72.8786444,45.0
31.490000000000002,0.8462916978722429,19.0766298,72.87864470000001,45.0
31.5,0.8426519384872738,19.07663,72.878645,45.0
31.51,0.8390193026048853,19.0766302,72.8786453,45.0
31.52,0.8353937964495028,19.0766304,72.8786456,45.0
31.53,0.8317754262333271,19.0766306,72.87864590000001,45.0
31.54,0.8281641981563426,19.0766308,72.8786462,45.0
31.55,0.824560118406284,19.076631,72.8786465,45.0
31.560000000000002,0.8209631931586497,19.0766312,72.8786468,45.0
31.57,0.8173734285766676,19.0766314,72.87864710000001,45.0
31.580000000000002,0.8137908308113045,19.0766316,72.8786474,45.0
31.59,0.8102154060012456,19.0766318,72.8786477,45.0
31.6,0.8066471602728792,19.076632,72.878648,45.0
31.61,0.8030860997403028,19.0766322,72.87864830000001,45.0
31.62,0.7995322305052904,19.0766324,72.8786486,45.0
31.63,0.7959855586573061,19.0766326,72.8786489,45.0
31.64,0.7924460902734698,19.076632800000002,72.8786492,45.0
31.650000000000002,0.7889138314185667,19.076633,72.87864950000001,45.0
31.66,0.7853887881450289,19.0766332,72.8786498,45.0
31.67,0.7818709664929163,19.076633400000002,72.8786501,45.0
31.68,0.7783603724899235,19.0766336,72.8786504,45.0
31.69,0.7748570121513598,19.0766338,72.87865070000001,45.0
31.7,0.7713608914801356,19.076634000000002,72.878651,45.0
31.71,0.7678720164667552,19.0766342,72.8786513,45.0
31.720000000000002,0.7643903930893142,19.0766344,72.8786516,45.0
31.73,0.7609160273134807,19.076634600000002,72.87865190000001,45.0
31.740000000000002,0.7574489250924821,19.0766348,72.8786522,45.0
31.75,0.753989092367105,19.076635,72.8786525,45.0
31.76,0.7505365350656812,19.076635200000002,72.8786528,45.0
31.77,0.7470912591040713,19.0766354,72.87865310000001,45.0
31.78,0.7436532703856563,19.0766356,72.8786534,45.0
31.79,0.7402225748013469,19.076635800000002,72.8786537,45.0
31.8,0.7367991782295408,19.076636,72.878654,45.0
31.810000000000002,0.7333830865361296,19.0766362,72.87865430000001,45.0
31.82,0.7299743055745039,19.0766364,72.8786546,45.0
31.830000000000002,0.7265728411855116,19.0766366,72.8786549,45.0
31.84,0.723178699197467,19.0766368,72.87865520000001,45.0
31.85,0.719791885426142,19.076637,72.87865550000001,45.0
31.86,0.7164124056747523,19.0766372,72.8786558,45.0
31.87,0.7130402657339396,19.0766374,72.8786561,45.0
31.88,0.7096754713817782,19.0766376,72.87865640000001,45.0
31.89,0.7063180283837472,19.0766378,72.87865670000001,45.0
31.900000000000002,0.7029679424927354,19.076638,72.878657,45.0
31.91,0.6996252194490271,19.0766382,72.8786573,45.0
31.92,0.6962898649802812,19.0766384,72.87865760000001,45.0
31.93,0.6929618848015423,19.0766386,72.87865790000001,45.0
31.94,0.6896412846152083,19.0766388,72.8786582,45.0
31.95,0.6863280701110419,19.076639,72.8786585,45.0
31.96,0.6830222469661418,19.0766392,72.87865880000001,45.0
31.970000000000002,0.679723820844948,19.0766394,72.87865910000001,45.0
31.98,0.6764327973992257,19.0766396,72.8786594,45.0
31.990000000000002,0.6731491822680491,19.0766398,72.8786597,45.0
32.0,0.6698729810778076,19.07664,72.87866000000001,45.0
32.01,0.6666041994421817,19.0766402,72.8786603,45.0
32.02,0.6633428429621341,19.076640400000002,72.8786606,45.0
32.03,0.6600889172259194,19.0766406,72.8786609,45.0
32.04,0.6568424278090457,19.0766408,72.87866120000001,45.0
32.05,0.6536033802742824,19.076641000000002,72.8786615,45.0
32.06,0.6503717801716519,19.0766412,72.8786618,45.0
32.07,0.647147633038414,19.0766414,72.8786621,45.0
32.08,0.6439309443990532,19.076641600000002,72.87866240000001,45.0
32.09,0.6407217197652804,19.0766418,72.8786627,45.0
32.1,0.6375199646360152,19.076642,72.878663,45.0
32.11,0.6343256844973749,19.076642200000002,72.8786633,45.0
32.12,0.6311388848226751,19.0766424,72.87866360000001,45.0
32.13,0.6279595710724062,19.0766426,72.8786639,45.0
32.14,0.6247877486942371,19.076642800000002,72.8786642,45.0
32.15,0.6216234231230022,19.076643,72.8786645,45.0
32.160000000000004,0.6184665997806821,19.0766432,72.87866480000001,45.0
32.17,0.6153172840764121,19.076643400000002,72.8786651,45.0
32.18,0.612175481406454,19.0766436,72.8786654,45.0
32.19,0.6090411971542059,19.0766438,72.8786657,45.0
32.2,0.6059144366901736,19.076644,72.87866600000001,45.0
32.21,0.6027952053719793,19.0766442,72.8786663,45.0
32.22,0.5996835085443414,19.0766444,72.8786666,45.0
32.230000000000004,0.5965793515390644,19.0766446,72.8786669,45.0
32.24,0.5934827396750381,19.0766448,72.87866720000001,45.0
32.25,0.5903936782582253,19.076645,72.8786675,45.0
32.26,0.5873121725816444,19.0766452,72.8786678,45.0
32.27,0.5842382279253727,19.0766454,72.8786681,45.0
32.28,0.5811718495565332,19.0766456,72.87866840000001,45.0
32.29,0.5781130427292769,19.0766458,72.8786687,45.0
32.3,0.5750618126847912,19.076646,72.878669,45.0
32.31,0.5720181646512706,19.0766462,72.8786693,45.0
32.32,0.5689821038439274,19.0766464,72.87866960000001,45.0
32.33,0.5659536354649647,19.0766466,72.8786699,45.0
32.34,0.5629327647035831,19.0766468,72.8786702,45.0
32.35,0.5599194967359639,19.076647,72.8786705,45.0
32.36,0.5569138367252557,19.0766472,72.87867080000001,45.0
32.37,0.5539157898215791,19.0766474,72.8786711,45.0
32.38,0.5509253611620013,19.0766476,72.8786714,45.0
32.39,0.5479425558705425,19.0766478,72.8786717,45.0
32.4,0.5449673790581611,19.076648000000002,72.87867200000001,45.0
32.410000000000004,0.5419998358227363,19.0766482,72.8786723,45.0
32.42,0.5390399312490751,19.0766484,72.8786726,45.0
32.43,0.5360876704088952,19.076648600000002,72.8786729,45.0
32.44,0.5331430583608132,19.0766488,72.87867320000001,45.0
32.45,0.5302061001503378,19.076649,72.8786735,45.0
32.46,0.5272768008098738,19.076649200000002,72.8786738,45.0
32.47,0.5243551653586931,19.0766494,72.8786741,45.0
32.480000000000004,0.5214411988029355,19.0766496,72.87867440000001,45.0
32.49,0.5185349061356059,19.076649800000002,72.8786747,45.0
32.5,0.5156362923365587,19.07665,72.878675,45.0
32.51,0.5127453623724881,19.0766502,72.8786753,45.0
32.52,0.5098621211969206,19.076650400000002,72.87867560000001,45.0
32.53,0.5069865737502177,19.0766506,72.8786759,45.0
32.54,0.5041187249595491,19.0766508,72.8786762,45.0
32.55,0.5012585797388946,19.076651000000002,72.8786765,45.0
32.56,0.49840614298903185,19.0766512,72.87867680000001,45.0
32.57,0.4955614195975405,19.0766514,72.8786771,45.0
32.58,0.49272441443877324,19.0766516,72.8786774,45.0
32.59,0.48989513237385707,19.0766518,72.87867770000001,45.0
32.6,0.48707357825069686,19.076652,72.87867800000001,45.0
32.61,0.48425975690394585,19.0766522,72.8786783,45.0
32.62,0.48145367315500953,19.0766524,72.8786786,45.0
32.63,0.47865533181203235,19.0766526,72.87867890000001,45.0
32.64,0.4758647376699032,19.0766528,72.87867920000001,45.0
32.65,0.4730818955102256,19.076653,72.8786795,45.0
32.660000000000004,0.4703068101013197,19.0766532,72.8786798,45.0
32.67,0.46753948619822683,19.0766534,72.87868010000001,45.0
32.68,0.4647799285426768,19.0766536,72.87868040000001,45.0
32.69,0.4620281418630945,19.0766538,72.8786807,45.0
32.7,0.4592841308745932,19.076654,72.878681,45.0
32.71,0.4565479002789635,19.0766542,72.87868130000001,45.0
32.72,0.45381945476465735,19.0766544,72.87868160000001,45.0
32.730000000000004,0.4510987990067944,19.0766546,72.8786819,45.0
32.74,0.4483859376671451,19.0766548,72.8786822,45.0
32.75,0.4456808753941205,19.076655,72.87868250000001,45.0
32.76,0.44298361682277465,19.0766552,72.8786828,45.0
32.77,0.44029416657478226,19.0766554,72.8786831,45.0
32.78,0.4376125292584476,19.076655600000002,72.8786834,45.0
32.79,0.4349387094686791,19.0766558,72.87868370000001,45.0
32.8,0.43227271178699733,19.076656,72.878684,45.0
32.81,0.4296145407815133,19.076656200000002,72.8786843,45.0
32.82,0.42696420100693244,19.0766564,72.8786846,45.0
32.83,0.42432169700454103,19.0766566,72.87868490000001,45.0
32.84,0.4216870333021949,19.076656800000002,72.8786852,45.0
32.85,0.4190602144143202,19.076657,72.8786855,45.0
32.86,0.4164412448419008,19.0766572,72.8786858,45.0
32.87,0.4138301290724661,19.076657400000002,72.87868610000001,45.0
32.88,0.41122687158009374,19.0766576,72.8786864,45.0
32.89,0.40863147682539624,19.0766578,72.8786867,45.0
32.9,0.4060439492555079,19.076658000000002,72.878687,45.0
32.910000000000004,0.4034642933040894,19.0766582,72.87868730000001,45.0
32.92,0.4008925133913116,19.0766584,72.8786876,45.0
32.93,0.39832861392384844,19.076658600000002,72.8786879,45.0
32.94,0.3957725992948691,19.0766588,72.8786882,45.0
32.95,0.39322447388403736,19.076659,72.87868850000001,45.0
32.96,0.39068424205749797,19.0766592,72.8786888,45.0
32.97,0.3881519081678658,19.0766594,72.8786891,45.0
32.980000000000004,0.38562747655422724,19.0766596,72.8786894,45.0
32.99,0.3831109515421294,19.0766598,72.87868970000001,45.0
33.0,0.38060233744356575,19.07666,72.87869,45.0
33.01,0.37810163855698076,19.0766602,72.8786903,45.0
33.02,0.37560885916725184,19.0766604,72.8786906,45.0
33.03,0.373124003545689,19.0766606,72.87869090000001,45.0
33.04,0.37064707595002633,19.0766608,72.8786912,45.0
33.05,0.3681780806244106,19.076661,72.8786915,45.0
33.06,0.3657170217993949,19.0766612,72.8786918,45.0
33.07,0.36326390369194217,19.0766614,72.87869210000001,45.0
33.08,0.3608187305054006,19.0766616,72.8786924,45.0
33.09,0.3583815064295065,19.0766618,72.8786927,45.0
33.1,0.35595223564037826,19.076662,72.878693,45.0
33.11,0.3535309223005062,19.0766622,72.87869330000001,45.0
33.12,0.3511175705587444,19.0766624,72.8786936,45.0
33.13,0.3487121845503005,19.0766626,72.8786939,45.0
33.14,0.34631476839674546,19.0766628,72.8786942,45.0
33.15,0.34392532620598326,19.076663,72.87869450000001,45.0
33.160000000000004,0.34154386207225385,19.076663200000002,72.8786948,45.0
33.17,0.33917038007613864,19.0766634,72.8786951,45.0
33.18,0.33680488428453004,19.0766636,72.8786954,45.0
33.19,0.33444737875064134,19.076663800000002,72.87869570000001,45.0
33.2,0.33209786751399073,19.076664,72.878696,45.0
33.21,0.32975635460040786,19.0766642,72.8786963,45.0
33.22,0.32742284402200783,19.076664400000002,72.8786966,45.0
33.230000000000004,0.325097339777195,19.0766646,72.87869690000001,45.0
33.24,0.3227798458506631,19.0766648,72.8786972,45.0
33.25,0.3204703662133723,19.076665000000002,72.8786975,45.0
33.26,0.3181689048225522,19.0766652,72.8786978,45.0
33.27,0.3158754656216922,19.0766654,72.87869810000001,45.0
33.28,0.31359005254054273,19.076665600000002,72.8786984,45.0
33.29,0.3113126694950946,19.0766658,72.8786987,45.0
33.3,0.30904332038757976,19.076666,72.878699,45.0
33.31,0.3067820091064677,19.076666200000002,72.87869930000001,45.0
33.32,0.3045287395264551,19.0766664,72.8786996,45.0
33.33,0.3022835155084552,19.0766666,72.8786999,45.0
33.34,0.30004634089959903,19.0766668,72.8787002,45.0
33.35,0.29781721953322626,19.076667,72.87870050000001,45.0
33.36,0.2955961552288727,19.0766672,72.8787008,45.0
33.37,0.29338315179227414,19.0766674,72.8787011,45.0
33.38,0.29117821301534896,19.0766676,72.87870140000001,45.0
33.39,0.28898134267620224,19.0766678,72.87870170000001,45.0
33.4,0.2867925445391084,19.076668,72.878702,45.0
33.410000000000004,0.28461182235451576,19.0766682,72.8787023,45.0
33.42,0.2824391798590331,19.0766684,72.87870260000001,45.0
33.43,0.28027462077542087,19.0766686,72.87870290000001,45.0
33.44,0.27811814881259556,19.0766688,72.8787032,45.0
33.45,0.2759697676656103,19.076669,72.8787035,45.0
33.46,0.27382948101565885,19.0766692,72.87870380000001,45.0
33.47,0.27169729253006536,19.0766694,72.87870410000001,45.0
33.480000000000004,0.2695732058622735,19.0766696,72.8787044,45.0
33.49,0.26745722465184973,19.0766698,72.8787047,45.0
33.5,0.2653493525244721,19.07667,72.87870500000001,45.0
33.51,0.2632495930919182,19.0766702,72.87870530000001,45.0
33.52,0.26115794995207053,19.0766704,72.8787056,45.0
33.53,0.25907442668890446,19.0766706,72.8787059,45.0
33.54,0.25699902687247755,19.076670800000002,72.87870620000001,45.0
33.55,0.25493175405893076,19.076671,72.8787065,45.0
33.56,0.2528726117904806,19.0766712,72.8787068,45.0
33.57,0.2508216035954125,19.076671400000002,72.8787071,45.0
33.58,0.2487787329880703,19.0766716,72.87870740000001,45.0
33.59,0.24674400346885839,19.0766718,72.8787077,45.0
33.6,0.24471741852423234,19.076672000000002,72.878708,45.0
33.61,0.24269898162668724,19.0766722,72.8787083,45.0
33.62,0.24068869623476152,19.0766724,72.87870860000001,45.0
33.63,0.23868656579302316,19.076672600000002,72.8787089,45.0
33.64,0.23669259373206797,19.0766728,72.8787092,45.0
33.65,0.23470678346851515,19.076673,72.8787095,45.0
33.660000000000004,0.23272913840499343,19.076673200000002,72.87870980000001,45.0
33.67,0.23075966193014497,19.0766734,72.8787101,45.0
33.68,0.22879835741861532,19.0766736,72.8787104,45.0
33.69,0.22684522823104514,19.076673800000002,72.8787107,45.0
33.7,0.22490027771406573,19.076674,72.87871100000001,45.0
33.71,0.22296350920030128,19.0766742,72.8787113,45.0
33.72,0.22103492600834995,19.0766744,72.8787116,45.0
33.730000000000004,0.21911453144278448,19.0766746,72.8787119,45.0
33.74,0.21720232879415047,19.0766748,72.87871220000001,45.0
33.75,0.21529832133895588,19.076675,72.8787125,45.0
33.76,0.21340251233966434,19.0766752,72.8787128,45.0
33.77,0.21151490504469073,19.0766754,72.8787131,45.0
33.78,0.20963550268840392,19.0766756,72.87871340000001,45.0
33.79,0.20776430849110572,19.0766758,72.8787137,45.0
33.8,0.20590132565903585,19.076676,72.878714,45.0
33.81,0.20404655738436306,19.0766762,72.8787143,45.0
33.82,0.2022000068451868,19.0766764,72.87871460000001,45.0
33.83,0.2003616772055189,19.0766766,72.8787149,45.0
33.84,0.19853157161528412,19.0766768,72.8787152,45.0
33.85,0.1967096932103235,19.076677,72.8787155,45.0
33.86,0.1948960451123738,19.0766772,72.87871580000001,45.0
33.87,0.19309063042907137,19.0766774,72.8787161,45.0
33.88,0.1912934522539428,19.0766776,72.8787164,45.0
33.89,0.1895045136664092,19.0766778,72.8787167,45.0
33.9,0.18772381773176472,19.076678,72.87871700000001,45.0
33.910000000000004,0.18595136750118146,19.0766782,72.8787173,45.0
33.92,0.18418716601170948,19.076678400000002,72.8787176,45.0
33.93,0.1824312162862568,19.0766786,72.8787179,45.0
33.94,0.18068352133359555,19.0766788,72.87871820000001,45.0
33.95,0.17894408414835306,19.076679000000002,72.8787185,45.0
33.96,0.17721290771101017,19.0766792,72.8787188,45.0
33.97,0.17548999498788687,19.0766794,72.8787191,45.0
33.980000000000004,0.17377534893114943,19.076679600000002,72.87871940000001,45.0
33.99,0.17206897247879716,19.0766798,72.8787197,45.0
34.0,0.17037086855465844,19.07668,72.87872,45.0
34.01,0.1686810400683897,19.076680200000002,72.8787203,45.0
34.02,0.16699948991546365,19.0766804,72.87872060000001,45.0
34.03,0.16532622097717276,19.0766806,72.8787209,45.0
34.04,0.16366123612061634,19.076680800000002,72.8787212,45.0
34.05,0.16200453819870175,19.076681,72.8787215,45.0
34.06,0.16035613005013438,19.0766812,72.87872180000001,45.0
34.07,0.15871601449941763,19.076681400000002,72.8787221,45.0
34.08,0.15708419435684517,19.0766816,72.8787224,45.0
34.09,0.15546067241849482,19.0766818,72.8787227,45.0
34.1,0.15384545146622797,19.076682,72.87872300000001,45.0
34.11,0.15223853426768297,19.0766822,72.8787233,45.0
34.12,0.1506399235762662,19.0766824,72.8787236,45.0
34.13,0.1490496221311549,19.0766826,72.87872390000001,45.0
34.14,0.14746763265728768,19.0766828,72.87872420000001,45.0
34.15,0.14589395786536064,19.076683,72.8787245,45.0
34.160000000000004,0.14432860045181906,19.0766832,72.8787248,45.0
34.17,0.14277156309886518,19.0766834,72.87872510000001,45.0
34.18,0.14122284847443767,19.0766836,72.87872540000001,45.0
34.19,0.13968245923221656,19.0766838,72.8787257,45.0
34.2,0.13815039801161666,19.076684,72.878726,45.0
34.21,0.13662666743778473,19.0766842,72.87872630000001,45.0
34.22,0.13511127012159008,19.0766844,72.87872660000001,45.0
34.230000000000004,0.13360420865962452,19.0766846,72.8787269,45.0
34.24,0.13210548563419855,19.0766848,72.8787272,45.0
34.25,0.13061510361333128,19.076685,72.87872750000001,45.0
34.26,0.12913306515075385,19.0766852,72.87872780000001,45.0
34.27,0.127659372785896,19.0766854,72.8787281,45.0
34.28,0.12619402904389065,19.0766856,72.8787284,45.0
34.29,0.12473703643556544,19.0766858,72.87872870000001,45.0
34.300000000000004,0.12328839745743614,19.076686000000002,72.878729,45.0
34.31,0.12184811459170664,19.0766862,72.8787293,45.0
34.32,0.12041619030626283,19.0766864,72.8787296,45.0
34.33,0.11899262705466762,19.076686600000002,72.87872990000001,45.0
34.34,0.11757742727615705,19.0766868,72.8787302,45.0
34.35,0.11617059339563751,19.076687,72.8787305,45.0
34.36,0.11477212782368185,19.076687200000002,72.8787308,45.0
34.37,0.11338203295652216,19.0766874,72.87873110000001,45.0
34.38,0.11200031117604592,19.0766876,72.8787314,45.0
34.39,0.11062696484979928,19.076687800000002,72.8787317,45.0
34.4,0.10926199633097211,19.076688,72.878732,45.0
34.410000000000004,0.10790540795839909,19.0766882,72.87873230000001,45.0
34.42,0.10655720205656083,19.076688400000002,72.8787326,45.0
34.43,0.10521738093556943,19.0766886,72.8787329,45.0
34.44,0.10388594689117181,19.0766888,72.8787332,45.0
34.45,0.10256290220474251,19.076689000000002,72.87873350000001,45.0
34.46,0.1012482491432859,19.0766892,72.8787338,45.0
34.47,0.09994198995942283,19.0766894,72.8787341,45.0
34.480000000000004,0.09864412689139013,19.0766896,72.8787344,45.0
34.49,0.097354662163045,19.0766898,72.87873470000001,45.0
34.5,0.0960735979838484,19.07669,72.878735,45.0
34.51,0.09480093654886834,19.0766902,72.8787353,45.0
34.52,0.0935366800387738,19.0766904,72.8787356,45.0
34.53,0.09228083061983805,19.0766906,72.87873590000001,45.0
34.54,0.091033390443922,19.0766908,72.8787362,45.0
34.550000000000004,0.08979436164847976,19.076691,72.8787365,45.0
34.56,0.0885637463565564,19.0766912,72.8787368,45.0
34.57,0.0873415466767763,19.0766914,72.87873710000001,45.0
34.58,0.08612776470334316,19.0766916,72.8787374,45.0
34.59,0.08492240251604166,19.0766918,72.8787377,45.0
34.6,0.08372546218022747,19.076692,72.878738,45.0
34.61,0.0825369457468228,19.0766922,72.87873830000001,45.0
34.62,0.08135685525232084,19.0766924,72.8787386,45.0
34.63,0.08018519271877245,19.0766926,72.8787389,45.0
34.64,0.07902196015379115,19.0766928,72.8787392,45.0
34.65,0.07786715955054202,19.076693,72.87873950000001,45.0
34.660000000000004,0.07672079288774614,19.0766932,72.8787398,45.0
34.67,0.07558286212967169,19.0766934,72.8787401,45.0
34.68,0.07445336922613066,19.076693600000002,72.8787404,45.0
34.69,0.07333231611247992,19.0766938,72.87874070000001,45.0
34.7,0.07221970470961181,19.076694,72.878741,45.0
34.71,0.07111553692395634,19.076694200000002,72.8787413,45.0
34.72,0.07001981464747564,19.0766944,72.8787416,45.0
34.730000000000004,0.068932539757659,19.0766946,72.87874190000001,45.0
34.74,0.06785371411752228,19.076694800000002,72.8787422,45.0
34.75,0.06678333957560512,19.076695,72.8787425,45.0
34.76,0.0657214179659632,19.0766952,72.8787428,45.0
34.77,0.06466795110817158,19.076695400000002,72.87874310000001,45.0
34.78,0.06362294080731745,19.0766956,72.8787434,45.0
34.79,0.06258638885399626,19.0766958,72.8787437,45.0
34.800000000000004,0.0615582970243117,19.076696000000002,72.878744,45.0
34.81,0.06053866707987077,19.0766962,72.87874430000001,45.0
34.82,0.059527500767783126,19.0766964,72.8787446,45.0
34.83,0.058524799820653395,19.076696600000002,72.8787449,45.0
34.84,0.057530565956582236,19.0766968,72.8787452,45.0
34.85,0.056544800879163026,19.076697,72.87874550000001,45.0
34.86,0.055567506277476864,19.0766972,72.8787458,45.0
34.87,0.05459868382609201,19.0766974,72.8787461,45.0
34.88,0.05363833518505834,19.0766976,72.87874640000001,45.0
34.89,0.05268646199990734,19.0766978,72.87874670000001,45.0
34.9,0.05174306590164879,19.076698,72.878747,45.0
34.910000000000004,0.05080814850676518,19.0766982,72.8787473,45.0
34.92,0.04988171141721176,19.0766984,72.87874760000001,45.0
34.93,0.04896375622041427,19.0766986,72.87874790000001,45.0
34.94,0.04805428448926341,19.0766988,72.8787482,45.0
34.95,0.047153297782113746,19.076699,72.8787485,45.0
34.96,0.046260797642782014,19.0766992,72.87874880000001,45.0
34.97,0.0453767856005427,19.0766994,72.87874910000001,45.0
34.980000000000004,0.044501263170125815,19.0766996,72.8787494,45.0
34.99,0.04363423185171578,19.0766998,72.8787497,45.0
35.0,0.04277569313094809,19.0767,72.87875000000001,45.0
35.01,0.04192564847890379,19.0767002,72.87875030000001,45.0
35.02,0.0410840993521111,19.0767004,72.8787506,45.0
35.03,0.04025104719254324,19.0767006,72.8787509,45.0
35.04,0.039426493427611176,19.0767008,72.87875120000001,45.0
35.050000000000004,0.03861043947016418,19.076701,72.8787515,45.0
35.06,0.037802886718491524,19.076701200000002,72.8787518,45.0
35.07,0.03700383655631079,19.0767014,72.8787521,45.0
35.08,0.036213290352772876,19.0767016,72.87875240000001,45.0
35.09,0.035431249462455905,19.076701800000002,72.8787527,45.0
35.1,0.034657715225368535,19.076702,72.878753,45.0
35.11,0.033892688966938866,19.0767022,72.8787533,45.0
35.12,0.03313617199801833,19.076702400000002,72.87875360000001,45.0
35.13,0.032388165614877784,19.0767026,72.8787539,45.0
35.14,0.03164867109920755,19.0767028,72.8787542,45.0
35.15,0.030917689718110153,19.076703000000002,72.8787545,45.0
35.160000000000004,0.030195222724101467,19.0767032,72.87875480000001,45.0
35.17,0.029481271355110694,19.0767034,72.8787551,45.0
35.18,0.028775836834473156,19.076703600000002,72.8787554,45.0
35.19,0.028078920370931404,19.0767038,72.8787557,45.0
35.2,0.027390523158632996,19.076704,72.87875600000001,45.0
35.21,0.026710646377128833,19.076704200000002,72.8787563,45.0
35.22,0.02603929119136761,19.0767044,72.8787566,45.0
35.230000000000004,0.025376458751699138,19.0767046,72.8787569,45.0
35.24,0.024722150193868808,19.0767048,72.87875720000001,45.0
35.25,0.02407636663901591,19.076705,72.8787575,45.0
35.26,0.02343910919367309,19.0767052,72.8787578,45.0
35.27,0.022810378949763566,19.0767054,72.8787581,45.0
35.28,0.02219017698460002,19.0767056,72.87875840000001,45.0
35.29,0.021578504360881268,19.0767058,72.8787587,45.0
35.300000000000004,0.020975362126691155,19.076706,72.878759,45.0
35.31,0.020380751315498546,19.0767062,72.8787593,45.0
35.32,0.019794672946152336,19.0767064,72.87875960000001,45.0
35.33,0.019217128022881447,19.0767066,72.8787599,45.0
35.34,0.018648117535293718,19.0767068,72.8787602,45.0
35.35,0.018087642458373132,19.076707,72.8787605,45.0
35.36,0.017535703752478704,19.0767072,72.87876080000001,45.0
35.37,0.01699230236334115,19.0767074,72.8787611,45.0
35.38,0.016457439222065662,19.0767076,72.8787614,45.0
35.39,0.015931115245124694,19.0767078,72.8787617,45.0
35.4,0.01541333133436018,19.076708,72.87876200000001,45.0
35.410000000000004,0.014904088376980762,19.0767082,72.8787623,45.0
35.42,0.014403387245560118,19.0767084,72.8787626,45.0
35.43,0.013911228798036412,19.0767086,72.8787629,45.0
35.44,0.013427613877709521,19.076708800000002,72.87876320000001,45.0
35.45,0.012952543313240472,19.076709,72.8787635,45.0
35.46,0.012486017918649783,19.0767092,72.8787638,45.0
35.47,0.01202803849331524,19.076709400000002,72.8787641,45.0
35.480000000000004,0.011578605821973564,19.0767096,72.87876440000001,45.0
35.49,0.011137720674714302,19.0767098,72.8787647,45.0
35.5,0.010705383806982605,19.076710000000002,72.878765,45.0
35.51,0.01028159595957534,19.0767102,72.8787653,45.0
35.52,0.009866357858642205,19.0767104,72.87876560000001,45.0
35.53,0.009459670215681837,19.076710600000002,72.8787659,45.0
35.54,0.00906153372754237,19.0767108,72.8787662,45.0
35.550000000000004,0.008671949076420327,19.076711,72.8787665,45.0
35.56,0.008290916929858394,19.076711200000002,72.87876680000001,45.0
35.57,0.007918437940743761,19.0767114,72.8787671,45.0
35.58,0.007554512747310338,19.0767116,72.8787674,45.0
35.59,0.007199141973133205,19.0767118,72.8787677,45.0
35.6,0.006852326227130279,19.076712,72.87876800000001,45.0
35.61,0.00651406610356231,19.0767122,72.8787683,45.0
35.62,0.0061843621820273365,19.0767124,72.8787686,45.0
35.63,0.005863215027464008,19.0767126,72.87876890000001,45.0
35.64,0.005550625190149927,19.0767128,72.87876920000001,45.0
35.65,0.0052465932056994236,19.076713,72.8787695,45.0
35.660000000000004,0.004951119595062448,19.0767132,72.8787698,45.0
35.67,0.004664204864525123,19.0767134,72.87877010000001,45.0
35.68,0.004385849505708084,19.0767136,72.87877040000001,45.0
35.69,0.004116053995565916,19.0767138,72.8787707,45.0
35.7,0.003854818796385495,19.076714,72.878771,45.0
35.71,0.0036021443557859856,19.0767142,72.87877130000001,45.0
35.72,0.0033580311067188395,19.0767144,72.87877160000001,45.0
35.730000000000004,0.0031224794674644674,19.0767146,72.8787719,45.0
35.74,0.002895489841635568,19.0767148,72.8787722,45.0
35.75,0.0026770626181715773,19.076715,72.87877250000001,45.0
35.76,0.002467198171342555,19.0767152,72.87877280000001,45.0
35.77,0.0022658968607441876,19.0767154,72.8787731,45.0
35.78,0.0020731590313016746,19.0767156,72.8787734,45.0
35.79,0.0018889850132658426,19.0767158,72.87877370000001,45.0
35.800000000000004,0.0017133751222137006,19.076716,72.878774,45.0
35.81,0.0015463296590484399,19.0767162,72.8787743,45.0
35.82,0.0013878489099972136,19.076716400000002,72.8787746,45.0
35.83,0.001237933146613357,19.0767166,72.87877490000001,45.0
35.84,0.001096582625772502,19.0767168,72.8787752,45.0
35.85,0.0009637975896759077,19.076717000000002,72.8787755,45.0
35.86,0.0008395782658460194,19.0767172,72.8787758,45.0
35.87,0.0007239248671303544,19.0767174,72.87877610000001,45.0
35.88,0.0006168375916970614,19.076717600000002,72.8787764,45.0
35.89,0.0005183166230376957,19.0767178,72.8787767,45.0
35.9,0.00042836212996499867,19.076718,72.878777,45.0
35.910000000000004,0.00034697426661345343,19.076718200000002,72.87877730000001,45.0
35.92,0.0002741531724392843,19.0767184,72.8787776,45.0
35.93,0.00020989897221934672,19.0767186,72.8787779,45.0
35.94,0.00015421177605168257,19.076718800000002,72.8787782,45.0
35.95,0.00010709167935385455,19.076719,72.87877850000001,45.0
35.96,6.853876286627703e-05,19.0767192,72.8787788,45.0
35.97,3.8553092647219955e-05,19.0767194,72.8787791,45.0
35.980000000000004,1.7134720076139587e-05,19.0767196,72.8787794,45.0
35.99,4.283681854233556e-06,19.0767198,72.87877970000001,45.0
36.0,0.0,19.07672,72.87878,45.0
36.01,4.283681854233556e-06,19.0767202,72.8787803,45.0
36.02,1.7134720076139587e-05,19.0767204,72.8787806,45.0
36.03,3.8553092647219955e-05,19.0767206,72.87878090000001,45.0
36.04,6.853876286627703e-05,19.0767208,72.8787812,45.0
36.050000000000004,0.00010709167935385455,19.076721,72.8787815,45.0
36.06,0.00015421177605168257,19.0767212,72.8787818,45.0
36.07,0.00020989897221934672,19.0767214,72.87878210000001,45.0
36.08,0.0002741531724392843,19.0767216,72.8787824,45.0
36.09,0.00034697426661345343,19.0767218,72.8787827,45.0
36.1,0.00042836212996499867,19.076722,72.878783,45.0
36.11,0.0005183166230376957,19.0767222,72.87878330000001,45.0
36.12,0.0006168375916970614,19.0767224,72.8787836,45.0
36.13,0.0007239248671303544,19.0767226,72.8787839,45.0
36.14,0.0008395782658460194,19.0767228,72.8787842,45.0
36.15,0.0009637975896759077,19.076723,72.87878450000001,45.0
36.160000000000004,0.001096582625772502,19.0767232,72.8787848,45.0
36.17,0.001237933146613357,19.0767234,72.8787851,45.0
36.18,0.0013878489099972136,19.0767236,72.8787854,45.0
36.19,0.0015463296590478848,19.0767238,72.87878570000001,45.0
36.2,0.0017133751222137006,19.076724000000002,72.878786,45.0
36.21,0.0018889850132658426,19.0767242,72.8787863,45.0
36.22,0.0020731590313016746,19.0767244,72.8787866,45.0
36.230000000000004,0.0022658968607441876,19.076724600000002,72.87878690000001,45.0
36.24,0.002467198171342555,19.0767248,72.8787872,45.0
36.25,0.0026770626181715773,19.076725,72.8787875,45.0
36.26,0.002895489841635568,19.076725200000002,72.8787878,45.0
36.27,0.0031224794674650225,19.0767254,72.87878810000001,45.0
36.28,0.0033580311067188395,19.0767256,72.8787884,45.0
36.29,0.0036021443557859856,19.076725800000002,72.8787887,45.0
36.300000000000004,0.003854818796385495,19.076726,72.878789,45.0
36.31,0.004116053995565916,19.0767262,72.87878930000001,45.0
36.32,0.004385849505708084,19.076726400000002,72.8787896,45.0
36.33,0.004664204864525123,19.0767266,72.8787899,45.0
36.34,0.004951119595062448,19.0767268,72.8787902,45.0
36.35,0.0052465932056994236,19.076727,72.87879050000001,45.0
36.36,0.005550625190149927,19.0767272,72.8787908,45.0
36.37,0.005863215027464008,19.0767274,72.8787911,45.0
36.38,0.006184362182026781,19.0767276,72.87879140000001,45.0
36.39,0.006514066103561755,19.0767278,72.87879170000001,45.0
36.4,0.006852326227130279,19.076728,72.878792,45.0
36.410000000000004,0.007199141973133205,19.0767282,72.8787923,45.0
36.42,0.007554512747310338,19.0767284,72.87879260000001,45.0
36.43,0.007918437940743761,19.0767286,72.87879290000001,45.0
36.44,0.008290916929858394,19.0767288,72.8787932,45.0
36.45,0.008671949076420327,19.076729,72.8787935,45.0
36.46,0.00906153372754237,19.0767292,72.87879380000001,45.0
36.47,0.009459670215681837,19.0767294,72.87879410000001,45.0
36.480000000000004,0.009866357858642205,19.0767296,72.8787944,45.0
36.49,0.01028159595957534,19.0767298,72.8787947,45.0
36.5,0.01070538380698205,19.07673,72.87879500000001,45.0
36.51,0.011137720674714302,19.0767302,72.87879530000001,45.0
36.52,0.011578605821973564,19.0767304,72.8787956,45.0
36.53,0.01202803849331524,19.0767306,72.8787959,45.0
36.54,0.012486017918649228,19.0767308,72.87879620000001,45.0
36.550000000000004,0.012952543313240472,19.076731,72.8787965,45.0
36.56,0.013427613877709521,19.0767312,72.8787968,45.0
36.57,0.013911228798036412,19.0767314,72.8787971,45.0
36.58,0.014403387245560118,19.076731600000002,72.87879740000001,45.0
36.59,0.014904088376980762,19.0767318,72.8787977,45.0
36.6,0.01541333133436018,19.076732,72.878798,45.0
36.61,0.015931115245124694,19.076732200000002,72.8787983,45.0
36.62,0.016457439222065107,19.0767324,72.87879860000001,45.0
36.63,0.01699230236334115,19.0767326,72.8787989,45.0
36.64,0.01753570375247815,19.076732800000002,72.8787992,45.0
36.65,0.018087642458372577,19.076733,72.8787995,45.0
36.660000000000004,0.018648117535293718,19.0767332,72.87879980000001,45.0
36.67,0.019217128022881447,19.076733400000002,72.8788001,45.0
36.68,0.01979467294615178,19.0767336,72.8788004,45.0
36.69,0.020380751315498546,19.0767338,72.8788007,45.0
36.7,0.02097536212669171,19.076734000000002,72.87880100000001,45.0
36.71,0.021578504360880713,19.0767342,72.8788013,45.0
36.72,0.02219017698460002,19.0767344,72.8788016,45.0
36.730000000000004,0.022810378949763566,19.0767346,72.8788019,45.0
36.74,0.02343910919367309,19.0767348,72.87880220000001,45.0
36.75,0.02407636663901591,19.076735,72.8788025,45.0
36.76,0.024722150193868253,19.0767352,72.8788028,45.0
36.77,0.025376458751699138,19.0767354,72.8788031,45.0
36.78,0.02603929119136761,19.0767356,72.87880340000001,45.0
36.79,0.026710646377128833,19.0767358,72.8788037,45.0
36.800000000000004,0.02739052315863355,19.076736,72.878804,45.0
36.81,0.028078920370931404,19.0767362,72.8788043,45.0
36.82,0.028775836834473156,19.0767364,72.87880460000001,45.0
36.83,0.02948127135511014,19.0767366,72.8788049,45.0
36.84,0.030195222724101467,19.0767368,72.8788052,45.0
36.85,0.030917689718110153,19.076737,72.8788055,45.0
36.86,0.03164867109920755,19.0767372,72.87880580000001,45.0
36.87,0.032388165614877784,19.0767374,72.8788061,45.0
36.88,0.03313617199801833,19.0767376,72.8788064,45.0
36.89,0.03389268896693831,19.0767378,72.8788067,45.0
36.9,0.034657715225368535,19.076738,72.87880700000001,45.0
36.910000000000004,0.035431249462457015,19.0767382,72.8788073,45.0
36.92,0.03621329035277232,19.0767384,72.8788076,45.0
36.93,0.03700383655631023,19.0767386,72.8788079,45.0
36.94,0.03780288671849097,19.0767388,72.87880820000001,45.0
36.95,0.03861043947016529,19.076739,72.8788085,45.0
36.96,0.03942649342761062,19.076739200000002,72.8788088,45.0
36.97,0.04025104719254269,19.0767394,72.8788091,45.0
36.980000000000004,0.04108409935211166,19.0767396,72.87880940000001,45.0
36.99,0.04192564847890379,19.076739800000002,72.8788097,45.0
37.0,0.042775693130947534,19.07674,72.87881,45.0
37.01,0.04363423185171578,19.0767402,72.8788103,45.0
37.02,0.04450126317012637,19.076740400000002,72.87881060000001,45.0
37.03,0.0453767856005427,19.0767406,72.8788109,45.0
37.04,0.04626079764278146,19.0767408,72.8788112,45.0
37.050000000000004,0.0471532977821143,19.076741000000002,72.8788115,45.0
37.06,0.04805428448926341,19.0767412,72.87881180000001,45.0
37.07,0.04896375622041427,19.0767414,72.8788121,45.0
37.08,0.049881711417211205,19.076741600000002,72.8788124,45.0
37.09,0.05080814850676518,19.0767418,72.8788127,45.0
37.1,0.05174306590164879,19.076742,72.87881300000001,45.0
37.11,0.05268646199990734,19.0767422,72.8788133,45.0
37.12,0.05363833518505834,19.0767424,72.8788136,45.0
37.13,0.05459868382609201,19.0767426,72.8788139,45.0
37.14,0.055567506277476864,19.0767428,72.87881420000001,45.0
37.15,0.056544800879163026,19.076743,72.8788145,45.0
37.160000000000004,0.057530565956582236,19.0767432,72.8788148,45.0
37.17,0.05852479982065284,19.0767434,72.87881510000001,45.0
37.18,0.059527500767783126,19.0767436,72.87881540000001,45.0
37.19,0.06053866707987077,19.0767438,72.8788157,45.0
37.2,0.06155829702431115,19.076744,72.878816,45.0
37.21,0.06258638885399626,19.0767442,72.87881630000001,45.0
37.22,0.0636229408073169,19.0767444,72.87881660000001,45.0
37.230000000000004,0.06466795110817214,19.0767446,72.8788169,45.0
37.24,0.0657214179659632,19.0767448,72.8788172,45.0
37.25,0.06678333957560512,19.076745,72.87881750000001,45.0
37.26,0.06785371411752228,19.0767452,72.87881780000001,45.0
37.27,0.06893253975765845,19.0767454,72.8788181,45.0
37.28,0.07001981464747564,19.0767456,72.8788184,45.0
37.29,0.07111553692395578,19.0767458,72.87881870000001,45.0
37.300000000000004,0.07221970470961125,19.076746,72.87881900000001,45.0
37.31,0.07333231611247937,19.0767462,72.8788193,45.0
37.32,0.0744533692261301,19.0767464,72.8788196,45.0
37.33,0.07558286212967114,19.0767466,72.87881990000001,45.0
37.34,0.07672079288774669,19.076746800000002,72.8788202,45.0
37.35,0.07786715955054146,19.076747,72.8788205,45.0
37.36,0.0790219601537906,19.0767472,72.8788208,45.0
37.37,0.08018519271877189,19.076747400000002,72.87882110000001,45.0
37.38,0.08135685525232084,19.0767476,72.8788214,45.0
37.39,0.0825369457468228,19.0767478,72.8788217,45.0
37.4,0.08372546218022692,19.076748000000002,72.878822,45.0
37.410000000000004,0.08492240251604222,19.0767482,72.87882230000001,45.0
37.42,0.08612776470334316,19.0767484,72.8788226,45.0
37.43,0.08734154667677574,19.076748600000002,72.8788229,45.0
37.44,0.0885637463565564,19.0767488,72.8788232,45.0
37.45,0.08979436164848031,19.076749,72.87882350000001,45.0
37.46,0.091033390443922,19.076749200000002,72.8788238,45.0
37.47,0.0922808306198375,19.0767494,72.8788241,45.0
37.480000000000004,0.09353668003877436,19.0767496,72.8788244,45.0
37.49,0.09480093654886779,19.0767498,72.87882470000001,45.0
37.5,0.09607359798384785,19.07675,72.878825,45.0
37.51,0.09735466216304445,19.0767502,72.8788253,45.0
37.52,0.09864412689139179,19.0767504,72.8788256,45.0
37.53,0.09994198995942227,19.0767506,72.87882590000001,45.0
37.54,0.1012482491432859,19.0767508,72.8788262,45.0
37.550000000000004,0.10256290220474418,19.076751,72.8788265,45.0
37.56,0.10388594689117181,19.0767512,72.8788268,45.0
37.57,0.10521738093556887,19.0767514,72.87882710000001,45.0
37.58,0.10655720205656027,19.0767516,72.8788274,45.0
37.59,0.10790540795840076,19.0767518,72.8788277,45.0
37.6,0.10926199633097211,19.076752,72.878828,45.0
37.61,0.11062696484979928,19.0767522,72.87882830000001,45.0
37.62,0.11200031117604536,19.0767524,72.8788286,45.0
37.63,0.1133820329565216,19.0767526,72.8788289,45.0
37.64,0.11477212782368185,19.0767528,72.8788292,45.0
37.65,0.11617059339563696,19.076753,72.87882950000001,45.0
37.660000000000004,0.11757742727615761,19.0767532,72.8788298,45.0
37.67,0.11899262705466707,19.0767534,72.8788301,45.0
37.68,0.12041619030626227,19.0767536,72.8788304,45.0
37.69,0.12184811459170608,19.0767538,72.87883070000001,45.0
37.7,0.1232883974574367,19.076754,72.878831,45.0
37.71,0.12473703643556544,19.0767542,72.8788313,45.0
37.72,0.1261940290438901,19.076754400000002,72.8788316,45.0
37.730000000000004,0.12765937278589656,19.0767546,72.87883190000001,45.0
37.74,0.1291330651507533,19.0767548,72.8788322,45.0
37.75,0.13061510361333073,19.076755000000002,72.8788325,45.0
37.76,0.13210548563419855,19.0767552,72.8788328,45.0
37.77,0.13360420865962508,19.0767554,72.87883310000001,45.0
37.78,0.13511127012158952,19.076755600000002,72.8788334,45.0
37.79,0.13662666743778473,19.0767558,72.8788337,45.0
37.800000000000004,0.13815039801161721,19.076756,72.878834,45.0
37.81,0.139682459232216,19.076756200000002,72.87883430000001,45.0
37.82,0.14122284847443767,19.0767564,72.8788346,45.0
37.83,0.14277156309886463,19.0767566,72.8788349,45.0
37.84,0.1443286004518196,19.076756800000002,72.8788352,45.0
37.85,0.14589395786536008,19.076757,72.87883550000001,45.0
37.86,0.14746763265728713,19.0767572,72.8788358,45.0
37.87,0.14904962213115436,19.0767574,72.8788361,45.0
37.88,0.15063992357626566,19.0767576,72.8788364,45.0
37.89,0.1522385342676824,19.0767578,72.87883670000001,45.0
37.9,0.1538454514662274,19.076758,72.878837,45.0
37.910000000000004,0.15546067241849426,19.0767582,72.8788373,45.0
37.92,0.15708419435684462,19.0767584,72.87883760000001,45.0
37.93,0.15871601449941708,19.0767586,72.87883790000001,45.0
37.94,0.16035613005013383,19.0767588,72.8788382,45.0
37.95,0.16200453819870175,19.076759,72.8788385,45.0
37.96,0.16366123612061578,19.0767592,72.87883880000001,45.0
37.97,0.1653262209771722,19.0767594,72.87883910000001,45.0
37.980000000000004,0.1669994899154642,19.0767596,72.8788394,45.0
37.99,0.16868104006838913,19.0767598,72.8788397,45.0
38.0,0.17037086855465788,19.07676,72.87884000000001,45.0
38.01,0.17206897247879716,19.0767602,72.87884030000001,45.0
38.02,0.17377534893115,19.0767604,72.8788406,45.0
38.03,0.1754899949878863,19.0767606,72.8788409,45.0
38.04,0.17721290771100962,19.0767608,72.87884120000001,45.0
38.050000000000004,0.17894408414835417,19.076761,72.87884150000001,45.0
38.06,0.180683521333595,19.0767612,72.8788418,45.0
38.07,0.1824312162862568,19.0767614,72.8788421,45.0
38.08,0.18418716601170892,19.0767616,72.87884240000001,45.0
38.09,0.18595136750118202,19.0767618,72.8788427,45.0
38.1,0.18772381773176416,19.076762000000002,72.878843,45.0
38.11,0.18950451366640864,19.0767622,72.8788433,45.0
38.12,0.19129345225394223,19.0767624,72.87884360000001,45.0
38.13,0.19309063042907082,19.076762600000002,72.8788439,45.0
38.14,0.19489604511237324,19.0767628,72.8788442,45.0
38.15,0.19670969321032294,19.076763,72.8788445,45.0
38.160000000000004,0.19853157161528578,19.076763200000002,72.87884480000001,45.0
38.17,0.20036167720551834,19.0767634,72.8788451,45.0
38.18,0.20220000684518624,19.0767636,72.8788454,45.0
38.19,0.2040465573843625,19.076763800000002,72.8788457,45.0
38.2,0.2059013256590353,19.076764,72.87884600000001,45.0
38.21,0.20776430849110517,19.0767642,72.8788463,45.0
38.22,0.20963550268840336,19.076764400000002,72.8788466,45.0
38.230000000000004,0.21151490504469295,19.0767646,72.8788469,45.0
38.24,0.21340251233966379,19.0767648,72.87884720000001,45.0
38.25,0.21529832133895532,19.076765,72.8788475,45.0
38.26,0.2172023287941499,19.0767652,72.8788478,45.0
38.27,0.21911453144278503,19.0767654,72.8788481,45.0
38.28,0.2210349260083494,19.0767656,72.87884840000001,45.0
38.29,0.22296350920030072,19.0767658,72.8788487,45.0
38.300000000000004,0.22490027771406795,19.076766,72.878849,45.0
38.31,0.22684522823104514,19.0767662,72.8788493,45.0
38.32,0.22879835741861476,19.0767664,72.87884960000001,45.0
38.33,0.2307596619301444,19.0767666,72.8788499,45.0
38.34,0.23272913840499398,19.0767668,72.8788502,45.0
38.35,0.2347067834685146,19.076767,72.8788505,45.0
38.36,0.2366925937320674,19.0767672,72.87885080000001,45.0
38.37,0.23868656579302205,19.0767674,72.8788511,45.0
38.38,0.24068869623476097,19.0767676,72.8788514,45.0
38.39,0.24269898162668668,19.0767678,72.8788517,45.0
38.4,0.2447174185242318,19.076768,72.87885200000001,45.0
38.410000000000004,0.2467440034688595,19.0767682,72.8788523,45.0
38.42,0.24877873298806974,19.0767684,72.8788526,45.0
38.43,0.25082160359541195,19.0767686,72.8788529,45.0
38.44,0.25287261179048004,19.0767688,72.87885320000001,45.0
38.45,0.2549317540589302,19.076769,72.8788535,45.0
38.46,0.256999026872477,19.0767692,72.8788538,45.0
38.47,0.2590744266889039,19.0767694,72.8788541,45.0
38.480000000000004,0.26115794995207164,19.076769600000002,72.87885440000001,45.0
38.49,0.26324959309191764,19.0767698,72.8788547,45.0
38.5,0.26534935252447156,19.07677,72.878855,45.0
38.51,0.2674572246518492,19.076770200000002,72.8788553,45.0
38.52,0.26957320586227296,19.0767704,72.87885560000001,45.0
38.53,0.27169729253006425,19.0767706,72.8788559,45.0
38.54,0.2738294810156583,19.076770800000002,72.8788562,45.0
38.550000000000004,0.27596976766560977,19.076771,72.8788565,45.0
38.56,0.278118148812595,19.0767712,72.87885680000001,45.0
38.57,0.2802746207754203,19.076771400000002,72.8788571,45.0
38.58,0.28243917985903255,19.0767716,72.8788574,45.0
38.59,0.2846118223545163,19.0767718,72.8788577,45.0
38.6,0.28679254453910785,19.076772000000002,72.87885800000001,45.0
38.61,0.2889813426762017,19.0767722,72.8788583,45.0
38.62,0.29117821301534785,19.0767724,72.8788586,45.0
38.63,0.2933831517922736,19.0767726,72.8788589,45.0
38.64,0.29559615522887217,19.0767728,72.87885920000001,45.0
38.65,0.2978172195332257,19.076773,72.8788595,45.0
38.660000000000004,0.30004634089960014,19.0767732,72.8788598,45.0
38.67,0.30228351550845467,19.0767734,72.87886010000001,45.0
38.68,0.30452873952645454,19.0767736,72.87886040000001,45.0
38.69,0.30678200910646714,19.0767738,72.8788607,45.0
38.7,0.3090433203875792,19.076774,72.878861,45.0
38.71,0.31131266949509406,19.0767742,72.87886130000001,45.0
38.72,0.3135900525405422,19.0767744,72.87886160000001,45.0
38.730000000000004,0.3158754656216928,19.0767746,72.8788619,45.0
38.74,0.31816890482255167,19.0767748,72.8788622,45.0
38.75,0.32047036621337177,19.076775,72.87886250000001,45.0
38.76,0.32277984585066255,19.0767752,72.87886280000001,45.0
38.77,0.32509733977719724,19.0767754,72.8788631,45.0
38.78,0.3274228440220073,19.0767756,72.8788634,45.0
38.79,0.32975635460040675,19.0767758,72.87886370000001,45.0
38.800000000000004,0.3320978675139913,19.076776,72.87886400000001,45.0
38.81,0.3344473787506408,19.0767762,72.8788643,45.0
38.82,0.3368048842845295,19.0767764,72.8788646,45.0
38.83,0.33917038007613753,19.0767766,72.87886490000001,45.0
38.84,0.3415438620722566,19.0767768,72.8788652,45.0
38.85,0.34392532620598215,19.076777,72.8788655,45.0
38.86,0.3463147683967449,19.076777200000002,72.8788658,45.0
38.87,0.34871218455029995,19.0767774,72.87886610000001,45.0
38.88,0.3511175705587438,19.0767776,72.8788664,45.0
38.89,0.35353092230050565,19.076777800000002,72.8788667,45.0
38.9,0.3559522356403777,19.076778,72.878867,45.0
38.910000000000004,0.3583815064295076,19.0767782,72.87886730000001,45.0
38.92,0.36081873050540003,19.076778400000002,72.8788676,45.0
38.93,0.3632639036919416,19.0767786,72.8788679,45.0
38.94,0.3657170217993938,19.0767788,72.8788682,45.0
38.95,0.36817808062441004,19.076779000000002,72.87886850000001,45.0
38.96,0.3706470759500258,19.0767792,72.8788688,45.0
38.97,0.37312400354568787,19.0767794,72.8788691,45.0
38.980000000000004,0.3756088591672524,19.076779600000002,72.8788694,45.0
38.99,0.3781016385569802,19.0767798,72.87886970000001,45.0
39.0,0.3806023374435652,19.07678,72.87887,45.0
39.01,0.3831109515421288,19.0767802,72.8788703,45.0
39.02,0.38562747655422835,19.0767804,72.8788706,45.0
39.03,0.38815190816786527,19.0767806,72.87887090000001,45.0
39.04,0.3906842420574974,19.0767808,72.8788712,45.0
39.050000000000004,0.3932244738840385,19.076781,72.8788715,45.0
39.06,0.3957725992948685,19.0767812,72.8788718,45.0
39.07,0.39832861392384733,19.0767814,72.87887210000001,45.0
39.08,0.40089251339131105,19.0767816,72.8788724,45.0
39.09,0.4034642933040905,19.0767818,72.8788727,45.0
39.1,0.40604394925550735,19.076782,72.878873,45.0
39.11,0.40863147682539513,19.0767822,72.87887330000001,45.0
39.12,0.41122687158009263,19.0767824,72.8788736,45.0
39.13,0.41383012907246497,19.0767826,72.8788739,45.0
39.14,0.4164412448418997,19.0767828,72.8788742,45.0
39.15,0.4190602144143196,19.076783,72.87887450000001,45.0
39.160000000000004,0.42168703330219437,19.0767832,72.8788748,45.0
39.17,0.4243216970045405,19.0767834,72.8788751,45.0
39.18,0.42696420100693133,19.0767836,72.8788754,45.0
39.19,0.4296145407815122,19.0767838,72.87887570000001,45.0
39.2,0.4322727117869962,19.076784,72.878876,45.0
39.21,0.43493870946867796,19.0767842,72.8788763,45.0
39.22,0.43761252925844707,19.0767844,72.8788766,45.0
39.230000000000004,0.4402941665747834,19.0767846,72.87887690000001,45.0
39.24,0.4429836168227741,19.076784800000002,72.8788772,45.0
39.25,0.44568087539411994,19.076785,72.8788775,45.0
39.26,0.4483859376671445,19.0767852,72.8788778,45.0
39.27,0.4510987990067955,19.076785400000002,72.87887810000001,45.0
39.28,0.4538194547646568,19.0767856,72.8788784,45.0
39.29,0.4565479002789624,19.0767858,72.8788787,45.0
39.300000000000004,0.4592841308745943,19.076786000000002,72.878879,45.0
39.31,0.4620281418630934,19.0767862,72.87887930000001,45.0
39.32,0.4647799285426757,19.0767864,72.8788796,45.0
39.33,0.4675394861982263,19.076786600000002,72.8788799,45.0
39.34,0.4703068101013208,19.0767868,72.8788802,45.0
39.35,0.4730818955102245,19.076787,72.87888050000001,45.0
39.36,0.4758647376699021,19.076787200000002,72.8788808,45.0
39.37,0.47865533181203124,19.0767874,72.8788811,45.0
39.38,0.4814536731550084,19.0767876,72.8788814,45.0
39.39,0.48425975690394474,19.0767878,72.87888170000001,45.0
39.4,0.4870735782506963,19.076788,72.878882,45.0
39.410000000000004,0.4898951323738582,19.0767882,72.8788823,45.0
39.42,0.49272441443877213,19.0767884,72.87888260000001,45.0
39.43,0.49556141959753996,19.0767886,72.87888290000001,45.0
39.44,0.49840614298903074,19.0767888,72.8788832,45.0
39.45,0.5012585797388941,19.076789,72.8788835,45.0
39.46,0.5041187249595486,19.0767892,72.87888380000001,45.0
39.47,0.5069865737502172,19.0767894,72.87888410000001,45.0
39.480000000000004,0.5098621211969234,19.0767896,72.8788844,45.0
39.49,0.5127453623724876,19.0767898,72.8788847,45.0
39.5,0.5156362923365582,19.07679,72.87888500000001,45.0
39.51,0.5185349061356048,19.0767902,72.87888530000001,45.0
39.52,0.5214411988029366,19.0767904,72.8788856,45.0
39.53,0.5243551653586925,19.0767906,72.8788859,45.0
39.54,0.5272768008098733,19.0767908,72.87888620000001,45.0
39.550000000000004,0.5302061001503411,19.076791,72.87888650000001,45.0
39.56,0.5331430583608127,19.0767912,72.8788868,45.0
39.57,0.5360876704088946,19.0767914,72.8788871,45.0
39.58,0.5390399312490746,19.0767916,72.87888740000001,45.0
39.59,0.5419998358227374,19.0767918,72.8788877,45.0
39.6,0.54496737905816,19.076792,72.878888,45.0
39.61,0.547942555870542,19.0767922,72.8788883,45.0
39.62,0.5509253611620002,19.076792400000002,72.87888860000001,45.0
39.63,0.553915789821578,19.0767926,72.8788889,45.0
39.64,0.5569138367252546,19.0767928,72.8788892,45.0
39.65,0.5599194967359628,19.076793000000002,72.8788895,45.0
39.660000000000004,0.5629327647035842,19.0767932,72.87888980000001,45.0
39.67,0.5659536354649641,19.0767934,72.8788901,45.0
39.68,0.5689821038439263,19.076793600000002,72.8788904,45.0
39.69,0.5720181646512695,19.0767938,72.8788907,45.0
39.7,0.5750618126847906,19.076794,72.87889100000001,45.0
39.71,0.5781130427292763,19.076794200000002,72.8788913,45.0
39.72,0.5811718495565321,19.0767944,72.8788916,45.0
39.730000000000004,0.5842382279253738,19.0767946,72.8788919,45.0
39.74,0.5873121725816433,19.076794800000002,72.87889220000001,45.0
39.75,0.5903936782582248,19.076795,72.8788925,45.0
39.76,0.5934827396750375,19.0767952,72.8788928,45.0
39.77,0.5965793515390633,19.0767954,72.8788931,45.0
39.78,0.5996835085443408,19.0767956,72.87889340000001,45.0
39.79,0.6027952053719782,19.0767958,72.8788937,45.0
39.800000000000004,0.6059144366901731,19.076796,72.878894,45.0
39.81,0.6090411971542048,19.0767962,72.8788943,45.0
39.82,0.6121754814064528,19.0767964,72.87889460000001,45.0
39.83,0.615317284076411,19.0767966,72.8788949,45.0
39.84,0.6184665997806832,19.0767968,72.8788952,45.0
39.85,0.6216234231230011,19.076797,72.8788955,45.0
39.86,0.6247877486942366,19.0767972,72.87889580000001,45.0
39.87,0.6279595710724051,19.0767974,72.8788961,45.0
39.88,0.6311388848226746,19.0767976,72.8788964,45.0
39.89,0.6343256844973738,19.0767978,72.8788967,45.0
39.9,0.6375199646360147,19.076798,72.87889700000001,45.0
39.910000000000004,0.6407217197652815,19.0767982,72.8788973,45.0
39.92,0.6439309443990526,19.0767984,72.8788976,45.0
39.93,0.6471476330384129,19.0767986,72.8788979,45.0
39.94,0.6503717801716508,19.0767988,72.87889820000001,45.0
39.95,0.6536033802742819,19.076799,72.8788985,45.0
39.96,0.6568424278090451,19.0767992,72.8788988,45.0
39.97,0.6600889172259183,19.0767994,72.8788991,45.0
39.980000000000004,0.6633428429621352,19.0767996,72.87889940000001,45.0
39.99,0.6666041994421806,19.0767998,72.8788997,45.0
40.0,0.669872981077807,19.076800000000002,72.8789,45.0
40.01,0.0,19.0768002,72.8789003,45.0
40.02,0.0,19.0768004,72.87890060000001,45.0
40.03,0.0,19.076800600000002,72.8789009,45.0
40.04,0.0,19.0768008,72.8789012,45.0
40.050000000000004,0.0,19.076801,72.8789015,45.0
40.06,0.0,19.076801200000002,72.87890180000001,45.0
40.07,0.0,19.0768014,72.8789021,45.0
40.08,0.0,19.0768016,72.8789024,45.0
40.09,0.0,19.076801800000002,72.8789027,45.0
40.1,0.0,19.076802,72.87890300000001,45.0
40.11,0.0,19.0768022,72.8789033,45.0
40.12,0.0,19.076802400000002,72.8789036,45.0
40.13,0.0,19.0768026,72.8789039,45.0
40.14,0.0,19.0768028,72.87890420000001,45.0
40.15,0.0,19.076803,72.8789045,45.0
40.160000000000004,0.0,19.0768032,72.8789048,45.0
40.17,0.0,19.0768034,72.87890510000001,45.0
40.18,0.0,19.0768036,72.87890540000001,45.0
40.19,0.0,19.0768038,72.8789057,45.0
40.2,0.0,19.076804,72.878906,45.0
40.21,0.0,19.0768042,72.87890630000001,45.0
40.22,0.0,19.0768044,72.87890660000001,45.0
40.230000000000004,0.0,19.0768046,72.8789069,45.0
40.24,0.0,19.0768048,72.8789072,45.0
40.25,0.0,19.076805,72.87890750000001,45.0
40.26,0.0,19.0768052,72.87890780000001,45.0
40.27,0.0,19.0768054,72.8789081,45.0
40.28,0.0,19.0768056,72.8789084,45.0
40.29,0.0,19.0768058,72.87890870000001,45.0
40.300000000000004,0.0,19.076806,72.87890900000001,45.0
40.31,0.0,19.0768062,72.8789093,45.0
40.32,0.0,19.0768064,72.8789096,45.0
40.33,0.0,19.0768066,72.87890990000001,45.0
40.34,0.0,19.0768068,72.8789102,45.0
40.35,0.0,19.076807,72.8789105,45.0
40.36,0.0,19.0768072,72.8789108,45.0
40.37,0.0,19.0768074,72.87891110000001,45.0
40.38,0.0,19.076807600000002,72.8789114,45.0
40.39,0.0,19.0768078,72.8789117,45.0
40.4,0.0,19.076808,72.878912,45.0
40.410000000000004,0.0,19.076808200000002,72.87891230000001,45.0
40.42,0.0,19.0768084,72.8789126,45.0
40.43,0.0,19.0768086,72.8789129,45.0
40.44,0.0,19.076808800000002,72.8789132,45.0
40.45,0.0,19.076809,72.87891350000001,45.0
40.46,0.0,19.0768092,72.8789138,45.0
40.47,0.0,19.076809400000002,72.8789141,45.0
40.480000000000004,0.0,19.0768096,72.8789144,45.0
40.49,0.0,19.0768098,72.87891470000001,45.0
40.5,0.0,19.076810000000002,72.878915,45.0
40.51,0.0,19.0768102,72.8789153,45.0
40.52,0.0,19.0768104,72.8789156,45.0
40.53,0.0,19.0768106,72.87891590000001,45.0
40.54,0.0,19.0768108,72.8789162,45.0
40.550000000000004,0.0,19.076811,72.8789165,45.0
40.56,0.0,19.0768112,72.8789168,45.0
40.57,0.0,19.0768114,72.87891710000001,45.0
40.58,0.0,19.0768116,72.8789174,45.0
40.59,0.0,19.0768118,72.8789177,45.0
40.6,0.0,19.076812,72.878918,45.0
40.61,0.0,19.0768122,72.87891830000001,45.0
40.62,0.0,19.0768124,72.8789186,45.0
40.63,0.0,19.0768126,72.8789189,45.0
40.64,0.0,19.0768128,72.8789192,45.0
40.65,0.0,19.076813,72.87891950000001,45.0
40.660000000000004,0.0,19.0768132,72.8789198,45.0
40.67,0.0,19.0768134,72.8789201,45.0
40.68,0.0,19.0768136,72.8789204,45.0
40.69,0.0,19.0768138,72.87892070000001,45.0
40.7,0.0,19.076814,72.878921,45.0
40.71,0.0,19.0768142,72.8789213,45.0
40.72,0.0,19.0768144,72.8789216,45.0
40.730000000000004,0.0,19.076814600000002,72.87892190000001,45.0
40.74,0.0,19.0768148,72.8789222,45.0
40.75,0.0,19.076815,72.8789225,45.0
40.76,0.0,19.076815200000002,72.8789228,45.0
40.77,0.0,19.0768154,72.87892310000001,45.0
40.78,0.0,19.0768156,72.8789234,45.0
40.79,0.0,19.076815800000002,72.8789237,45.0
40.800000000000004,0.0,19.076816,72.878924,45.0
40.81,0.0,19.0768162,72.87892430000001,45.0
40.82,0.0,19.076816400000002,72.8789246,45.0
40.83,0.0,19.0768166,72.8789249,45.0
40.84,0.0,19.0768168,72.8789252,45.0
40.85,0.0,19.076817000000002,72.87892550000001,45.0
40.86,0.0,19.0768172,72.8789258,45.0
40.87,0.0,19.0768174,72.8789261,45.0
40.88,0.0,19.076817600000002,72.8789264,45.0
40.89,0.0,19.0768178,72.87892670000001,45.0
40.9,0.0,19.076818,72.878927,45.0
40.910000000000004,0.0,19.0768182,72.8789273,45.0
40.92,0.0,19.0768184,72.87892760000001,45.0
40.93,0.0,19.0768186,72.87892790000001,45.0
40.94,0.0,19.0768188,72.8789282,45.0
40.95,0.0,19.076819,72.8789285,45.0
40.96,0.0,19.0768192,72.87892880000001,45.0
40.97,0.0,19.0768194,72.87892910000001,45.0
40.980000000000004,0.0,19.0768196,72.8789294,45.0
40.99,0.0,19.0768198,72.8789297,45.0
41.0,0.0,19.07682,72.87893000000001,45.0
41.01,0.0,19.0768202,72.87893030000001,45.0
41.02,0.0,19.0768204,72.8789306,45.0
41.03,0.0,19.0768206,72.8789309,45.0
41.04,0.0,19.0768208,72.87893120000001,45.0
41.050000000000004,0.0,19.076821,72.87893150000001,45.0
41.06,0.0,19.0768212,72.8789318,45.0
41.07,0.0,19.0768214,72.8789321,45.0
41.08,0.0,19.0768216,72.87893240000001,45.0
41.09,0.0,19.0768218,72.87893270000001,45.0
41.1,0.0,19.076822,72.878933,45.0
41.11,0.0,19.076822200000002,72.8789333,45.0
41.12,0.0,19.0768224,72.87893360000001,45.0
41.13,0.0,19.0768226,72.8789339,45.0
41.14,0.0,19.076822800000002,72.8789342,45.0
41.15,0.0,19.076823,72.8789345,45.0
41.160000000000004,0.0,19.0768232,72.87893480000001,45.0
41.17,0.0,19.076823400000002,72.8789351,45.0
41.18,0.0,19.0768236,72.8789354,45.0
41.19,0.0,19.0768238,72.8789357,45.0
41.2,0.0,19.076824000000002,72.87893600000001,45.0
41.21,0.0,19.0768242,72.8789363,45.0
41.22,0.0,19.0768244,72.8789366,45.0
41.230000000000004,0.0,19.076824600000002,72.8789369,45.0
41.24,0.0,19.0768248,72.87893720000001,45.0
41.25,0.0,19.076825,72.8789375,45.0
41.26,0.0,19.076825200000002,72.8789378,45.0
41.27,0.0,19.0768254,72.8789381,45.0
41.28,0.0,19.0768256,72.87893840000001,45.0
41.29,0.0,19.0768258,72.8789387,45.0
41.300000000000004,0.0,19.076826,72.878939,45.0
41.31,0.0,19.0768262,72.8789393,45.0
41.32,0.0,19.0768264,72.87893960000001,45.0
41.33,0.0,19.0768266,72.8789399,45.0
41.34,0.0,19.0768268,72.8789402,45.0
41.35,0.0,19.076827,72.8789405,45.0
41.36,0.0,19.0768272,72.87894080000001,45.0
41.37,0.0,19.0768274,72.8789411,45.0
41.38,0.0,19.0768276,72.8789414,45.0
41.39,0.0,19.0768278,72.8789417,45.0
41.4,0.0,19.076828,72.87894200000001,45.0
41.410000000000004,0.0,19.0768282,72.8789423,45.0
41.42,0.0,19.0768284,72.8789426,45.0
41.43,0.0,19.0768286,72.8789429,45.0
41.44,0.0,19.0768288,72.87894320000001,45.0
41.45,0.0,19.076829,72.8789435,45.0
41.46,0.0,19.0768292,72.8789438,45.0
41.47,0.0,19.0768294,72.8789441,45.0
41.480000000000004,0.0,19.0768296,72.87894440000001,45.0
41.49,0.0,19.076829800000002,72.8789447,45.0
41.5,0.0,19.07683,72.878945,45.0
41.51,0.0,19.0768302,72.8789453,45.0
41.52,0.0,19.076830400000002,72.87894560000001,45.0
41.53,0.0,19.0768306,72.8789459,45.0
41.54,0.0,19.0768308,72.8789462,45.0
41.550000000000004,0.0,19.076831000000002,72.8789465,45.0
41.56,0.0,19.0768312,72.87894680000001,45.0
41.57,0.0,19.0768314,72.8789471,45.0
41.58,0.0,19.076831600000002,72.8789474,45.0
41.59,0.0,19.0768318,72.8789477,45.0
41.6,0.0,19.076832,72.87894800000001,45.0
41.61,0.0,19.076832200000002,72.8789483,45.0
41.62,0.0,19.0768324,72.8789486,45.0
41.63,0.0,19.0768326,72.8789489,45.0
41.64,0.0,19.076832800000002,72.87894920000001,45.0
41.65,0.0,19.076833,72.8789495,45.0
41.660000000000004,0.0,19.0768332,72.8789498,45.0
41.67,0.0,19.0768334,72.8789501,45.0
41.68,0.0,19.0768336,72.87895040000001,45.0
41.69,0.0,19.0768338,72.8789507,45.0
41.7,0.0,19.076834,72.878951,45.0
41.71,0.0,19.0768342,72.87895130000001,45.0
41.72,0.0,19.0768344,72.87895160000001,45.0
41.730000000000004,0.0,19.0768346,72.8789519,45.0
41.74,0.0,19.0768348,72.8789522,45.0
41.75,0.0,19.076835,72.87895250000001,45.0
41.76,0.0,19.0768352,72.87895280000001,45.0
41.77,0.0,19.0768354,72.8789531,45.0
41.78,0.0,19.0768356,72.8789534,45.0
41.79,0.0,19.0768358,72.87895370000001,45.0
41.800000000000004,0.0,19.076836,72.87895400000001,45.0
41.81,0.0,19.0768362,72.8789543,45.0
41.82,0.0,19.0768364,72.8789546,45.0
41.83,0.0,19.0768366,72.87895490000001,45.0
41.84,0.0,19.0768368,72.87895520000001,45.0
41.85,0.0,19.076837,72.8789555,45.0
41.86,0.0,19.0768372,72.8789558,45.0
41.87,0.0,19.076837400000002,72.87895610000001,45.0
41.88,0.0,19.0768376,72.8789564,45.0
41.89,0.0,19.0768378,72.8789567,45.0
41.9,0.0,19.076838000000002,72.878957,45.0
41.910000000000004,0.0,19.0768382,72.87895730000001,45.0
41.92,0.0,19.0768384,72.8789576,45.0
41.93,0.0,19.076838600000002,72.8789579,45.0
41.94,0.0,19.0768388,72.8789582,45.0
41.95,0.0,19.076839,72.87895850000001,45.0
41.96,0.0,19.076839200000002,72.8789588,45.0
41.97,0.0,19.0768394,72.8789591,45.0
41.980000000000004,0.0,19.0768396,72.8789594,45.0
41.99,0.0,19.076839800000002,72.87895970000001,45.0
42.0,0.0,19.07684,72.87896,45.0
42.01,0.0,19.0768402,72.8789603,45.0
42.02,0.0,19.076840400000002,72.8789606,45.0
42.03,0.0,19.0768406,72.87896090000001,45.0
42.04,0.0,19.0768408,72.8789612,45.0
42.050000000000004,0.0,19.076841,72.8789615,45.0
42.06,0.0,19.0768412,72.8789618,45.0
42.07,0.0,19.0768414,72.87896210000001,45.0
42.08,0.0,19.0768416,72.8789624,45.0
42.09,0.0,19.0768418,72.8789627,45.0
42.1,0.0,19.076842,72.878963,45.0
42.11,0.0,19.0768422,72.87896330000001,45.0
42.12,0.0,19.0768424,72.8789636,45.0
42.13,0.0,19.0768426,72.8789639,45.0
42.14,0.0,19.0768428,72.8789642,45.0
42.15,0.0,19.076843,72.87896450000001,45.0
42.160000000000004,0.0,19.0768432,72.8789648,45.0
42.17,0.0,19.0768434,72.8789651,45.0
42.18,0.0,19.0768436,72.8789654,45.0
42.19,0.0,19.0768438,72.87896570000001,45.0
42.2,0.0,19.076844,72.878966,45.0
42.21,0.0,19.0768442,72.8789663,45.0
42.22,0.0,19.0768444,72.8789666,45.0
42.230000000000004,0.0,19.0768446,72.87896690000001,45.0
42.24,0.0,19.0768448,72.8789672,45.0
42.25,0.0,19.076845000000002,72.8789675,45.0
42.26,0.0,19.0768452,72.8789678,45.0
42.27,0.0,19.0768454,72.87896810000001,45.0
42.28,0.0,19.076845600000002,72.8789684,45.0
42.29,0.0,19.0768458,72.8789687,45.0
42.300000000000004,0.0,19.076846,72.878969,45.0
42.31,0.0,19.076846200000002,72.87896930000001,45.0
42.32,0.0,19.0768464,72.8789696,45.0
42.33,0.0,19.0768466,72.8789699,45.0
42.34,0.0,19.076846800000002,72.8789702,45.0
42.35,0.0,19.076847,72.87897050000001,45.0
42.36,0.0,19.0768472,72.8789708,45.0
42.37,0.0,19.076847400000002,72.8789711,45.0
42.38,0.0,19.0768476,72.8789714,45.0
42.39,0.0,19.0768478,72.87897170000001,45.0
42.4,0.0,19.076848000000002,72.878972,45.0
42.410000000000004,0.0,19.0768482,72.8789723,45.0
42.42,0.0,19.0768484,72.8789726,45.0
42.43,0.0,19.0768486,72.87897290000001,45.0
42.44,0.0,19.0768488,72.8789732,45.0
42.45,0.0,19.076849,72.8789735,45.0
42.46,0.0,19.0768492,72.87897380000001,45.0
42.47,0.0,19.0768494,72.87897410000001,45.0
42.480000000000004,0.0,19.0768496,72.8789744,45.0
42.49,0.0,19.0768498,72.8789747,45.0
42.5,0.0,19.07685,72.87897500000001,45.0
42.51,0.0,19.0768502,72.87897530000001,45.0
42.52,0.0,19.0768504,72.8789756,45.0
42.53,0.0,19.0768506,72.8789759,45.0
42.54,0.0,19.0768508,72.87897620000001,45.0
42.550000000000004,0.0,19.076851,72.87897650000001,45.0
42.56,0.0,19.0768512,72.8789768,45.0
42.57,0.0,19.0768514,72.8789771,45.0
42.58,0.0,19.0768516,72.87897740000001,45.0
42.59,0.0,19.0768518,72.87897770000001,45.0
42.6,0.0,19.076852,72.878978,45.0
42.61,0.0,19.0768522,72.8789783,45.0
42.62,0.0,19.0768524,72.87897860000001,45.0
42.63,0.0,19.076852600000002,72.8789789,45.0
42.64,0.0,19.0768528,72.8789792,45.0
42.65,0.0,19.076853,72.8789795,45.0
42.660000000000004,0.0,19.076853200000002,72.87897980000001,45.0
42.67,0.0,19.0768534,72.8789801,45.0
42.68,0.0,19.0768536,72.8789804,45.0
42.69,0.0,19.076853800000002,72.8789807,45.0
42.7,0.0,19.076854,72.87898100000001,45.0
42.71,0.0,19.0768542,72.8789813,45.0
42.72,0.0,19.076854400000002,72.8789816,45.0
42.730000000000004,0.0,19.0768546,72.8789819,45.0
42.74,0.0,19.0768548,72.87898220000001,45.0
42.75,0.0,19.076855000000002,72.8789825,45.0
42.76,0.0,19.0768552,72.8789828,45.0
42.77,0.0,19.0768554,72.8789831,45.0
42.78,0.0,19.076855600000002,72.87898340000001,45.0
42.79,0.0,19.0768558,72.8789837,45.0
42.800000000000004,0.0,19.076856,72.878984,45.0
42.81,0.0,19.0768562,72.8789843,45.0
42.82,0.0,19.0768564,72.87898460000001,45.0
42.83,0.0,19.0768566,72.8789849,45.0
42.84,0.0,19.0768568,72.8789852,45.0
42.85,0.0,19.076857,72.8789855,45.0
42.86,0.0,19.0768572,72.87898580000001,45.0
42.87,0.0,19.0768574,72.8789861,45.0
42.88,0.0,19.0768576,72.8789864,45.0
42.89,0.0,19.0768578,72.8789867,45.0
42.9,0.0,19.076858,72.87898700000001,45.0
42.910000000000004,0.0,19.0768582,72.8789873,45.0
42.92,0.0,19.0768584,72.8789876,45.0
42.93,0.0,19.0768586,72.8789879,45.0
42.94,0.0,19.0768588,72.87898820000001,45.0
42.95,0.0,19.076859,72.8789885,45.0
42.96,0.0,19.0768592,72.8789888,45.0
42.97,0.0,19.0768594,72.8789891,45.0
42.980000000000004,0.0,19.0768596,72.87898940000001,45.0
42.99,0.0,19.0768598,72.8789897,45.0
43.0,0.0,19.07686,72.87899,45.0
43.01,0.0,19.076860200000002,72.8789903,45.0
43.02,0.0,19.0768604,72.87899060000001,45.0
43.03,0.0,19.0768606,72.8789909,45.0
43.04,0.0,19.076860800000002,72.8789912,45.0
43.050000000000004,0.0,19.076861,72.8789915,45.0
43.06,0.0,19.0768612,72.87899180000001,45.0
43.07,0.0,19.076861400000002,72.8789921,45.0
43.08,0.0,19.0768616,72.8789924,45.0
43.09,0.0,19.0768618,72.8789927,45.0
43.1,0.0,19.076862000000002,72.87899300000001,45.0
43.11,0.0,19.0768622,72.8789933,45.0
43.12,0.0,19.0768624,72.8789936,45.0
43.13,0.0,19.076862600000002,72.8789939,45.0
43.14,0.0,19.0768628,72.87899420000001,45.0
43.15,0.0,19.076863,72.8789945,45.0
43.160000000000004,0.0,19.076863200000002,72.8789948,45.0
43.17,0.0,19.0768634,72.8789951,45.0
43.18,0.0,19.0768636,72.87899540000001,45.0
43.19,0.0,19.0768638,72.8789957,45.0
43.2,0.0,19.076864,72.878996,45.0
43.21,0.0,19.0768642,72.87899630000001,45.0
43.22,0.0,19.0768644,72.87899660000001,45.0
43.230000000000004,0.0,19.0768646,72.8789969,45.0
43.24,0.0,19.0768648,72.8789972,45.0
43.25,0.0,19.076865,72.87899750000001,45.0
43.26,0.0,19.0768652,72.87899780000001,45.0
43.27,0.0,19.0768654,72.8789981,45.0
43.28,0.0,19.0768656,72.8789984,45.0
43.29,0.0,19.0768658,72.87899870000001,45.0
43.300000000000004,0.0,19.076866,72.87899900000001,45.0
43.31,0.0,19.0768662,72.8789993,45.0
43.32,0.0,19.0768664,72.8789996,45.0
43.33,0.0,19.0768666,72.87899990000001,45.0
43.34,0.0,19.0768668,72.87900020000001,45.0
43.35,0.0,19.076867,72.8790005,45.0
43.36,0.0,19.0768672,72.8790008,45.0
43.37,0.0,19.0768674,72.87900110000001,45.0
43.38,0.0,19.0768676,72.8790014,45.0
43.39,0.0,19.076867800000002,72.8790017,45.0
43.4,0.0,19.076868,72.879002,45.0
43.410000000000004,0.0,19.0768682,72.87900230000001,45.0
43.42,0.0,19.076868400000002,72.8790026,45.0
43.43,0.0,19.0768686,72.8790029,45.0
43.44,0.0,19.0768688,72.8790032,45.0
43.45,0.0,19.076869000000002,72.87900350000001,45.0
43.46,0.0,19.0768692,72.8790038,45.0
43.47,0.0,19.0768694,72.8790041,45.0
43.480000000000004,0.0,19.076869600000002,72.8790044,45.0
43.49,0.0,19.0768698,72.87900470000001,45.0
43.5,0.0,19.07687,72.879005,45.0
43.51,0.0,19.076870200000002,72.8790053,45.0
43.52,0.0,19.0768704,72.8790056,45.0
43.53,0.0,19.0768706,72.87900590000001,45.0
43.54,0.0,19.076870800000002,72.8790062,45.0
43.550000000000004,0.0,19.076871,72.8790065,45.0
43.56,0.0,19.0768712,72.8790068,45.0
43.57,0.0,19.0768714,72.87900710000001,45.0
43.58,0.0,19.0768716,72.8790074,45.0
43.59,0.0,19.0768718,72.8790077,45.0
43.6,0.0,19.076872,72.879008,45.0
43.61,0.0,19.0768722,72.87900830000001,45.0
43.62,0.0,19.0768724,72.8790086,45.0
43.63,0.0,19.0768726,72.8790089,45.0
43.64,0.0,19.0768728,72.8790092,45.0
43.65,0.0,19.076873,72.87900950000001,45.0
43.660000000000004,0.0,19.0768732,72.8790098,45.0
43.67,0.0,19.0768734,72.8790101,45.0
43.68,0.0,19.0768736,72.8790104,45.0
43.69,0.0,19.0768738,72.87901070000001,45.0
43.7,0.0,19.076874,72.879011,45.0
43.71,0.0,19.0768742,72.8790113,45.0
43.72,0.0,19.0768744,72.8790116,45.0
43.730000000000004,0.0,19.0768746,72.87901190000001,45.0
43.74,0.0,19.0768748,72.8790122,45.0
43.75,0.0,19.076875,72.8790125,45.0
43.76,0.0,19.0768752,72.8790128,45.0
43.77,0.0,19.076875400000002,72.87901310000001,45.0
43.78,0.0,19.0768756,72.8790134,45.0
43.79,0.0,19.0768758,72.8790137,45.0
43.800000000000004,0.0,19.076876000000002,72.879014,45.0
43.81,0.0,19.0768762,72.87901430000001,45.0
43.82,0.0,19.0768764,72.8790146,45.0
43.83,0.0,19.076876600000002,72.8790149,45.0
43.84,0.0,19.0768768,72.8790152,45.0
43.85,0.0,19.076877,72.87901550000001,45.0
43.86,0.0,19.076877200000002,72.8790158,45.0
43.87,0.0,19.0768774,72.8790161,45.0
43.88,0.0,19.0768776,72.8790164,45.0
43.89,0.0,19.076877800000002,72.87901670000001,45.0
43.9,0.0,19.076878,72.879017,45.0
43.910000000000004,0.0,19.0768782,72.8790173,45.0
43.92,0.0,19.076878400000002,72.8790176,45.0
43.93,0.0,19.0768786,72.87901790000001,45.0
43.94,0.0,19.0768788,72.8790182,45.0
43.95,0.0,19.076879,72.8790185,45.0
43.96,0.0,19.0768792,72.87901880000001,45.0
43.97,0.0,19.0768794,72.87901910000001,45.0
43.980000000000004,0.0,19.0768796,72.8790194,45.0
43.99,0.0,19.0768798,72.8790197,45.0
44.0,0.0,19.07688,72.87902000000001,45.0
44.01,0.0,19.0768802,72.87902030000001,45.0
44.02,0.0,19.0768804,72.8790206,45.0
44.03,0.0,19.0768806,72.8790209,45.0
44.04,0.0,19.0768808,72.87902120000001,45.0
44.050000000000004,0.0,19.076881,72.87902150000001,45.0
44.06,0.0,19.0768812,72.8790218,45.0
44.07,0.0,19.0768814,72.8790221,45.0
44.08,0.0,19.0768816,72.87902240000001,45.0
44.09,0.0,19.0768818,72.87902270000001,45.0
44.1,0.0,19.076882,72.879023,45.0
44.11,0.0,19.0768822,72.8790233,45.0
44.12,0.0,19.0768824,72.87902360000001,45.0
44.13,0.0,19.0768826,72.8790239,45.0
44.14,0.0,19.0768828,72.8790242,45.0
44.15,0.0,19.076883000000002,72.8790245,45.0
44.160000000000004,0.0,19.0768832,72.87902480000001,45.0
44.17,0.0,19.0768834,72.8790251,45.0
44.18,0.0,19.076883600000002,72.8790254,45.0
44.19,0.0,19.0768838,72.8790257,45.0
44.2,0.0,19.076884,72.87902600000001,45.0
44.21,0.0,19.076884200000002,72.8790263,45.0
44.22,0.0,19.0768844,72.8790266,45.0
44.230000000000004,0.0,19.0768846,72.8790269,45.0
44.24,0.0,19.076884800000002,72.87902720000001,45.0
44.25,0.0,19.076885,72.8790275,45.0
44.26,0.0,19.0768852,72.8790278,45.0
44.27,0.0,19.076885400000002,72.8790281,45.0
44.28,0.0,19.0768856,72.87902840000001,45.0
44.29,0.0,19.0768858,72.8790287,45.0
44.300000000000004,0.0,19.076886000000002,72.879029,45.0
44.31,0.0,19.0768862,72.8790293,45.0
44.32,0.0,19.0768864,72.87902960000001,45.0
44.33,0.0,19.0768866,72.8790299,45.0
44.34,0.0,19.0768868,72.8790302,45.0
44.35,0.0,19.076887,72.8790305,45.0
44.36,0.0,19.0768872,72.87903080000001,45.0
44.37,0.0,19.0768874,72.8790311,45.0
44.38,0.0,19.0768876,72.8790314,45.0
44.39,0.0,19.0768878,72.8790317,45.0
44.4,0.0,19.076888,72.87903200000001,45.0
44.410000000000004,0.0,19.0768882,72.8790323,45.0
44.42,0.0,19.0768884,72.8790326,45.0
44.43,0.0,19.0768886,72.8790329,45.0
44.44,0.0,19.0768888,72.87903320000001,45.0
44.45,0.0,19.076889,72.8790335,45.0
44.46,0.0,19.0768892,72.8790338,45.0
44.47,0.0,19.0768894,72.8790341,45.0
44.480000000000004,0.0,19.0768896,72.87903440000001,45.0
44.49,0.0,19.0768898,72.8790347,45.0
44.5,0.0,19.07689,72.879035,45.0
44.51,0.0,19.0768902,72.8790353,45.0
44.52,0.0,19.0768904,72.87903560000001,45.0
44.53,0.0,19.076890600000002,72.8790359,45.0
44.54,0.0,19.0768908,72.8790362,45.0
44.550000000000004,0.0,19.076891,72.8790365,45.0
44.56,0.0,19.076891200000002,72.87903680000001,45.0
44.57,0.0,19.0768914,72.8790371,45.0
44.58,0.0,19.0768916,72.8790374,45.0
44.59,0.0,19.076891800000002,72.8790377,45.0
44.6,0.0,19.076892,72.87903800000001,45.0
44.61,0.0,19.0768922,72.8790383,45.0
44.62,0.0,19.076892400000002,72.8790386,45.0
44.63,0.0,19.0768926,72.8790389,45.0
44.64,0.0,19.0768928,72.87903920000001,45.0
44.65,0.0,19.076893000000002,72.8790395,45.0
44.660000000000004,0.0,19.0768932,72.8790398,45.0
44.67,0.0,19.0768934,72.8790401,45.0
44.68,0.0,19.076893600000002,72.87904040000001,45.0
44.69,0.0,19.0768938,72.8790407,45.0
44.7,0.0,19.076894,72.879041,45.0
44.71,0.0,19.0768942,72.87904130000001,45.0
44.72,0.0,19.0768944,72.87904160000001,45.0
44.730000000000004,0.0,19.0768946,72.8790419,45.0
44.74,0.0,19.0768948,72.8790422,45.0
44.75,0.0,19.076895,72.87904250000001,45.0
44.76,0.0,19.0768952,72.87904280000001,45.0
44.77,0.0,19.0768954,72.8790431,45.0
44.78,0.0,19.0768956,72.8790434,45.0
44.79,0.0,19.0768958,72.87904370000001,45.0
44.800000000000004,0.0,19.076896,72.87904400000001,45.0
44.81,0.0,19.0768962,72.8790443,45.0
44.82,0.0,19.0768964,72.8790446,45.0
44.83,0.0,19.0768966,72.87904490000001,45.0
44.84,0.0,19.0768968,72.87904520000001,45.0
44.85,0.0,19.076897,72.8790455,45.0
44.86,0.0,19.0768972,72.8790458,45.0
44.87,0.0,19.0768974,72.87904610000001,45.0
44.88,0.0,19.0768976,72.87904640000001,45.0
44.89,0.0,19.0768978,72.8790467,45.0
44.9,0.0,19.076898,72.879047,45.0
44.910000000000004,0.0,19.076898200000002,72.87904730000001,45.0
44.92,0.0,19.0768984,72.8790476,45.0
44.93,0.0,19.0768986,72.8790479,45.0
44.94,0.0,19.076898800000002,72.8790482,45.0
44.95,0.0,19.076899,72.87904850000001,45.0
44.96,0.0,19.0768992,72.8790488,45.0
44.97,0.0,19.076899400000002,72.8790491,45.0
44.980000000000004,0.0,19.0768996,72.8790494,45.0
44.99,0.0,19.0768998,72.87904970000001,45.0
45.0,0.0,19.076900000000002,72.87905,45.0
45.01,0.0,19.0769002,72.8790503,45.0
45.02,0.0,19.0769004,72.8790506,45.0
45.03,0.0,19.076900600000002,72.87905090000001,45.0
45.04,0.0,19.0769008,72.8790512,45.0
45.050000000000004,0.0,19.076901,72.8790515,45.0
45.06,0.0,19.076901200000002,72.8790518,45.0
45.07,0.0,19.0769014,72.87905210000001,45.0
45.08,0.0,19.0769016,72.8790524,45.0
45.09,0.0,19.0769018,72.8790527,45.0
45.1,0.0,19.076902,72.879053,45.0
45.11,0.0,19.0769022,72.87905330000001,45.0
45.12,0.0,19.0769024,72.8790536,45.0
45.13,0.0,19.0769026,72.8790539,45.0
45.14,0.0,19.0769028,72.8790542,45.0
45.15,0.0,19.076903,72.87905450000001,45.0
45.160000000000004,0.0,19.0769032,72.8790548,45.0
45.17,0.0,19.0769034,72.8790551,45.0
45.18,0.0,19.0769036,72.8790554,45.0
45.19,0.0,19.0769038,72.87905570000001,45.0
45.2,0.0,19.076904,72.879056,45.0
45.21,0.0,19.0769042,72.8790563,45.0
45.22,0.0,19.0769044,72.8790566,45.0
45.230000000000004,0.0,19.0769046,72.87905690000001,45.0
45.24,0.0,19.0769048,72.8790572,45.0
45.25,0.0,19.076905,72.8790575,45.0
45.26,0.0,19.0769052,72.8790578,45.0
45.27,0.0,19.0769054,72.87905810000001,45.0
45.28,0.0,19.0769056,72.8790584,45.0
45.29,0.0,19.076905800000002,72.8790587,45.0
45.300000000000004,0.0,19.076906,72.879059,45.0
45.31,0.0,19.0769062,72.87905930000001,45.0
45.32,0.0,19.076906400000002,72.8790596,45.0
45.33,0.0,19.0769066,72.8790599,45.0
45.34,0.0,19.0769068,72.8790602,45.0
45.35,0.0,19.076907000000002,72.87906050000001,45.0
45.36,0.0,19.0769072,72.8790608,45.0
45.37,0.0,19.0769074,72.8790611,45.0
45.38,0.0,19.076907600000002,72.8790614,45.0
45.39,0.0,19.0769078,72.87906170000001,45.0
45.4,0.0,19.076908,72.879062,45.0
45.410000000000004,0.0,19.076908200000002,72.8790623,45.0
45.42,0.0,19.0769084,72.8790626,45.0
45.43,0.0,19.0769086,72.87906290000001,45.0
45.44,0.0,19.0769088,72.8790632,45.0
45.45,0.0,19.076909,72.8790635,45.0
45.46,0.0,19.0769092,72.8790638,45.0
45.47,0.0,19.0769094,72.87906410000001,45.0
45.480000000000004,0.0,19.0769096,72.8790644,45.0
45.49,0.0,19.0769098,72.8790647,45.0
45.5,0.0,19.07691,72.87906500000001,45.0
45.51,0.0,19.0769102,72.87906530000001,45.0
45.52,0.0,19.0769104,72.8790656,45.0
45.53,0.0,19.0769106,72.8790659,45.0
45.54,0.0,19.0769108,72.87906620000001,45.0
45.550000000000004,0.0,19.076911,72.87906650000001,45.0
45.56,0.0,19.0769112,72.8790668,45.0
45.57,0.0,19.0769114,72.8790671,45.0
45.58,0.0,19.0769116,72.87906740000001,45.0
45.59,0.0,19.0769118,72.87906770000001,45.0
45.6,0.0,19.076912,72.879068,45.0
45.61,0.0,19.0769122,72.8790683,45.0
45.62,0.0,19.0769124,72.87906860000001,45.0
45.63,0.0,19.0769126,72.87906890000001,45.0
45.64,0.0,19.0769128,72.8790692,45.0
45.65,0.0,19.076913,72.8790695,45.0
45.660000000000004,0.0,19.0769132,72.87906980000001,45.0
45.67,0.0,19.076913400000002,72.8790701,45.0
45.68,0.0,19.0769136,72.8790704,45.0
45.69,0.0,19.0769138,72.8790707,45.0
45.7,0.0,19.076914000000002,72.87907100000001,45.0
45.71,0.0,19.0769142,72.8790713,45.0
45.72,0.0,19.0769144,72.8790716,45.0
45.730000000000004,0.0,19.076914600000002,72.8790719,45.0
45.74,0.0,19.0769148,72.87907220000001,45.0
45.75,0.0,19.076915,72.8790725,45.0
45.76,0.0,19.076915200000002,72.8790728,45.0
45.77,0.0,19.0769154,72.8790731,45.0
45.78,0.0,19.0769156,72.87907340000001,45.0
45.79,0.0,19.076915800000002,72.8790737,45.0
45.800000000000004,0.0,19.076916,72.879074,45.0
45.81,0.0,19.0769162,72.8790743,45.0
45.82,0.0,19.0769164,72.87907460000001,45.0
45.83,0.0,19.0769166,72.8790749,45.0
45.84,0.0,19.0769168,72.8790752,45.0
45.85,0.0,19.076917,72.8790755,45.0
45.86,0.0,19.0769172,72.87907580000001,45.0
45.87,0.0,19.0769174,72.8790761,45.0
45.88,0.0,19.0769176,72.8790764,45.0
45.89,0.0,19.0769178,72.8790767,45.0
45.9,0.0,19.076918,72.87907700000001,45.0
45.910000000000004,0.0,19.0769182,72.8790773,45.0
45.92,0.0,19.0769184,72.8790776,45.0
45.93,0.0,19.0769186,72.8790779,45.0
45.94,0.0,19.0769188,72.87907820000001,45.0
45.95,0.0,19.076919,72.8790785,45.0
45.96,0.0,19.0769192,72.8790788,45.0
45.97,0.0,19.0769194,72.8790791,45.0
45.980000000000004,0.0,19.0769196,72.87907940000001,45.0
45.99,0.0,19.0769198,72.8790797,45.0
46.0,0.0,19.07692,72.87908,45.0
46.01,0.0,19.0769202,72.8790803,45.0
46.02,0.0,19.0769204,72.87908060000001,45.0
46.03,0.0,19.0769206,72.8790809,45.0
46.04,0.0,19.0769208,72.8790812,45.0
46.050000000000004,0.0,19.076921000000002,72.8790815,45.0
46.06,0.0,19.0769212,72.87908180000001,45.0
46.07,0.0,19.0769214,72.8790821,45.0
46.08,0.0,19.076921600000002,72.8790824,45.0
46.09,0.0,19.0769218,72.8790827,45.0
46.1,0.0,19.076922,72.87908300000001,45.0
46.11,0.0,19.076922200000002,72.8790833,45.0
46.12,0.0,19.0769224,72.8790836,45.0
46.13,0.0,19.0769226,72.8790839,45.0
46.14,0.0,19.076922800000002,72.87908420000001,45.0
46.15,0.0,19.076923,72.8790845,45.0
46.160000000000004,0.0,19.0769232,72.8790848,45.0
46.17,0.0,19.076923400000002,72.8790851,45.0
46.18,0.0,19.0769236,72.87908540000001,45.0
46.19,0.0,19.0769238,72.8790857,45.0
46.2,0.0,19.076924,72.879086,45.0
46.21,0.0,19.0769242,72.8790863,45.0
46.22,0.0,19.0769244,72.87908660000001,45.0
46.230000000000004,0.0,19.0769246,72.8790869,45.0
46.24,0.0,19.0769248,72.8790872,45.0
46.25,0.0,19.076925,72.87908750000001,45.0
46.26,0.0,19.0769252,72.87908780000001,45.0
46.27,0.0,19.0769254,72.8790881,45.0
46.28,0.0,19.0769256,72.8790884,45.0
46.29,0.0,19.0769258,72.87908870000001,45.0
46.300000000000004,0.0,19.076926,72.87908900000001,45.0
46.31,0.0,19.0769262,72.8790893,45.0
46.32,0.0,19.0769264,72.8790896,45.0
46.33,0.0,19.0769266,72.87908990000001,45.0
46.34,0.0,19.0769268,72.87909020000001,45.0
46.35,0.0,19.076927,72.8790905,45.0
46.36,0.0,19.0769272,72.8790908,45.0
46.37,0.0,19.0769274,72.87909110000001,45.0
46.38,0.0,19.0769276,72.87909140000001,45.0
46.39,0.0,19.0769278,72.8790917,45.0
46.4,0.0,19.076928,72.879092,45.0
46.410000000000004,0.0,19.0769282,72.87909230000001,45.0
46.42,0.0,19.0769284,72.8790926,45.0
46.43,0.0,19.076928600000002,72.8790929,45.0
46.44,0.0,19.0769288,72.8790932,45.0
46.45,0.0,19.076929,72.87909350000001,45.0
46.46,0.0,19.076929200000002,72.8790938,45.0
46.47,0.0,19.0769294,72.8790941,45.0
46.480000000000004,0.0,19.0769296,72.8790944,45.0
46.49,0.0,19.076929800000002,72.87909470000001,45.0
46.5,0.0,19.07693,72.879095,45.0
46.51,0.0,19.0769302,72.8790953,45.0
46.52,0.0,19.076930400000002,72.8790956,45.0
46.53,0.0,19.0769306,72.87909590000001,45.0
46.54,0.0,19.0769308,72.8790962,45.0
46.550000000000004,0.0,19.076931000000002,72.8790965,45.0
46.56,0.0,19.0769312,72.8790968,45.0
46.57,0.0,19.0769314,72.87909710000001,45.0
46.58,0.0,19.0769316,72.8790974,45.0
46.59,0.0,19.0769318,72.8790977,45.0
46.6,0.0,19.076932,72.879098,45.0
46.61,0.0,19.0769322,72.87909830000001,45.0
46.62,0.0,19.0769324,72.8790986,45.0
46.63,0.0,19.0769326,72.8790989,45.0
46.64,0.0,19.0769328,72.8790992,45.0
46.65,0.0,19.076933,72.87909950000001,45.0
46.660000000000004,0.0,19.0769332,72.8790998,45.0
46.67,0.0,19.0769334,72.8791001,45.0
46.68,0.0,19.0769336,72.8791004,45.0
46.69,0.0,19.0769338,72.87910070000001,45.0
46.7,0.0,19.076934,72.879101,45.0
46.71,0.0,19.0769342,72.8791013,45.0
46.72,0.0,19.0769344,72.8791016,45.0
46.730000000000004,0.0,19.0769346,72.87910190000001,45.0
46.74,0.0,19.0769348,72.8791022,45.0
46.75,0.0,19.076935,72.8791025,45.0
46.76,0.0,19.0769352,72.8791028,45.0
46.77,0.0,19.0769354,72.87910310000001,45.0
46.78,0.0,19.0769356,72.8791034,45.0
46.79,0.0,19.0769358,72.8791037,45.0
46.800000000000004,0.0,19.076936,72.879104,45.0
46.81,0.0,19.076936200000002,72.87910430000001,45.0
46.82,0.0,19.0769364,72.8791046,45.0
46.83,0.0,19.0769366,72.8791049,45.0
46.84,0.0,19.076936800000002,72.8791052,45.0
46.85,0.0,19.076937,72.87910550000001,45.0
46.86,0.0,19.0769372,72.8791058,45.0
46.87,0.0,19.076937400000002,72.8791061,45.0
46.88,0.0,19.0769376,72.8791064,45.0
46.89,0.0,19.0769378,72.87910670000001,45.0
46.9,0.0,19.076938000000002,72.879107,45.0
46.910000000000004,0.0,19.0769382,72.8791073,45.0
46.92,0.0,19.0769384,72.8791076,45.0
46.93,0.0,19.076938600000002,72.87910790000001,45.0
46.94,0.0,19.0769388,72.8791082,45.0
46.95,0.0,19.076939,72.8791085,45.0
46.96,0.0,19.0769392,72.8791088,45.0
46.97,0.0,19.0769394,72.87910910000001,45.0
46.980000000000004,0.0,19.0769396,72.8791094,45.0
46.99,0.0,19.0769398,72.8791097,45.0
47.0,0.0,19.07694,72.87911000000001,45.0
47.01,0.0,19.0769402,72.87911030000001,45.0
47.02,0.0,19.0769404,72.8791106,45.0
47.03,0.0,19.0769406,72.8791109,45.0
47.04,0.0,19.0769408,72.87911120000001,45.0
47.050000000000004,0.0,19.076941,72.87911150000001,45.0
47.06,0.0,19.0769412,72.8791118,45.0
47.07,0.0,19.0769414,72.8791121,45.0
47.08,0.0,19.0769416,72.87911240000001,45.0
47.09,0.0,19.0769418,72.87911270000001,45.0
47.1,0.0,19.076942,72.879113,45.0
47.11,0.0,19.0769422,72.8791133,45.0
47.12,0.0,19.0769424,72.87911360000001,45.0
47.13,0.0,19.0769426,72.87911390000001,45.0
47.14,0.0,19.0769428,72.8791142,45.0
47.15,0.0,19.076943,72.8791145,45.0
47.160000000000004,0.0,19.0769432,72.87911480000001,45.0
47.17,0.0,19.0769434,72.8791151,45.0
47.18,0.0,19.0769436,72.8791154,45.0
47.19,0.0,19.076943800000002,72.8791157,45.0
47.2,0.0,19.076944,72.87911600000001,45.0
47.21,0.0,19.0769442,72.8791163,45.0
47.22,0.0,19.076944400000002,72.8791166,45.0
47.230000000000004,0.0,19.0769446,72.8791169,45.0
47.24,0.0,19.0769448,72.87911720000001,45.0
47.25,0.0,19.076945000000002,72.8791175,45.0
47.26,0.0,19.0769452,72.8791178,45.0
47.27,0.0,19.0769454,72.8791181,45.0
47.28,0.0,19.076945600000002,72.87911840000001,45.0
47.29,0.0,19.0769458,72.8791187,45.0
47.300000000000004,0.0,19.076946,72.879119,45.0
47.31,0.0,19.076946200000002,72.8791193,45.0
47.32,0.0,19.0769464,72.87911960000001,45.0
47.33,0.0,19.0769466,72.8791199,45.0
47.34,0.0,19.0769468,72.8791202,45.0
47.35,0.0,19.076947,72.8791205,45.0
47.36,0.0,19.0769472,72.87912080000001,45.0
47.37,0.0,19.0769474,72.8791211,45.0
47.38,0.0,19.0769476,72.8791214,45.0
47.39,0.0,19.0769478,72.8791217,45.0
47.4,0.0,19.076948,72.87912200000001,45.0
47.410000000000004,0.0,19.0769482,72.8791223,45.0
47.42,0.0,19.0769484,72.8791226,45.0
47.43,0.0,19.0769486,72.8791229,45.0
47.44,0.0,19.0769488,72.87912320000001,45.0
47.45,0.0,19.076949,72.8791235,45.0
47.46,0.0,19.0769492,72.8791238,45.0
47.47,0.0,19.0769494,72.8791241,45.0
47.480000000000004,0.0,19.0769496,72.87912440000001,45.0
47.49,0.0,19.0769498,72.8791247,45.0
47.5,0.0,19.07695,72.879125,45.0
47.51,0.0,19.0769502,72.8791253,45.0
47.52,0.0,19.0769504,72.87912560000001,45.0
47.53,0.0,19.0769506,72.8791259,45.0
47.54,0.0,19.0769508,72.8791262,45.0
47.550000000000004,0.0,19.076951,72.8791265,45.0
47.56,0.0,19.0769512,72.87912680000001,45.0
47.57,0.0,19.076951400000002,72.8791271,45.0
47.58,0.0,19.0769516,72.8791274,45.0
47.59,0.0,19.0769518,72.8791277,45.0
47.6,0.0,19.076952000000002,72.87912800000001,45.0
47.61,0.0,19.0769522,72.8791283,45.0
47.62,0.0,19.0769524,72.8791286,45.0
47.63,0.0,19.076952600000002,72.8791289,45.0
47.64,0.0,19.0769528,72.87912920000001,45.0
47.65,0.0,19.076953,72.8791295,45.0
47.660000000000004,0.0,19.076953200000002,72.8791298,45.0
47.67,0.0,19.0769534,72.8791301,45.0
47.68,0.0,19.0769536,72.87913040000001,45.0
47.69,0.0,19.076953800000002,72.8791307,45.0
47.7,0.0,19.076954,72.879131,45.0
47.71,0.0,19.0769542,72.8791313,45.0
47.72,0.0,19.0769544,72.87913160000001,45.0
47.730000000000004,0.0,19.0769546,72.8791319,45.0
47.74,0.0,19.0769548,72.8791322,45.0
47.75,0.0,19.076955,72.87913250000001,45.0
47.76,0.0,19.0769552,72.87913280000001,45.0
47.77,0.0,19.0769554,72.8791331,45.0
47.78,0.0,19.0769556,72.8791334,45.0
47.79,0.0,19.0769558,72.87913370000001,45.0
47.800000000000004,0.0,19.076956,72.87913400000001,45.0
47.81,0.0,19.0769562,72.8791343,45.0
47.82,0.0,19.0769564,72.8791346,45.0
47.83,0.0,19.0769566,72.87913490000001,45.0
47.84,0.0,19.0769568,72.87913520000001,45.0
47.85,0.0,19.076957,72.8791355,45.0
47.86,0.0,19.0769572,72.8791358,45.0
47.870000000000005,0.0,19.0769574,72.87913610000001,45.0
47.88,0.0,19.0769576,72.87913640000001,45.0
47.89,0.0,19.0769578,72.8791367,45.0
47.9,0.0,19.076958,72.879137,45.0
47.910000000000004,0.0,19.0769582,72.87913730000001,45.0
47.92,0.0,19.0769584,72.8791376,45.0
47.93,0.0,19.0769586,72.8791379,45.0
47.94,0.0,19.0769588,72.8791382,45.0
47.95,0.0,19.076959000000002,72.87913850000001,45.0
47.96,0.0,19.0769592,72.8791388,45.0
47.97,0.0,19.0769594,72.8791391,45.0
47.980000000000004,0.0,19.076959600000002,72.8791394,45.0
47.99,0.0,19.0769598,72.87913970000001,45.0
48.0,0.0,19.07696,72.87914,45.0
48.01,0.0,19.076960200000002,72.8791403,45.0
48.02,0.0,19.0769604,72.8791406,45.0
48.03,0.0,19.0769606,72.87914090000001,45.0
48.04,0.0,19.076960800000002,72.8791412,45.0
48.050000000000004,0.0,19.076961,72.8791415,45.0
48.06,0.0,19.0769612,72.8791418,45.0
48.07,0.0,19.076961400000002,72.87914210000001,45.0
48.08,0.0,19.0769616,72.8791424,45.0
48.09,0.0,19.0769618,72.8791427,45.0
48.1,0.0,19.076962,72.879143,45.0
48.11,0.0,19.0769622,72.87914330000001,45.0
48.120000000000005,0.0,19.0769624,72.8791436,45.0
48.13,0.0,19.0769626,72.8791439,45.0
48.14,0.0,19.0769628,72.8791442,45.0
48.15,0.0,19.076963,72.87914450000001,45.0
48.160000000000004,0.0,19.0769632,72.8791448,45.0
48.17,0.0,19.0769634,72.8791451,45.0
48.18,0.0,19.0769636,72.8791454,45.0
48.19,0.0,19.0769638,72.87914570000001,45.0
48.2,0.0,19.076964,72.879146,45.0
48.21,0.0,19.0769642,72.8791463,45.0
48.22,0.0,19.0769644,72.8791466,45.0
48.230000000000004,0.0,19.0769646,72.87914690000001,45.0
48.24,0.0,19.0769648,72.8791472,45.0
48.25,0.0,19.076965,72.8791475,45.0
48.26,0.0,19.0769652,72.8791478,45.0
48.27,0.0,19.0769654,72.87914810000001,45.0
48.28,0.0,19.0769656,72.8791484,45.0
48.29,0.0,19.0769658,72.8791487,45.0
48.300000000000004,0.0,19.076966,72.879149,45.0
48.31,0.0,19.0769662,72.87914930000001,45.0
48.32,0.0,19.0769664,72.8791496,45.0
48.33,0.0,19.076966600000002,72.8791499,45.0
48.34,0.0,19.0769668,72.8791502,45.0
48.35,0.0,19.076967,72.87915050000001,45.0
48.36,0.0,19.076967200000002,72.8791508,45.0
48.370000000000005,0.0,19.0769674,72.8791511,45.0
48.38,0.0,19.0769676,72.8791514,45.0
48.39,0.0,19.076967800000002,72.87915170000001,45.0
48.4,0.0,19.076968,72.879152,45.0
48.410000000000004,0.0,19.0769682,72.8791523,45.0
48.42,0.0,19.076968400000002,72.8791526,45.0
48.43,0.0,19.0769686,72.87915290000001,45.0
48.44,0.0,19.0769688,72.8791532,45.0
48.45,0.0,19.076969000000002,72.8791535,45.0
48.46,0.0,19.0769692,72.8791538,45.0
48.47,0.0,19.0769694,72.87915410000001,45.0
48.480000000000004,0.0,19.0769696,72.8791544,45.0
48.49,0.0,19.0769698,72.8791547,45.0
48.5,0.0,19.07697,72.87915500000001,45.0
48.51,0.0,19.0769702,72.87915530000001,45.0
48.52,0.0,19.0769704,72.8791556,45.0
48.53,0.0,19.0769706,72.8791559,45.0
48.54,0.0,19.0769708,72.87915620000001,45.0
48.550000000000004,0.0,19.076971,72.87915650000001,45.0
48.56,0.0,19.0769712,72.8791568,45.0
48.57,0.0,19.0769714,72.8791571,45.0
48.58,0.0,19.0769716,72.87915740000001,45.0
48.59,0.0,19.0769718,72.87915770000001,45.0
48.6,0.0,19.076972,72.879158,45.0
48.61,0.0,19.0769722,72.8791583,45.0
48.620000000000005,0.0,19.0769724,72.87915860000001,45.0
48.63,0.0,19.0769726,72.87915890000001,45.0
48.64,0.0,19.0769728,72.8791592,45.0
48.65,0.0,19.076973,72.8791595,45.0
48.660000000000004,0.0,19.0769732,72.87915980000001,45.0
48.67,0.0,19.0769734,72.8791601,45.0
48.68,0.0,19.0769736,72.8791604,45.0
48.69,0.0,19.0769738,72.8791607,45.0
48.7,0.0,19.076974,72.87916100000001,45.0
48.71,0.0,19.076974200000002,72.8791613,45.0
48.72,0.0,19.0769744,72.8791616,45.0
48.730000000000004,0.0,19.0769746,72.8791619,45.0
48.74,0.0,19.076974800000002,72.87916220000001,45.0
48.75,0.0,19.076975,72.8791625,45.0
48.76,0.0,19.0769752,72.8791628,45.0
48.77,0.0,19.076975400000002,72.8791631,45.0
48.78,0.0,19.0769756,72.87916340000001,45.0
48.79,0.0,19.0769758,72.8791637,45.0
48.800000000000004,0.0,19.076976000000002,72.879164,45.0
48.81,0.0,19.0769762,72.8791643,45.0
48.82,0.0,19.0769764,72.87916460000001,45.0
48.83,0.0,19.076976600000002,72.8791649,45.0
48.84,0.0,19.0769768,72.8791652,45.0
48.85,0.0,19.076977,72.8791655,45.0
48.86,0.0,19.0769772,72.87916580000001,45.0
48.870000000000005,0.0,19.0769774,72.8791661,45.0
48.88,0.0,19.0769776,72.8791664,45.0
48.89,0.0,19.0769778,72.8791667,45.0
48.9,0.0,19.076978,72.87916700000001,45.0
48.910000000000004,0.0,19.0769782,72.8791673,45.0
48.92,0.0,19.0769784,72.8791676,45.0
48.93,0.0,19.0769786,72.8791679,45.0
48.94,0.0,19.0769788,72.87916820000001,45.0
48.95,0.0,19.076979,72.8791685,45.0
48.96,0.0,19.0769792,72.8791688,45.0
48.97,0.0,19.0769794,72.8791691,45.0
48.980000000000004,0.0,19.0769796,72.87916940000001,45.0
48.99,0.0,19.0769798,72.8791697,45.0
49.0,0.0,19.07698,72.87917,45.0
49.01,0.0,19.0769802,72.8791703,45.0
49.02,0.0,19.0769804,72.87917060000001,45.0
49.03,0.0,19.0769806,72.8791709,45.0
49.04,0.0,19.0769808,72.8791712,45.0
49.050000000000004,0.0,19.076981,72.8791715,45.0
49.06,0.0,19.0769812,72.87917180000001,45.0
49.07,0.0,19.0769814,72.8791721,45.0
49.08,0.0,19.0769816,72.8791724,45.0
49.09,0.0,19.076981800000002,72.8791727,45.0
49.1,0.0,19.076982,72.87917300000001,45.0
49.11,0.0,19.0769822,72.8791733,45.0
49.120000000000005,0.0,19.076982400000002,72.8791736,45.0
49.13,0.0,19.0769826,72.8791739,45.0
49.14,0.0,19.0769828,72.87917420000001,45.0
49.15,0.0,19.076983000000002,72.8791745,45.0
49.160000000000004,0.0,19.0769832,72.8791748,45.0
49.17,0.0,19.0769834,72.8791751,45.0
49.18,0.0,19.076983600000002,72.87917540000001,45.0
49.19,0.0,19.0769838,72.8791757,45.0
49.2,0.0,19.076984,72.879176,45.0
49.21,0.0,19.076984200000002,72.8791763,45.0
49.22,0.0,19.0769844,72.87917660000001,45.0
49.230000000000004,0.0,19.0769846,72.8791769,45.0
49.24,0.0,19.0769848,72.8791772,45.0
49.25,0.0,19.076985,72.8791775,45.0
49.26,0.0,19.0769852,72.87917780000001,45.0
49.27,0.0,19.0769854,72.8791781,45.0
49.28,0.0,19.0769856,72.8791784,45.0
49.29,0.0,19.0769858,72.87917870000001,45.0
49.300000000000004,0.0,19.076986,72.87917900000001,45.0
49.31,0.0,19.0769862,72.8791793,45.0
49.32,0.0,19.0769864,72.8791796,45.0
49.33,0.0,19.0769866,72.87917990000001,45.0
49.34,0.0,19.0769868,72.87918020000001,45.0
49.35,0.0,19.076987,72.8791805,45.0
49.36,0.0,19.0769872,72.8791808,45.0
49.370000000000005,0.0,19.0769874,72.87918110000001,45.0
49.38,0.0,19.0769876,72.87918140000001,45.0
49.39,0.0,19.0769878,72.8791817,45.0
49.4,0.0,19.076988,72.879182,45.0
49.410000000000004,0.0,19.0769882,72.87918230000001,45.0
49.42,0.0,19.0769884,72.87918260000001,45.0
49.43,0.0,19.0769886,72.8791829,45.0
49.44,0.0,19.0769888,72.8791832,45.0
49.45,0.0,19.076989,72.87918350000001,45.0
49.46,0.0,19.0769892,72.8791838,45.0
49.47,0.0,19.076989400000002,72.8791841,45.0
49.480000000000004,0.0,19.0769896,72.8791844,45.0
49.49,0.0,19.0769898,72.87918470000001,45.0
49.5,0.0,19.076990000000002,72.879185,45.0
49.51,0.0,19.0769902,72.8791853,45.0
49.52,0.0,19.0769904,72.8791856,45.0
49.53,0.0,19.076990600000002,72.87918590000001,45.0
49.54,0.0,19.0769908,72.8791862,45.0
49.550000000000004,0.0,19.076991,72.8791865,45.0
49.56,0.0,19.076991200000002,72.8791868,45.0
49.57,0.0,19.0769914,72.87918710000001,45.0
49.58,0.0,19.0769916,72.8791874,45.0
49.59,0.0,19.076991800000002,72.8791877,45.0
49.6,0.0,19.076992,72.879188,45.0
49.61,0.0,19.0769922,72.87918830000001,45.0
49.620000000000005,0.0,19.0769924,72.8791886,45.0
49.63,0.0,19.0769926,72.8791889,45.0
49.64,0.0,19.0769928,72.8791892,45.0
49.65,0.0,19.076993,72.87918950000001,45.0
49.660000000000004,0.0,19.0769932,72.8791898,45.0
49.67,0.0,19.0769934,72.8791901,45.0
49.68,0.0,19.0769936,72.8791904,45.0
49.69,0.0,19.0769938,72.87919070000001,45.0
49.7,0.0,19.076994,72.879191,45.0
49.71,0.0,19.0769942,72.8791913,45.0
49.72,0.0,19.0769944,72.8791916,45.0
49.730000000000004,0.0,19.0769946,72.87919190000001,45.0
49.74,0.0,19.0769948,72.8791922,45.0
49.75,0.0,19.076995,72.8791925,45.0
49.76,0.0,19.0769952,72.8791928,45.0
49.77,0.0,19.0769954,72.87919310000001,45.0
49.78,0.0,19.0769956,72.8791934,45.0
49.79,0.0,19.0769958,72.8791937,45.0
49.800000000000004,0.0,19.076996,72.879194,45.0
49.81,0.0,19.0769962,72.87919430000001,45.0
49.82,0.0,19.0769964,72.8791946,45.0
49.83,0.0,19.0769966,72.8791949,45.0
49.84,0.0,19.0769968,72.8791952,45.0
49.85,0.0,19.076997000000002,72.87919550000001,45.0
49.86,0.0,19.0769972,72.8791958,45.0
49.870000000000005,0.0,19.0769974,72.8791961,45.0
49.88,0.0,19.076997600000002,72.8791964,45.0
49.89,0.0,19.0769978,72.87919670000001,45.0
49.9,0.0,19.076998,72.879197,45.0
49.910000000000004,0.0,19.076998200000002,72.8791973,45.0
49.92,0.0,19.0769984,72.8791976,45.0
49.93,0.0,19.0769986,72.87919790000001,45.0
49.94,0.0,19.076998800000002,72.8791982,45.0
49.95,0.0,19.076999,72.8791985,45.0
49.96,0.0,19.0769992,72.8791988,45.0
49.97,0.0,19.076999400000002,72.87919910000001,45.0
49.980000000000004,0.0,19.0769996,72.8791994,45.0
49.99,0.0,19.0769998,72.8791997,45.0
50.0,0.0,19.077,72.8792,45.0
50.01,0.0,19.0770002,72.87920030000001,45.0
50.02,0.0,19.0770004,72.8792006,45.0
50.03,0.0,19.0770006,72.8792009,45.0
50.04,0.0,19.0770008,72.87920120000001,45.0
50.050000000000004,0.0,19.077001,72.87920150000001,45.0
50.06,0.0,19.0770012,72.8792018,45.0
50.07,0.0,19.0770014,72.8792021,45.0
50.08,0.0,19.0770016,72.87920240000001,45.0
50.09,0.0,19.0770018,72.87920270000001,45.0
50.1,0.0,19.077002,72.879203,45.0
50.11,0.0,19.0770022,72.8792033,45.0
50.120000000000005,0.0,19.0770024,72.87920360000001,45.0
50.13,0.0,19.0770026,72.87920390000001,45.0
50.14,0.0,19.0770028,72.8792042,45.0
50.15,0.0,19.077003,72.8792045,45.0
50.160000000000004,0.0,19.0770032,72.87920480000001,45.0
50.17,0.0,19.0770034,72.87920510000001,45.0
50.18,0.0,19.0770036,72.8792054,45.0
50.19,0.0,19.0770038,72.8792057,45.0
50.2,0.0,19.077004,72.87920600000001,45.0
50.21,0.0,19.0770042,72.8792063,45.0
50.22,0.0,19.0770044,72.8792066,45.0
50.230000000000004,0.0,19.077004600000002,72.8792069,45.0
50.24,0.0,19.0770048,72.87920720000001,45.0
50.25,0.0,19.077005,72.8792075,45.0
50.26,0.0,19.077005200000002,72.8792078,45.0
50.27,0.0,19.0770054,72.8792081,45.0
50.28,0.0,19.0770056,72.87920840000001,45.0
50.29,0.0,19.077005800000002,72.8792087,45.0
50.300000000000004,0.0,19.077006,72.879209,45.0
50.31,0.0,19.0770062,72.8792093,45.0
50.32,0.0,19.077006400000002,72.87920960000001,45.0
50.33,0.0,19.0770066,72.8792099,45.0
50.34,0.0,19.0770068,72.8792102,45.0
50.35,0.0,19.077007000000002,72.8792105,45.0
50.36,0.0,19.0770072,72.87921080000001,45.0
50.370000000000005,0.0,19.0770074,72.8792111,45.0
50.38,0.0,19.0770076,72.8792114,45.0
50.39,0.0,19.0770078,72.8792117,45.0
50.4,0.0,19.077008,72.87921200000001,45.0
50.410000000000004,0.0,19.0770082,72.8792123,45.0
50.42,0.0,19.0770084,72.8792126,45.0
50.43,0.0,19.0770086,72.8792129,45.0
50.44,0.0,19.0770088,72.87921320000001,45.0
50.45,0.0,19.077009,72.8792135,45.0
50.46,0.0,19.0770092,72.8792138,45.0
50.47,0.0,19.0770094,72.8792141,45.0
50.480000000000004,0.0,19.0770096,72.87921440000001,45.0
50.49,0.0,19.0770098,72.8792147,45.0
50.5,0.0,19.07701,72.879215,45.0
50.51,0.0,19.0770102,72.8792153,45.0
50.52,0.0,19.0770104,72.87921560000001,45.0
50.53,0.0,19.0770106,72.8792159,45.0
50.54,0.0,19.0770108,72.8792162,45.0
50.550000000000004,0.0,19.077011,72.8792165,45.0
50.56,0.0,19.0770112,72.87921680000001,45.0
50.57,0.0,19.0770114,72.8792171,45.0
50.58,0.0,19.0770116,72.8792174,45.0
50.59,0.0,19.0770118,72.8792177,45.0
50.6,0.0,19.077012,72.87921800000001,45.0
50.61,0.0,19.077012200000002,72.8792183,45.0
50.620000000000005,0.0,19.0770124,72.8792186,45.0
50.63,0.0,19.0770126,72.8792189,45.0
50.64,0.0,19.077012800000002,72.87921920000001,45.0
50.65,0.0,19.077013,72.8792195,45.0
50.660000000000004,0.0,19.0770132,72.8792198,45.0
50.67,0.0,19.077013400000002,72.8792201,45.0
50.68,0.0,19.0770136,72.87922040000001,45.0
50.69,0.0,19.0770138,72.8792207,45.0
50.7,0.0,19.077014000000002,72.879221,45.0
50.71,0.0,19.0770142,72.8792213,45.0
50.72,0.0,19.0770144,72.87922160000001,45.0
50.730000000000004,0.0,19.077014600000002,72.8792219,45.0
50.74,0.0,19.0770148,72.8792222,45.0
50.75,0.0,19.077015,72.8792225,45.0
50.76,0.0,19.0770152,72.87922280000001,45.0
50.77,0.0,19.0770154,72.8792231,45.0
50.78,0.0,19.0770156,72.8792234,45.0
50.79,0.0,19.0770158,72.87922370000001,45.0
50.800000000000004,0.0,19.077016,72.87922400000001,45.0
50.81,0.0,19.0770162,72.8792243,45.0
50.82,0.0,19.0770164,72.8792246,45.0
50.83,0.0,19.0770166,72.87922490000001,45.0
50.84,0.0,19.0770168,72.87922520000001,45.0
50.85,0.0,19.077017,72.8792255,45.0
50.86,0.0,19.0770172,72.8792258,45.0
50.870000000000005,0.0,19.0770174,72.87922610000001,45.0
50.88,0.0,19.0770176,72.87922640000001,45.0
50.89,0.0,19.0770178,72.8792267,45.0
50.9,0.0,19.077018,72.879227,45.0
50.910000000000004,0.0,19.0770182,72.87922730000001,45.0
50.92,0.0,19.0770184,72.87922760000001,45.0
50.93,0.0,19.0770186,72.8792279,45.0
50.94,0.0,19.0770188,72.8792282,45.0
50.95,0.0,19.077019,72.87922850000001,45.0
50.96,0.0,19.077019200000002,72.8792288,45.0
50.97,0.0,19.0770194,72.8792291,45.0
50.980000000000004,0.0,19.0770196,72.8792294,45.0
50.99,0.0,19.077019800000002,72.87922970000001,45.0
51.0,0.0,19.07702,72.87923,45.0
51.01,0.0,19.0770202,72.8792303,45.0
51.02,0.0,19.077020400000002,72.8792306,45.0
51.03,0.0,19.0770206,72.87923090000001,45.0
51.04,0.0,19.0770208,72.8792312,45.0
51.050000000000004,0.0,19.077021000000002,72.8792315,45.0
51.06,0.0,19.0770212,72.8792318,45.0
51.07,0.0,19.0770214,72.87923210000001,45.0
51.08,0.0,19.077021600000002,72.8792324,45.0
51.09,0.0,19.0770218,72.8792327,45.0
51.1,0.0,19.077022,72.879233,45.0
51.11,0.0,19.077022200000002,72.87923330000001,45.0
51.120000000000005,0.0,19.0770224,72.8792336,45.0
51.13,0.0,19.0770226,72.8792339,45.0
51.14,0.0,19.0770228,72.8792342,45.0
51.15,0.0,19.077023,72.87923450000001,45.0
51.160000000000004,0.0,19.0770232,72.8792348,45.0
51.17,0.0,19.0770234,72.8792351,45.0
51.18,0.0,19.0770236,72.8792354,45.0
51.19,0.0,19.0770238,72.87923570000001,45.0
51.2,0.0,19.077024,72.879236,45.0
51.21,0.0,19.0770242,72.8792363,45.0
51.22,0.0,19.0770244,72.8792366,45.0
51.230000000000004,0.0,19.0770246,72.87923690000001,45.0
51.24,0.0,19.0770248,72.8792372,45.0
51.25,0.0,19.077025,72.8792375,45.0
51.26,0.0,19.0770252,72.8792378,45.0
51.27,0.0,19.0770254,72.87923810000001,45.0
51.28,0.0,19.0770256,72.8792384,45.0
51.29,0.0,19.0770258,72.8792387,45.0
51.300000000000004,0.0,19.077026,72.879239,45.0
51.31,0.0,19.0770262,72.87923930000001,45.0
51.32,0.0,19.0770264,72.8792396,45.0
51.33,0.0,19.0770266,72.8792399,45.0
51.34,0.0,19.077026800000002,72.8792402,45.0
51.35,0.0,19.077027,72.87924050000001,45.0
51.36,0.0,19.0770272,72.8792408,45.0
51.370000000000005,0.0,19.077027400000002,72.8792411,45.0
51.38,0.0,19.0770276,72.8792414,45.0
51.39,0.0,19.0770278,72.87924170000001,45.0
51.4,0.0,19.077028000000002,72.879242,45.0
51.410000000000004,0.0,19.0770282,72.8792423,45.0
51.42,0.0,19.0770284,72.8792426,45.0
51.43,0.0,19.077028600000002,72.87924290000001,45.0
51.44,0.0,19.0770288,72.8792432,45.0
51.45,0.0,19.077029,72.8792435,45.0
51.46,0.0,19.077029200000002,72.8792438,45.0
51.47,0.0,19.0770294,72.87924410000001,45.0
51.480000000000004,0.0,19.0770296,72.8792444,45.0
51.49,0.0,19.077029800000002,72.8792447,45.0
51.5,0.0,19.07703,72.879245,45.0
51.51,0.0,19.0770302,72.87924530000001,45.0
51.52,0.0,19.0770304,72.8792456,45.0
51.53,0.0,19.0770306,72.8792459,45.0
51.54,0.0,19.0770308,72.87924620000001,45.0
51.550000000000004,0.0,19.077031,72.87924650000001,45.0
51.56,0.0,19.0770312,72.8792468,45.0
51.57,0.0,19.0770314,72.8792471,45.0
51.58,0.0,19.0770316,72.87924740000001,45.0
51.59,0.0,19.0770318,72.87924770000001,45.0
51.6,0.0,19.077032,72.879248,45.0
51.61,0.0,19.0770322,72.8792483,45.0
51.620000000000005,0.0,19.0770324,72.87924860000001,45.0
51.63,0.0,19.0770326,72.87924890000001,45.0
51.64,0.0,19.0770328,72.8792492,45.0
51.65,0.0,19.077033,72.8792495,45.0
51.660000000000004,0.0,19.0770332,72.87924980000001,45.0
51.67,0.0,19.0770334,72.87925010000001,45.0
51.68,0.0,19.0770336,72.8792504,45.0
51.69,0.0,19.0770338,72.8792507,45.0
51.7,0.0,19.077034,72.87925100000001,45.0
51.71,0.0,19.0770342,72.8792513,45.0
51.72,0.0,19.077034400000002,72.8792516,45.0
51.730000000000004,0.0,19.0770346,72.8792519,45.0
51.74,0.0,19.0770348,72.87925220000001,45.0
51.75,0.0,19.077035000000002,72.8792525,45.0
51.76,0.0,19.0770352,72.8792528,45.0
51.77,0.0,19.0770354,72.8792531,45.0
51.78,0.0,19.077035600000002,72.87925340000001,45.0
51.79,0.0,19.0770358,72.8792537,45.0
51.800000000000004,0.0,19.077036,72.879254,45.0
51.81,0.0,19.077036200000002,72.8792543,45.0
51.82,0.0,19.0770364,72.87925460000001,45.0
51.83,0.0,19.0770366,72.8792549,45.0
51.84,0.0,19.077036800000002,72.8792552,45.0
51.85,0.0,19.077037,72.8792555,45.0
51.86,0.0,19.0770372,72.87925580000001,45.0
51.870000000000005,0.0,19.077037400000002,72.8792561,45.0
51.88,0.0,19.0770376,72.8792564,45.0
51.89,0.0,19.0770378,72.8792567,45.0
51.9,0.0,19.077038,72.87925700000001,45.0
51.910000000000004,0.0,19.0770382,72.8792573,45.0
51.92,0.0,19.0770384,72.8792576,45.0
51.93,0.0,19.0770386,72.8792579,45.0
51.94,0.0,19.0770388,72.87925820000001,45.0
51.95,0.0,19.077039,72.8792585,45.0
51.96,0.0,19.0770392,72.8792588,45.0
51.97,0.0,19.0770394,72.8792591,45.0
51.980000000000004,0.0,19.0770396,72.87925940000001,45.0
51.99,0.0,19.0770398,72.8792597,45.0
52.0,0.0,19.07704,72.87926,45.0
52.01,0.0,19.0770402,72.8792603,45.0
52.02,0.0,19.0770404,72.87926060000001,45.0
52.03,0.0,19.0770406,72.8792609,45.0
52.04,0.0,19.0770408,72.8792612,45.0
52.050000000000004,0.0,19.077041,72.8792615,45.0
52.06,0.0,19.0770412,72.87926180000001,45.0
52.07,0.0,19.0770414,72.8792621,45.0
52.08,0.0,19.0770416,72.8792624,45.0
52.09,0.0,19.0770418,72.8792627,45.0
52.1,0.0,19.077042000000002,72.87926300000001,45.0
52.11,0.0,19.0770422,72.8792633,45.0
52.120000000000005,0.0,19.0770424,72.8792636,45.0
52.13,0.0,19.077042600000002,72.8792639,45.0
52.14,0.0,19.0770428,72.87926420000001,45.0
52.15,0.0,19.077043,72.8792645,45.0
52.160000000000004,0.0,19.077043200000002,72.8792648,45.0
52.17,0.0,19.0770434,72.8792651,45.0
52.18,0.0,19.0770436,72.87926540000001,45.0
52.19,0.0,19.077043800000002,72.8792657,45.0
52.2,0.0,19.077044,72.879266,45.0
52.21,0.0,19.0770442,72.8792663,45.0
52.22,0.0,19.077044400000002,72.87926660000001,45.0
52.230000000000004,0.0,19.0770446,72.8792669,45.0
52.24,0.0,19.0770448,72.8792672,45.0
52.25,0.0,19.077045000000002,72.8792675,45.0
52.26,0.0,19.0770452,72.87926780000001,45.0
52.27,0.0,19.0770454,72.8792681,45.0
52.28,0.0,19.0770456,72.8792684,45.0
52.29,0.0,19.0770458,72.87926870000001,45.0
52.300000000000004,0.0,19.077046,72.87926900000001,45.0
52.31,0.0,19.0770462,72.8792693,45.0
52.32,0.0,19.0770464,72.8792696,45.0
52.33,0.0,19.0770466,72.87926990000001,45.0
52.34,0.0,19.0770468,72.87927020000001,45.0
52.35,0.0,19.077047,72.8792705,45.0
52.36,0.0,19.0770472,72.8792708,45.0
52.370000000000005,0.0,19.0770474,72.87927110000001,45.0
52.38,0.0,19.0770476,72.87927140000001,45.0
52.39,0.0,19.0770478,72.8792717,45.0
52.4,0.0,19.077048,72.879272,45.0
52.410000000000004,0.0,19.0770482,72.87927230000001,45.0
52.42,0.0,19.0770484,72.87927260000001,45.0
52.43,0.0,19.0770486,72.8792729,45.0
52.44,0.0,19.0770488,72.8792732,45.0
52.45,0.0,19.077049,72.87927350000001,45.0
52.46,0.0,19.0770492,72.8792738,45.0
52.47,0.0,19.0770494,72.8792741,45.0
52.480000000000004,0.0,19.077049600000002,72.8792744,45.0
52.49,0.0,19.0770498,72.87927470000001,45.0
52.5,0.0,19.07705,72.879275,45.0
52.51,0.0,19.077050200000002,72.8792753,45.0
52.52,0.0,19.0770504,72.8792756,45.0
52.53,0.0,19.0770506,72.87927590000001,45.0
52.54,0.0,19.077050800000002,72.8792762,45.0
52.550000000000004,0.0,19.077051,72.8792765,45.0
52.56,0.0,19.0770512,72.8792768,45.0
52.57,0.0,19.077051400000002,72.87927710000001,45.0
52.58,0.0,19.0770516,72.8792774,45.0
52.59,0.0,19.0770518,72.8792777,45.0
52.6,0.0,19.077052000000002,72.879278,45.0
52.61,0.0,19.0770522,72.87927830000001,45.0
52.620000000000005,0.0,19.0770524,72.8792786,45.0
52.63,0.0,19.077052600000002,72.8792789,45.0
52.64,0.0,19.0770528,72.8792792,45.0
52.65,0.0,19.077053,72.87927950000001,45.0
52.660000000000004,0.0,19.0770532,72.8792798,45.0
52.67,0.0,19.0770534,72.8792801,45.0
52.68,0.0,19.0770536,72.8792804,45.0
52.69,0.0,19.0770538,72.87928070000001,45.0
52.7,0.0,19.077054,72.879281,45.0
52.71,0.0,19.0770542,72.8792813,45.0
52.72,0.0,19.0770544,72.8792816,45.0
52.730000000000004,0.0,19.0770546,72.87928190000001,45.0
52.74,0.0,19.0770548,72.8792822,45.0
52.75,0.0,19.077055,72.8792825,45.0
52.76,0.0,19.0770552,72.8792828,45.0
52.77,0.0,19.0770554,72.87928310000001,45.0
52.78,0.0,19.0770556,72.8792834,45.0
52.79,0.0,19.0770558,72.8792837,45.0
52.800000000000004,0.0,19.077056,72.879284,45.0
52.81,0.0,19.0770562,72.87928430000001,45.0
52.82,0.0,19.0770564,72.8792846,45.0
52.83,0.0,19.0770566,72.8792849,45.0
52.84,0.0,19.0770568,72.8792852,45.0
52.85,0.0,19.077057,72.87928550000001,45.0
52.86,0.0,19.077057200000002,72.8792858,45.0
52.870000000000005,0.0,19.0770574,72.8792861,45.0
52.88,0.0,19.0770576,72.8792864,45.0
52.89,0.0,19.077057800000002,72.87928670000001,45.0
52.9,0.0,19.077058,72.879287,45.0
52.910000000000004,0.0,19.0770582,72.8792873,45.0
52.92,0.0,19.077058400000002,72.8792876,45.0
52.93,0.0,19.0770586,72.87928790000001,45.0
52.94,0.0,19.0770588,72.8792882,45.0
52.95,0.0,19.077059000000002,72.8792885,45.0
52.96,0.0,19.0770592,72.8792888,45.0
52.97,0.0,19.0770594,72.87928910000001,45.0
52.980000000000004,0.0,19.077059600000002,72.8792894,45.0
52.99,0.0,19.0770598,72.8792897,45.0
53.0,0.0,19.07706,72.87929,45.0
53.01,0.0,19.077060200000002,72.87929030000001,45.0
53.02,0.0,19.0770604,72.8792906,45.0
53.03,0.0,19.0770606,72.8792909,45.0
53.04,0.0,19.0770608,72.8792912,45.0
53.050000000000004,0.0,19.077061,72.87929150000001,45.0
53.06,0.0,19.0770612,72.8792918,45.0
53.07,0.0,19.0770614,72.8792921,45.0
53.08,0.0,19.0770616,72.87929240000001,45.0
53.09,0.0,19.0770618,72.87929270000001,45.0
53.1,0.0,19.077062,72.879293,45.0
53.11,0.0,19.0770622,72.8792933,45.0
53.120000000000005,0.0,19.0770624,72.87929360000001,45.0
53.13,0.0,19.0770626,72.87929390000001,45.0
53.14,0.0,19.0770628,72.8792942,45.0
53.15,0.0,19.077063,72.8792945,45.0
53.160000000000004,0.0,19.0770632,72.87929480000001,45.0
53.17,0.0,19.0770634,72.87929510000001,45.0
53.18,0.0,19.0770636,72.8792954,45.0
53.19,0.0,19.0770638,72.8792957,45.0
53.2,0.0,19.077064,72.87929600000001,45.0
53.21,0.0,19.0770642,72.87929630000001,45.0
53.22,0.0,19.0770644,72.8792966,45.0
53.230000000000004,0.0,19.0770646,72.8792969,45.0
53.24,0.0,19.077064800000002,72.87929720000001,45.0
53.25,0.0,19.077065,72.8792975,45.0
53.26,0.0,19.0770652,72.8792978,45.0
53.27,0.0,19.077065400000002,72.8792981,45.0
53.28,0.0,19.0770656,72.87929840000001,45.0
53.29,0.0,19.0770658,72.8792987,45.0
53.300000000000004,0.0,19.077066000000002,72.879299,45.0
53.31,0.0,19.0770662,72.8792993,45.0
53.32,0.0,19.0770664,72.87929960000001,45.0
53.33,0.0,19.077066600000002,72.8792999,45.0
53.34,0.0,19.0770668,72.8793002,45.0
53.35,0.0,19.077067,72.8793005,45.0
53.36,0.0,19.077067200000002,72.87930080000001,45.0
53.370000000000005,0.0,19.0770674,72.8793011,45.0
53.38,0.0,19.0770676,72.8793014,45.0
53.39,0.0,19.077067800000002,72.8793017,45.0
53.4,0.0,19.077068,72.87930200000001,45.0
53.410000000000004,0.0,19.0770682,72.8793023,45.0
53.42,0.0,19.0770684,72.8793026,45.0
53.43,0.0,19.0770686,72.8793029,45.0
53.44,0.0,19.0770688,72.87930320000001,45.0
53.45,0.0,19.077069,72.8793035,45.0
53.46,0.0,19.0770692,72.8793038,45.0
53.47,0.0,19.0770694,72.8793041,45.0
53.480000000000004,0.0,19.0770696,72.87930440000001,45.0
53.49,0.0,19.0770698,72.8793047,45.0
53.5,0.0,19.07707,72.879305,45.0
53.51,0.0,19.0770702,72.8793053,45.0
53.52,0.0,19.0770704,72.87930560000001,45.0
53.53,0.0,19.0770706,72.8793059,45.0
53.54,0.0,19.0770708,72.8793062,45.0
53.550000000000004,0.0,19.077071,72.8793065,45.0
53.56,0.0,19.0770712,72.87930680000001,45.0
53.57,0.0,19.0770714,72.8793071,45.0
53.58,0.0,19.0770716,72.8793074,45.0
53.59,0.0,19.0770718,72.8793077,45.0
53.6,0.0,19.077072,72.87930800000001,45.0
53.61,0.0,19.0770722,72.8793083,45.0
53.620000000000005,0.0,19.077072400000002,72.8793086,45.0
53.63,0.0,19.0770726,72.8793089,45.0
53.64,0.0,19.0770728,72.87930920000001,45.0
53.65,0.0,19.077073000000002,72.8793095,45.0
53.660000000000004,0.0,19.0770732,72.8793098,45.0
53.67,0.0,19.0770734,72.8793101,45.0
53.68,0.0,19.077073600000002,72.87931040000001,45.0
53.69,0.0,19.0770738,72.8793107,45.0
53.7,0.0,19.077074,72.879311,45.0
53.71,0.0,19.077074200000002,72.8793113,45.0
53.72,0.0,19.0770744,72.87931160000001,45.0
53.730000000000004,0.0,19.0770746,72.8793119,45.0
53.74,0.0,19.077074800000002,72.8793122,45.0
53.75,0.0,19.077075,72.8793125,45.0
53.76,0.0,19.0770752,72.87931280000001,45.0
53.77,0.0,19.077075400000002,72.8793131,45.0
53.78,0.0,19.0770756,72.8793134,45.0
53.79,0.0,19.0770758,72.8793137,45.0
53.800000000000004,0.0,19.077076,72.87931400000001,45.0
53.81,0.0,19.0770762,72.8793143,45.0
53.82,0.0,19.0770764,72.8793146,45.0
53.83,0.0,19.0770766,72.87931490000001,45.0
53.84,0.0,19.0770768,72.87931520000001,45.0
53.85,0.0,19.077077,72.8793155,45.0
53.86,0.0,19.0770772,72.8793158,45.0
53.870000000000005,0.0,19.0770774,72.87931610000001,45.0
53.88,0.0,19.0770776,72.87931640000001,45.0
53.89,0.0,19.0770778,72.8793167,45.0
53.9,0.0,19.077078,72.879317,45.0
53.910000000000004,0.0,19.0770782,72.87931730000001,45.0
53.92,0.0,19.0770784,72.87931760000001,45.0
53.93,0.0,19.0770786,72.8793179,45.0
53.94,0.0,19.0770788,72.8793182,45.0
53.95,0.0,19.077079,72.87931850000001,45.0
53.96,0.0,19.0770792,72.87931880000001,45.0
53.97,0.0,19.0770794,72.8793191,45.0
53.980000000000004,0.0,19.0770796,72.8793194,45.0
53.99,0.0,19.0770798,72.87931970000001,45.0
54.0,0.0,19.077080000000002,72.87932,45.0
54.01,0.0,19.0770802,72.8793203,45.05729577951308
54.02,0.0,19.0770804,72.8793206,45.11459155902617
54.03,0.0,19.077080600000002,72.87932090000001,45.17188733853925
54.04,0.0,19.0770808,72.8793212,45.229183118052326
54.050000000000004,0.0,19.077081,72.8793215,45.28647889756541
54.06,0.0,19.077081200000002,72.8793218,45.34377467707849
54.07,0.0,19.0770814,72.87932210000001,45.401070456591576
54.08,0.0,19.0770816,72.8793224,45.45836623610466
54.09,0.0,19.077081800000002,72.8793227,45.51566201561774
54.1,0.0,19.077082,72.879323,45.572957795130826
54.11,0.0,19.0770822,72.87932330000001,45.6302535746439
54.120000000000005,0.0,19.077082400000002,72.8793236,45.687549354156985
54.13,0.0,19.0770826,72.8793239,45.74484513367007
54.14,0.0,19.0770828,72.8793242,45.80214091318315
54.15,0.0,19.077083000000002,72.87932450000001,45.859436692696235
54.160000000000004,0.0,19.0770832,72.8793248,45.91673247220932
54.17,0.0,19.0770834,72.8793251,45.9740282517224
54.18,0.0,19.0770836,72.8793254,46.031324031235485
54.19,0.0,19.0770838,72.87932570000001,46.08861981074856
54.2,0.0,19.077084,72.879326,46.145915590261644
54.21,0.0,19.0770842,72.8793263,46.20321136977473
54.22,0.0,19.0770844,72.8793266,46.26050714928781
54.230000000000004,0.0,19.0770846,72.87932690000001,46.317802928800894
54.24,0.0,19.0770848,72.8793272,46.37509870831398
54.25,0.0,19.077085,72.8793275,46.43239448782706
54.26,0.0,19.0770852,72.8793278,46.489690267340144
54.27,0.0,19.0770854,72.87932810000001,46.54698604685322
54.28,0.0,19.0770856,72.8793284,46.604281826366304
54.29,0.0,19.0770858,72.8793287,46.66157760587939
54.300000000000004,0.0,19.077086,72.879329,46.71887338539247
54.31,0.0,19.0770862,72.87932930000001,46.77616916490555
54.32,0.0,19.0770864,72.8793296,46.83346494441864
54.33,0.0,19.0770866,72.8793299,46.89076072393172
54.34,0.0,19.0770868,72.8793302,46.9480565034448
54.35,0.0,19.077087,72.87933050000001,47.00535228295788
54.36,0.0,19.0770872,72.8793308,47.06264806247096
54.370000000000005,0.0,19.0770874,72.8793311,47.119943841984046
54.38,0.0,19.077087600000002,72.8793314,47.17723962149713
54.39,0.0,19.0770878,72.87933170000001,47.23453540101021
54.4,0.0,19.077088,72.879332,47.291831180523296
54.410000000000004,0.0,19.077088200000002,72.8793323,47.34912696003638
54.42,0.0,19.0770884,72.8793326,47.406422739549456
54.43,0.0,19.0770886,72.87933290000001,47.46371851906254
54.44,0.0,19.077088800000002,72.8793332,47.52101429857562
54.45,0.0,19.077089,72.8793335,47.578310078088705
54.46,0.0,19.0770892,72.8793338,47.63560585760179
54.47,0.0,19.077089400000002,72.87933410000001,47.69290163711487
54.480000000000004,0.0,19.0770896,72.8793344,47.75019741662795
54.49,0.0,19.0770898,72.8793347,47.80749319614103
54.5,0.0,19.077090000000002,72.879335,47.864788975654115
54.51,0.0,19.0770902,72.87933530000001,47.9220847551672
54.52,0.0,19.0770904,72.8793356,47.97938053468028
54.53,0.0,19.077090600000002,72.8793359,48.036676314193365
54.54,0.0,19.0770908,72.8793362,48.09397209370644
54.550000000000004,0.0,19.077091,72.87933650000001,48.151267873219524
54.56,0.0,19.0770912,72.8793368,48.20856365273261
54.57,0.0,19.0770914,72.8793371,48.26585943224569
54.58,0.0,19.0770916,72.87933740000001,48.323155211758774
54.59,0.0,19.0770918,72.87933770000001,48.38045099127186
54.6,0.0,19.077092,72.879338,48.43774677078493
54.61,0.0,19.0770922,72.8793383,48.49504255029802
54.620000000000005,0.0,19.0770924,72.87933860000001,48.5523383298111
54.63,0.0,19.0770926,72.87933890000001,48.60963410932418
54.64,0.0,19.0770928,72.8793392,48.66692988883727
54.65,0.0,19.077093,72.8793395,48.72422566835035
54.660000000000004,0.0,19.0770932,72.87933980000001,48.781521447863426
54.67,0.0,19.0770934,72.87934010000001,48.83881722737651
54.68,0.0,19.0770936,72.8793404,48.89611300688959
54.69,0.0,19.0770938,72.8793407,48.953408786402676
54.7,0.0,19.077094,72.87934100000001,49.01070456591576
54.71,0.0,19.0770942,72.87934130000001,49.06800034542884
54.72,0.0,19.0770944,72.8793416,49.125296124941926
54.730000000000004,0.0,19.0770946,72.8793419,49.182591904455
54.74,0.0,19.0770948,72.87934220000001,49.239887683968085
54.75,0.0,19.077095,72.8793425,49.29718346348117
54.76,0.0,19.077095200000002,72.8793428,49.35447924299425
54.77,0.0,19.0770954,72.8793431,49.411775022507335
54.78,0.0,19.0770956,72.87934340000001,49.46907080202041
54.79,0.0,19.077095800000002,72.8793437,49.526366581533495
54.800000000000004,0.0,19.077096,72.879344,49.58366236104658
54.81,0.0,19.0770962,72.8793443,49.64095814055966
54.82,0.0,19.077096400000002,72.87934460000001,49.698253920072744
54.83,0.0,19.0770966,72.8793449,49.75554969958583
54.84,0.0,19.0770968,72.8793452,49.81284547909891
54.85,0.0,19.077097000000002,72.8793455,49.87014125861199
54.86,0.0,19.0770972,72.87934580000001,49.92743703812507
54.870000000000005,0.0,19.0770974,72.8793461,49.984732817638154
54.88,0.0,19.077097600000002,72.8793464,50.04202859715124
54.89,0.0,19.0770978,72.8793467,50.09932437666432
54.9,0.0,19.077098,72.87934700000001,50.1566201561774
54.910000000000004,0.0,19.077098200000002,72.8793473,50.21391593569048
54.92,0.0,19.0770984,72.8793476,50.27121171520356
54.93,0.0,19.0770986,72.8793479,50.328507494716646
54.94,0.0,19.0770988,72.87934820000001,50.38580327422973
54.95,0.0,19.077099,72.8793485,50.44309905374281
54.96,0.0,19.0770992,72.8793488,50.500394833255896
54.97,0.0,19.0770994,72.8793491,50.55769061276897
54.980000000000004,0.0,19.0770996,72.87934940000001,50.614986392282056
54.99,0.0,19.0770998,72.8793497,50.67228217179514
55.0,8.966766701456176,19.0771,72.87935,50.72957795130822
55.01,8.970747636080782,19.0771002,72.8793503,50.786873730821306
55.02,8.97472176693755,19.0771004,72.87935060000001,50.84416951033438
55.03,8.978689087216914,19.0771006,72.8793509,50.901465289847465
55.04,8.982649590120978,19.0771008,72.8793512,50.95876106936055
55.050000000000004,8.986603268863535,19.077101,72.8793515,51.01605684887363
55.06,8.99055011667006,19.0771012,72.87935180000001,51.073352628386715
55.07,8.99449012677773,19.0771014,72.8793521,51.1306484078998
55.08,8.998423292435453,19.0771016,72.8793524,51.18794418741288
55.09,9.002349606903856,19.0771018,72.8793527,51.24523996692596
55.1,9.006269063455303,19.077102,72.87935300000001,51.30253574643904
55.11,9.010181655373913,19.0771022,72.8793533,51.359831525952124
55.120000000000005,9.01408737595557,19.0771024,72.8793536,51.41712730546521
55.13,9.01798621850793,19.0771026,72.8793539,51.47442308497829
55.14,9.021878176350423,19.077102800000002,72.87935420000001,51.53171886449137
55.15,9.02576324281429,19.077103,72.8793545,51.58901464400445
55.160000000000004,9.02964141124258,19.0771032,72.8793548,51.646310423517534
55.17,9.033512674990149,19.077103400000002,72.8793551,51.70360620303062
55.18,9.037377027423698,19.0771036,72.87935540000001,51.7609019825437
55.19,9.041234461921764,19.0771038,72.8793557,51.81819776205678
55.2,9.04508497187474,19.077104000000002,72.879356,51.87549354156987
55.21,9.048928550684872,19.0771042,72.8793563,51.93278932108294
55.22,9.052765191766301,19.0771044,72.87935660000001,51.990085100596026
55.230000000000004,9.05659488854505,19.077104600000002,72.8793569,52.04738088010911
55.24,9.060417634459029,19.0771048,72.8793572,52.10467665962219
55.25,9.064233422958075,19.077105,72.8793575,52.161972439135276
55.26,9.068042247503934,19.077105200000002,72.87935780000001,52.21926821864836
55.27,9.071844101570292,19.0771054,72.8793581,52.276563998161436
55.28,9.07563897864277,19.0771056,72.8793584,52.33385977767452
55.29,9.079426872218955,19.077105800000002,72.8793587,52.3911555571876
55.300000000000004,9.083207775808393,19.077106,72.87935900000001,52.448451336700685
55.31,9.086981682932612,19.0771062,72.8793593,52.50574711621377
55.32,9.090748587125116,19.0771064,72.8793596,52.56304289572685
55.33,9.094508481931424,19.0771066,72.87935990000001,52.620338675239935
55.34,9.098261360909063,19.0771068,72.87936020000001,52.67763445475301
55.35,9.102007217627568,19.077107,72.8793605,52.734930234266095
55.36,9.105746045668521,19.0771072,72.8793608,52.79222601377918
55.370000000000005,9.10947783862554,19.0771074,72.87936110000001,52.84952179329226
55.38,9.113202590104299,19.0771076,72.87936140000001,52.906817572805345
55.39,9.11692029372254,19.0771078,72.8793617,52.96411335231842
55.4,9.120630943110076,19.077108,72.879362,53.021409131831504
55.410000000000004,9.124334531908818,19.0771082,72.87936230000001,53.07870491134459
55.42,9.128031053772759,19.0771084,72.87936260000001,53.13600069085767
55.43,9.131720502368012,19.0771086,72.8793629,53.193296470370754
55.44,9.135402871372808,19.0771088,72.8793632,53.25059224988384
55.45,9.13907815447751,19.077109,72.87936350000001,53.30788802939692
55.46,9.142746345384616,19.0771092,72.87936380000001,53.365183808910004
55.47,9.146407437808785,19.0771094,72.8793641,53.42247958842308
55.480000000000004,9.150061425476837,19.0771096,72.8793644,53.47977536793616
55.49,9.15370830212776,19.0771098,72.87936470000001,53.53707114744925
55.5,9.157348061512726,19.07711,72.879365,53.59436692696233
55.51,9.160980697395111,19.0771102,72.8793653,53.651662706475406
55.52,9.164606203550496,19.077110400000002,72.8793656,53.70895848598849
55.53,9.16822457376667,19.0771106,72.87936590000001,53.76625426550157
55.54,9.171835801843656,19.0771108,72.8793662,53.823550045014656
55.550000000000004,9.175439881593718,19.077111000000002,72.8793665,53.88084582452774
55.56,9.179036806841353,19.0771112,72.8793668,53.93814160404082
55.57,9.18262657142333,19.0771114,72.87936710000001,53.995437383553906
55.58,9.186209169188693,19.077111600000002,72.8793674,54.05273316306699
55.59,9.189784593998754,19.0771118,72.8793677,54.110028942580065
55.6,9.193352839727119,19.077112,72.879368,54.16732472209315
55.61,9.1969139002597,19.077112200000002,72.87936830000001,54.22462050160623
55.620000000000005,9.200467769494711,19.0771124,72.8793686,54.281916281119315
55.63,9.204014441342697,19.0771126,72.8793689,54.3392120606324
55.64,9.20755390972653,19.077112800000002,72.8793692,54.39650784014548
55.65,9.211086168581431,19.077113,72.87936950000001,54.453803619658565
55.660000000000004,9.21461121185497,19.0771132,72.8793698,54.51109939917165
55.67,9.218129033507086,19.0771134,72.8793701,54.56839517868473
55.68,9.221639627510076,19.0771136,72.8793704,54.62569095819781
55.69,9.22514298784864,19.0771138,72.87937070000001,54.6829867377109
55.7,9.228639108519868,19.077114,72.879371,54.740282517223974
55.71,9.232127983533244,19.0771142,72.8793713,54.79757829673706
55.72,9.235609606910684,19.0771144,72.8793716,54.85487407625014
55.730000000000004,9.239083972686519,19.0771146,72.87937190000001,54.912169855763224
55.74,9.24255107490752,19.0771148,72.8793722,54.96946563527631
55.75,9.246010907632895,19.077115,72.8793725,55.02676141478939
55.76,9.249463464934319,19.0771152,72.8793728,55.084057194302474
55.77,9.252908740895931,19.0771154,72.87937310000001,55.14135297381556
55.78,9.256346729614341,19.0771156,72.8793734,55.19864875332864
55.79,9.259777425198653,19.0771158,72.8793737,55.255944532841724
55.800000000000004,9.263200821770463,19.077116,72.879374,55.31324031235481
55.81,9.26661691346387,19.0771162,72.87937430000001,55.37053609186789
55.82,9.270025694425495,19.0771164,72.8793746,55.427831871380974
55.83,9.273427158814489,19.0771166,72.8793749,55.48512765089406
55.84,9.276821300802533,19.0771168,72.8793752,55.54242343040714
55.85,9.280208114573858,19.077117,72.87937550000001,55.599719209920224
55.86,9.283587594325247,19.0771172,72.8793758,55.65701498943331
55.870000000000005,9.286959734266063,19.0771174,72.8793761,55.71431076894639
55.88,9.290324528618223,19.0771176,72.8793764,55.771606548459474
55.89,9.293681971616252,19.0771178,72.87937670000001,55.82890232797256
55.9,9.297032057507263,19.077118000000002,72.879377,55.88619810748564
55.910000000000004,9.300374780550973,19.0771182,72.8793773,55.94349388699872
55.92,9.303710135019719,19.0771184,72.8793776,56.00078966651181
55.93,9.30703811519846,19.077118600000002,72.87937790000001,56.05808544602489
55.94,9.310358715384789,19.0771188,72.8793782,56.11538122553797
55.95,9.31367192988896,19.077119,72.8793785,56.17267700505106
55.96,9.316977753033857,19.077119200000002,72.8793788,56.22997278456414
55.97,9.320276179155051,19.0771194,72.87937910000001,56.28726856407722
55.980000000000004,9.323567202600776,19.0771196,72.8793794,56.34456434359031
55.99,9.326850817731952,19.077119800000002,72.8793797,56.40186012310339
56.0,9.330127018922191,19.07712,72.87938,56.45915590261647
56.01,9.333395800557817,19.0771202,72.87938030000001,56.516451682129556
56.02,9.336657157037866,19.077120400000002,72.8793806,56.57374746164264
56.03,9.33991108277408,19.0771206,72.8793809,56.63104324115572
56.04,9.343157572190957,19.0771208,72.8793812,56.688339020668806
56.050000000000004,9.346396619725718,19.077121,72.87938150000001,56.74563480018189
56.06,9.349628219828347,19.0771212,72.8793818,56.80293057969497
56.07,9.352852366961585,19.0771214,72.8793821,56.860226359208056
56.08,9.356069055600944,19.0771216,72.87938240000001,56.91752213872114
56.09,9.359278280234719,19.0771218,72.87938270000001,56.97481791823422
56.1,9.362480035363987,19.077122,72.879383,57.032113697747306
56.11,9.365674315502625,19.0771222,72.8793833,57.08940947726039
56.120000000000005,9.368861115177328,19.0771224,72.87938360000001,57.14670525677347
56.13,9.372040428927594,19.0771226,72.87938390000001,57.204001036286556
56.14,9.37521225130576,19.0771228,72.8793842,57.26129681579964
56.15,9.378376576876995,19.077123,72.8793845,57.31859259531272
56.160000000000004,9.38153340021932,19.0771232,72.87938480000001,57.375888374825806
56.17,9.38468271592359,19.0771234,72.87938510000001,57.43318415433889
56.18,9.387824518593547,19.0771236,72.8793854,57.49047993385197
56.19,9.390958802845795,19.0771238,72.8793857,57.547775713365056
56.2,9.394085563309826,19.077124,72.87938600000001,57.60507149287814
56.21,9.397204794628017,19.0771242,72.87938630000001,57.66236727239122
56.22,9.40031649145566,19.0771244,72.8793866,57.719663051904305
56.230000000000004,9.403420648460937,19.0771246,72.8793869,57.77695883141739
56.24,9.40651726032496,19.0771248,72.87938720000001,57.83425461093047
56.25,9.409606321741775,19.077125,72.8793875,57.891550390443555
56.26,9.412687827418353,19.0771252,72.8793878,57.94884616995663
56.27,9.415761772074625,19.0771254,72.8793881,58.00614194946972
56.28,9.418828150443469,19.077125600000002,72.87938840000001,58.0634377289828
56.29,9.421886957270722,19.0771258,72.8793887,58.12073350849589
56.300000000000004,9.42493818731521,19.077126,72.879389,58.178029288008965
56.31,9.427981835348728,19.077126200000002,72.8793893,58.23532506752205
56.32,9.431017896156073,19.0771264,72.87938960000001,58.29262084703513
56.33,9.434046364535034,19.0771266,72.8793899,58.349916626548215
56.34,9.437067235296414,19.077126800000002,72.8793902,58.4072124060613
56.35,9.440080503264038,19.077127,72.8793905,58.46450818557438
56.36,9.443086163274744,19.0771272,72.87939080000001,58.521803965087464
56.370000000000005,9.446084210178423,19.077127400000002,72.8793911,58.57909974460055
56.38,9.449074638837999,19.0771276,72.8793914,58.63639552411363
56.39,9.452057444129455,19.0771278,72.8793917,58.693691303626714
56.4,9.45503262094184,19.077128000000002,72.87939200000001,58.7509870831398
56.410000000000004,9.458000164177264,19.0771282,72.8793923,58.80828286265288
56.42,9.460960068750925,19.0771284,72.8793926,58.865578642165964
56.43,9.463912329591103,19.0771286,72.8793929,58.92287442167905
56.44,9.466856941639186,19.0771288,72.87939320000001,58.98017020119213
56.45,9.46979389984966,19.077129,72.8793935,59.037465980705214
56.46,9.472723199190124,19.0771292,72.8793938,59.0947617602183
56.47,9.475644834641306,19.0771294,72.8793941,59.15205753973138
56.480000000000004,9.478558801197066,19.0771296,72.87939440000001,59.209353319244464
56.49,9.481465093864394,19.0771298,72.8793947,59.26664909875755
56.5,9.48436370766344,19.07713,72.879395,59.32394487827063
56.51,9.487254637627512,19.0771302,72.8793953,59.381240657783714
56.52,9.490137878803077,19.0771304,72.87939560000001,59.4385364372968
56.53,9.493013426249782,19.0771306,72.8793959,59.49583221680988
56.54,9.49588127504045,19.0771308,72.8793962,59.553127996322964
56.550000000000004,9.498741420261108,19.077131,72.8793965,59.61042377583605
56.56,9.501593857010969,19.0771312,72.87939680000001,59.66771955534913
56.57,9.504438580402459,19.0771314,72.8793971,59.72501533486221
56.58,9.507275585561228,19.0771316,72.8793974,59.78231111437529
56.59,9.510104867626143,19.0771318,72.8793977,59.83960689388838
56.6,9.512926421749302,19.077132,72.87939800000001,59.89690267340146
56.61,9.515740243096054,19.0771322,72.8793983,59.95419845291455
56.620000000000005,9.518546326844994,19.0771324,72.8793986,60.01149423242762
56.63,9.521344668187968,19.0771326,72.8793989,60.06879001194071
56.64,9.524135262330097,19.0771328,72.87939920000001,60.1260857914538
56.65,9.526918104489777,19.077133,72.8793995,60.18338157096687
56.660000000000004,9.52969318989868,19.077133200000002,72.8793998,60.240677350479956
56.67,9.532460513801773,19.0771334,72.8794001,60.297973129993046
56.68,9.535220071457323,19.0771336,72.87940040000001,60.35526890950613
56.69,9.537971858136903,19.077133800000002,72.8794007,60.412564689019206
56.7,9.540715869125407,19.077134,72.879401,60.46986046853229
56.71,9.543452099721039,19.0771342,72.8794013,60.52715624804538
56.72,9.546180545235343,19.077134400000002,72.87940160000001,60.584452027558456
56.730000000000004,9.548901200993205,19.0771346,72.8794019,60.64174780707154
56.74,9.551614062332854,19.0771348,72.8794022,60.69904358658462
56.75,9.554319124605877,19.077135000000002,72.8794025,60.756339366097706
56.76,9.557016383177228,19.0771352,72.87940280000001,60.81363514561079
56.77,9.559705833425218,19.0771354,72.8794031,60.87093092512387
56.78,9.562387470741553,19.077135600000002,72.8794034,60.928226704636955
56.79,9.56506129053132,19.0771358,72.8794037,60.98552248415004
56.800000000000004,9.567727288213003,19.077136,72.87940400000001,61.04281826366312
56.81,9.570385459218487,19.0771362,72.8794043,61.100114043176205
56.82,9.573035798993066,19.0771364,72.8794046,61.15740982268929
56.83,9.57567830299546,19.0771366,72.8794049,61.21470560220237
56.84,9.578312966697807,19.0771368,72.87940520000001,61.272001381715455
56.85,9.58093978558568,19.077137,72.8794055,61.32929716122854
56.86,9.5835587551581,19.0771372,72.8794058,61.38659294074162
56.870000000000005,9.586169870927534,19.0771374,72.87940610000001,61.443888720254705
56.88,9.588773128419906,19.0771376,72.87940640000001,61.50118449976779
56.89,9.591368523174605,19.0771378,72.8794067,61.55848027928087
56.9,9.593956050744492,19.077138,72.879407,61.615776058793955
56.910000000000004,9.59653570669591,19.0771382,72.87940730000001,61.67307183830704
56.92,9.599107486608688,19.0771384,72.87940760000001,61.73036761782012
56.93,9.601671386076152,19.0771386,72.8794079,61.787663397333205
56.94,9.60422740070513,19.0771388,72.8794082,61.84495917684629
56.95,9.60677552611596,19.077139,72.87940850000001,61.90225495635937
56.96,9.609315757942504,19.0771392,72.87940880000001,61.959550735872455
56.97,9.611848091832133,19.0771394,72.8794091,62.01684651538554
56.980000000000004,9.614372523445772,19.0771396,72.8794094,62.07414229489862
56.99,9.616889048457871,19.0771398,72.87940970000001,62.131438074411705
57.0,9.619397662556432,19.07714,72.87941000000001,62.18873385392479
57.01,9.62189836144302,19.0771402,72.8794103,62.24602963343787
57.02,9.62439114083275,19.0771404,72.8794106,62.303325412950954
57.03,9.626875996454311,19.0771406,72.87941090000001,62.36062119246404
57.04,9.629352924049975,19.077140800000002,72.8794112,62.41791697197712
57.050000000000004,9.631821919375591,19.077141,72.8794115,62.475212751490204
57.06,9.634282978200604,19.0771412,72.8794118,62.53250853100329
57.07,9.63673609630806,19.077141400000002,72.87941210000001,62.58980431051637
57.08,9.6391812694946,19.0771416,72.8794124,62.647100090029454
57.09,9.641618493570494,19.0771418,72.8794127,62.70439586954254
57.1,9.644047764359623,19.077142000000002,72.879413,62.76169164905562
57.11,9.646469077699493,19.0771422,72.87941330000001,62.818987428568704
57.120000000000005,9.648882429441256,19.0771424,72.8794136,62.87628320808179
57.13,9.651287815449697,19.077142600000002,72.8794139,62.93357898759487
57.14,9.653685231603253,19.0771428,72.8794142,62.990874767107954
57.15,9.656074673794016,19.077143,72.87941450000001,63.04817054662104
57.160000000000004,9.658456137927747,19.077143200000002,72.8794148,63.10546632613412
57.17,9.660829619923861,19.0771434,72.8794151,63.162762105647204
57.18,9.663195115715471,19.0771436,72.8794154,63.22005788516029
57.19,9.665552621249361,19.0771438,72.87941570000001,63.27735366467337
57.2,9.66790213248601,19.077144,72.879416,63.334649444186454
57.21,9.670243645399593,19.0771442,72.8794163,63.39194522369954
57.22,9.672577155977994,19.0771444,72.8794166,63.44924100321262
57.230000000000004,9.674902660222806,19.0771446,72.87941690000001,63.5065367827257
57.24,9.677220154149337,19.0771448,72.8794172,63.56383256223878
57.25,9.679529633786627,19.077145,72.8794175,63.62112834175186
57.26,9.681831095177449,19.0771452,72.8794178,63.67842412126495
57.27,9.684124534378308,19.0771454,72.87941810000001,63.73571990077804
57.28,9.686409947459456,19.0771456,72.8794184,63.79301568029111
57.29,9.688687330504905,19.0771458,72.8794187,63.850311459804196
57.300000000000004,9.690956679612421,19.077146,72.879419,63.90760723931729
57.31,9.693217990893533,19.0771462,72.87941930000001,63.96490301883036
57.32,9.695471260473546,19.0771464,72.8794196,64.02219879834345
57.33,9.697716484491545,19.0771466,72.8794199,64.07949457785654
57.34,9.699953659100402,19.0771468,72.8794202,64.13679035736962
57.35,9.702182780466773,19.077147,72.87942050000001,64.1940861368827
57.36,9.704403844771125,19.0771472,72.8794208,64.25138191639579
57.370000000000005,9.706616848207727,19.0771474,72.8794211,64.30867769590887
57.38,9.708821786984652,19.0771476,72.8794214,64.36597347542195
57.39,9.7110186573238,19.0771478,72.87942170000001,64.42326925493504
57.4,9.713207455460891,19.077148,72.879422,64.48056503444812
57.410000000000004,9.715388177645485,19.0771482,72.8794223,64.5378608139612
57.42,9.717560820140967,19.077148400000002,72.8794226,64.59515659347429
57.43,9.719725379224577,19.0771486,72.87942290000001,64.65245237298737
57.44,9.721881851187407,19.0771488,72.8794232,64.70974815250045
57.45,9.72403023233439,19.077149000000002,72.8794235,64.76704393201354
57.46,9.72617051898434,19.0771492,72.8794238,64.82433971152662
57.47,9.728302707469934,19.0771494,72.87942410000001,64.8816354910397
57.480000000000004,9.730426794137726,19.077149600000002,72.8794244,64.93893127055279
57.49,9.732542775348149,19.0771498,72.8794247,64.99622705006585
57.5,9.73465064747553,19.07715,72.879425,65.05352282957894
57.51,9.736750406908081,19.077150200000002,72.87942530000001,65.11081860909204
57.52,9.738842050047928,19.0771504,72.8794256,65.16811438860512
57.53,9.740925573311095,19.0771506,72.8794259,65.22541016811819
57.54,9.743000973127522,19.077150800000002,72.8794262,65.28270594763127
57.550000000000004,9.745068245941068,19.077151,72.87942650000001,65.34000172714437
57.56,9.747127388209517,19.0771512,72.8794268,65.39729750665744
57.57,9.749178396404588,19.0771514,72.8794271,65.45459328617052
57.58,9.751221267011928,19.0771516,72.8794274,65.5118890656836
57.59,9.753255996531141,19.0771518,72.87942770000001,65.5691848451967
57.6,9.755282581475768,19.077152,72.879428,65.62648062470977
57.61,9.757301018373312,19.0771522,72.8794283,65.68377640422285
57.620000000000005,9.759311303765237,19.0771524,72.87942860000001,65.74107218373594
57.63,9.76131343420698,19.0771526,72.87942890000001,65.79836796324902
57.64,9.76330740626793,19.0771528,72.8794292,65.8556637427621
57.65,9.765293216531486,19.077153,72.8794295,65.91295952227519
57.660000000000004,9.767270861595007,19.0771532,72.87942980000001,65.97025530178827
57.67,9.769240338069853,19.0771534,72.87943010000001,66.02755108130135
57.68,9.771201642581385,19.0771536,72.8794304,66.08484686081444
57.69,9.773154771768954,19.0771538,72.8794307,66.14214264032752
57.7,9.775099722285933,19.077154,72.87943100000001,66.1994384198406
57.71,9.777036490799698,19.0771542,72.87943130000001,66.25673419935369
57.72,9.77896507399165,19.0771544,72.8794316,66.31402997886677
57.730000000000004,9.780885468557216,19.0771546,72.8794319,66.37132575837985
57.74,9.782797671205849,19.0771548,72.87943220000001,66.42862153789294
57.75,9.784701678661044,19.077155,72.87943250000001,66.48591731740602
57.76,9.786597487660336,19.0771552,72.8794328,66.5432130969191
57.77,9.788485094955309,19.0771554,72.8794331,66.60050887643219
57.78,9.790364497311597,19.0771556,72.87943340000001,66.65780465594527
57.79,9.792235691508894,19.0771558,72.8794337,66.71510043545835
57.800000000000004,9.794098674340965,19.077156000000002,72.879434,66.77239621497144
57.81,9.795953442615637,19.0771562,72.8794343,66.82969199448452
57.82,9.797799993154811,19.0771564,72.87943460000001,66.8869877739976
57.83,9.799638322794483,19.077156600000002,72.8794349,66.94428355351069
57.84,9.801468428384716,19.0771568,72.8794352,67.00157933302377
57.85,9.803290306789677,19.077157,72.8794355,67.05887511253685
57.86,9.805103954887626,19.077157200000002,72.87943580000001,67.11617089204994
57.870000000000005,9.80690936957093,19.0771574,72.8794361,67.17346667156302
57.88,9.808706547746057,19.0771576,72.8794364,67.2307624510761
57.89,9.81049548633359,19.077157800000002,72.8794367,67.28805823058919
57.9,9.812276182268235,19.077158,72.87943700000001,67.34535401010227
57.910000000000004,9.81404863249882,19.0771582,72.8794373,67.40264978961535
57.92,9.815812833988291,19.077158400000002,72.8794376,67.45994556912844
57.93,9.817568783713744,19.0771586,72.8794379,67.51724134864152
57.94,9.819316478666405,19.0771588,72.87943820000001,67.5745371281546
57.95,9.821055915851646,19.077159,72.8794385,67.63183290766769
57.96,9.822787092288989,19.0771592,72.8794388,67.68912868718077
57.97,9.824510005012112,19.0771594,72.8794391,67.74642446669385
57.980000000000004,9.826224651068852,19.0771596,72.87943940000001,67.80372024620694
57.99,9.827931027521204,19.0771598,72.8794397,67.86101602572002
58.0,9.82962913144534,19.07716,72.87944,67.9183118052331
58.01,9.83131895993161,19.0771602,72.8794403,67.97560758474619
58.02,9.833000510084537,19.0771604,72.87944060000001,68.03290336425927
58.03,9.834673779022827,19.0771606,72.8794409,68.09019914377235
58.04,9.836338763879382,19.0771608,72.8794412,68.14749492328544
58.050000000000004,9.837995461801299,19.077161,72.8794415,68.20479070279852
58.06,9.839643869949867,19.0771612,72.87944180000001,68.2620864823116
58.07,9.841283985500581,19.0771614,72.8794421,68.31938226182469
58.08,9.842915805643155,19.0771616,72.8794424,68.37667804133777
58.09,9.844539327581504,19.0771618,72.8794427,68.43397382085085
58.1,9.846154548533772,19.077162,72.87944300000001,68.49126960036394
58.11,9.847761465732319,19.0771622,72.8794433,68.54856537987702
58.120000000000005,9.849360076423734,19.0771624,72.8794436,68.6058611593901
58.13,9.850950377868845,19.0771626,72.8794439,68.66315693890319
58.14,9.852532367342713,19.0771628,72.87944420000001,68.72045271841627
58.15,9.854106042134639,19.077163,72.8794445,68.77774849792935
58.160000000000004,9.85567139954818,19.0771632,72.8794448,68.83504427744242
58.17,9.857228436901133,19.0771634,72.8794451,68.89234005695552
58.18,9.858777151525564,19.077163600000002,72.87944540000001,68.9496358364686
58.19,9.860317540767783,19.0771638,72.8794457,69.00693161598169
58.2,9.861849601988384,19.077164,72.879446,69.06422739549475
58.21,9.863373332562215,19.077164200000002,72.8794463,69.12152317500785
58.22,9.864888729878409,19.0771644,72.87944660000001,69.17881895452093
58.230000000000004,9.866395791340373,19.0771646,72.8794469,69.236114734034
58.24,9.867894514365803,19.077164800000002,72.8794472,69.29341051354709
58.25,9.869384896386668,19.077165,72.8794475,69.35070629306018
58.26,9.870866934849246,19.0771652,72.87944780000001,69.40800207257327
58.27,9.872340627214104,19.077165400000002,72.8794481,69.46529785208634
58.28,9.87380597095611,19.0771656,72.8794484,69.52259363159942
58.29,9.875262963564435,19.0771658,72.8794487,69.5798894111125
58.300000000000004,9.876711602542565,19.077166000000002,72.87944900000001,69.63718519062559
58.31,9.878151885408293,19.0771662,72.8794493,69.69448097013867
58.32,9.879583809693738,19.0771664,72.8794496,69.75177674965175
58.33,9.881007372945332,19.0771666,72.8794499,69.80907252916484
58.34,9.882422572723844,19.0771668,72.87945020000001,69.86636830867792
58.35,9.883829406604361,19.077167,72.8794505,69.923664088191
58.36,9.885227872176317,19.0771672,72.8794508,69.98095986770409
58.370000000000005,9.88661796704348,19.0771674,72.87945110000001,70.03825564721717
58.38,9.887999688823953,19.0771676,72.87945140000001,70.09555142673025
58.39,9.8893730351502,19.0771678,72.8794517,70.15284720624334
58.4,9.890738003669027,19.077168,72.879452,70.21014298575642
58.410000000000004,9.8920945920416,19.0771682,72.87945230000001,70.2674387652695
58.42,9.89344279794344,19.0771684,72.87945260000001,70.32473454478259
58.43,9.894782619064431,19.0771686,72.8794529,70.38203032429567
58.44,9.896114053108828,19.0771688,72.8794532,70.43932610380875
58.45,9.897437097795258,19.077169,72.87945350000001,70.49662188332184
58.46,9.898751750856714,19.0771692,72.87945380000001,70.55391766283492
58.47,9.900058010040578,19.0771694,72.8794541,70.611213442348
58.480000000000004,9.901355873108608,19.0771696,72.8794544,70.66850922186109
58.49,9.902645337836955,19.0771698,72.87945470000001,70.72580500137417
58.5,9.903926402016152,19.07717,72.87945500000001,70.78310078088725
58.51,9.905199063451132,19.0771702,72.8794553,70.84039656040034
58.52,9.906463319961226,19.0771704,72.8794556,70.89769233991342
58.53,9.907719169380162,19.0771706,72.87945590000001,70.9549881194265
58.54,9.908966609556078,19.0771708,72.8794562,71.01228389893959
58.550000000000004,9.910205638351519,19.077171,72.8794565,71.06957967845267
58.56,9.911436253643442,19.077171200000002,72.8794568,71.12687545796575
58.57,9.912658453323225,19.0771714,72.87945710000001,71.18417123747884
58.58,9.913872235296656,19.0771716,72.8794574,71.24146701699192
58.59,9.915077597483958,19.077171800000002,72.8794577,71.298762796505
58.6,9.916274537819774,19.077172,72.879458,71.35605857601809
58.61,9.917463054253178,19.0771722,72.87945830000001,71.41335435553117
58.620000000000005,9.91864314474768,19.077172400000002,72.8794586,71.47065013504425
58.63,9.919814807281227,19.0771726,72.8794589,71.52794591455734
58.64,9.920978039846208,19.0771728,72.8794592,71.58524169407042
58.65,9.922132840449457,19.077173000000002,72.87945950000001,71.6425374735835
58.660000000000004,9.923279207112255,19.0771732,72.8794598,71.69983325309659
58.67,9.924417137870329,19.0771734,72.8794601,71.75712903260967
58.68,9.92554663077387,19.077173600000002,72.8794604,71.81442481212275
58.69,9.92666768388752,19.0771738,72.87946070000001,71.87172059163584
58.7,9.927780295290388,19.077174,72.879461,71.92901637114892
58.71,9.928884463076043,19.0771742,72.8794613,71.986312150662
58.72,9.929980185352525,19.0771744,72.8794616,72.04360793017509
58.730000000000004,9.931067460242343,19.0771746,72.87946190000001,72.10090370968817
58.74,9.932146285882478,19.0771748,72.8794622,72.15819948920125
58.75,9.933216660424396,19.077175,72.8794625,72.21549526871433
58.76,9.934278582034036,19.0771752,72.8794628,72.27279104822742
58.77,9.935332048891826,19.0771754,72.87946310000001,72.3300868277405
58.78,9.936377059192683,19.0771756,72.8794634,72.38738260725358
58.79,9.937413611146004,19.0771758,72.8794637,72.44467838676667
58.800000000000004,9.93844170297569,19.077176,72.879464,72.50197416627975
58.81,9.93946133292013,19.0771762,72.87946430000001,72.55926994579283
58.82,9.940472499232216,19.0771764,72.8794646,72.61656572530592
58.83,9.941475200179346,19.0771766,72.8794649,72.673861504819
58.84,9.942469434043417,19.0771768,72.8794652,72.73115728433208
58.85,9.943455199120837,19.077177,72.87946550000001,72.78845306384517
58.86,9.944432493722523,19.0771772,72.8794658,72.84574884335825
58.870000000000005,9.945401316173909,19.0771774,72.8794661,72.90304462287133
58.88,9.946361664814942,19.0771776,72.8794664,72.96034040238442
58.89,9.947313538000092,19.0771778,72.87946670000001,73.0176361818975
58.9,9.948256934098351,19.077178,72.879467,73.07493196141058
58.910000000000004,9.949191851493236,19.0771782,72.8794673,73.13222774092367
58.92,9.950118288582788,19.0771784,72.8794676,73.18952352043675
58.93,9.951036243779585,19.0771786,72.87946790000001,73.24681929994983
58.94,9.951945715510735,19.077178800000002,72.8794682,73.30411507946292
58.95,9.952846702217887,19.077179,72.8794685,73.361410858976
58.96,9.953739202357216,19.0771792,72.8794688,73.41870663848908
58.97,9.954623214399458,19.077179400000002,72.87946910000001,73.47600241800217
58.980000000000004,9.955498736829876,19.0771796,72.8794694,73.53329819751525
58.99,9.956365768148283,19.0771798,72.8794697,73.59059397702833
59.0,9.957224306869053,19.077180000000002,72.87947,73.64788975654142
59.01,9.958074351521095,19.0771802,72.87947030000001,73.7051855360545
59.02,9.958915900647888,19.0771804,72.8794706,73.76248131556758
59.03,9.959748952807457,19.077180600000002,72.8794709,73.81977709508067
59.04,9.96057350657239,19.0771808,72.8794712,73.87707287459375
59.050000000000004,9.961389560529836,19.077181,72.87947150000001,73.93436865410683
59.06,9.962197113281508,19.077181200000002,72.8794718,73.99166443361992
59.07,9.96299616344369,19.0771814,72.8794721,74.048960213133
59.08,9.963786709647227,19.0771816,72.8794724,74.10625599264608
59.09,9.964568750537543,19.0771818,72.87947270000001,74.16355177215917
59.1,9.965342284774632,19.077182,72.879473,74.22084755167225
59.11,9.966107311033062,19.0771822,72.8794733,74.27814333118533
59.120000000000005,9.966863828001982,19.0771824,72.87947360000001,74.33543911069842
59.13,9.96761183438512,19.0771826,72.87947390000001,74.3927348902115
59.14,9.968351328900793,19.0771828,72.8794742,74.45003066972458
59.15,9.969082310281891,19.077183,72.8794745,74.50732644923767
59.160000000000004,9.969804777275899,19.0771832,72.87947480000001,74.56462222875075
59.17,9.970518728644889,19.0771834,72.87947510000001,74.62191800826383
59.18,9.971224163165527,19.0771836,72.8794754,74.67921378777692
59.19,9.971921079629068,19.0771838,72.8794757,74.73650956729
59.2,9.972609476841367,19.077184,72.87947600000001,74.79380534680308
59.21,9.97328935362287,19.0771842,72.87947630000001,74.85110112631617
59.22,9.973960708808633,19.0771844,72.8794766,74.90839690582925
59.230000000000004,9.9746235412483,19.0771846,72.8794769,74.96569268534233
59.24,9.975277849806131,19.0771848,72.87947720000001,75.02298846485542
59.25,9.975923633360983,19.077185,72.87947750000001,75.0802842443685
59.26,9.976560890806326,19.0771852,72.8794778,75.13758002388158
59.27,9.977189621050236,19.0771854,72.8794781,75.19487580339467
59.28,9.9778098230154,19.0771856,72.87947840000001,75.25217158290775
59.29,9.978421495639118,19.0771858,72.8794787,75.30946736242083
59.300000000000004,9.979024637873309,19.077186,72.879479,75.3667631419339
59.31,9.979619248684502,19.0771862,72.8794793,75.42405892144698
59.32,9.980205327053849,19.077186400000002,72.87947960000001,75.48135470096008
59.33,9.98078287197712,19.0771866,72.8794799,75.53865048047317
59.34,9.981351882464706,19.0771868,72.8794802,75.59594625998625
59.35,9.981912357541628,19.077187000000002,72.8794805,75.65324203949933
59.36,9.982464296247521,19.0771872,72.87948080000001,75.71053781901242
59.370000000000005,9.983007697636658,19.0771874,72.8794811,75.76783359852548
59.38,9.983542560777934,19.077187600000002,72.8794814,75.82512937803857
59.39,9.984068884754876,19.0771878,72.8794817,75.88242515755165
59.4,9.98458666866564,19.077188,72.87948200000001,75.93972093706475
59.410000000000004,9.98509591162302,19.077188200000002,72.8794823,75.99701671657783
59.42,9.985596612754438,19.0771884,72.8794826,76.05431249609092
59.43,9.986088771201963,19.0771886,72.8794829,76.11160827560398
59.44,9.98657238612229,19.077188800000002,72.87948320000001,76.16890405511707
59.45,9.98704745668676,19.077189,72.8794835,76.22619983463015
59.46,9.987513982081351,19.0771892,72.8794838,76.28349561414323
59.47,9.987971961506686,19.0771894,72.8794841,76.34079139365632
59.480000000000004,9.988421394178026,19.0771896,72.87948440000001,76.39808717316942
59.49,9.988862279325286,19.0771898,72.8794847,76.4553829526825
59.5,9.989294616193018,19.07719,72.879485,76.51267873219557
59.51,9.989718404040424,19.0771902,72.8794853,76.56997451170865
59.52,9.990133642141359,19.0771904,72.87948560000001,76.62727029122173
59.53,9.990540329784318,19.0771906,72.8794859,76.68456607073482
59.54,9.990938466272457,19.0771908,72.8794862,76.7418618502479
59.550000000000004,9.991328050923581,19.077191,72.8794865,76.79915762976098
59.56,9.991709083070141,19.0771912,72.87948680000001,76.85645340927408
59.57,9.992081562059257,19.0771914,72.8794871,76.91374918878715
59.58,9.99244548725269,19.0771916,72.8794874,76.97104496830023
59.59,9.992800858026866,19.0771918,72.8794877,77.02834074781332
59.6,9.993147673772869,19.077192,72.87948800000001,77.0856365273264
59.61,9.993485933896437,19.0771922,72.8794883,77.14293230683948
59.620000000000005,9.993815637817974,19.0771924,72.8794886,77.20022808635257
59.63,9.994136784972536,19.0771926,72.8794889,77.25752386586565
59.64,9.99444937480985,19.0771928,72.87948920000001,77.31481964537873
59.65,9.9947534067943,19.077193,72.8794895,77.37211542489183
59.660000000000004,9.995048880404937,19.0771932,72.8794898,77.4294112044049
59.67,9.995335795135475,19.0771934,72.8794901,77.48670698391798
59.68,9.995614150494292,19.0771936,72.87949040000001,77.54400276343107
59.69,9.995883946004433,19.0771938,72.8794907,77.60129854294415
59.7,9.996145181203616,19.077194000000002,72.879491,77.65859432245723
59.71,9.996397855644215,19.0771942,72.8794913,77.71589010197032
59.72,9.99664196889328,19.0771944,72.87949160000001,77.7731858814834
59.730000000000004,9.996877520532534,19.077194600000002,72.8794919,77.83048166099648
59.74,9.997104510158364,19.0771948,72.8794922,77.88777744050957
59.75,9.997322937381828,19.077195,72.8794925,77.94507322002265
59.76,9.997532801828658,19.077195200000002,72.87949280000001,78.00236899953573
59.77,9.997734103139255,19.0771954,72.8794931,78.05966477904882
59.78,9.997926840968699,19.0771956,72.8794934,78.1169605585619
59.79,9.998111014986735,19.077195800000002,72.8794937,78.17425633807498
59.800000000000004,9.998286624877785,19.077196,72.87949400000001,78.23155211758807
59.81,9.998453670340952,19.0771962,72.8794943,78.28884789710115
59.82,9.998612151090002,19.077196400000002,72.8794946,78.34614367661423
59.83,9.998762066853386,19.0771966,72.8794949,78.40343945612732
59.84,9.998903417374228,19.0771968,72.87949520000001,78.4607352356404
59.85,9.999036202410323,19.077197,72.8794955,78.51803101515348
59.86,9.999160421734155,19.0771972,72.8794958,78.57532679466657
59.870000000000005,9.99927607513287,19.0771974,72.87949610000001,78.63262257417965
59.88,9.999383162408304,19.0771976,72.87949640000001,78.68991835369272
59.89,9.999481683376963,19.0771978,72.8794967,78.7472141332058
59.9,9.999571637870035,19.077198,72.879497,78.8045099127189
59.910000000000004,9.999653025733386,19.0771982,72.87949730000001,78.86180569223198
59.92,9.99972584682756,19.0771984,72.87949760000001,78.91910147174507
59.93,9.99979010102778,19.0771986,72.8794979,78.97639725125815
59.94,9.999845788223949,19.0771988,72.8794982,79.03369303077123
59.95,9.999892908320646,19.077199,72.87949850000001,79.0909888102843
59.96,9.999931461237134,19.0771992,72.87949880000001,79.14828458979738
59.97,9.999961446907353,19.0771994,72.8794991,79.20558036931047
59.980000000000004,9.999982865279923,19.0771996,72.8794994,79.26287614882357
59.99,9.999995716318146,19.0771998,72.87949970000001,79.32017192833665
60.0,10.0,19.0772,72.87950000000001,79.37746770784973
60.01,9.999995716318146,19.0772002,72.8795003,79.43476348736282
60.02,9.999982865279923,19.0772004,72.8795006,79.49205926687588
60.03,9.999961446907353,19.0772006,72.87950090000001,79.54935504638897
60.04,9.999931461237134,19.0772008,72.8795012,79.60665082590205
60.050000000000004,9.999892908320646,19.077201,72.8795015,79.66394660541513
60.06,9.999845788223949,19.0772012,72.8795018,79.72124238492823
60.07,9.99979010102778,19.0772014,72.87950210000001,79.77853816444131
60.08,9.99972584682756,19.077201600000002,72.8795024,79.8358339439544
60.09,9.999653025733386,19.0772018,72.8795027,79.89312972346747
60.1,9.999571637870035,19.077202,72.879503,79.95042550298055
60.11,9.999481683376963,19.077202200000002,72.87950330000001,80.00772128249363
60.120000000000005,9.999383162408304,19.0772024,72.8795036,80.06501706200672
60.13,9.99927607513287,19.0772026,72.8795039,80.1223128415198
60.14,9.999160421734155,19.077202800000002,72.8795042,80.17960862103288
60.15,9.999036202410323,19.077203,72.87950450000001,80.23690440054598
60.160000000000004,9.998903417374228,19.0772032,72.8795048,80.29420018005905
60.17,9.998762066853386,19.077203400000002,72.8795051,80.35149595957213
60.18,9.998612151090002,19.0772036,72.8795054,80.40879173908522
60.19,9.998453670340952,19.0772038,72.87950570000001,80.4660875185983
60.2,9.998286624877785,19.077204000000002,72.879506,80.52338329811138
60.21,9.998111014986735,19.0772042,72.8795063,80.58067907762447
60.22,9.997926840968699,19.0772044,72.8795066,80.63797485713755
60.230000000000004,9.997734103139255,19.0772046,72.87950690000001,80.69527063665063
60.24,9.997532801828658,19.0772048,72.8795072,80.75256641616372
60.25,9.997322937381828,19.077205,72.8795075,80.8098621956768
60.26,9.997104510158364,19.0772052,72.8795078,80.86715797518988
60.27,9.996877520532534,19.0772054,72.87950810000001,80.92445375470297
60.28,9.99664196889328,19.0772056,72.8795084,80.98174953421605
60.29,9.996397855644215,19.0772058,72.8795087,81.03904531372913
60.300000000000004,9.996145181203616,19.077206,72.879509,81.09634109324222
60.31,9.995883946004433,19.0772062,72.87950930000001,81.1536368727553
60.32,9.995614150494292,19.0772064,72.8795096,81.21093265226838
60.33,9.995335795135475,19.0772066,72.8795099,81.26822843178147
60.34,9.995048880404937,19.0772068,72.8795102,81.32552421129455
60.35,9.9947534067943,19.077207,72.87951050000001,81.38281999080763
60.36,9.99444937480985,19.0772072,72.8795108,81.44011577032072
60.370000000000005,9.994136784972536,19.0772074,72.8795111,81.4974115498338
60.38,9.993815637817974,19.0772076,72.8795114,81.55470732934688
60.39,9.993485933896437,19.0772078,72.87951170000001,81.61200310885997
60.4,9.993147673772869,19.077208,72.879512,81.66929888837305
60.410000000000004,9.992800858026866,19.0772082,72.8795123,81.72659466788613
60.42,9.99244548725269,19.0772084,72.8795126,81.78389044739922
60.43,9.992081562059257,19.0772086,72.87951290000001,81.8411862269123
60.44,9.991709083070141,19.0772088,72.8795132,81.89848200642538
60.45,9.991328050923581,19.077209,72.8795135,81.95577778593845
60.46,9.990938466272457,19.077209200000002,72.8795138,82.01307356545152
60.47,9.990540329784318,19.0772094,72.87951410000001,82.0703693449646
60.480000000000004,9.990133642141357,19.0772096,72.8795144,82.12766512447769
60.49,9.989718404040424,19.077209800000002,72.8795147,82.18496090399077
60.5,9.989294616193018,19.07721,72.879515,82.24225668350384
60.51,9.988862279325286,19.0772102,72.87951530000001,82.29955246301692
60.52,9.988421394178026,19.077210400000002,72.8795156,82.35684824252999
60.53,9.987971961506686,19.0772106,72.8795159,82.41414402204308
60.54,9.987513982081351,19.0772108,72.8795162,82.47143980155616
60.550000000000004,9.98704745668676,19.077211000000002,72.87951650000001,82.52873558106924
60.56,9.98657238612229,19.0772112,72.8795168,82.58603136058233
60.57,9.986088771201963,19.0772114,72.8795171,82.64332714009541
60.58,9.985596612754438,19.077211600000002,72.8795174,82.70062291960848
60.59,9.985095911623018,19.0772118,72.87951770000001,82.75791869912156
60.6,9.98458666866564,19.077212,72.879518,82.81521447863463
60.61,9.984068884754876,19.0772122,72.8795183,82.87251025814771
60.620000000000005,9.983542560777934,19.0772124,72.8795186,82.9298060376608
60.63,9.983007697636658,19.0772126,72.87951890000001,82.98710181717388
60.64,9.982464296247521,19.0772128,72.8795192,83.04439759668695
60.65,9.981912357541628,19.077213,72.8795195,83.10169337620003
60.660000000000004,9.981351882464706,19.0772132,72.87951980000001,83.1589891557131
60.67,9.98078287197712,19.0772134,72.87952010000001,83.21628493522618
60.68,9.980205327053849,19.0772136,72.8795204,83.27358071473927
60.69,9.979619248684502,19.0772138,72.8795207,83.33087649425235
60.7,9.979024637873309,19.077214,72.87952100000001,83.38817227376543
60.71,9.97842149563912,19.0772142,72.87952130000001,83.4454680532785
60.72,9.9778098230154,19.0772144,72.8795216,83.50276383279159
60.730000000000004,9.977189621050236,19.0772146,72.8795219,83.56005961230466
60.74,9.976560890806327,19.0772148,72.87952220000001,83.61735539181774
60.75,9.975923633360983,19.077215,72.87952250000001,83.67465117133082
60.76,9.975277849806133,19.0772152,72.8795228,83.7319469508439
60.77,9.9746235412483,19.0772154,72.8795231,83.78924273035697
60.78,9.973960708808633,19.0772156,72.87952340000001,83.84653850987006
60.79,9.97328935362287,19.0772158,72.87952370000001,83.90383428938313
60.800000000000004,9.972609476841367,19.077216,72.879524,83.96113006889621
60.81,9.971921079629068,19.0772162,72.8795243,84.0184258484093
60.82,9.971224163165527,19.0772164,72.87952460000001,84.07572162792238
60.83,9.97051872864489,19.0772166,72.8795249,84.13301740743546
60.84,9.969804777275899,19.077216800000002,72.8795252,84.19031318694854
60.85,9.969082310281891,19.077217,72.8795255,84.24760896646161
60.86,9.968351328900793,19.0772172,72.87952580000001,84.3049047459747
60.870000000000005,9.96761183438512,19.077217400000002,72.8795261,84.36220052548776
60.88,9.966863828001982,19.0772176,72.8795264,84.41949630500085
60.89,9.966107311033062,19.0772178,72.8795267,84.47679208451393
60.9,9.965342284774632,19.077218000000002,72.87952700000001,84.53408786402701
60.910000000000004,9.964568750537543,19.0772182,72.8795273,84.59138364354008
60.92,9.963786709647227,19.0772184,72.8795276,84.64867942305317
60.93,9.96299616344369,19.077218600000002,72.8795279,84.70597520256624
60.94,9.962197113281508,19.0772188,72.87952820000001,84.76327098207932
60.95,9.961389560529835,19.077219,72.8795285,84.8205667615924
60.96,9.96057350657239,19.077219200000002,72.8795288,84.87786254110549
60.97,9.959748952807457,19.0772194,72.8795291,84.93515832061857
60.980000000000004,9.958915900647888,19.0772196,72.87952940000001,84.99245410013164
60.99,9.958074351521095,19.0772198,72.8795297,85.04974987964472
61.0,9.957224306869053,19.07722,72.87953,85.10704565915779
61.01,9.956365768148284,19.0772202,72.8795303,85.16434143867087
61.02,9.955498736829874,19.0772204,72.87953060000001,85.22163721818396
61.03,9.954623214399458,19.0772206,72.8795309,85.27893299769704
61.04,9.953739202357218,19.0772208,72.8795312,85.33622877721011
61.050000000000004,9.952846702217887,19.077221,72.8795315,85.3935245567232
61.06,9.951945715510737,19.0772212,72.87953180000001,85.45082033623626
61.07,9.951036243779585,19.0772214,72.8795321,85.50811611574935
61.08,9.95011828858279,19.0772216,72.8795324,85.56541189526243
61.09,9.949191851493236,19.0772218,72.8795327,85.62270767477551
61.1,9.948256934098351,19.077222,72.87953300000001,85.6800034542886
61.11,9.947313538000092,19.0772222,72.8795333,85.73729923380168
61.120000000000005,9.94636166481494,19.0772224,72.8795336,85.79459501331475
61.13,9.945401316173907,19.0772226,72.8795339,85.85189079282783
61.14,9.944432493722523,19.0772228,72.87953420000001,85.9091865723409
61.15,9.943455199120837,19.077223,72.8795345,85.96648235185398
61.160000000000004,9.942469434043419,19.0772232,72.8795348,86.02377813136707
61.17,9.941475200179346,19.0772234,72.8795351,86.08107391088015
61.18,9.940472499232216,19.0772236,72.87953540000001,86.13836969039322
61.19,9.93946133292013,19.077223800000002,72.8795357,86.1956654699063
61.2,9.93844170297569,19.077224,72.879536,86.25296124941937
61.21,9.937413611146004,19.0772242,72.8795363,86.31025702893245
61.22,9.936377059192683,19.077224400000002,72.87953660000001,86.36755280844554
61.230000000000004,9.935332048891826,19.0772246,72.8795369,86.42484858795862
61.24,9.934278582034036,19.0772248,72.8795372,86.4821443674717
61.25,9.933216660424396,19.077225000000002,72.8795375,86.53944014698477
61.26,9.932146285882478,19.0772252,72.87953780000001,86.59673592649786
61.27,9.93106746024234,19.0772254,72.8795381,86.65403170601093
61.28,9.929980185352525,19.077225600000002,72.8795384,86.71132748552401
61.29,9.928884463076045,19.0772258,72.8795387,86.76862326503709
61.300000000000004,9.927780295290388,19.077226,72.87953900000001,86.82591904455018
61.31,9.92666768388752,19.077226200000002,72.8795393,86.88321482406324
61.32,9.92554663077387,19.0772264,72.8795396,86.94051060357633
61.33,9.924417137870329,19.0772266,72.8795399,86.9978063830894
61.34,9.923279207112255,19.077226800000002,72.87954020000001,87.05510216260248
61.35,9.922132840449457,19.077227,72.8795405,87.11239794211556
61.36,9.920978039846212,19.0772272,72.8795408,87.16969372162865
61.370000000000005,9.919814807281227,19.0772274,72.8795411,87.22698950114173
61.38,9.91864314474768,19.0772276,72.87954140000001,87.28428528065481
61.39,9.917463054253178,19.0772278,72.8795417,87.34158106016788
61.4,9.916274537819774,19.077228,72.879542,87.39887683968097
61.410000000000004,9.915077597483958,19.0772282,72.87954230000001,87.45617261919404
61.42,9.913872235296656,19.0772284,72.87954260000001,87.51346839870712
61.43,9.912658453323225,19.0772286,72.8795429,87.5707641782202
61.44,9.911436253643444,19.0772288,72.8795432,87.62805995773329
61.45,9.910205638351519,19.077229,72.87954350000001,87.68535573724635
61.46,9.90896660955608,19.0772292,72.87954380000001,87.74265151675942
61.47,9.907719169380162,19.0772294,72.8795441,87.7999472962725
61.480000000000004,9.906463319961226,19.0772296,72.8795444,87.85724307578559
61.49,9.905199063451134,19.0772298,72.87954470000001,87.91453885529867
61.5,9.903926402016154,19.07723,72.87954500000001,87.97183463481176
61.51,9.902645337836956,19.0772302,72.8795453,88.02913041432484
61.52,9.90135587310861,19.0772304,72.8795456,88.08642619383791
61.53,9.900058010040578,19.0772306,72.87954590000001,88.14372197335099
61.54,9.898751750856714,19.0772308,72.87954620000001,88.20101775286406
61.550000000000004,9.897437097795256,19.077231,72.8795465,88.25831353237714
61.56,9.896114053108828,19.0772312,72.8795468,88.31560931189023
61.57,9.894782619064433,19.077231400000002,72.87954710000001,88.37290509140331
61.58,9.893442797943441,19.0772316,72.8795474,88.43020087091638
61.59,9.8920945920416,19.0772318,72.8795477,88.48749665042946
61.6,9.890738003669027,19.077232000000002,72.879548,88.54479242994253
61.61,9.8893730351502,19.0772322,72.87954830000001,88.60208820945562
61.620000000000005,9.887999688823953,19.0772324,72.8795486,88.6593839889687
61.63,9.886617967043478,19.077232600000002,72.8795489,88.71667976848178
61.64,9.88522787217632,19.0772328,72.8795492,88.77397554799487
61.65,9.883829406604361,19.077233,72.87954950000001,88.83127132750795
61.660000000000004,9.882422572723842,19.077233200000002,72.8795498,88.88856710702102
61.67,9.881007372945332,19.0772334,72.8795501,88.9458628865341
61.68,9.879583809693738,19.0772336,72.8795504,89.00315866604717
61.690000000000005,9.878151885408293,19.077233800000002,72.87955070000001,89.06045444556025
61.7,9.876711602542565,19.077234,72.879551,89.11775022507334
61.71,9.875262963564435,19.0772342,72.8795513,89.17504600458642
61.72,9.87380597095611,19.077234400000002,72.8795516,89.23234178409949
61.730000000000004,9.872340627214102,19.0772346,72.87955190000001,89.28963756361256
61.74,9.870866934849246,19.0772348,72.8795522,89.34693334312564
61.75,9.869384896386668,19.077235,72.8795525,89.40422912263872
61.76,9.867894514365803,19.0772352,72.8795528,89.46152490215181
61.77,9.866395791340377,19.0772354,72.87955310000001,89.51882068166489
61.78,9.864888729878409,19.0772356,72.8795534,89.57611646117797
61.79,9.863373332562215,19.0772358,72.8795537,89.63341224069104
61.800000000000004,9.861849601988382,19.077236,72.879554,89.69070802020413
61.81,9.860317540767783,19.0772362,72.87955430000001,89.7480037997172
61.82,9.858777151525564,19.0772364,72.8795546,89.80529957923028
61.83,9.857228436901135,19.0772366,72.8795549,89.86259535874336
61.84,9.855671399548179,19.0772368,72.8795552,89.91989113825645
61.85,9.85410604213464,19.077237,72.87955550000001,89.97718691776952
61.86,9.852532367342713,19.0772372,72.8795558,90.0344826972826
61.870000000000005,9.850950377868843,19.0772374,72.8795561,90.09177847679567
61.88,9.849360076423734,19.0772376,72.8795564,90.14907425630875
61.89,9.847761465732319,19.0772378,72.87955670000001,90.20637003582183
61.9,9.846154548533772,19.077238,72.879557,90.26366581533492
61.910000000000004,9.844539327581504,19.0772382,72.8795573,90.320961594848
61.92,9.842915805643155,19.0772384,72.8795576,90.37825737436108
61.93,9.841283985500585,19.0772386,72.87955790000001,90.43555315387415
61.940000000000005,9.839643869949866,19.0772388,72.8795582,90.49284893338724
61.95,9.837995461801299,19.077239000000002,72.8795585,90.5501447129003
61.96,9.836338763879384,19.0772392,72.8795588,90.60744049241339
61.97,9.834673779022829,19.0772394,72.87955910000001,90.66473627192647
61.980000000000004,9.833000510084535,19.077239600000002,72.8795594,90.72203205143954
61.99,9.831318959931611,19.0772398,72.8795597,90.77932783095262
62.0,9.829629131445342,19.07724,72.87956,90.8366236104657
62.01,9.827931027521204,19.077240200000002,72.87956030000001,90.89391938997878
62.02,9.82622465106885,19.0772404,72.8795606,90.95121516949186
62.03,9.824510005012113,19.0772406,72.8795609,91.00851094900494
62.04,9.82278709228899,19.077240800000002,72.8795612,91.06580672851803
62.050000000000004,9.821055915851646,19.077241,72.87956150000001,91.12310250803111
62.06,9.819316478666405,19.0772412,72.8795618,91.18039828754418
62.07,9.817568783713744,19.077241400000002,72.8795621,91.23769406705726
62.08,9.81581283398829,19.0772416,72.8795624,91.29498984657033
62.09,9.814048632498817,19.0772418,72.87956270000001,91.35228562608341
62.1,9.812276182268237,19.077242000000002,72.879563,91.4095814055965
62.11,9.810495486333593,19.0772422,72.8795633,91.46687718510958
62.120000000000005,9.808706547746057,19.0772424,72.8795636,91.52417296462265
62.13,9.806909369570931,19.0772426,72.87956390000001,91.58146874413573
62.14,9.805103954887626,19.0772428,72.8795642,91.6387645236488
62.15,9.803290306789677,19.077243,72.8795645,91.69606030316189
62.160000000000004,9.801468428384716,19.0772432,72.87956480000001,91.75335608267497
62.17,9.799638322794484,19.0772434,72.87956510000001,91.81065186218805
62.18,9.797799993154815,19.0772436,72.8795654,91.86794764170114
62.190000000000005,9.795953442615637,19.0772438,72.8795657,91.92524342121422
62.2,9.794098674340965,19.077244,72.87956600000001,91.98253920072729
62.21,9.792235691508894,19.0772442,72.87956630000001,92.03983498024037
62.22,9.790364497311595,19.0772444,72.8795666,92.09713075975344
62.230000000000004,9.788485094955309,19.0772446,72.8795669,92.15442653926652
62.24,9.786597487660337,19.0772448,72.87956720000001,92.21172231877961
62.25,9.784701678661046,19.077245,72.87956750000001,92.26901809829268
62.26,9.782797671205849,19.0772452,72.8795678,92.32631387780576
62.27,9.780885468557214,19.0772454,72.8795681,92.38360965731883
62.28,9.77896507399165,19.0772456,72.87956840000001,92.44090543683191
62.29,9.777036490799698,19.0772458,72.87956870000001,92.498201216345
62.300000000000004,9.775099722285933,19.077246,72.879569,92.55549699585808
62.31,9.773154771768958,19.0772462,72.8795693,92.61279277537116
62.32,9.771201642581387,19.0772464,72.87956960000001,92.67008855488425
62.33,9.769240338069855,19.077246600000002,72.8795699,92.72738433439731
62.34,9.767270861595005,19.0772468,72.8795702,92.7846801139104
62.35,9.765293216531484,19.077247,72.8795705,92.84197589342347
62.36,9.76330740626793,19.077247200000002,72.87957080000001,92.89927167293655
62.370000000000005,9.761313434206977,19.0772474,72.8795711,92.95656745244963
62.38,9.75931130376524,19.0772476,72.8795714,93.01386323196272
62.39,9.757301018373312,19.077247800000002,72.8795717,93.07115901147579
62.4,9.755282581475768,19.077248,72.87957200000001,93.12845479098887
62.410000000000004,9.75325599653114,19.0772482,72.8795723,93.18575057050194
62.42,9.751221267011928,19.077248400000002,72.8795726,93.24304635001502
62.43,9.749178396404588,19.0772486,72.8795729,93.3003421295281
62.440000000000005,9.74712738820952,19.0772488,72.87957320000001,93.35763790904119
62.45,9.745068245941068,19.077249000000002,72.8795735,93.41493368855427
62.46,9.743000973127522,19.0772492,72.8795738,93.47222946806735
62.47,9.740925573311097,19.0772494,72.8795741,93.52952524758042
62.480000000000004,9.738842050047927,19.077249600000002,72.87957440000001,93.58682102709349
62.49,9.736750406908081,19.0772498,72.8795747,93.64411680660658
62.5,9.73465064747553,19.07725,72.879575,93.70141258611966
62.51,9.73254277534815,19.0772502,72.8795753,93.75870836563274
62.52,9.730426794137726,19.0772504,72.87957560000001,93.81600414514581
62.53,9.728302707469936,19.0772506,72.8795759,93.8732999246589
62.54,9.726170518984343,19.0772508,72.8795762,93.93059570417196
62.550000000000004,9.724030232334389,19.077251,72.8795765,93.98789148368505
62.56,9.721881851187405,19.0772512,72.87957680000001,94.04518726319813
62.57,9.71972537922458,19.0772514,72.8795771,94.10248304271121
62.58,9.71756082014097,19.0772516,72.8795774,94.1597788222243
62.59,9.715388177645483,19.0772518,72.8795777,94.21707460173738
62.6,9.713207455460893,19.077252,72.87957800000001,94.27437038125045
62.61,9.7110186573238,19.0772522,72.8795783,94.33166616076353
62.620000000000005,9.70882178698465,19.0772524,72.8795786,94.3889619402766
62.63,9.706616848207727,19.0772526,72.8795789,94.44625771978968
62.64,9.704403844771129,19.0772528,72.87957920000001,94.50355349930277
62.65,9.702182780466776,19.077253,72.8795795,94.56084927881585
62.660000000000004,9.6999536591004,19.0772532,72.8795798,94.61814505832892
62.67,9.697716484491545,19.0772534,72.8795801,94.675440837842
62.68,9.695471260473546,19.0772536,72.87958040000001,94.73273661735507
62.690000000000005,9.693217990893531,19.0772538,72.8795807,94.79003239686816
62.7,9.690956679612421,19.077254,72.879581,94.84732817638124
62.71,9.688687330504909,19.077254200000002,72.8795813,94.90462395589432
62.72,9.68640994745946,19.0772544,72.87958160000001,94.9619197354074
62.730000000000004,9.684124534378306,19.0772546,72.8795819,95.01921551492048
62.74,9.68183109517745,19.077254800000002,72.8795822,95.07651129443356
62.75,9.679529633786627,19.077255,72.8795825,95.13380707394663
62.76,9.677220154149337,19.0772552,72.87958280000001,95.19110285345971
62.77,9.674902660222804,19.077255400000002,72.8795831,95.2483986329728
62.78,9.672577155977995,19.0772556,72.8795834,95.30569441248588
62.79,9.670243645399594,19.0772558,72.8795837,95.36299019199895
62.800000000000004,9.667902132486008,19.077256000000002,72.87958400000001,95.42028597151203
62.81,9.665552621249361,19.0772562,72.8795843,95.4775817510251
62.82,9.66319511571547,19.0772564,72.8795846,95.53487753053818
62.83,9.660829619923861,19.077256600000002,72.8795849,95.59217331005127
62.84,9.658456137927745,19.0772568,72.87958520000001,95.64946908956435
62.85,9.65607467379402,19.077257,72.8795855,95.70676486907743
62.86,9.653685231603257,19.077257200000002,72.8795858,95.76406064859052
62.870000000000005,9.651287815449699,19.0772574,72.8795861,95.82135642810358
62.88,9.648882429441255,19.0772576,72.87958640000001,95.87865220761667
62.89,9.646469077699493,19.0772578,72.8795867,95.93594798712974
62.9,9.644047764359621,19.077258,72.879587,95.99324376664282
62.910000000000004,9.641618493570494,19.0772582,72.87958730000001,96.0505395461559
62.92,9.639181269494602,19.0772584,72.87958760000001,96.10783532566899
62.93,9.636736096308061,19.0772586,72.8795879,96.16513110518206
62.940000000000005,9.634282978200604,19.0772588,72.8795882,96.22242688469514
62.95,9.631821919375588,19.077259,72.87958850000001,96.27972266420821
62.96,9.629352924049973,19.0772592,72.87958880000001,96.33701844372129
62.97,9.626875996454311,19.0772594,72.8795891,96.39431422323437
62.980000000000004,9.62439114083275,19.0772596,72.8795894,96.45161000274746
62.99,9.621898361443023,19.0772598,72.87958970000001,96.50890578226054
63.0,9.619397662556434,19.07726,72.87959000000001,96.56620156177361
63.01,9.616889048457871,19.0772602,72.8795903,96.6234973412867
63.02,9.61437252344577,19.0772604,72.8795906,96.68079312079976
63.03,9.611848091832133,19.0772606,72.87959090000001,96.73808890031285
63.04,9.609315757942502,19.0772608,72.87959120000001,96.79538467982593
63.050000000000004,9.606775526115964,19.077261,72.8795915,96.85268045933901
63.06,9.60422740070513,19.0772612,72.8795918,96.90997623885208
63.07,9.601671386076152,19.0772614,72.87959210000001,96.96727201836516
63.08,9.59910748660869,19.0772616,72.8795924,97.02456779787823
63.09,9.596535706695908,19.077261800000002,72.8795927,97.08186357739132
63.1,9.593956050744492,19.077262,72.879593,97.1391593569044
63.11,9.591368523174605,19.0772622,72.87959330000001,97.19645513641748
63.120000000000005,9.588773128419907,19.077262400000002,72.8795936,97.25375091593057
63.13,9.586169870927533,19.0772626,72.8795939,97.31104669544365
63.14,9.5835587551581,19.0772628,72.8795942,97.36834247495672
63.15,9.58093978558568,19.077263000000002,72.87959450000001,97.4256382544698
63.160000000000004,9.578312966697805,19.0772632,72.8795948,97.48293403398287
63.17,9.57567830299546,19.0772634,72.8795951,97.54022981349596
63.18,9.573035798993068,19.077263600000002,72.8795954,97.59752559300904
63.190000000000005,9.570385459218487,19.0772638,72.87959570000001,97.65482137252212
63.2,9.567727288213003,19.077264,72.879596,97.71211715203519
63.21,9.565061290531322,19.077264200000002,72.8795963,97.76941293154827
63.22,9.562387470741555,19.0772644,72.8795966,97.82670871106134
63.230000000000004,9.559705833425216,19.0772646,72.87959690000001,97.88400449057443
63.24,9.557016383177226,19.077264800000002,72.8795972,97.94130027008751
63.25,9.55431912460588,19.077265,72.8795975,97.9985960496006
63.26,9.551614062332858,19.0772652,72.8795978,98.05589182911368
63.27,9.548901200993205,19.0772654,72.87959810000001,98.11318760862675
63.28,9.546180545235343,19.0772656,72.8795984,98.17048338813983
63.29,9.543452099721039,19.0772658,72.8795987,98.2277791676529
63.300000000000004,9.540715869125405,19.077266,72.879599,98.28507494716598
63.31,9.537971858136906,19.0772662,72.87959930000001,98.34237072667906
63.32,9.535220071457326,19.0772664,72.8795996,98.39966650619215
63.33,9.532460513801777,19.0772666,72.8795999,98.45696228570522
63.34,9.52969318989868,19.0772668,72.8796002,98.5142580652183
63.35,9.526918104489777,19.077267,72.87960050000001,98.57155384473137
63.36,9.524135262330095,19.0772672,72.8796008,98.62884962424445
63.370000000000005,9.521344668187968,19.0772674,72.8796011,98.68614540375754
63.38,9.518546326844993,19.0772676,72.8796014,98.74344118327062
63.39,9.515740243096056,19.0772678,72.87960170000001,98.8007369627837
63.4,9.512926421749306,19.077268,72.879602,98.85803274229679
63.410000000000004,9.510104867626142,19.0772682,72.8796023,98.91532852180985
63.42,9.50727558556123,19.0772684,72.8796026,98.97262430132294
63.43,9.504438580402459,19.0772686,72.87960290000001,99.029920080836
63.440000000000005,9.501593857010969,19.0772688,72.8796032,99.08721586034909
63.45,9.498741420261108,19.077269,72.8796035,99.14451163986217
63.46,9.495881275040453,19.0772692,72.8796038,99.20180741937526
63.47,9.493013426249785,19.077269400000002,72.87960410000001,99.25910319888833
63.480000000000004,9.490137878803079,19.0772696,72.8796044,99.3163989784014
63.49,9.487254637627512,19.0772698,72.8796047,99.37369475791448
63.5,9.48436370766344,19.077270000000002,72.879605,99.43099053742756
63.51,9.481465093864394,19.0772702,72.87960530000001,99.48828631694064
63.52,9.478558801197066,19.0772704,72.8796056,99.54558209645373
63.53,9.47564483464131,19.077270600000002,72.8796059,99.60287787596681
63.54,9.47272319919013,19.0772708,72.8796062,99.66017365547988
63.550000000000004,9.469793899849657,19.077271,72.87960650000001,99.71746943499296
63.56,9.466856941639186,19.077271200000002,72.8796068,99.77476521450603
63.57,9.463912329591103,19.0772714,72.8796071,99.83206099401912
63.58,9.460960068750923,19.0772716,72.8796074,99.8893567735322
63.59,9.458000164177264,19.077271800000002,72.87960770000001,99.94665255304528
63.6,9.455032620941843,19.077272,72.879608,100.00394833255835
63.61,9.452057444129455,19.0772722,72.8796083,100.06124411207144
63.620000000000005,9.449074638837995,19.077272400000002,72.8796086,100.1185398915845
63.63,9.44608421017842,19.0772726,72.87960890000001,100.17583567109759
63.64,9.443086163274742,19.0772728,72.8796092,100.23313145061067
63.65,9.440080503264037,19.077273,72.8796095,100.29042723012375
63.660000000000004,9.437067235296418,19.0772732,72.87960980000001,100.34772300963684
63.67,9.434046364535034,19.0772734,72.87961010000001,100.40501878914992
63.68,9.431017896156073,19.0772736,72.8796104,100.46231456866299
63.690000000000005,9.427981835348726,19.0772738,72.8796107,100.51961034817607
63.7,9.424938187315208,19.077274,72.87961100000001,100.57690612768914
63.71,9.421886957270722,19.0772742,72.87961130000001,100.63420190720223
63.72,9.418828150443467,19.0772744,72.8796116,100.69149768671531
63.730000000000004,9.415761772074628,19.0772746,72.8796119,100.74879346622839
63.74,9.412687827418356,19.0772748,72.87961220000001,100.80608924574146
63.75,9.409606321741776,19.077275,72.87961250000001,100.86338502525453
63.76,9.406517260324962,19.0772752,72.8796128,100.92068080476761
63.77,9.403420648460934,19.0772754,72.8796131,100.9779765842807
63.78,9.40031649145566,19.0772756,72.87961340000001,101.03527236379378
63.79,9.397204794628022,19.0772758,72.87961370000001,101.09256814330686
63.800000000000004,9.394085563309826,19.077276,72.879614,101.14986392281995
63.81,9.390958802845795,19.0772762,72.8796143,101.20715970233302
63.82,9.387824518593547,19.0772764,72.87961460000001,101.2644554818461
63.83,9.384682715923592,19.0772766,72.8796149,101.32175126135917
63.84,9.381533400219318,19.0772768,72.8796152,101.37904704087225
63.85,9.378376576876999,19.077277000000002,72.8796155,101.43634282038533
63.86,9.375212251305765,19.0772772,72.87961580000001,101.49363859989842
63.870000000000005,9.372040428927592,19.0772774,72.8796161,101.55093437941149
63.88,9.368861115177326,19.077277600000002,72.8796164,101.60823015892457
63.89,9.365674315502625,19.0772778,72.8796167,101.66552593843764
63.9,9.362480035363989,19.077278,72.87961700000001,101.72282171795072
63.910000000000004,9.359278280234719,19.077278200000002,72.8796173,101.7801174974638
63.92,9.356069055600948,19.0772784,72.8796176,101.83741327697689
63.93,9.352852366961589,19.0772786,72.8796179,101.89470905648997
63.940000000000005,9.349628219828347,19.077278800000002,72.87961820000001,101.95200483600306
63.95,9.346396619725718,19.077279,72.8796185,102.00930061551612
63.96,9.343157572190957,19.0772792,72.8796188,102.06659639502921
63.97,9.33991108277408,19.077279400000002,72.8796191,102.12389217454228
63.980000000000004,9.336657157037864,19.0772796,72.87961940000001,102.18118795405536
63.99,9.333395800557822,19.0772798,72.8796197,102.23848373356844
64.0,9.330127018922196,19.077280000000002,72.87962,102.29577951308151
64.01,9.326850817731952,19.0772802,72.8796203,102.3530752925946
64.02,9.32356720260078,19.0772804,72.87962060000001,102.41037107210767
64.03,9.320276179155053,19.0772806,72.8796209,102.46766685162075
64.04,9.316977753033857,19.0772808,72.8796212,102.52496263113383
64.05,9.31367192988896,19.077281,72.8796215,102.58225841064692
64.06,9.310358715384792,19.0772812,72.87962180000001,102.63955419016
64.07000000000001,9.307038115198457,19.0772814,72.8796221,102.69684996967307
64.08,9.303710135019722,19.0772816,72.8796224,102.75414574918616
64.09,9.300374780550975,19.0772818,72.8796227,102.81144152869923
64.1,9.297032057507266,19.077282,72.87962300000001,102.8687373082123
64.11,9.293681971616252,19.0772822,72.8796233,102.92603308772539
64.12,9.290324528618223,19.0772824,72.8796236,102.98332886723847
64.13,9.28695973426606,19.0772826,72.8796239,103.04062464675155
64.14,9.283587594325251,19.0772828,72.87962420000001,103.09792042626462
64.15,9.280208114573856,19.077283,72.8796245,103.15521620577769
64.16,9.276821300802533,19.0772832,72.8796248,103.21251198529079
64.17,9.273427158814487,19.0772834,72.8796251,103.26980776480386
64.18,9.270025694425495,19.0772836,72.87962540000001,103.32710354431694
64.19,9.26661691346387,19.0772838,72.8796257,103.38439932383002
64.2,9.263200821770463,19.077284,72.879626,103.44169510334311
64.21000000000001,9.259777425198653,19.0772842,72.8796263,103.49899088285619
64.22,9.256346729614343,19.0772844,72.87962660000001,103.55628666236926
64.23,9.252908740895927,19.077284600000002,72.8796269,103.61358244188233
64.24,9.249463464934323,19.0772848,72.8796272,103.67087822139541
64.25,9.246010907632893,19.077285,72.8796275,103.7281740009085
64.26,9.242551074907519,19.077285200000002,72.87962780000001,103.78546978042158
64.27,9.239083972686522,19.0772854,72.8796281,103.84276555993465
64.28,9.235609606910684,19.0772856,72.8796284,103.90006133944772
64.29,9.23212798353324,19.077285800000002,72.8796287,103.95735711896081
64.3,9.228639108519868,19.077286,72.87962900000001,104.01465289847388
64.31,9.225142987848638,19.0772862,72.8796293,104.07194867798697
64.32000000000001,9.221639627510076,19.077286400000002,72.8796296,104.12924445750005
64.33,9.218129033507086,19.0772866,72.8796299,104.18654023701313
64.34,9.214611211854976,19.0772868,72.87963020000001,104.24383601652622
64.35,9.211086168581437,19.077287000000002,72.8796305,104.30113179603929
64.36,9.207553909726531,19.0772872,72.8796308,104.35842757555235
64.37,9.204014441342693,19.0772874,72.8796311,104.41572335506544
64.38,9.200467769494713,19.077287600000002,72.87963140000001,104.47301913457852
64.39,9.196913900259698,19.0772878,72.8796317,104.5303149140916
64.4,9.193352839727122,19.077288,72.879632,104.58761069360467
64.41,9.189784593998757,19.0772882,72.87963230000001,104.64490647311777
64.42,9.186209169188695,19.0772884,72.87963260000001,104.70220225263084
64.43,9.182626571423329,19.0772886,72.8796329,104.75949803214391
64.44,9.179036806841355,19.0772888,72.8796332,104.81679381165699
64.45,9.175439881593714,19.077289,72.87963350000001,104.87408959117008
64.46000000000001,9.17183580184366,19.0772892,72.87963380000001,104.93138537068316
64.47,9.168224573766675,19.0772894,72.8796341,104.98868115019624
64.48,9.164606203550496,19.0772896,72.8796344,105.04597692970931
64.49,9.160980697395118,19.0772898,72.87963470000001,105.10327270922238
64.5,9.157348061512728,19.07729,72.87963500000001,105.16056848873546
64.51,9.153708302127757,19.0772902,72.8796353,105.21786426824855
64.52,9.150061425476837,19.0772904,72.8796356,105.27516004776163
64.53,9.146407437808788,19.0772906,72.87963590000001,105.3324558272747
64.54,9.142746345384616,19.0772908,72.87963620000001,105.3897516067878
64.55,9.139078154477513,19.077291,72.8796365,105.44704738630087
64.56,9.13540287137281,19.0772912,72.8796368,105.50434316581394
64.57000000000001,9.13172050236801,19.0772914,72.87963710000001,105.56163894532702
64.58,9.128031053772755,19.0772916,72.87963740000001,105.6189347248401
64.59,9.124334531908818,19.0772918,72.8796377,105.67623050435319
64.6,9.12063094311008,19.077292,72.879638,105.73352628386627
64.61,9.116920293722544,19.077292200000002,72.87963830000001,105.79082206337934
64.62,9.113202590104299,19.0772924,72.8796386,105.84811784289244
64.63,9.109477838625544,19.0772926,72.8796389,105.9054136224055
64.64,9.105746045668523,19.077292800000002,72.8796392,105.96270940191857
64.65,9.102007217627566,19.077293,72.87963950000001,106.02000518143166
64.66,9.098261360909063,19.0772932,72.8796398,106.07730096094474
64.67,9.09450848193143,19.077293400000002,72.8796401,106.13459674045782
64.68,9.090748587125114,19.0772936,72.8796404,106.19189251997089
64.69,9.086981682932615,19.0772938,72.87964070000001,106.24918829948396
64.7,9.083207775808395,19.077294000000002,72.879641,106.30648407899706
64.71000000000001,9.079426872218955,19.0772942,72.8796413,106.36377985851013
64.72,9.07563897864277,19.0772944,72.8796416,106.42107563802321
64.73,9.071844101570292,19.077294600000002,72.87964190000001,106.4783714175363
64.74,9.068042247503938,19.0772948,72.8796422,106.53566719704938
64.75,9.064233422958079,19.077295,72.8796425,106.59296297656246
64.76,9.06041763445903,19.077295200000002,72.8796428,106.65025875607553
64.77,9.056594888545051,19.0772954,72.87964310000001,106.7075545355886
64.78,9.052765191766301,19.0772956,72.8796434,106.76485031510168
64.79,9.048928550684872,19.0772958,72.8796437,106.82214609461477
64.8,9.045084971874736,19.077296,72.879644,106.87944187412785
64.81,9.041234461921768,19.0772962,72.87964430000001,106.93673765364092
64.82000000000001,9.037377027423698,19.0772964,72.8796446,106.99403343315399
64.83,9.03351267499015,19.0772966,72.8796449,107.05132921266708
64.84,9.029641411242576,19.0772968,72.8796452,107.10862499218015
64.85,9.025763242814296,19.077297,72.87964550000001,107.16592077169324
64.86,9.021878176350421,19.0772972,72.8796458,107.22321655120632
64.87,9.017986218507929,19.0772974,72.8796461,107.2805123307194
64.88,9.014087375955576,19.0772976,72.8796464,107.33780811023249
64.89,9.010181655373914,19.0772978,72.87964670000001,107.39510388974556
64.9,9.0062690634553,19.077298,72.879647,107.45239966925863
64.91,9.002349606903856,19.0772982,72.8796473,107.50969544877171
64.92,8.99842329243545,19.0772984,72.8796476,107.56699122828479
64.93,8.99449012677773,19.0772986,72.87964790000001,107.62428700779788
64.94,8.99055011667006,19.0772988,72.8796482,107.68158278731094
64.95,8.986603268863538,19.077299,72.8796485,107.73887856682404
64.96000000000001,8.982649590120982,19.0772992,72.8796488,107.79617434633711
64.97,8.978689087216916,19.0772994,72.87964910000001,107.85347012585018
64.98,8.974721766937549,19.0772996,72.8796494,107.91076590536326
64.99,8.970747636080787,19.077299800000002,72.8796497,107.96806168487635
65.0,8.966766701456176,19.0773,72.87965,108.02535746438943
65.01,8.962778969884956,19.0773002,72.87965030000001,108.08265324390251
65.02,8.95878444819999,19.077300400000002,72.8796506,108.13994902341558
65.03,8.954783143245777,19.0773006,72.8796509,108.19724480292865
65.04,8.95077506187845,19.0773008,72.8796512,108.25454058244173
65.05,8.946760210965754,19.077301000000002,72.87965150000001,108.31183636195482
65.06,8.94273859738701,19.0773012,72.8796518,108.3691321414679
65.07000000000001,8.938710228033155,19.0773014,72.8796521,108.42642792098097
65.08,8.934675109806689,19.077301600000002,72.8796524,108.48372370049407
65.09,8.93063324962167,19.0773018,72.87965270000001,108.54101948000714
65.1,8.926584654403731,19.077302,72.879653,108.5983152595202
65.11,8.922529331090008,19.077302200000002,72.8796533,108.65561103903329
65.12,8.918467286629197,19.0773024,72.8796536,108.71290681854637
65.13,8.914398527981508,19.0773026,72.87965390000001,108.77020259805946
65.14,8.910323062118641,19.077302800000002,72.8796542,108.82749837757254
65.15,8.90624089602379,19.077303,72.8796545,108.88479415708561
65.16,8.902152036691653,19.0773032,72.8796548,108.9420899365987
65.17,8.898056491128356,19.0773034,72.87965510000001,108.99938571611177
65.18,8.893954266351518,19.0773036,72.8796554,109.05668149562484
65.19,8.88984536939019,19.0773038,72.8796557,109.11397727513793
65.2,8.885729807284854,19.077304,72.87965600000001,109.17127305465101
65.21000000000001,8.881607587087407,19.0773042,72.87965630000001,109.2285688341641
65.22,8.877478715861177,19.0773044,72.8796566,109.28586461367716
65.23,8.873343200680848,19.0773046,72.8796569,109.34316039319025
65.24,8.869201048632538,19.0773048,72.87965720000001,109.40045617270333
65.25,8.865052266813688,19.077305,72.87965750000001,109.4577519522164
65.26,8.860896862333135,19.0773052,72.8796578,109.51504773172948
65.27,8.856734842311054,19.0773054,72.8796581,109.57234351124255
65.28,8.852566213878948,19.0773056,72.87965840000001,109.62963929075563
65.29,8.848390984179646,19.0773058,72.87965870000001,109.68693507026872
65.3,8.844209160367303,19.077306,72.879659,109.7442308497818
65.31,8.84002074960734,19.0773062,72.8796593,109.80152662929487
65.32000000000001,8.835825759076496,19.0773064,72.87965960000001,109.85882240880795
65.33,8.831624195962778,19.0773066,72.87965990000001,109.91611818832104
65.34,8.82741606746544,19.0773068,72.8796602,109.97341396783412
65.35,8.823201380795005,19.077307,72.8796605,110.03070974734719
65.36,8.818980143173215,19.0773072,72.87966080000001,110.08800552686027
65.37,8.814752361833044,19.077307400000002,72.8796611,110.14530130637336
65.38,8.810518044018691,19.0773076,72.8796614,110.20259708588642
65.39,8.806277196985533,19.0773078,72.8796617,110.25989286539951
65.4,8.802029828000155,19.077308000000002,72.87966200000001,110.31718864491258
65.41,8.797775944340303,19.0773082,72.8796623,110.37448442442567
65.42,8.793515553294894,19.0773084,72.8796626,110.43178020393874
65.43,8.789248662163981,19.077308600000002,72.8796629,110.48907598345183
65.44,8.784975278258782,19.0773088,72.87966320000001,110.5463717629649
65.45,8.780695408901611,19.077309,72.8796635,110.603667542478
65.46000000000001,8.776409061425916,19.077309200000002,72.8796638,110.66096332199106
65.47,8.772116243176233,19.0773094,72.8796641,110.71825910150415
65.48,8.767816961508192,19.0773096,72.87966440000001,110.77555488101721
65.49,8.76351122378849,19.077309800000002,72.8796647,110.83285066053031
65.5,8.759199037394886,19.07731,72.879665,110.89014644004338
65.51,8.754880409716202,19.0773102,72.8796653,110.94744221955646
65.52,8.7505553481523,19.077310400000002,72.87966560000001,111.00473799906953
65.53,8.746223860114032,19.0773106,72.8796659,111.0620337785826
65.54,8.741885953023301,19.0773108,72.8796662,111.1193295580957
65.55,8.737541634312986,19.077311,72.8796665,111.17662533760877
65.56,8.73319091142696,19.0773112,72.87966680000001,111.23392111712185
65.57000000000001,8.728833791820064,19.0773114,72.8796671,111.29121689663492
65.58,8.724470282958112,19.0773116,72.8796674,111.34851267614802
65.59,8.720100392317846,19.0773118,72.8796677,111.40580845566109
65.6,8.715724127386977,19.077312,72.87966800000001,111.46310423517417
65.61,8.711341495664085,19.0773122,72.8796683,111.52040001468724
65.62,8.706952504658714,19.0773124,72.8796686,111.57769579420034
65.63,8.702557161891269,19.0773126,72.8796689,111.6349915737134
65.64,8.698155474893047,19.0773128,72.87966920000001,111.69228735322649
65.65,8.693747451206228,19.077313,72.8796695,111.74958313273956
65.66,8.689333098383846,19.0773132,72.8796698,111.80687891225264
65.67,8.684912423989752,19.0773134,72.8796701,111.86417469176573
65.68,8.680485435598673,19.0773136,72.87967040000001,111.9214704712788
65.69,8.676052140796122,19.0773138,72.8796707,111.97876625079188
65.7,8.671612547178427,19.077314,72.879671,112.03606203030496
65.71000000000001,8.667166662352713,19.0773142,72.8796713,112.09335780981804
65.72,8.662714493936896,19.0773144,72.87967160000001,112.15065358933111
65.73,8.658256049559622,19.0773146,72.8796719,112.2079493688442
65.74,8.65379133686033,19.0773148,72.8796722,112.26524514835728
65.75,8.64932036348918,19.077315000000002,72.8796725,112.32254092787036
65.76,8.644843137107054,19.0773152,72.87967280000001,112.37983670738343
65.77,8.64035966538558,19.0773154,72.8796731,112.43713248689652
65.78,8.635869956007035,19.077315600000002,72.8796734,112.49442826640959
65.79,8.631374016664427,19.0773158,72.8796737,112.55172404592267
65.8,8.626871855061438,19.077316,72.87967400000001,112.60901982543575
65.81,8.622363478912384,19.077316200000002,72.8796743,112.66631560494882
65.82000000000001,8.617848895942243,19.0773164,72.8796746,112.7236113844619
65.83,8.613328113886649,19.0773166,72.8796749,112.78090716397499
65.84,8.60880114049181,19.077316800000002,72.87967520000001,112.83820294348807
65.85,8.604267983514601,19.077317,72.8796755,112.89549872300114
65.86,8.599728650722438,19.0773172,72.8796758,112.95279450251422
65.87,8.595183149893353,19.077317400000002,72.8796761,113.0100902820273
65.88,8.590631488815944,19.0773176,72.87967640000001,113.06738606154039
65.89,8.586073675289356,19.0773178,72.8796767,113.12468184105346
65.9,8.58150971712327,19.077318,72.879677,113.18197762056654
65.91,8.576939622137921,19.0773182,72.8796773,113.23927340007963
65.92,8.572363398164018,19.0773184,72.87967760000001,113.2965691795927
65.93,8.567781053042811,19.0773186,72.8796779,113.35386495910578
65.94,8.563192594626026,19.0773188,72.8796782,113.41116073861885
65.95,8.558598030775858,19.077319,72.87967850000001,113.46845651813194
65.96000000000001,8.553997369364959,19.0773192,72.87967880000001,113.52575229764501
65.97,8.549390618276457,19.0773194,72.8796791,113.5830480771581
65.98,8.544777785403868,19.0773196,72.8796794,113.64034385667117
65.99,8.540158878651173,19.0773198,72.87967970000001,113.69763963618426
66.0,8.535533905932734,19.07732,72.87968000000001,113.69763963618426
66.01,8.530902875173327,19.0773202,72.8796803,113.69763963618426
66.02,8.52626579430809,19.0773204,72.8796806,113.69763963618426
66.03,8.521622671282534,19.0773206,72.87968090000001,113.69763963618426
66.04,8.51697351405252,19.0773208,72.87968120000001,113.69763963618426
66.05,8.51231833058426,19.077321,72.8796815,113.69763963618426
66.06,8.507657128854277,19.0773212,72.8796818,113.69763963618426
66.07000000000001,8.502989916849419,19.0773214,72.87968210000001,113.69763963618426
66.08,8.498316702566827,19.0773216,72.87968240000001,113.69763963618426
66.09,8.493637494013925,19.0773218,72.8796827,113.69763963618426
66.1,8.488952299208405,19.077322,72.879683,113.69763963618426
66.11,8.484261126178218,19.0773222,72.87968330000001,113.69763963618426
66.12,8.479563982961567,19.0773224,72.8796836,113.69763963618426
66.13,8.474860877606892,19.077322600000002,72.8796839,113.69763963618426
66.14,8.470151818172805,19.0773228,72.8796842,113.69763963618426
66.15,8.46543681272818,19.077323,72.87968450000001,113.69763963618426
66.16,8.460715869352036,19.077323200000002,72.8796848,113.69763963618426
66.17,8.455988996133584,19.0773234,72.8796851,113.69763963618426
66.18,8.451256201172185,19.0773236,72.8796854,113.69763963618426
66.19,8.446517492577367,19.077323800000002,72.87968570000001,113.69763963618426
66.2,8.441772878468768,19.077324,72.879686,113.69763963618426
66.21000000000001,8.437022366976162,19.0773242,72.8796863,113.69763963618426
66.22,8.43226596623942,19.077324400000002,72.8796866,113.69763963618426
66.23,8.427503684408501,19.0773246,72.87968690000001,113.69763963618426
66.24,8.422735529643449,19.0773248,72.8796872,113.69763963618426
66.25,8.417961510114356,19.077325000000002,72.8796875,113.69763963618426
66.26,8.413181634001386,19.0773252,72.8796878,113.69763963618426
66.27,8.408395909494736,19.0773254,72.87968810000001,113.69763963618426
66.28,8.403604344794589,19.0773256,72.8796884,113.69763963618426
66.29,8.398806948111181,19.0773258,72.8796887,113.69763963618426
66.3,8.394003727664712,19.077326,72.879689,113.69763963618426
66.31,8.389194691685365,19.0773262,72.87968930000001,113.69763963618426
66.32000000000001,8.384379848413298,19.0773264,72.8796896,113.69763963618426
66.33,8.379559206098627,19.0773266,72.8796899,113.69763963618426
66.34,8.374732773001362,19.0773268,72.8796902,113.69763963618426
66.35,8.369900557391489,19.077327,72.87969050000001,113.69763963618426
66.36,8.365062567548868,19.0773272,72.8796908,113.69763963618426
66.37,8.360218811763257,19.0773274,72.8796911,113.69763963618426
66.38,8.35536929833432,19.0773276,72.8796914,113.69763963618426
66.39,8.350514035571539,19.0773278,72.87969170000001,113.69763963618426
66.4,8.345653031794289,19.077328,72.879692,113.69763963618426
66.41,8.340786295331771,19.0773282,72.8796923,113.69763963618426
66.42,8.335913834522998,19.0773284,72.8796926,113.69763963618426
66.43,8.331035657716798,19.0773286,72.87969290000001,113.69763963618426
66.44,8.326151773271809,19.0773288,72.8796932,113.69763963618426
66.45,8.321262189556409,19.077329,72.8796935,113.69763963618426
66.46000000000001,8.316366914948778,19.0773292,72.8796938,113.69763963618426
66.47,8.311465957836852,19.0773294,72.87969410000001,113.69763963618426
66.48,8.30655932661826,19.0773296,72.8796944,113.69763963618426
66.49,8.301647029700396,19.0773298,72.8796947,113.69763963618426
66.5,8.296729075500348,19.07733,72.879695,113.69763963618426
66.51,8.291805472444885,19.077330200000002,72.87969530000001,113.69763963618426
66.52,8.286876228970485,19.0773304,72.8796956,113.69763963618426
66.53,8.281941353523251,19.0773306,72.8796959,113.69763963618426
66.54,8.277000854558967,19.077330800000002,72.8796962,113.69763963618426
66.55,8.272054740543052,19.077331,72.87969650000001,113.69763963618426
66.56,8.267103019950529,19.0773312,72.8796968,113.69763963618426
66.57000000000001,8.26214570126603,19.077331400000002,72.8796971,113.69763963618426
66.58,8.257182792983809,19.0773316,72.8796974,113.69763963618426
66.59,8.25221430360764,19.0773318,72.87969770000001,113.69763963618426
66.6,8.247240241650921,19.077332000000002,72.879698,113.69763963618426
66.61,8.242260615636557,19.0773322,72.8796983,113.69763963618426
66.62,8.237275434097011,19.0773324,72.8796986,113.69763963618426
66.63,8.232284705574251,19.077332600000002,72.87969890000001,113.69763963618426
66.64,8.227288438619757,19.0773328,72.8796992,113.69763963618426
66.65,8.222286641794486,19.077333,72.8796995,113.69763963618426
66.66,8.217279323668896,19.0773332,72.8796998,113.69763963618426
66.67,8.212266492822875,19.0773334,72.87970010000001,113.69763963618426
66.68,8.207248157845788,19.0773336,72.8797004,113.69763963618426
66.69,8.202224327336406,19.0773338,72.8797007,113.69763963618426
66.7,8.197195009902927,19.077334,72.87970100000001,113.69763963618426
66.71000000000001,8.192160214162941,19.0773342,72.87970130000001,113.69763963618426
66.72,8.18711994874345,19.0773344,72.8797016,113.69763963618426
66.73,8.182074222280793,19.0773346,72.8797019,113.69763963618426
66.74,8.177023043420707,19.0773348,72.87970220000001,113.69763963618426
66.75,8.171966420818226,19.077335,72.87970250000001,113.69763963618426
66.76,8.166904363137753,19.0773352,72.8797028,113.69763963618426
66.77,8.161836879052975,19.0773354,72.8797031,113.69763963618426
66.78,8.156763977246893,19.0773356,72.87970340000001,113.69763963618426
66.79,8.15168566641178,19.0773358,72.87970370000001,113.69763963618426
66.8,8.14660195524919,19.077336,72.879704,113.69763963618426
66.81,8.141512852469916,19.0773362,72.8797043,113.69763963618426
66.82000000000001,8.136418366794008,19.0773364,72.87970460000001,113.69763963618426
66.83,8.131318506950722,19.0773366,72.87970490000001,113.69763963618426
66.84,8.12621328167853,19.0773368,72.8797052,113.69763963618426
66.85,8.121102699725094,19.077337,72.8797055,113.69763963618426
66.86,8.115986769847252,19.0773372,72.87970580000001,113.69763963618426
66.87,8.110865500811018,19.0773374,72.8797061,113.69763963618426
66.88,8.105738901391558,19.0773376,72.8797064,113.69763963618426
66.89,8.100606980373133,19.077337800000002,72.8797067,113.69763963618426
66.9,8.095469746549172,19.077338,72.87970700000001,113.69763963618426
66.91,8.09032720872218,19.0773382,72.8797073,113.69763963618426
66.92,8.085179375703742,19.077338400000002,72.8797076,113.69763963618426
66.93,8.080026256314543,19.0773386,72.8797079,113.69763963618426
66.94,8.074867859384325,19.0773388,72.87970820000001,113.69763963618426
66.95,8.06970419375183,19.077339000000002,72.8797085,113.69763963618426
66.96000000000001,8.064535268264883,19.0773392,72.8797088,113.69763963618426
66.97,8.059361091780287,19.0773394,72.8797091,113.69763963618426
66.98,8.054181673163846,19.077339600000002,72.87970940000001,113.69763963618426
66.99,8.048997021290376,19.0773398,72.8797097,113.69763963618426
67.0,8.043807145043605,19.07734,72.87971,113.69763963618426
67.01,8.03861205331626,19.077340200000002,72.8797103,113.69763963618426
67.02,8.033411755009999,19.0773404,72.87971060000001,113.69763963618426
67.03,8.028206259035377,19.0773406,72.8797109,113.69763963618426
67.04,8.02299557431187,19.0773408,72.8797112,113.69763963618426
67.05,8.017779709767863,19.077341,72.8797115,113.69763963618426
67.06,8.012558674340568,19.0773412,72.87971180000001,113.69763963618426
67.07000000000001,8.007332476976101,19.0773414,72.8797121,113.69763963618426
67.08,8.002101126629425,19.0773416,72.8797124,113.69763963618426
67.09,7.996864632264287,19.0773418,72.8797127,113.69763963618426
67.1,7.991623002853297,19.077342,72.87971300000001,113.69763963618426
67.11,7.986376247377839,19.0773422,72.8797133,113.69763963618426
67.12,7.981124374828078,19.0773424,72.8797136,113.69763963618426
67.13,7.975867394202975,19.0773426,72.8797139,113.69763963618426
67.14,7.970605314510195,19.0773428,72.87971420000001,113.69763963618426
67.15,7.965338144766183,19.077343,72.8797145,113.69763963618426
67.16,7.960065893996098,19.0773432,72.8797148,113.69763963618426
67.17,7.954788571233788,19.0773434,72.8797151,113.69763963618426
67.18,7.9495061855218,19.0773436,72.87971540000001,113.69763963618426
67.19,7.944218745911373,19.0773438,72.8797157,113.69763963618426
67.2,7.938926261462367,19.077344,72.879716,113.69763963618426
67.21000000000001,7.9336287412433215,19.0773442,72.8797163,113.69763963618426
67.22,7.928326194331401,19.0773444,72.87971660000001,113.69763963618426
67.23,7.923018629812368,19.0773446,72.8797169,113.69763963618426
67.24,7.91770605678059,19.0773448,72.8797172,113.69763963618426
67.25,7.912388484339016,19.077345,72.8797175,113.69763963618426
67.26,7.907065921599152,19.0773452,72.87971780000001,113.69763963618426
67.27,7.901738377681083,19.077345400000002,72.8797181,113.69763963618426
67.28,7.896405861713392,19.0773456,72.8797184,113.69763963618426
67.29,7.891068382833214,19.0773458,72.8797187,113.69763963618426
67.3,7.885725950186169,19.077346000000002,72.87971900000001,113.69763963618426
67.31,7.880378572926369,19.0773462,72.8797193,113.69763963618426
67.32000000000001,7.875026260216391,19.0773464,72.8797196,113.69763963618426
67.33,7.869669021227292,19.077346600000002,72.8797199,113.69763963618426
67.34,7.8643068651385395,19.0773468,72.87972020000001,113.69763963618426
67.35,7.8589398011380664,19.077347,72.8797205,113.69763963618426
67.36,7.853567838422157,19.077347200000002,72.8797208,113.69763963618426
67.37,7.848190986195549,19.0773474,72.8797211,113.69763963618426
67.38,7.842809253671323,19.0773476,72.87972140000001,113.69763963618426
67.39,7.8374226500709305,19.077347800000002,72.8797217,113.69763963618426
67.4,7.8320311846241575,19.077348,72.879722,113.69763963618426
67.41,7.826634866569167,19.0773482,72.8797223,113.69763963618426
67.42,7.821233705152368,19.0773484,72.87972260000001,113.69763963618426
67.43,7.8158277096285245,19.0773486,72.8797229,113.69763963618426
67.44,7.810416889260655,19.0773488,72.8797232,113.69763963618426
67.45,7.805001253320054,19.077349,72.87972350000001,113.69763963618426
67.46000000000001,7.7995808110862574,19.0773492,72.87972380000001,113.69763963618426
67.47,7.7941555718470585,19.0773494,72.8797241,113.69763963618426
67.48,7.788725544898448,19.0773496,72.8797244,113.69763963618426
67.49,7.783290739544643,19.0773498,72.87972470000001,113.69763963618426
67.5,7.777851165098011,19.07735,72.87972500000001,113.69763963618426
67.51,7.7724068308791345,19.0773502,72.8797253,113.69763963618426
67.52,7.766957746216725,19.0773504,72.8797256,113.69763963618426
67.53,7.761503920447632,19.0773506,72.87972590000001,113.69763963618426
67.54,7.756045362916845,19.0773508,72.87972620000001,113.69763963618426
67.55,7.750582082977471,19.077351,72.8797265,113.69763963618426
67.56,7.745114089990657,19.0773512,72.8797268,113.69763963618426
67.57000000000001,7.739641393325686,19.0773514,72.87972710000001,113.69763963618426
67.58,7.734164002359865,19.0773516,72.87972740000001,113.69763963618426
67.59,7.728681926478547,19.0773518,72.8797277,113.69763963618426
67.6,7.723195175075144,19.077352,72.879728,113.69763963618426
67.61,7.717703757551021,19.0773522,72.87972830000001,113.69763963618426
67.62,7.71220768331559,19.0773524,72.8797286,113.69763963618426
67.63,7.706706961786233,19.0773526,72.8797289,113.69763963618426
67.64,7.701201602388277,19.0773528,72.8797292,113.69763963618426
67.65,7.695691614554998,19.077353000000002,72.87972950000001,113.69763963618426
67.66,7.690177007727632,19.0773532,72.8797298,113.69763963618426
67.67,7.684657791355278,19.0773534,72.8797301,113.69763963618426
67.68,7.679133974894978,19.077353600000002,72.8797304,113.69763963618426
67.69,7.673605567811657,19.0773538,72.87973070000001,113.69763963618426
67.7,7.668072579578058,19.077354,72.879731,113.69763963618426
67.71000000000001,7.662535019674821,19.077354200000002,72.8797313,113.69763963618426
67.72,7.656992897590419,19.0773544,72.8797316,113.69763963618426
67.73,7.651446222821097,19.0773546,72.87973190000001,113.69763963618426
67.74,7.645895004870962,19.077354800000002,72.8797322,113.69763963618426
67.75,7.6403392532518435,19.077355,72.8797325,113.69763963618426
67.76,7.634778977483386,19.0773552,72.8797328,113.69763963618426
67.77,7.629214187092979,19.077355400000002,72.87973310000001,113.69763963618426
67.78,7.6236448916157284,19.0773556,72.8797334,113.69763963618426
67.79,7.618071100594466,19.0773558,72.8797337,113.69763963618426
67.8,7.612492823579751,19.077356,72.879734,113.69763963618426
67.81,7.606910070129782,19.0773562,72.87973430000001,113.69763963618426
67.82000000000001,7.601322849810465,19.0773564,72.8797346,113.69763963618426
67.83,7.5957311721953635,19.0773566,72.8797349,113.69763963618426
67.84,7.590135046865651,19.0773568,72.8797352,113.69763963618426
67.85,7.584534483410142,19.077357,72.87973550000001,113.69763963618426
67.86,7.578929491425242,19.0773572,72.8797358,113.69763963618426
67.87,7.573320080514952,19.0773574,72.8797361,113.69763963618426
67.88,7.567706260290853,19.0773576,72.8797364,113.69763963618426
67.89,7.562088040372061,19.0773578,72.87973670000001,113.69763963618426
67.9,7.556465430385259,19.077358,72.879737,113.69763963618426
67.91,7.550838439964628,19.0773582,72.8797373,113.69763963618426
67.92,7.5452070787518615,19.0773584,72.8797376,113.69763963618426
67.93,7.539571356396134,19.0773586,72.87973790000001,113.69763963618426
67.94,7.5339312825541205,19.0773588,72.8797382,113.69763963618426
67.95,7.5282868668899185,19.077359,72.8797385,113.69763963618426
67.96000000000001,7.5226381190750935,19.0773592,72.8797388,113.69763963618426
67.97,7.516985048788616,19.0773594,72.87973910000001,113.69763963618426
67.98,7.511327665716864,19.0773596,72.8797394,113.69763963618426
67.99,7.505665979553613,19.0773598,72.8797397,113.69763963618426
68.0,7.499999999999999,19.07736,72.87974,113.69763963618426
68.01,7.49432973676453,19.0773602,72.87974030000001,113.69763963618426
68.02,7.488655199563064,19.0773604,72.8797406,113.69763963618426
68.03,7.482976398118736,19.077360600000002,72.8797409,113.69763963618426
68.04,7.477293342162038,19.0773608,72.8797412,113.69763963618426
68.05,7.471606041430725,19.077361,72.87974150000001,113.69763963618426
68.06,7.465914505669833,19.077361200000002,72.8797418,113.69763963618426
68.07000000000001,7.460218744631644,19.0773614,72.8797421,113.69763963618426
68.08,7.454518768075706,19.0773616,72.8797424,113.69763963618426
68.09,7.448814585768757,19.077361800000002,72.87974270000001,113.69763963618426
68.1,7.443106207484781,19.077362,72.879743,113.69763963618426
68.11,7.437393643004898,19.0773622,72.8797433,113.69763963618426
68.12,7.431676902117456,19.077362400000002,72.8797436,113.69763963618426
68.13,7.425955994617924,19.0773626,72.87974390000001,113.69763963618426
68.14,7.420230930308916,19.0773628,72.8797442,113.69763963618426
68.15,7.414501719000182,19.077363000000002,72.8797445,113.69763963618426
68.16,7.4087683705085805,19.0773632,72.8797448,113.69763963618426
68.17,7.403030894658022,19.0773634,72.87974510000001,113.69763963618426
68.18,7.397289301279535,19.0773636,72.8797454,113.69763963618426
68.19,7.391543600211177,19.0773638,72.8797457,113.69763963618426
68.2,7.385793801298041,19.077364,72.87974600000001,113.69763963618426
68.21000000000001,7.380039914392259,19.0773642,72.87974630000001,113.69763963618426
68.22,7.3742819493529765,19.0773644,72.8797466,113.69763963618426
68.23,7.368519916046275,19.0773646,72.8797469,113.69763963618426
68.24,7.362753824345269,19.0773648,72.87974720000001,113.69763963618426
68.25,7.35698368412999,19.077365,72.87974750000001,113.69763963618426
68.26,7.351209505287408,19.0773652,72.8797478,113.69763963618426
68.27,7.3454312977114435,19.0773654,72.8797481,113.69763963618426
68.28,7.339649071302868,19.0773656,72.87974840000001,113.69763963618426
68.29,7.333862835969383,19.0773658,72.87974870000001,113.69763963618426
68.3,7.328072601625562,19.077366,72.879749,113.69763963618426
68.31,7.322278378192783,19.0773662,72.8797493,113.69763963618426
68.32000000000001,7.316480175599303,19.0773664,72.87974960000001,113.69763963618426
68.33,7.310678003780202,19.0773666,72.87974990000001,113.69763963618426
68.34,7.304871872677311,19.0773668,72.8797502,113.69763963618426
68.35000000000001,7.299061792239293,19.077367,72.8797505,113.69763963618426
68.36,7.293247772421578,19.0773672,72.87975080000001,113.69763963618426
68.37,7.287429823186301,19.0773674,72.87975110000001,113.69763963618426
68.38,7.28160795450238,19.0773676,72.8797514,113.69763963618426
68.39,7.275782176345422,19.0773678,72.8797517,113.69763963618426
68.4,7.269952498697732,19.077368,72.87975200000001,113.69763963618426
68.41,7.264118931548325,19.077368200000002,72.8797523,113.69763963618426
68.42,7.25828148489283,19.0773684,72.8797526,113.69763963618426
68.43,7.2524401687335684,19.0773686,72.8797529,113.69763963618426
68.44,7.246594993079483,19.077368800000002,72.87975320000001,113.69763963618426
68.45,7.240745967946114,19.077369,72.8797535,113.69763963618426
68.46000000000001,7.234893103355602,19.0773692,72.8797538,113.69763963618426
68.47,7.2290364093366914,19.077369400000002,72.8797541,113.69763963618426
68.48,7.223175895924639,19.0773696,72.87975440000001,113.69763963618426
68.49,7.217311573161295,19.0773698,72.8797547,113.69763963618426
68.5,7.211443451095003,19.077370000000002,72.879755,113.69763963618426
68.51,7.205571539780648,19.0773702,72.8797553,113.69763963618426
68.52,7.199695849279577,19.0773704,72.87975560000001,113.69763963618426
68.53,7.193816389659631,19.077370600000002,72.8797559,113.69763963618426
68.54,7.187933170995091,19.0773708,72.8797562,113.69763963618426
68.55,7.182046203366712,19.077371,72.8797565,113.69763963618426
68.56,7.176155496861632,19.0773712,72.87975680000001,113.69763963618426
68.57000000000001,7.170261061573438,19.0773714,72.8797571,113.69763963618426
68.58,7.16436290760207,19.0773716,72.8797574,113.69763963618426
68.59,7.1584610450538575,19.0773718,72.8797577,113.69763963618426
68.60000000000001,7.152555484041473,19.077372,72.87975800000001,113.69763963618426
68.61,7.146646234683949,19.0773722,72.8797583,113.69763963618426
68.62,7.140733307106608,19.0773724,72.8797586,113.69763963618426
68.63,7.134816711441115,19.0773726,72.8797589,113.69763963618426
68.64,7.128896457825363,19.0773728,72.87975920000001,113.69763963618426
68.65,7.122972556403566,19.077373,72.8797595,113.69763963618426
68.66,7.117045017326165,19.0773732,72.8797598,113.69763963618426
68.67,7.111113850749833,19.0773734,72.8797601,113.69763963618426
68.68,7.105179066837454,19.0773736,72.87976040000001,113.69763963618426
68.69,7.099240675758138,19.0773738,72.8797607,113.69763963618426
68.7,7.093298687687137,19.077374,72.879761,113.69763963618426
68.71000000000001,7.0873531128059035,19.0773742,72.8797613,113.69763963618426
68.72,7.081403961302008,19.0773744,72.87976160000001,113.69763963618426
68.73,7.07545124336916,19.0773746,72.8797619,113.69763963618426
68.74,7.069494969207181,19.0773748,72.8797622,113.69763963618426
68.75,7.063535149021974,19.077375,72.8797625,113.69763963618426
68.76,7.057571793025539,19.0773752,72.87976280000001,113.69763963618426
68.77,7.051604911435938,19.0773754,72.8797631,113.69763963618426
68.78,7.0456345144772285,19.0773756,72.8797634,113.69763963618426
68.79,7.0396606123795475,19.077375800000002,72.8797637,113.69763963618426
68.8,7.033683215379005,19.077376,72.87976400000001,113.69763963618426
68.81,7.0277023337177,19.0773762,72.8797643,113.69763963618426
68.82000000000001,7.021717977643718,19.077376400000002,72.8797646,113.69763963618426
68.83,7.015730157411106,19.0773766,72.8797649,113.69763963618426
68.84,7.009738883279799,19.0773768,72.87976520000001,113.69763963618426
68.85000000000001,7.003744165515705,19.077377000000002,72.8797655,113.69763963618426
68.86,6.997746014390602,19.0773772,72.8797658,113.69763963618426
68.87,6.991744440182152,19.0773774,72.8797661,113.69763963618426
68.88,6.9857394531739105,19.077377600000002,72.87976640000001,113.69763963618426
68.89,6.979731063655228,19.0773778,72.8797667,113.69763963618426
68.9,6.9737192819213325,19.077378,72.879767,113.69763963618426
68.91,6.967704118273255,19.077378200000002,72.8797673,113.69763963618426
68.92,6.961685583017808,19.0773784,72.87976760000001,113.69763963618426
68.93,6.955663686467579,19.0773786,72.8797679,113.69763963618426
68.94,6.949638438940947,19.0773788,72.8797682,113.69763963618426
68.95,6.943609850761979,19.077379,72.8797685,113.69763963618426
68.96000000000001,6.937577932260509,19.0773792,72.87976880000001,113.69763963618426
68.97,6.9315426937720845,19.0773794,72.8797691,113.69763963618426
68.98,6.9255041456378885,19.0773796,72.8797694,113.69763963618426
68.99,6.9194622982048335,19.0773798,72.87976970000001,113.69763963618426
69.0,6.9134171618254525,19.07738,72.87977000000001,113.69763963618426
69.01,6.907368746857912,19.0773802,72.8797703,113.69763963618426
69.02,6.901317063666033,19.0773804,72.8797706,113.69763963618426
69.03,6.895262122619176,19.0773806,72.87977090000001,113.69763963618426
69.04,6.889203934092333,19.0773808,72.87977120000001,113.69763963618426
69.05,6.883142508466054,19.077381,72.8797715,113.69763963618426
69.06,6.877077856126417,19.0773812,72.8797718,113.69763963618426
69.07000000000001,6.871009987465032,19.0773814,72.87977210000001,113.69763963618426
69.08,6.864938912879052,19.0773816,72.87977240000001,113.69763963618426
69.09,6.858864642771062,19.0773818,72.8797727,113.69763963618426
69.10000000000001,6.852787187549176,19.077382,72.879773,113.69763963618426
69.11,6.846706557626957,19.0773822,72.87977330000001,113.69763963618426
69.12,6.84062276342339,19.0773824,72.87977360000001,113.69763963618426
69.13,6.83453581536289,19.0773826,72.8797739,113.69763963618426
69.14,6.8284457238752765,19.0773828,72.8797742,113.69763963618426
69.15,6.822352499395747,19.077383,72.87977450000001,113.69763963618426
69.16,6.816256152364893,19.0773832,72.8797748,113.69763963618426
69.17,6.810156693228622,19.077383400000002,72.8797751,113.69763963618426
69.18,6.804054132438207,19.0773836,72.8797754,113.69763963618426
69.19,6.797948480450212,19.0773838,72.87977570000001,113.69763963618426
69.2,6.791839747726504,19.077384000000002,72.879776,113.69763963618426
69.21000000000001,6.785727944734223,19.0773842,72.8797763,113.69763963618426
69.22,6.7796130819457945,19.0773844,72.8797766,113.69763963618426
69.23,6.773495169838849,19.077384600000002,72.87977690000001,113.69763963618426
69.24,6.767374218896291,19.0773848,72.8797772,113.69763963618426
69.25,6.7612502396061664,19.077385,72.8797775,113.69763963618426
69.26,6.7551232424617735,19.077385200000002,72.8797778,113.69763963618426
69.27,6.748993237961547,19.0773854,72.87977810000001,113.69763963618426
69.28,6.742860236609083,19.0773856,72.8797784,113.69763963618426
69.29,6.7367242489131005,19.077385800000002,72.8797787,113.69763963618426
69.3,6.730585285387467,19.077386,72.879779,113.69763963618426
69.31,6.724443356551113,19.0773862,72.87977930000001,113.69763963618426
69.32000000000001,6.71829847292808,19.0773864,72.8797796,113.69763963618426
69.33,6.712150645047451,19.0773866,72.8797799,113.69763963618426
69.34,6.705999883443363,19.0773868,72.8797802,113.69763963618426
69.35000000000001,6.69984619865497,19.077387,72.87978050000001,113.69763963618426
69.36,6.693689601226458,19.0773872,72.8797808,113.69763963618426
69.37,6.687530101706973,19.0773874,72.8797811,113.69763963618426
69.38,6.681367710650675,19.0773876,72.8797814,113.69763963618426
69.39,6.67520243861662,19.0773878,72.87978170000001,113.69763963618426
69.4,6.6690342961688565,19.077388,72.879782,113.69763963618426
69.41,6.662863293876323,19.0773882,72.8797823,113.69763963618426
69.42,6.656689442312854,19.0773884,72.8797826,113.69763963618426
69.43,6.650512752057184,19.0773886,72.87978290000001,113.69763963618426
69.44,6.644333233692921,19.0773888,72.8797832,113.69763963618426
69.45,6.638150897808465,19.077389,72.8797835,113.69763963618426
69.46000000000001,6.631965754997109,19.0773892,72.8797838,113.69763963618426
69.47,6.625777815856917,19.0773894,72.87978410000001,113.69763963618426
69.48,6.619587090990744,19.0773896,72.8797844,113.69763963618426
69.49,6.613393591006256,19.0773898,72.8797847,113.69763963618426
69.5,6.60719732651581,19.07739,72.879785,113.69763963618426
69.51,6.600998308136555,19.0773902,72.87978530000001,113.69763963618426
69.52,6.594796546490349,19.0773904,72.8797856,113.69763963618426
69.53,6.588592052203731,19.0773906,72.8797859,113.69763963618426
69.54,6.582384835907926,19.0773908,72.8797862,113.69763963618426
69.55,6.576174908238855,19.077391000000002,72.87978650000001,113.69763963618426
69.56,6.569962279837025,19.0773912,72.8797868,113.69763963618426
69.57000000000001,6.563746961347623,19.0773914,72.8797871,113.69763963618426
69.58,6.557528963420446,19.077391600000002,72.8797874,113.69763963618426
69.59,6.551308296709828,19.0773918,72.87978770000001,113.69763963618426
69.60000000000001,6.54508497187474,19.077392,72.879788,113.69763963618426
69.61,6.538858999578667,19.077392200000002,72.8797883,113.69763963618426
69.62,6.532630390489636,19.0773924,72.8797886,113.69763963618426
69.63,6.526399155280227,19.0773926,72.87978890000001,113.69763963618426
69.64,6.520165304627454,19.077392800000002,72.8797892,113.69763963618426
69.65,6.51392884921287,19.077393,72.8797895,113.69763963618426
69.66,6.507689799722478,19.0773932,72.8797898,113.69763963618426
69.67,6.5014481668467115,19.077393400000002,72.87979010000001,113.69763963618426
69.68,6.4952039612804295,19.0773936,72.8797904,113.69763963618426
69.69,6.488957193722934,19.0773938,72.8797907,113.69763963618426
69.7,6.482707874877855,19.077394,72.879791,113.69763963618426
69.71000000000001,6.476456015453252,19.0773942,72.87979130000001,113.69763963618426
69.72,6.4702016261615185,19.0773944,72.8797916,113.69763963618426
69.73,6.463944717719373,19.0773946,72.8797919,113.69763963618426
69.74,6.45768530084786,19.0773948,72.87979220000001,113.69763963618426
69.75,6.451423386272317,19.077395,72.87979250000001,113.69763963618426
69.76,6.445158984722356,19.0773952,72.8797928,113.69763963618426
69.77,6.4388921069318785,19.0773954,72.8797931,113.69763963618426
69.78,6.432622763638988,19.0773956,72.87979340000001,113.69763963618426
69.79,6.4263509655860505,19.0773958,72.87979370000001,113.69763963618426
69.8,6.420076723519614,19.077396,72.879794,113.69763963618426
69.81,6.413800048190421,19.0773962,72.8797943,113.69763963618426
69.82000000000001,6.4075209503533745,19.0773964,72.87979460000001,113.69763963618426
69.83,6.401239440767554,19.0773966,72.87979490000001,113.69763963618426
69.84,6.394955530196141,19.0773968,72.8797952,113.69763963618426
69.85000000000001,6.3886692294064575,19.077397,72.8797955,113.69763963618426
69.86,6.382380549169904,19.0773972,72.87979580000001,113.69763963618426
69.87,6.376089500261958,19.0773974,72.87979610000001,113.69763963618426
69.88,6.369796093462167,19.0773976,72.8797964,113.69763963618426
69.89,6.363500339554106,19.0773978,72.8797967,113.69763963618426
69.9,6.357202249325372,19.077398,72.87979700000001,113.69763963618426
69.91,6.350901833567587,19.0773982,72.8797973,113.69763963618426
69.92,6.344599103076326,19.0773984,72.8797976,113.69763963618426
69.93,6.3382940686511615,19.077398600000002,72.8797979,113.69763963618426
69.94,6.33198674109559,19.0773988,72.87979820000001,113.69763963618426
69.95,6.325677131217045,19.077399,72.8797985,113.69763963618426
69.96000000000001,6.319365249826863,19.077399200000002,72.8797988,113.69763963618426
69.97,6.313051107740298,19.0773994,72.8797991,113.69763963618426
69.98,6.306734715776443,19.0773996,72.87979940000001,113.69763963618426
69.99,6.3004160847582895,19.077399800000002,72.8797997,113.69763963618426
70.0,6.294095225512604,19.0774,72.8798,113.69763963618426
70.01,6.287772148870033,19.0774002,72.8798003,113.69763963618426
70.02,6.2814468656649876,19.077400400000002,72.87980060000001,113.69763963618426
70.03,6.275119386735661,19.0774006,72.8798009,113.69763963618426
70.04,6.268789722924022,19.0774008,72.8798012,113.69763963618426
70.05,6.2624578850757935,19.077401000000002,72.8798015,113.69763963618426
70.06,6.256123884040377,19.0774012,72.87980180000001,113.69763963618426
70.07000000000001,6.249787730670931,19.0774014,72.8798021,113.69763963618426
70.08,6.243449435824278,19.0774016,72.8798024,113.69763963618426
70.09,6.237109010360901,19.0774018,72.8798027,113.69763963618426
70.10000000000001,6.230766465144956,19.077402,72.87980300000001,113.69763963618426
70.11,6.224421811044241,19.0774022,72.8798033,113.69763963618426
70.12,6.2180750589301095,19.0774024,72.8798036,113.69763963618426
70.13,6.211726219677576,19.0774026,72.8798039,113.69763963618426
70.14,6.2053753041651944,19.0774028,72.87980420000001,113.69763963618426
70.15,6.199022323275079,19.077403,72.8798045,113.69763963618426
70.16,6.192667287892911,19.0774032,72.8798048,113.69763963618426
70.17,6.186310208907839,19.0774034,72.8798051,113.69763963618426
70.18,6.1799510972125615,19.0774036,72.87980540000001,113.69763963618426
70.19,6.173589963703259,19.0774038,72.8798057,113.69763963618426
70.2,6.167226819279526,19.077404,72.879806,113.69763963618426
70.21000000000001,6.1608616748444645,19.0774042,72.8798063,113.69763963618426
70.22,6.154494541304567,19.0774044,72.87980660000001,113.69763963618426
70.23,6.148125429569733,19.0774046,72.8798069,113.69763963618426
70.24,6.141754350553289,19.0774048,72.8798072,113.69763963618426
70.25,6.13538131517187,19.077405,72.8798075,113.69763963618426
70.26,6.129006334345516,19.0774052,72.87980780000001,113.69763963618426
70.27,6.122629418997592,19.0774054,72.8798081,113.69763963618426
70.28,6.11625058005476,19.0774056,72.8798084,113.69763963618426
70.29,6.109869828446977,19.0774058,72.8798087,113.69763963618426
70.3,6.103487175107514,19.077406,72.87980900000001,113.69763963618426
70.31,6.097102630972837,19.077406200000002,72.8798093,113.69763963618426
70.32000000000001,6.090716206982708,19.0774064,72.8798096,113.69763963618426
70.33,6.084327914080099,19.0774066,72.8798099,113.69763963618426
70.34,6.077937763211166,19.077406800000002,72.87981020000001,113.69763963618426
70.35000000000001,6.071545765325248,19.077407,72.8798105,113.69763963618426
70.36,6.065151931374889,19.0774072,72.8798108,113.69763963618426
70.37,6.058756272315712,19.077407400000002,72.8798111,113.69763963618426
70.38,6.052358799106531,19.0774076,72.87981140000001,113.69763963618426
70.39,6.045959522709224,19.0774078,72.8798117,113.69763963618426
70.4,6.039558454088796,19.077408000000002,72.879812,113.69763963618426
70.41,6.0331556042132926,19.0774082,72.8798123,113.69763963618426
70.42,6.026750984053823,19.0774084,72.87981260000001,113.69763963618426
70.43,6.020344604584523,19.077408600000002,72.8798129,113.69763963618426
70.44,6.013936476782563,19.0774088,72.8798132,113.69763963618426
70.45,6.00752661162808,19.077409,72.8798135,113.69763963618426
70.46000000000001,6.001115020104221,19.0774092,72.87981380000001,113.69763963618426
70.47,5.994701713197062,19.0774094,72.8798141,113.69763963618426
70.48,5.988286701895634,19.0774096,72.8798144,113.69763963618426
70.49,5.981869997191879,19.0774098,72.87981470000001,113.69763963618426
70.5,5.975451610080649,19.07741,72.87981500000001,113.69763963618426
70.51,5.969031551559665,19.0774102,72.8798153,113.69763963618426
70.52,5.962609832629541,19.0774104,72.8798156,113.69763963618426
70.53,5.956186464293699,19.0774106,72.87981590000001,113.69763963618426
70.54,5.949761457558424,19.0774108,72.87981620000001,113.69763963618426
70.55,5.943334823432779,19.077411,72.8798165,113.69763963618426
70.56,5.936906572928629,19.0774112,72.8798168,113.69763963618426
70.57000000000001,5.930476717060595,19.0774114,72.87981710000001,113.69763963618426
70.58,5.924045266846079,19.0774116,72.87981740000001,113.69763963618426
70.59,5.917612233305177,19.0774118,72.8798177,113.69763963618426
70.60000000000001,5.911177627460735,19.077412,72.879818,113.69763963618426
70.61,5.904741460338267,19.0774122,72.87981830000001,113.69763963618426
70.62,5.8983037429659655,19.0774124,72.87981860000001,113.69763963618426
70.63,5.89186448637469,19.0774126,72.8798189,113.69763963618426
70.64,5.885423701597916,19.0774128,72.8798192,113.69763963618426
70.65,5.878981399671766,19.077413,72.87981950000001,113.69763963618426
70.66,5.872537591634965,19.0774132,72.8798198,113.69763963618426
70.67,5.866092288528767,19.0774134,72.8798201,113.69763963618426
70.68,5.85964550139705,19.0774136,72.8798204,113.69763963618426
70.69,5.853197241286198,19.077413800000002,72.87982070000001,113.69763963618426
70.7,5.846747519245121,19.077414,72.879821,113.69763963618426
70.71000000000001,5.8402963463252515,19.0774142,72.8798213,113.69763963618426
70.72,5.833843733580515,19.077414400000002,72.8798216,113.69763963618426
70.73,5.827389692067252,19.0774146,72.87982190000001,113.69763963618426
70.74,5.820934232844314,19.0774148,72.8798222,113.69763963618426
70.75,5.8144773669729455,19.077415000000002,72.8798225,113.69763963618426
70.76,5.808019105516802,19.0774152,72.8798228,113.69763963618426
70.77,5.801559459541963,19.0774154,72.87982310000001,113.69763963618426
70.78,5.7950984401168215,19.077415600000002,72.8798234,113.69763963618426
70.79,5.788636058312177,19.0774158,72.8798237,113.69763963618426
70.8,5.78217232520116,19.077416,72.879824,113.69763963618426
70.81,5.775707251859168,19.077416200000002,72.87982430000001,113.69763963618426
70.82000000000001,5.769240849363952,19.0774164,72.8798246,113.69763963618426
70.83,5.76277312879551,19.0774166,72.8798249,113.69763963618426
70.84,5.756304101236095,19.0774168,72.8798252,113.69763963618426
70.85000000000001,5.749833777770218,19.077417,72.87982550000001,113.69763963618426
70.86,5.7433621694846195,19.0774172,72.8798258,113.69763963618426
70.87,5.7368892874681885,19.0774174,72.8798261,113.69763963618426
70.88,5.730415142812059,19.0774176,72.8798264,113.69763963618426
70.89,5.723939746609492,19.0774178,72.87982670000001,113.69763963618426
70.9,5.717463109955894,19.077418,72.879827,113.69763963618426
70.91,5.710985243948831,19.0774182,72.8798273,113.69763963618426
70.92,5.704506159687916,19.0774184,72.8798276,113.69763963618426
70.93,5.698025868274899,19.0774186,72.87982790000001,113.69763963618426
70.94,5.6915443808135935,19.0774188,72.8798282,113.69763963618426
70.95,5.685061708409842,19.077419,72.8798285,113.69763963618426
70.96000000000001,5.678577862171517,19.0774192,72.8798288,113.69763963618426
70.97,5.67209285320854,19.0774194,72.87982910000001,113.69763963618426
70.98,5.665606692632762,19.0774196,72.8798294,113.69763963618426
70.99,5.659119391558068,19.0774198,72.8798297,113.69763963618426
71.0,5.652630961100255,19.07742,72.87983,113.69763963618426
71.01,5.646141412377088,19.0774202,72.87983030000001,113.69763963618426
71.02,5.639650756508223,19.0774204,72.8798306,113.69763963618426
71.03,5.633159004615224,19.0774206,72.8798309,113.69763963618426
71.04,5.626666167821519,19.077420800000002,72.8798312,113.69763963618426
71.05,5.6201722572524275,19.077421,72.87983150000001,113.69763963618426
71.06,5.613677284035069,19.0774212,72.8798318,113.69763963618426
71.07000000000001,5.607181259298421,19.077421400000002,72.8798321,113.69763963618426
71.08,5.600684194173235,19.0774216,72.8798324,113.69763963618426
71.09,5.594186099792057,19.0774218,72.87983270000001,113.69763963618426
71.10000000000001,5.587686987289184,19.077422000000002,72.879833,113.69763963618426
71.11,5.581186867800696,19.0774222,72.8798333,113.69763963618426
71.12,5.574685752464335,19.0774224,72.8798336,113.69763963618426
71.13,5.568183652419609,19.077422600000002,72.87983390000001,113.69763963618426
71.14,5.561680578807675,19.0774228,72.8798342,113.69763963618426
71.15,5.55517654277139,19.077423,72.8798345,113.69763963618426
71.16,5.548671555455229,19.077423200000002,72.8798348,113.69763963618426
71.17,5.542165628005316,19.0774234,72.87983510000001,113.69763963618426
71.18,5.535658771569367,19.0774236,72.8798354,113.69763963618426
71.19,5.529150997296725,19.077423800000002,72.8798357,113.69763963618426
71.2,5.522642316338263,19.077424,72.879836,113.69763963618426
71.21000000000001,5.516132739846448,19.0774242,72.87983630000001,113.69763963618426
71.22,5.509622278975251,19.0774244,72.8798366,113.69763963618426
71.23,5.503110944880172,19.0774246,72.8798369,113.69763963618426
71.24,5.496598748718201,19.0774248,72.87983720000001,113.69763963618426
71.25,5.4900857016478035,19.077425,72.87983750000001,113.69763963618426
71.26,5.483571814828913,19.0774252,72.8798378,113.69763963618426
71.27,5.47705709942292,19.0774254,72.8798381,113.69763963618426
71.28,5.470541566592571,19.0774256,72.87983840000001,113.69763963618426
71.29,5.464025227502082,19.0774258,72.87983870000001,113.69763963618426
71.3,5.457508093317016,19.077426,72.879839,113.69763963618426
71.31,5.450990175204295,19.0774262,72.8798393,113.69763963618426
71.32000000000001,5.444471484332199,19.0774264,72.87983960000001,113.69763963618426
71.33,5.43795203187035,19.0774266,72.87983990000001,113.69763963618426
71.34,5.431431828989615,19.0774268,72.8798402,113.69763963618426
71.35000000000001,5.424910886862207,19.077427,72.8798405,113.69763963618426
71.36,5.41838921666158,19.0774272,72.87984080000001,113.69763963618426
71.37,5.411866829562425,19.0774274,72.87984110000001,113.69763963618426
71.38,5.4053437367407025,19.0774276,72.8798414,113.69763963618426
71.39,5.398819949373516,19.0774278,72.8798417,113.69763963618426
71.4,5.39229547863922,19.077428,72.87984200000001,113.69763963618426
71.41,5.385770335717331,19.0774282,72.8798423,113.69763963618426
71.42,5.379244531788471,19.077428400000002,72.8798426,113.69763963618426
71.43,5.372718078034451,19.0774286,72.8798429,113.69763963618426
71.44,5.366190985638164,19.0774288,72.87984320000001,113.69763963618426
71.45,5.359663265783596,19.077429000000002,72.8798435,113.69763963618426
71.46000000000001,5.353134929655826,19.0774292,72.8798438,113.69763963618426
71.47,5.346605988440999,19.0774294,72.8798441,113.69763963618426
71.48,5.340076453326239,19.077429600000002,72.87984440000001,113.69763963618426
71.49,5.333546335499756,19.0774298,72.8798447,113.69763963618426
71.5,5.327015646150719,19.07743,72.879845,113.69763963618426
71.51,5.320484396469277,19.077430200000002,72.8798453,113.69763963618426
71.52,5.313952597646576,19.0774304,72.87984560000001,113.69763963618426
71.53,5.307420260874638,19.0774306,72.8798459,113.69763963618426
71.54,5.300887397346463,19.077430800000002,72.8798462,113.69763963618426
71.55,5.2943540182559445,19.077431,72.8798465,113.69763963618426
71.56,5.287820134797839,19.0774312,72.87984680000001,113.69763963618426
71.57000000000001,5.281285758167767,19.077431400000002,72.8798471,113.69763963618426
71.58,5.274750899562236,19.0774316,72.8798474,113.69763963618426
71.59,5.268215570178509,19.0774318,72.8798477,113.69763963618426
71.60000000000001,5.261679781214713,19.077432,72.87984800000001,113.69763963618426
71.61,5.255143543869755,19.0774322,72.8798483,113.69763963618426
71.62,5.248606869343289,19.0774324,72.8798486,113.69763963618426
71.63,5.242069768835728,19.0774326,72.8798489,113.69763963618426
71.64,5.235532253548218,19.0774328,72.87984920000001,113.69763963618426
71.65,5.228994334682603,19.077433,72.8798495,113.69763963618426
71.66,5.222456023441445,19.0774332,72.8798498,113.69763963618426
71.67,5.215917331027947,19.0774334,72.8798501,113.69763963618426
71.68,5.209378268645995,19.0774336,72.87985040000001,113.69763963618426
71.69,5.202838847500089,19.0774338,72.8798507,113.69763963618426
71.7,5.196299078795345,19.077434,72.879851,113.69763963618426
71.71000000000001,5.189758973737474,19.0774342,72.8798513,113.69763963618426
71.72,5.1832185435327895,19.0774344,72.87985160000001,113.69763963618426
71.73,5.1766777993881075,19.0774346,72.8798519,113.69763963618426
71.74,5.170136752510842,19.0774348,72.8798522,113.69763963618426
71.75,5.16359541410888,19.077435,72.8798525,113.69763963618426
71.76,5.157053795390643,19.0774352,72.87985280000001,113.69763963618426
71.77,5.150511907565009,19.0774354,72.8798531,113.69763963618426
71.78,5.143969761841324,19.0774356,72.8798534,113.69763963618426
71.79,5.137427369429367,19.0774358,72.8798537,113.69763963618426
71.8,5.130884741539369,19.077436000000002,72.87985400000001,113.69763963618426
71.81,5.124341889381924,19.0774362,72.8798543,113.69763963618426
71.82000000000001,5.11779882416805,19.0774364,72.8798546,113.69763963618426
71.83,5.111255557109101,19.077436600000002,72.8798549,113.69763963618426
71.84,5.10471209941679,19.0774368,72.87985520000001,113.69763963618426
71.85000000000001,5.09816846230314,19.077437,72.8798555,113.69763963618426
71.86,5.091624656980515,19.077437200000002,72.8798558,113.69763963618426
71.87,5.085080694661529,19.0774374,72.8798561,113.69763963618426
71.88,5.0785365865591094,19.0774376,72.87985640000001,113.69763963618426
71.89,5.0719923438863725,19.077437800000002,72.8798567,113.69763963618426
71.9,5.065447977856724,19.077438,72.879857,113.69763963618426
71.91,5.058903499683751,19.0774382,72.8798573,113.69763963618426
71.92,5.052358920581228,19.077438400000002,72.87985760000001,113.69763963618426
71.93,5.045814251763121,19.0774386,72.8798579,113.69763963618426
71.94,5.039269504443561,19.0774388,72.8798582,113.69763963618426
71.95,5.0327246898367575,19.077439000000002,72.8798585,113.69763963618426
71.96000000000001,5.0261798191570985,19.0774392,72.87985880000001,113.69763963618426
71.97,5.019634903619032,19.0774394,72.8798591,113.69763963618426
71.98,5.013089954437087,19.0774396,72.8798594,113.69763963618426
71.99,5.0065449828258775,19.0774398,72.87985970000001,113.69763963618426
72.0,5.000000000000002,19.07744,72.87986000000001,113.69763963618426
72.01,4.993455017174126,19.0774402,72.8798603,113.69763963618426
72.02,4.986910045562917,19.0774404,72.8798606,113.69763963618426
72.03,4.980365096380971,19.0774406,72.87986090000001,113.69763963618426
72.04,4.973820180842906,19.0774408,72.87986120000001,113.69763963618426
72.05,4.967275310163247,19.077441,72.8798615,113.69763963618426
72.06,4.960730495556443,19.0774412,72.8798618,113.69763963618426
72.07000000000001,4.954185748236865,19.0774414,72.87986210000001,113.69763963618426
72.08,4.947641079418776,19.0774416,72.87986240000001,113.69763963618426
72.09,4.941096500316252,19.0774418,72.8798627,113.69763963618426
72.10000000000001,4.934552022143279,19.077442,72.879863,113.69763963618426
72.11,4.928007656113632,19.0774422,72.87986330000001,113.69763963618426
72.12,4.921463413440895,19.0774424,72.87986360000001,113.69763963618426
72.13,4.914919305338475,19.0774426,72.8798639,113.69763963618426
72.14,4.90837534301949,19.0774428,72.8798642,113.69763963618426
72.15,4.9018315376968555,19.077443,72.87986450000001,113.69763963618426
72.16,4.895287900583215,19.0774432,72.87986480000001,113.69763963618426
72.17,4.888744442890902,19.0774434,72.8798651,113.69763963618426
72.18,4.882201175831945,19.077443600000002,72.8798654,113.69763963618426
72.19,4.8756581106180805,19.0774438,72.87986570000001,113.69763963618426
72.2,4.869115258460635,19.077444,72.879866,113.69763963618426
72.21000000000001,4.862572630570627,19.077444200000002,72.8798663,113.69763963618426
72.22,4.85603023815868,19.0774444,72.8798666,113.69763963618426
72.23,4.849488092434996,19.0774446,72.87986690000001,113.69763963618426
72.24,4.842946204609361,19.077444800000002,72.8798672,113.69763963618426
72.25,4.836404585891125,19.077445,72.8798675,113.69763963618426
72.26,4.829863247489162,19.0774452,72.8798678,113.69763963618426
72.27,4.823322200611896,19.077445400000002,72.87986810000001,113.69763963618426
72.28,4.816781456467214,19.0774456,72.8798684,113.69763963618426
72.29,4.8102410262625215,19.0774458,72.8798687,113.69763963618426
72.3,4.8037009212046575,19.077446000000002,72.879869,113.69763963618426
72.31,4.797161152499915,19.0774462,72.87986930000001,113.69763963618426
72.32000000000001,4.790621731353999,19.0774464,72.8798696,113.69763963618426
72.33,4.784082668972057,19.077446600000002,72.8798699,113.69763963618426
72.34,4.777543976558559,19.0774468,72.8798702,113.69763963618426
72.35000000000001,4.771005665317392,19.077447,72.87987050000001,113.69763963618426
72.36,4.7644677464517855,19.0774472,72.8798708,113.69763963618426
72.37,4.757930231164274,19.0774474,72.8798711,113.69763963618426
72.38,4.751393130656715,19.0774476,72.8798714,113.69763963618426
72.39,4.744856456130249,19.0774478,72.87987170000001,113.69763963618426
72.4,4.738320218785281,19.077448,72.879872,113.69763963618426
72.41,4.731784429821495,19.0774482,72.8798723,113.69763963618426
72.42,4.725249100437768,19.0774484,72.8798726,113.69763963618426
72.43,4.718714241832227,19.0774486,72.87987290000001,113.69763963618426
72.44,4.712179865202166,19.0774488,72.8798732,113.69763963618426
72.45,4.705645981744059,19.077449,72.8798735,113.69763963618426
72.46000000000001,4.699112602653531,19.0774492,72.8798738,113.69763963618426
72.47,4.692579739125366,19.0774494,72.87987410000001,113.69763963618426
72.48,4.686047402353427,19.0774496,72.8798744,113.69763963618426
72.49,4.679515603530726,19.0774498,72.8798747,113.69763963618426
72.5,4.672984353849285,19.07745,72.879875,113.69763963618426
72.51,4.6664536645002475,19.0774502,72.87987530000001,113.69763963618426
72.52,4.659923546673764,19.0774504,72.8798756,113.69763963618426
72.53,4.653394011559005,19.0774506,72.8798759,113.69763963618426
72.54,4.646865070344159,19.0774508,72.8798762,113.69763963618426
72.55,4.640336734216407,19.077451,72.87987650000001,113.69763963618426
72.56,4.633809014361839,19.077451200000002,72.8798768,113.69763963618426
72.57000000000001,4.627281921965553,19.0774514,72.8798771,113.69763963618426
72.58,4.6207554682115335,19.0774516,72.8798774,113.69763963618426
72.59,4.6142296642826715,19.077451800000002,72.87987770000001,113.69763963618426
72.60000000000001,4.607704521360766,19.077452,72.879878,113.69763963618426
72.61,4.601180050626487,19.0774522,72.8798783,113.69763963618426
72.62,4.594656263259303,19.077452400000002,72.8798786,113.69763963618426
72.63,4.588133170437579,19.0774526,72.87987890000001,113.69763963618426
72.64,4.581610783338424,19.0774528,72.8798792,113.69763963618426
72.65,4.575089113137796,19.077453000000002,72.8798795,113.69763963618426
72.66,4.56856817101039,19.0774532,72.8798798,113.69763963618426
72.67,4.5620479681296535,19.0774534,72.87988010000001,113.69763963618426
72.68,4.5555285156677865,19.077453600000002,72.8798804,113.69763963618426
72.69,4.54900982479571,19.0774538,72.8798807,113.69763963618426
72.7,4.542491906682987,19.077454,72.879881,113.69763963618426
72.71000000000001,4.53597477249792,19.077454200000002,72.87988130000001,113.69763963618426
72.72,4.529458433407433,19.0774544,72.8798816,113.69763963618426
72.73,4.5229429005770845,19.0774546,72.8798819,113.69763963618426
72.74,4.5164281851710895,19.0774548,72.8798822,113.69763963618426
72.75,4.509914298352201,19.077455,72.87988250000001,113.69763963618426
72.76,4.503401251281803,19.0774552,72.8798828,113.69763963618426
72.77,4.496889055119832,19.0774554,72.8798831,113.69763963618426
72.78,4.490377721024752,19.0774556,72.87988340000001,113.69763963618426
72.79,4.483867260153548,19.0774558,72.87988370000001,113.69763963618426
72.8,4.47735768366174,19.077456,72.879884,113.69763963618426
72.81,4.470849002703279,19.0774562,72.8798843,113.69763963618426
72.82000000000001,4.464341228430627,19.0774564,72.87988460000001,113.69763963618426
72.83,4.457834371994688,19.0774566,72.87988490000001,113.69763963618426
72.84,4.4513284445447745,19.0774568,72.8798852,113.69763963618426
72.85000000000001,4.4448234572286065,19.077457,72.8798855,113.69763963618426
72.86,4.438319421192328,19.0774572,72.87988580000001,113.69763963618426
72.87,4.431816347580394,19.0774574,72.87988610000001,113.69763963618426
72.88,4.425314247535669,19.0774576,72.8798864,113.69763963618426
72.89,4.418813132199308,19.0774578,72.8798867,113.69763963618426
72.9,4.41231301271081,19.077458,72.87988700000001,113.69763963618426
72.91,4.405813900207947,19.0774582,72.87988730000001,113.69763963618426
72.92,4.3993158058267685,19.0774584,72.8798876,113.69763963618426
72.93,4.392818740701574,19.0774586,72.8798879,113.69763963618426
72.94,4.386322715964935,19.077458800000002,72.87988820000001,113.69763963618426
72.95,4.379827742747576,19.077459,72.8798885,113.69763963618426
72.96000000000001,4.373333832178475,19.0774592,72.8798888,113.69763963618426
72.97,4.36684099538478,19.077459400000002,72.8798891,113.69763963618426
72.98,4.36034924349178,19.0774596,72.87988940000001,113.69763963618426
72.99,4.353858587622916,19.0774598,72.8798897,113.69763963618426
73.0,4.347369038899749,19.077460000000002,72.87989,113.69763963618426
73.01,4.340880608441935,19.0774602,72.8798903,113.69763963618426
73.02,4.334393307367241,19.0774604,72.87989060000001,113.69763963618426
73.03,4.327907146791463,19.077460600000002,72.8798909,113.69763963618426
73.04,4.321422137828478,19.0774608,72.8798912,113.69763963618426
73.05,4.314938291590162,19.077461,72.8798915,113.69763963618426
73.06,4.30845561918641,19.077461200000002,72.87989180000001,113.69763963618426
73.07000000000001,4.301974131725096,19.0774614,72.8798921,113.69763963618426
73.08,4.295493840312088,19.0774616,72.8798924,113.69763963618426
73.09,4.289014756051173,19.077461800000002,72.8798927,113.69763963618426
73.10000000000001,4.282536890044101,19.077462,72.87989300000001,113.69763963618426
73.11,4.276060253390511,19.0774622,72.8798933,113.69763963618426
73.12,4.269584857187945,19.0774624,72.8798936,113.69763963618426
73.13,4.263110712531815,19.0774626,72.8798939,113.69763963618426
73.14,4.256637830515385,19.0774628,72.87989420000001,113.69763963618426
73.15,4.250166222229768,19.077463,72.8798945,113.69763963618426
73.16,4.243695898763908,19.0774632,72.8798948,113.69763963618426
73.17,4.237226871204493,19.0774634,72.8798951,113.69763963618426
73.18,4.230759150636051,19.0774636,72.87989540000001,113.69763963618426
73.19,4.224292748140836,19.0774638,72.8798957,113.69763963618426
73.2,4.217827674798843,19.077464,72.879896,113.69763963618426
73.21000000000001,4.211363941687809,19.0774642,72.8798963,113.69763963618426
73.22,4.204901559883182,19.0774644,72.87989660000001,113.69763963618426
73.23,4.198440540458041,19.0774646,72.8798969,113.69763963618426
73.24,4.191980894483202,19.0774648,72.8798972,113.69763963618426
73.25,4.185522633027058,19.077465,72.8798975,113.69763963618426
73.26,4.17906576715569,19.0774652,72.87989780000001,113.69763963618426
73.27,4.172610307932752,19.0774654,72.8798981,113.69763963618426
73.28,4.16615626641949,19.0774656,72.8798984,113.69763963618426
73.29,4.159703653674735,19.0774658,72.8798987,113.69763963618426
73.3,4.153252480754882,19.077466,72.87989900000001,113.69763963618426
73.31,4.1468027587138065,19.0774662,72.8798993,113.69763963618426
73.32000000000001,4.140354498602955,19.077466400000002,72.8798996,113.69763963618426
73.33,4.133907711471237,19.0774666,72.8798999,113.69763963618426
73.34,4.127462408365039,19.0774668,72.87990020000001,113.69763963618426
73.35000000000001,4.12101860032822,19.077467000000002,72.8799005,113.69763963618426
73.36,4.1145762984020875,19.0774672,72.8799008,113.69763963618426
73.37,4.1081355136253155,19.0774674,72.8799011,113.69763963618426
73.38,4.101696257034037,19.077467600000002,72.87990140000001,113.69763963618426
73.39,4.095258539661738,19.0774678,72.8799017,113.69763963618426
73.4,4.088822372539259,19.077468,72.879902,113.69763963618426
73.41,4.082387766694826,19.077468200000002,72.8799023,113.69763963618426
73.42,4.0759547331539245,19.0774684,72.87990260000001,113.69763963618426
73.43,4.0695232829394,19.0774686,72.8799029,113.69763963618426
73.44,4.063093427071375,19.077468800000002,72.8799032,113.69763963618426
73.45,4.056665176567225,19.077469,72.8799035,113.69763963618426
73.46000000000001,4.050238542441572,19.0774692,72.87990380000001,113.69763963618426
73.47,4.043813535706305,19.077469400000002,72.8799041,113.69763963618426
73.48,4.037390167370463,19.0774696,72.8799044,113.69763963618426
73.49,4.030968448440339,19.0774698,72.8799047,113.69763963618426
73.5,4.024548389919355,19.07747,72.87990500000001,113.69763963618426
73.51,4.018130002808125,19.0774702,72.8799053,113.69763963618426
73.52,4.011713298104371,19.0774704,72.8799056,113.69763963618426
73.53,4.005298286802941,19.0774706,72.87990590000001,113.69763963618426
73.54,3.9988849798957746,19.0774708,72.87990620000001,113.69763963618426
73.55,3.992473388371924,19.077471,72.8799065,113.69763963618426
73.56,3.9860635232174406,19.0774712,72.8799068,113.69763963618426
73.57000000000001,3.979655395415472,19.0774714,72.87990710000001,113.69763963618426
73.58,3.9732490159461795,19.0774716,72.87990740000001,113.69763963618426
73.59,3.966844395786711,19.0774718,72.8799077,113.69763963618426
73.60000000000001,3.9604415459111997,19.077472,72.879908,113.69763963618426
73.61,3.9540404772907793,19.0774722,72.87990830000001,113.69763963618426
73.62,3.947641200893473,19.0774724,72.87990860000001,113.69763963618426
73.63,3.9412437276842915,19.0774726,72.8799089,113.69763963618426
73.64,3.9348480686251146,19.0774728,72.8799092,113.69763963618426
73.65,3.9284542346747466,19.077473,72.87990950000001,113.69763963618426
73.66,3.9220622367888387,19.0774732,72.87990980000001,113.69763963618426
73.67,3.9156720859199052,19.0774734,72.8799101,113.69763963618426
73.68,3.9092837930172863,19.0774736,72.8799104,113.69763963618426
73.69,3.9028973690271664,19.0774738,72.87991070000001,113.69763963618426
73.7,3.8965128248924903,19.077474000000002,72.879911,113.69763963618426
73.71000000000001,3.890130171553018,19.0774742,72.8799113,113.69763963618426
73.72,3.883749419945244,19.0774744,72.8799116,113.69763963618426
73.73,3.8773705810024115,19.077474600000002,72.87991190000001,113.69763963618426
73.74,3.8709936656544874,19.0774748,72.8799122,113.69763963618426
73.75,3.864618684828134,19.077475,72.8799125,113.69763963618426
73.76,3.8582456494467148,19.077475200000002,72.8799128,113.69763963618426
73.77,3.851874570430271,19.0774754,72.87991310000001,113.69763963618426
73.78,3.845505458695437,19.0774756,72.8799134,113.69763963618426
73.79,3.839138325155539,19.077475800000002,72.8799137,113.69763963618426
73.8,3.832773180720477,19.077476,72.879914,113.69763963618426
73.81,3.8264100362967444,19.0774762,72.87991430000001,113.69763963618426
73.82000000000001,3.820048902787425,19.077476400000002,72.8799146,113.69763963618426
73.83,3.8136897910921643,19.0774766,72.8799149,113.69763963618426
73.84,3.8073327121070926,19.0774768,72.8799152,113.69763963618426
73.85000000000001,3.800977676724917,19.077477000000002,72.87991550000001,113.69763963618426
73.86,3.794624695834808,19.0774772,72.8799158,113.69763963618426
73.87,3.7882737803224273,19.0774774,72.8799161,113.69763963618426
73.88,3.7819249410698945,19.0774776,72.8799164,113.69763963618426
73.89,3.7755781889557634,19.0774778,72.87991670000001,113.69763963618426
73.9,3.76923353485503,19.077478,72.879917,113.69763963618426
73.91,3.7628909896391027,19.0774782,72.8799173,113.69763963618426
73.92,3.7565505641757264,19.0774784,72.8799176,113.69763963618426
73.93,3.750212269329072,19.0774786,72.87991790000001,113.69763963618426
73.94,3.7438761159596274,19.0774788,72.8799182,113.69763963618426
73.95,3.737542114924209,19.077479,72.8799185,113.69763963618426
73.96000000000001,3.7312102770759648,19.0774792,72.8799188,113.69763963618426
73.97,3.724880613264343,19.0774794,72.87991910000001,113.69763963618426
73.98,3.718553134335015,19.0774796,72.8799194,113.69763963618426
73.99,3.71222785112997,19.0774798,72.8799197,113.69763963618426
74.0,3.7059047744874,19.07748,72.87992,113.69763963618426
74.01,3.699583915241714,19.0774802,72.87992030000001,113.69763963618426
74.02,3.6932652842235605,19.0774804,72.8799206,113.69763963618426
74.03,3.6869488922597053,19.0774806,72.8799209,113.69763963618426
74.04,3.680634750173132,19.0774808,72.8799212,113.69763963618426
74.05,3.6743228687829586,19.077481,72.87992150000001,113.69763963618426
74.06,3.668013258904414,19.0774812,72.8799218,113.69763963618426
74.07000000000001,3.661705931348834,19.0774814,72.8799221,113.69763963618426
74.08,3.6554008969236778,19.077481600000002,72.8799224,113.69763963618426
74.09,3.6490981664324162,19.0774818,72.87992270000001,113.69763963618426
74.10000000000001,3.6427977506746236,19.077482,72.879923,113.69763963618426
74.11,3.6364996604458977,19.077482200000002,72.8799233,113.69763963618426
74.12,3.630203906537837,19.0774824,72.8799236,113.69763963618426
74.13,3.6239104997380442,19.0774826,72.87992390000001,113.69763963618426
74.14,3.6176194508301007,19.077482800000002,72.8799242,113.69763963618426
74.15,3.611330770593537,19.077483,72.8799245,113.69763963618426
74.16,3.605044469803863,19.0774832,72.8799248,113.69763963618426
74.17,3.598760559232449,19.077483400000002,72.87992510000001,113.69763963618426
74.18,3.592479049646621,19.0774836,72.8799254,113.69763963618426
74.19,3.586199951809583,19.0774838,72.8799257,113.69763963618426
74.2,3.5799232764803897,19.077484000000002,72.879926,113.69763963618426
74.21000000000001,3.573649034413944,19.0774842,72.87992630000001,113.69763963618426
74.22,3.5673772363610157,19.0774844,72.8799266,113.69763963618426
74.23,3.561107893068125,19.077484600000002,72.8799269,113.69763963618426
74.24,3.554841015277646,19.0774848,72.8799272,113.69763963618426
74.25,3.548576613727686,19.077485,72.87992750000001,113.69763963618426
74.26,3.5423146991521435,19.0774852,72.8799278,113.69763963618426
74.27,3.53605528228063,19.0774854,72.8799281,113.69763963618426
74.28,3.529798373838486,19.0774856,72.87992840000001,113.69763963618426
74.29,3.5235439845467442,19.0774858,72.87992870000001,113.69763963618426
74.3,3.517292125122147,19.077486,72.879929,113.69763963618426
74.31,3.5110428062770693,19.0774862,72.8799293,113.69763963618426
74.32000000000001,3.504796038719565,19.0774864,72.87992960000001,113.69763963618426
74.33,3.4985518331532917,19.0774866,72.87992990000001,113.69763963618426
74.34,3.492310200277525,19.0774868,72.8799302,113.69763963618426
74.35000000000001,3.4860711507871245,19.077487,72.8799305,113.69763963618426
74.36,3.479834695372549,19.0774872,72.87993080000001,113.69763963618426
74.37,3.473600844719776,19.0774874,72.87993110000001,113.69763963618426
74.38,3.4673696095103668,19.0774876,72.8799314,113.69763963618426
74.39,3.461141000421337,19.0774878,72.8799317,113.69763963618426
74.4,3.454915028125265,19.077488,72.87993200000001,113.69763963618426
74.41,3.4486917032901756,19.0774882,72.87993230000001,113.69763963618426
74.42,3.4424710365795574,19.0774884,72.8799326,113.69763963618426
74.43,3.4362530386523633,19.0774886,72.8799329,113.69763963618426
74.44,3.4300377201629786,19.0774888,72.87993320000001,113.69763963618426
74.45,3.423825091761149,19.077489,72.8799335,113.69763963618426
74.46000000000001,3.4176151640920693,19.077489200000002,72.8799338,113.69763963618426
74.47,3.4114079477962727,19.0774894,72.8799341,113.69763963618426
74.48,3.4052034535096554,19.0774896,72.87993440000001,113.69763963618426
74.49,3.399001691863448,19.077489800000002,72.8799347,113.69763963618426
74.5,3.3928026734841934,19.07749,72.879935,113.69763963618426
74.51,3.386606408993748,19.0774902,72.8799353,113.69763963618426
74.52,3.3804129090092596,19.077490400000002,72.87993560000001,113.69763963618426
74.53,3.374222184143087,19.0774906,72.8799359,113.69763963618426
74.54,3.368034245002894,19.0774908,72.8799362,113.69763963618426
74.55,3.3618491021915373,19.077491000000002,72.8799365,113.69763963618426
74.56,3.3556667663070834,19.0774912,72.87993680000001,113.69763963618426
74.57000000000001,3.349487247942803,19.0774914,72.8799371,113.69763963618426
74.58,3.3433105576871496,19.077491600000002,72.8799374,113.69763963618426
74.59,3.33713670612368,19.0774918,72.8799377,113.69763963618426
74.60000000000001,3.330965703831146,19.077492,72.87993800000001,113.69763963618426
74.61,3.324797561383384,19.077492200000002,72.8799383,113.69763963618426
74.62,3.318632289349328,19.0774924,72.8799386,113.69763963618426
74.63,3.3124698982930303,19.0774926,72.8799389,113.69763963618426
74.64,3.3063103987735456,19.0774928,72.87993920000001,113.69763963618426
74.65,3.3001538013450253,19.077493,72.8799395,113.69763963618426
74.66,3.2940001165566404,19.0774932,72.8799398,113.69763963618426
74.67,3.2878493549525523,19.0774934,72.8799401,113.69763963618426
74.68,3.281701527071915,19.0774936,72.87994040000001,113.69763963618426
74.69,3.2755566434488914,19.0774938,72.8799407,113.69763963618426
74.7,3.2694147146125356,19.077494,72.879941,113.69763963618426
74.71000000000001,3.263275751086894,19.0774942,72.8799413,113.69763963618426
74.72,3.2571397633909216,19.0774944,72.87994160000001,113.69763963618426
74.73,3.2510067620384566,19.0774946,72.8799419,113.69763963618426
74.74,3.24487675753823,19.0774948,72.8799422,113.69763963618426
74.75,3.2387497603938376,19.077495,72.8799425,113.69763963618426
74.76,3.232625781103713,19.0774952,72.87994280000001,113.69763963618426
74.77,3.2265048301611543,19.0774954,72.8799431,113.69763963618426
74.78,3.22038691805421,19.0774956,72.8799434,113.69763963618426
74.79,3.2142720552657718,19.0774958,72.8799437,113.69763963618426
74.8,3.2081602522734984,19.077496,72.87994400000001,113.69763963618426
74.81,3.2020515195497916,19.0774962,72.8799443,113.69763963618426
74.82000000000001,3.195945867561788,19.0774964,72.8799446,113.69763963618426
74.83,3.1898433067713814,19.0774966,72.8799449,113.69763963618426
74.84,3.18374384763511,19.077496800000002,72.87994520000001,113.69763963618426
74.85000000000001,3.177647500604248,19.077497,72.8799455,113.69763963618426
74.86,3.171554276124727,19.0774972,72.8799458,113.69763963618426
74.87,3.1654641846371137,19.077497400000002,72.8799461,113.69763963618426
74.88,3.1593772365766135,19.0774976,72.87994640000001,113.69763963618426
74.89,3.1532934423730463,19.0774978,72.8799467,113.69763963618426
74.9,3.147212812450819,19.077498000000002,72.879947,113.69763963618426
74.91,3.1411353572289418,19.0774982,72.8799473,113.69763963618426
74.92,3.135061087120952,19.0774984,72.87994760000001,113.69763963618426
74.93,3.1289900125349623,19.077498600000002,72.8799479,113.69763963618426
74.94,3.122922143873587,19.0774988,72.8799482,113.69763963618426
74.95,3.11685749153395,19.077499,72.8799485,113.69763963618426
74.96000000000001,3.110796065907663,19.077499200000002,72.87994880000001,113.69763963618426
74.97,3.1047378773808276,19.0774994,72.8799491,113.69763963618426
74.98,3.09868293633397,19.0774996,72.8799494,113.69763963618426
74.99,3.0926312531420908,19.077499800000002,72.8799497,113.69763963618426
75.0,3.086582838174551,19.0775,72.87995000000001,113.69763963618426
75.01,3.0805377017951696,19.0775002,72.8799503,113.69763963618426
75.02,3.074495854362115,19.0775004,72.8799506,113.69763963618426
75.03,3.0684573062279186,19.0775006,72.87995090000001,113.69763963618426
75.04,3.0624220677394782,19.0775008,72.87995120000001,113.69763963618426
75.05,3.056390149238026,19.077501,72.8799515,113.69763963618426
75.06,3.050361561059056,19.0775012,72.8799518,113.69763963618426
75.07000000000001,3.0443363135324164,19.0775014,72.87995210000001,113.69763963618426
75.08,3.038314416982195,19.0775016,72.87995240000001,113.69763963618426
75.09,3.032295881726748,19.0775018,72.8799527,113.69763963618426
75.10000000000001,3.026280718078655,19.077502,72.879953,113.69763963618426
75.11,3.0202689363447757,19.0775022,72.87995330000001,113.69763963618426
75.12,3.014260546826093,19.0775024,72.87995360000001,113.69763963618426
75.13,3.0082555598178518,19.0775026,72.8799539,113.69763963618426
75.14,3.002253985609401,19.0775028,72.8799542,113.69763963618426
75.15,2.996255834484298,19.077503,72.87995450000001,113.69763963618426
75.16,2.990261116720205,19.0775032,72.87995480000001,113.69763963618426
75.17,2.9842698425888976,19.0775034,72.8799551,113.69763963618426
75.18,2.978282022356269,19.0775036,72.8799554,113.69763963618426
75.19,2.9722976662823033,19.0775038,72.87995570000001,113.69763963618426
75.2,2.9663167846209983,19.077504,72.879956,113.69763963618426
75.21000000000001,2.960339387620455,19.0775042,72.8799563,113.69763963618426
75.22,2.9543654855227746,19.077504400000002,72.8799566,113.69763963618426
75.23,2.948395088564065,19.0775046,72.87995690000001,113.69763963618426
75.24,2.9424282069744647,19.0775048,72.8799572,113.69763963618426
75.25,2.936464850978029,19.077505000000002,72.8799575,113.69763963618426
75.26,2.9305050307928227,19.0775052,72.8799578,113.69763963618426
75.27,2.924548756630844,19.0775054,72.87995810000001,113.69763963618426
75.28,2.918596038697996,19.077505600000002,72.8799584,113.69763963618426
75.29,2.9126468871940925,19.0775058,72.8799587,113.69763963618426
75.3,2.906701312312866,19.077506,72.879959,113.69763963618426
75.31,2.9007593242418652,19.077506200000002,72.87995930000001,113.69763963618426
75.32000000000001,2.8948209331625407,19.0775064,72.8799596,113.69763963618426
75.33,2.8888861492501707,19.0775066,72.8799599,113.69763963618426
75.34,2.882954982673839,19.077506800000002,72.8799602,113.69763963618426
75.35000000000001,2.877027443596429,19.077507,72.87996050000001,113.69763963618426
75.36,2.871103542174642,19.0775072,72.8799608,113.69763963618426
75.37,2.865183288558889,19.077507400000002,72.8799611,113.69763963618426
75.38,2.859266692893395,19.0775076,72.8799614,113.69763963618426
75.39,2.8533537653160543,19.0775078,72.87996170000001,113.69763963618426
75.4,2.8474445159585224,19.077508,72.879962,113.69763963618426
75.41,2.8415389549461456,19.0775082,72.8799623,113.69763963618426
75.42,2.8356370923979335,19.0775084,72.8799626,113.69763963618426
75.43,2.829738938426558,19.0775086,72.87996290000001,113.69763963618426
75.44,2.8238445031383703,19.0775088,72.8799632,113.69763963618426
75.45,2.817953796633292,19.077509,72.8799635,113.69763963618426
75.46000000000001,2.812066829004904,19.0775092,72.8799638,113.69763963618426
75.47,2.806183610340373,19.0775094,72.87996410000001,113.69763963618426
75.48,2.8003041507204256,19.0775096,72.8799644,113.69763963618426
75.49,2.794428460219356,19.0775098,72.8799647,113.69763963618426
75.5,2.7885565489049995,19.07751,72.879965,113.69763963618426
75.51,2.7826884268387087,19.0775102,72.87996530000001,113.69763963618426
75.52,2.7768241040753656,19.0775104,72.8799656,113.69763963618426
75.53,2.770963590663312,19.0775106,72.8799659,113.69763963618426
75.54,2.7651068966443937,19.0775108,72.8799662,113.69763963618426
75.55,2.7592540320538896,19.077511,72.87996650000001,113.69763963618426
75.56,2.7534050069205214,19.0775112,72.8799668,113.69763963618426
75.57000000000001,2.747559831266427,19.0775114,72.8799671,113.69763963618426
75.58,2.7417185151071735,19.0775116,72.8799674,113.69763963618426
75.59,2.7358810684516777,19.0775118,72.87996770000001,113.69763963618426
75.60000000000001,2.730047501302264,19.077512000000002,72.879968,113.69763963618426
75.61,2.7242178236545813,19.0775122,72.8799683,113.69763963618426
75.62,2.718392045497623,19.0775124,72.8799686,113.69763963618426
75.63,2.7125701768137023,19.077512600000002,72.87996890000001,113.69763963618426
75.64,2.7067522275784244,19.0775128,72.8799692,113.69763963618426
75.65,2.7009382077606943,19.077513,72.8799695,113.69763963618426
75.66,2.6951281273226924,19.077513200000002,72.8799698,113.69763963618426
75.67,2.6893219962198014,19.0775134,72.87997010000001,113.69763963618426
75.68,2.683519824400692,19.0775136,72.8799704,113.69763963618426
75.69,2.6777216218072204,19.077513800000002,72.8799707,113.69763963618426
75.7,2.6719273983744407,19.077514,72.879971,113.69763963618426
75.71000000000001,2.666137164030604,19.0775142,72.87997130000001,113.69763963618426
75.72,2.660350928697135,19.077514400000002,72.8799716,113.69763963618426
75.73,2.6545687022885596,19.0775146,72.8799719,113.69763963618426
75.74,2.6487904947125958,19.0775148,72.8799722,113.69763963618426
75.75,2.6430163158700126,19.077515000000002,72.87997250000001,113.69763963618426
75.76,2.6372461756547336,19.0775152,72.8799728,113.69763963618426
75.77,2.6314800839537273,19.0775154,72.8799731,113.69763963618426
75.78,2.6257180506470275,19.0775156,72.87997340000001,113.69763963618426
75.79,2.6199600856077288,19.0775158,72.87997370000001,113.69763963618426
75.8,2.6142061987019627,19.077516,72.879974,113.69763963618426
75.81,2.6084563997888273,19.0775162,72.8799743,113.69763963618426
75.82000000000001,2.6027106987204682,19.0775164,72.87997460000001,113.69763963618426
75.83,2.596969105341982,19.0775166,72.87997490000001,113.69763963618426
75.84,2.591231629491422,19.0775168,72.8799752,113.69763963618426
75.85000000000001,2.585498280999806,19.077517,72.8799755,113.69763963618426
75.86,2.579769069691087,19.0775172,72.87997580000001,113.69763963618426
75.87,2.5740440053820786,19.0775174,72.87997610000001,113.69763963618426
75.88,2.5683230978825478,19.0775176,72.8799764,113.69763963618426
75.89,2.5626063569951048,19.0775178,72.8799767,113.69763963618426
75.9,2.5568937925152224,19.077518,72.87997700000001,113.69763963618426
75.91,2.551185414231246,19.0775182,72.87997730000001,113.69763963618426
75.92,2.545481231924297,19.0775184,72.8799776,113.69763963618426
75.93,2.539781255368351,19.0775186,72.8799779,113.69763963618426
75.94,2.53408549433017,19.0775188,72.87997820000001,113.69763963618426
75.95,2.528393958569277,19.077519,72.8799785,113.69763963618426
75.96000000000001,2.5227066578379578,19.0775192,72.8799788,113.69763963618426
75.97,2.5170236018812675,19.0775194,72.8799791,113.69763963618426
75.98,2.5113448004369388,19.077519600000002,72.87997940000001,113.69763963618426
75.99,2.5056702632354733,19.0775198,72.8799797,113.69763963618426
76.0,2.5000000000000044,19.07752,72.87998,113.69763963618426
76.01,2.4943340204463897,19.077520200000002,72.8799803,113.69763963618426
76.02,2.4886723342831383,19.0775204,72.87998060000001,113.69763963618426
76.03,2.483014951211388,19.0775206,72.8799809,113.69763963618426
76.04,2.4773618809249016,19.077520800000002,72.8799812,113.69763963618426
76.05,2.471713133110085,19.077521,72.8799815,113.69763963618426
76.06,2.466068717445882,19.0775212,72.87998180000001,113.69763963618426
76.07000000000001,2.460428643603861,19.077521400000002,72.8799821,113.69763963618426
76.08,2.454792921248143,19.0775216,72.8799824,113.69763963618426
76.09,2.4491615600353756,19.0775218,72.8799827,113.69763963618426
76.10000000000001,2.443534569614736,19.077522000000002,72.87998300000001,113.69763963618426
76.11,2.4379119596279413,19.0775222,72.8799833,113.69763963618426
76.12,2.4322937397091504,19.0775224,72.8799836,113.69763963618426
76.13,2.4266799194850526,19.0775226,72.8799839,113.69763963618426
76.14,2.4210705085747604,19.0775228,72.87998420000001,113.69763963618426
76.15,2.4154655165898617,19.077523,72.8799845,113.69763963618426
76.16,2.4098649531343512,19.0775232,72.8799848,113.69763963618426
76.17,2.40426882780464,19.0775234,72.8799851,113.69763963618426
76.18,2.3986771501895294,19.0775236,72.87998540000001,113.69763963618426
76.19,2.393089929870222,19.0775238,72.8799857,113.69763963618426
76.2,2.3875071764202516,19.077524,72.879986,113.69763963618426
76.21000000000001,2.38192889940553,19.0775242,72.8799863,113.69763963618426
76.22,2.376355108384275,19.0775244,72.87998660000001,113.69763963618426
76.23,2.3707858129070254,19.0775246,72.8799869,113.69763963618426
76.24,2.365221022516617,19.0775248,72.8799872,113.69763963618426
76.25,2.3596607467481596,19.077525,72.8799875,113.69763963618426
76.26,2.354104995129041,19.0775252,72.87998780000001,113.69763963618426
76.27,2.348553777178906,19.0775254,72.8799881,113.69763963618426
76.28,2.3430071024095844,19.0775256,72.8799884,113.69763963618426
76.29,2.337464980325175,19.0775258,72.8799887,113.69763963618426
76.3,2.3319274204219456,19.077526,72.87998900000001,113.69763963618426
76.31,2.326394432188346,19.0775262,72.8799893,113.69763963618426
76.32000000000001,2.3208660251050093,19.0775264,72.8799896,113.69763963618426
76.33,2.315342208644725,19.0775266,72.8799899,113.69763963618426
76.34,2.3098229922723714,19.0775268,72.87999020000001,113.69763963618426
76.35000000000001,2.304308385444998,19.077527,72.8799905,113.69763963618426
76.36,2.2987983976117263,19.077527200000002,72.8799908,113.69763963618426
76.37,2.29329303821377,19.0775274,72.8799911,113.69763963618426
76.38,2.287792316684412,19.0775276,72.87999140000001,113.69763963618426
76.39,2.282296242448982,19.077527800000002,72.8799917,113.69763963618426
76.4,2.2768048249248602,19.077528,72.879992,113.69763963618426
76.41,2.2713180735214555,19.0775282,72.8799923,113.69763963618426
76.42,2.265835997640138,19.077528400000002,72.87999260000001,113.69763963618426
76.43,2.260358606674317,19.0775286,72.8799929,113.69763963618426
76.44,2.2548859100093455,19.0775288,72.8799932,113.69763963618426
76.45,2.249417917022533,19.077529000000002,72.8799935,113.69763963618426
76.46000000000001,2.2439546370831422,19.0775292,72.87999380000001,113.69763963618426
76.47,2.2384960795523705,19.0775294,72.8799941,113.69763963618426
76.48,2.2330422537832777,19.077529600000002,72.8799944,113.69763963618426
76.49,2.2275931691208677,19.0775298,72.8799947,113.69763963618426
76.5,2.2221488349019913,19.07753,72.87999500000001,113.69763963618426
76.51,2.2167092604553593,19.0775302,72.8799953,113.69763963618426
76.52,2.211274455101556,19.0775304,72.8799956,113.69763963618426
76.53,2.2058444281529432,19.0775306,72.8799959,113.69763963618426
76.54,2.2004191889137386,19.0775308,72.87999620000001,113.69763963618426
76.55,2.194998746679949,19.077531,72.8799965,113.69763963618426
76.56,2.1895831107393477,19.0775312,72.8799968,113.69763963618426
76.57000000000001,2.184172290371471,19.0775314,72.87999710000001,113.69763963618426
76.58,2.1787662948476347,19.0775316,72.87999740000001,113.69763963618426
76.59,2.1733651334308357,19.0775318,72.8799977,113.69763963618426
76.60000000000001,2.167968815375831,19.077532,72.879998,113.69763963618426
76.61,2.1625773499290712,19.0775322,72.87999830000001,113.69763963618426
76.62,2.1571907463286792,19.0775324,72.87999860000001,113.69763963618426
76.63,2.151809013804453,19.0775326,72.8799989,113.69763963618426
76.64,2.146432161577845,19.0775328,72.8799992,113.69763963618426
76.65,2.141060198861937,19.077533,72.87999950000001,113.69763963618426
76.66,2.1356931348614627,19.0775332,72.87999980000001,113.69763963618426
76.67,2.1303309787727107,19.0775334,72.8800001,113.69763963618426
76.68,2.124973739783605,19.0775336,72.8800004,113.69763963618426
76.69,2.119621427073634,19.0775338,72.88000070000001,113.69763963618426
76.7,2.1142740498138335,19.077534,72.88000100000001,113.69763963618426
76.71000000000001,2.108931617166782,19.0775342,72.8800013,113.69763963618426
76.72,2.1035941382866117,19.0775344,72.8800016,113.69763963618426
76.73,2.0982616223189208,19.0775346,72.88000190000001,113.69763963618426
76.74,2.0929340784008503,19.077534800000002,72.8800022,113.69763963618426
76.75,2.0876115156609876,19.077535,72.8800025,113.69763963618426
76.76,2.0822939432194127,19.0775352,72.8800028,113.69763963618426
76.77,2.0769813701876343,19.077535400000002,72.88000310000001,113.69763963618426
76.78,2.0716738056686013,19.0775356,72.8800034,113.69763963618426
76.79,2.066371258756674,19.0775358,72.8800037,113.69763963618426
76.8,2.061073738537636,19.077536000000002,72.880004,113.69763963618426
76.81,2.0557812540886293,19.0775362,72.88000430000001,113.69763963618426
76.82000000000001,2.0504938144781963,19.0775364,72.8800046,113.69763963618426
76.83,2.0452114287662138,19.077536600000002,72.8800049,113.69763963618426
76.84,2.039934106003906,19.0775368,72.8800052,113.69763963618426
76.85000000000001,2.0346618552338125,19.077537,72.88000550000001,113.69763963618426
76.86,2.029394685489807,19.077537200000002,72.8800058,113.69763963618426
76.87,2.0241326057970275,19.0775374,72.8800061,113.69763963618426
76.88,2.0188756251719253,19.0775376,72.8800064,113.69763963618426
76.89,2.013623752622164,19.0775378,72.88000670000001,113.69763963618426
76.9,2.008376997146706,19.077538,72.880007,113.69763963618426
76.91,2.003135367735717,19.0775382,72.8800073,113.69763963618426
76.92,1.9978988733705783,19.0775384,72.8800076,113.69763963618426
76.93,1.9926675230238877,19.0775386,72.88000790000001,113.69763963618426
76.94,1.9874413256594354,19.0775388,72.8800082,113.69763963618426
76.95,1.9822202902321406,19.077539,72.8800085,113.69763963618426
76.96000000000001,1.9770044256881252,19.0775392,72.8800088,113.69763963618426
76.97,1.9717937409646247,19.0775394,72.88000910000001,113.69763963618426
76.98,1.9665882449900052,19.0775396,72.8800094,113.69763963618426
76.99,1.9613879466837425,19.0775398,72.8800097,113.69763963618426
77.0,1.9561928549563978,19.07754,72.88001,113.69763963618426
77.01,1.9510029787096272,19.0775402,72.88001030000001,113.69763963618426
77.02,1.9458183268361555,19.0775404,72.8800106,113.69763963618426
77.03,1.9406389082197157,19.0775406,72.8800109,113.69763963618426
77.04,1.9354647317351197,19.0775408,72.8800112,113.69763963618426
77.05,1.9302958062481719,19.077541,72.88001150000001,113.69763963618426
77.06,1.9251321406156778,19.0775412,72.8800118,113.69763963618426
77.07000000000001,1.9199737436854454,19.0775414,72.8800121,113.69763963618426
77.08,1.9148206242962602,19.0775416,72.8800124,113.69763963618426
77.09,1.9096727912778244,19.0775418,72.88001270000001,113.69763963618426
77.10000000000001,1.9045302534508308,19.077542,72.880013,113.69763963618426
77.11,1.8993930196268705,19.0775422,72.8800133,113.69763963618426
77.12,1.8942610986084463,19.077542400000002,72.8800136,113.69763963618426
77.13,1.8891344991889858,19.0775426,72.88001390000001,113.69763963618426
77.14,1.8840132301527506,19.0775428,72.8800142,113.69763963618426
77.15,1.8788973002749088,19.077543000000002,72.8800145,113.69763963618426
77.16,1.873786718321473,19.0775432,72.8800148,113.69763963618426
77.17,1.8686814930492806,19.0775434,72.88001510000001,113.69763963618426
77.18,1.8635816332059885,19.077543600000002,72.8800154,113.69763963618426
77.19,1.8584871475300875,19.0775438,72.8800157,113.69763963618426
77.2,1.8533980447508132,19.077544,72.880016,113.69763963618426
77.21000000000001,1.848314333588218,19.077544200000002,72.88001630000001,113.69763963618426
77.22,1.8432360227531093,19.0775444,72.8800166,113.69763963618426
77.23,1.8381631209470273,19.0775446,72.8800169,113.69763963618426
77.24,1.8330956368622509,19.077544800000002,72.8800172,113.69763963618426
77.25,1.828033579181776,19.077545,72.88001750000001,113.69763963618426
77.26,1.8229769565792941,19.0775452,72.8800178,113.69763963618426
77.27,1.8179257777192104,19.0775454,72.8800181,113.69763963618426
77.28,1.812880051256554,19.0775456,72.8800184,113.69763963618426
77.29,1.807839785837055,19.0775458,72.88001870000001,113.69763963618426
77.3,1.802804990097076,19.077546,72.880019,113.69763963618426
77.31,1.797775672663597,19.0775462,72.8800193,113.69763963618426
77.32000000000001,1.7927518421542081,19.0775464,72.88001960000001,113.69763963618426
77.33,1.7877335071771272,19.0775466,72.88001990000001,113.69763963618426
77.34,1.7827206763311065,19.0775468,72.8800202,113.69763963618426
77.35000000000001,1.7777133582055094,19.077547,72.8800205,113.69763963618426
77.36,1.7727115613802458,19.0775472,72.88002080000001,113.69763963618426
77.37,1.7677152944257513,19.0775474,72.88002110000001,113.69763963618426
77.38,1.7627245659029922,19.0775476,72.8800214,113.69763963618426
77.39,1.757739384363447,19.0775478,72.8800217,113.69763963618426
77.4,1.7527597583490817,19.077548,72.88002200000001,113.69763963618426
77.41,1.7477856963923621,19.0775482,72.88002230000001,113.69763963618426
77.42,1.7428172070161951,19.0775484,72.8800226,113.69763963618426
77.43,1.7378542987339651,19.0775486,72.8800229,113.69763963618426
77.44,1.7328969800494738,19.0775488,72.88002320000001,113.69763963618426
77.45,1.727945259456951,19.077549,72.88002350000001,113.69763963618426
77.46000000000001,1.7229991454410287,19.0775492,72.8800238,113.69763963618426
77.47,1.7180586464767518,19.0775494,72.8800241,113.69763963618426
77.48,1.7131237710295166,19.0775496,72.88002440000001,113.69763963618426
77.49,1.7081945275551185,19.0775498,72.8800247,113.69763963618426
77.5,1.7032709244996553,19.077550000000002,72.880025,113.69763963618426
77.51,1.6983529702996059,19.0775502,72.8800253,113.69763963618426
77.52,1.6934406733817442,19.0775504,72.88002560000001,113.69763963618426
77.53,1.6885340421631505,19.077550600000002,72.8800259,113.69763963618426
77.54,1.6836330850512105,19.0775508,72.8800262,113.69763963618426
77.55,1.678737810443594,19.077551,72.8800265,113.69763963618426
77.56,1.673848226728194,19.077551200000002,72.88002680000001,113.69763963618426
77.57000000000001,1.6689643422831986,19.0775514,72.8800271,113.69763963618426
77.58,1.6640861654770034,19.0775516,72.8800274,113.69763963618426
77.59,1.6592137046682331,19.077551800000002,72.8800277,113.69763963618426
77.60000000000001,1.6543469682057084,19.077552,72.88002800000001,113.69763963618426
77.61,1.6494859644284632,19.0775522,72.8800283,113.69763963618426
77.62,1.6446307016656818,19.077552400000002,72.8800286,113.69763963618426
77.63,1.6397811882367441,19.0775526,72.8800289,113.69763963618426
77.64,1.6349374324511339,19.0775528,72.88002920000001,113.69763963618426
77.65,1.630099442608513,19.077553,72.8800295,113.69763963618426
77.66,1.6252672269986395,19.0775532,72.8800298,113.69763963618426
77.67,1.6204407939013765,19.0775534,72.8800301,113.69763963618426
77.68,1.6156201515866915,19.0775536,72.88003040000001,113.69763963618426
77.69,1.6108053083146374,19.0775538,72.8800307,113.69763963618426
77.7,1.6059962723352905,19.077554,72.880031,113.69763963618426
77.71000000000001,1.6011930518888224,19.0775542,72.8800313,113.69763963618426
77.72,1.5963956552054137,19.0775544,72.88003160000001,113.69763963618426
77.73,1.591604090505267,19.0775546,72.8800319,113.69763963618426
77.74,1.5868183659986168,19.0775548,72.8800322,113.69763963618426
77.75,1.582038489885646,19.077555,72.8800325,113.69763963618426
77.76,1.5772644703565541,19.0775552,72.88003280000001,113.69763963618426
77.77,1.572496315591501,19.0775554,72.8800331,113.69763963618426
77.78,1.5677340337605827,19.0775556,72.8800334,113.69763963618426
77.79,1.5629776330238339,19.0775558,72.8800337,113.69763963618426
77.8,1.5582271215312353,19.077556,72.88003400000001,113.69763963618426
77.81,1.5534825074226344,19.0775562,72.8800343,113.69763963618426
77.82000000000001,1.54874379882781,19.0775564,72.8800346,113.69763963618426
77.83,1.5440110038664179,19.0775566,72.8800349,113.69763963618426
77.84,1.539284130647966,19.0775568,72.88003520000001,113.69763963618426
77.85000000000001,1.5345631872718162,19.077557,72.8800355,113.69763963618426
77.86,1.5298481818271958,19.0775572,72.8800358,113.69763963618426
77.87,1.5251391223931121,19.0775574,72.8800361,113.69763963618426
77.88,1.5204360170384357,19.077557600000002,72.88003640000001,113.69763963618426
77.89,1.5157388738217847,19.0775578,72.8800367,113.69763963618426
77.9,1.511047700791598,19.077558,72.880037,113.69763963618426
77.91,1.506362505986079,19.077558200000002,72.8800373,113.69763963618426
77.92,1.501683297433175,19.0775584,72.88003760000001,113.69763963618426
77.93,1.4970100831505766,19.0775586,72.8800379,113.69763963618426
77.94,1.4923428711457276,19.077558800000002,72.8800382,113.69763963618426
77.95,1.487681669415743,19.077559,72.8800385,113.69763963618426
77.96000000000001,1.4830264859474773,19.0775592,72.88003880000001,113.69763963618426
77.97,1.4783773287174684,19.077559400000002,72.8800391,113.69763963618426
77.98,1.4737342056919123,19.0775596,72.8800394,113.69763963618426
77.99,1.4690971248266749,19.0775598,72.8800397,113.69763963618426
78.0,1.4644660940672671,19.077560000000002,72.88004000000001,113.69763963618426
78.01,1.4598411213488283,19.0775602,72.8800403,113.69763963618426
78.02,1.4552222145961347,19.0775604,72.8800406,113.69763963618426
78.03,1.4506093817235461,19.0775606,72.8800409,113.69763963618426
78.04,1.446002630635037,19.0775608,72.88004120000001,113.69763963618426
78.05,1.4414019692241442,19.077561,72.8800415,113.69763963618426
78.06,1.436807405373976,19.0775612,72.8800418,113.69763963618426
78.07000000000001,1.4322189469571855,19.0775614,72.88004210000001,113.69763963618426
78.08,1.4276366018359838,19.0775616,72.88004240000001,113.69763963618426
78.09,1.4230603778620816,19.0775618,72.8800427,113.69763963618426
78.10000000000001,1.4184902828767265,19.077562,72.880043,113.69763963618426
78.11,1.413926324710646,19.0775622,72.88004330000001,113.69763963618426
78.12,1.4093685111840575,19.0775624,72.88004360000001,113.69763963618426
78.13,1.4048168501066505,19.0775626,72.8800439,113.69763963618426
78.14,1.4002713492775654,19.0775628,72.8800442,113.69763963618426
78.15,1.3957320164854008,19.077563,72.88004450000001,113.69763963618426
78.16,1.3911988595081919,19.0775632,72.88004480000001,113.69763963618426
78.17,1.386671886113355,19.0775634,72.8800451,113.69763963618426
78.18,1.3821511040577539,19.0775636,72.8800454,113.69763963618426
78.19,1.3776365210876191,19.0775638,72.88004570000001,113.69763963618426
78.2,1.3731281449385657,19.077564,72.88004600000001,113.69763963618426
78.21000000000001,1.3686259833355674,19.0775642,72.8800463,113.69763963618426
78.22,1.3641300439929678,19.0775644,72.8800466,113.69763963618426
78.23,1.359640334614423,19.0775646,72.88004690000001,113.69763963618426
78.24,1.3551568628929473,19.0775648,72.8800472,113.69763963618426
78.25,1.3506796365108227,19.077565,72.8800475,113.69763963618426
78.26,1.346208663139672,19.077565200000002,72.8800478,113.69763963618426
78.27,1.3417439504403805,19.0775654,72.88004810000001,113.69763963618426
78.28,1.3372855060631061,19.0775656,72.8800484,113.69763963618426
78.29,1.3328333376472778,19.077565800000002,72.8800487,113.69763963618426
78.3,1.328387452821576,19.077566,72.880049,113.69763963618426
78.31,1.3239478592038796,19.0775662,72.88004930000001,113.69763963618426
78.32000000000001,1.3195145644013295,19.077566400000002,72.8800496,113.69763963618426
78.33,1.3150875760102494,19.0775666,72.8800499,113.69763963618426
78.34,1.3106669016161565,19.0775668,72.8800502,113.69763963618426
78.35000000000001,1.306252548793763,19.077567000000002,72.88005050000001,113.69763963618426
78.36,1.301844525106954,19.0775672,72.8800508,113.69763963618426
78.37,1.2974428381087328,19.0775674,72.8800511,113.69763963618426
78.38,1.293047495341289,19.077567600000002,72.8800514,113.69763963618426
78.39,1.2886585043359167,19.0775678,72.88005170000001,113.69763963618426
78.4,1.284275872613026,19.077568,72.880052,113.69763963618426
78.41,1.2798996076821552,19.0775682,72.8800523,113.69763963618426
78.42,1.2755297170418904,19.0775684,72.8800526,113.69763963618426
78.43,1.2711662081799329,19.0775686,72.88005290000001,113.69763963618426
78.44,1.2668090885730416,19.0775688,72.8800532,113.69763963618426
78.45,1.2624583656870163,19.077569,72.8800535,113.69763963618426
78.46000000000001,1.258114046976696,19.0775692,72.8800538,113.69763963618426
78.47,1.253776139885971,19.0775694,72.88005410000001,113.69763963618426
78.48,1.249444651847702,19.0775696,72.8800544,113.69763963618426
78.49,1.2451195902837997,19.0775698,72.8800547,113.69763963618426
78.5,1.2408009626051157,19.07757,72.880055,113.69763963618426
78.51,1.2364887762115133,19.0775702,72.88005530000001,113.69763963618426
78.52,1.2321830384918115,19.0775704,72.8800556,113.69763963618426
78.53,1.2278837568237684,19.0775706,72.8800559,113.69763963618426
78.54,1.22359093857408,19.0775708,72.8800562,113.69763963618426
78.55,1.2193045910983917,19.077571,72.88005650000001,113.69763963618426
78.56,1.2150247217412198,19.0775712,72.8800568,113.69763963618426
78.57000000000001,1.2107513378360146,19.0775714,72.8800571,113.69763963618426
78.58,1.206484446705109,19.0775716,72.8800574,113.69763963618426
78.59,1.2022240556596986,19.0775718,72.88005770000001,113.69763963618426
78.60000000000001,1.1979701719998426,19.077572,72.880058,113.69763963618426
78.61,1.1937228030144709,19.0775722,72.8800583,113.69763963618426
78.62,1.1894819559813112,19.0775724,72.8800586,113.69763963618426
78.63,1.1852476381669579,19.0775726,72.88005890000001,113.69763963618426
78.64,1.1810198568267871,19.077572800000002,72.8800592,113.69763963618426
78.65,1.1767986192049977,19.077573,72.8800595,113.69763963618426
78.66,1.1725839325345606,19.0775732,72.8800598,113.69763963618426
78.67,1.1683758040372254,19.077573400000002,72.88006010000001,113.69763963618426
78.68,1.1641742409235012,19.0775736,72.8800604,113.69763963618426
78.69,1.159979250392662,19.0775738,72.8800607,113.69763963618426
78.7,1.1557908396326995,19.077574000000002,72.880061,113.69763963618426
78.71000000000001,1.1516090158203514,19.0775742,72.88006130000001,113.69763963618426
78.72,1.1474337861210544,19.0775744,72.8800616,113.69763963618426
78.73,1.1432651576889497,19.077574600000002,72.8800619,113.69763963618426
78.74,1.1391031376668692,19.0775748,72.8800622,113.69763963618426
78.75,1.1349477331863145,19.077575,72.88006250000001,113.69763963618426
78.76,1.1307989513674648,19.077575200000002,72.8800628,113.69763963618426
78.77,1.1266567993191545,19.0775754,72.8800631,113.69763963618426
78.78,1.1225212841388266,19.0775756,72.8800634,113.69763963618426
78.79,1.11839241291259,19.0775758,72.88006370000001,113.69763963618426
78.8,1.1142701927151477,19.077576,72.880064,113.69763963618426
78.81,1.1101546306098116,19.0775762,72.8800643,113.69763963618426
78.82000000000001,1.1060457336484797,19.0775764,72.88006460000001,113.69763963618426
78.83,1.1019435088716456,19.0775766,72.88006490000001,113.69763963618426
78.84,1.0978479633083489,19.0775768,72.8800652,113.69763963618426
78.85000000000001,1.0937591039762062,19.077577,72.8800655,113.69763963618426
78.86,1.0896769378813613,19.0775772,72.88006580000001,113.69763963618426
78.87,1.0856014720184948,19.0775774,72.88006610000001,113.69763963618426
78.88,1.0815327133708053,19.0775776,72.8800664,113.69763963618426
78.89,1.0774706689099949,19.0775778,72.8800667,113.69763963618426
78.9,1.0734153455962718,19.077578,72.88006700000001,113.69763963618426
78.91,1.0693667503783328,19.0775782,72.88006730000001,113.69763963618426
78.92,1.0653248901933132,19.0775784,72.8800676,113.69763963618426
78.93,1.0612897719668468,19.0775786,72.8800679,113.69763963618426
78.94,1.0572614026129934,19.0775788,72.88006820000001,113.69763963618426
78.95,1.0532397890342486,19.077579,72.88006850000001,113.69763963618426
78.96000000000001,1.0492249381215435,19.0775792,72.8800688,113.69763963618426
78.97,1.0452168567542257,19.0775794,72.8800691,113.69763963618426
78.98,1.0412155518000121,19.0775796,72.88006940000001,113.69763963618426
78.99,1.0372210301150457,19.0775798,72.8800697,113.69763963618426
79.0,1.0332332985438257,19.07758,72.88007,113.69763963618426
79.01,1.0292523639192157,19.0775802,72.8800703,113.69763963618426
79.02,1.0252782330624548,19.077580400000002,72.88007060000001,113.69763963618426
79.03,1.0213109127830862,19.0775806,72.8800709,113.69763963618426
79.04,1.017350409879016,19.0775808,72.8800712,113.69763963618426
79.05,1.0133967311364633,19.077581000000002,72.8800715,113.69763963618426
79.06,1.009449883329943,19.0775812,72.88007180000001,113.69763963618426
79.07000000000001,1.0055098732222674,19.0775814,72.8800721,113.69763963618426
79.08,1.001576707564551,19.077581600000002,72.8800724,113.69763963618426
79.09,0.997650393096145,19.0775818,72.8800727,113.69763963618426
79.10000000000001,0.9937309365446928,19.077582,72.88007300000001,113.69763963618426
79.11,0.9898183446260872,19.077582200000002,72.8800733,113.69763963618426
79.12,0.9859126240444266,19.0775824,72.8800736,113.69763963618426
79.13,0.9820137814920726,19.0775826,72.8800739,113.69763963618426
79.14,0.9781218236495798,19.077582800000002,72.88007420000001,113.69763963618426
79.15,0.9742367571857075,19.077583,72.8800745,113.69763963618426
79.16,0.9703585887574268,19.0775832,72.8800748,113.69763963618426
79.17,0.9664873250098516,19.0775834,72.8800751,113.69763963618426
79.18,0.9626229725762986,19.0775836,72.88007540000001,113.69763963618426
79.19,0.9587655380782351,19.0775838,72.8800757,113.69763963618426
79.2,0.9549150281252639,19.077584,72.880076,113.69763963618426
79.21000000000001,0.9510714493151251,19.0775842,72.8800763,113.69763963618426
79.22,0.9472348082337007,19.0775844,72.88007660000001,113.69763963618426
79.23,0.9434051114549508,19.0775846,72.8800769,113.69763963618426
79.24,0.9395823655409707,19.0775848,72.8800772,113.69763963618426
79.25,0.9357665770419227,19.077585,72.8800775,113.69763963618426
79.26,0.9319577524960648,19.0775852,72.88007780000001,113.69763963618426
79.27,0.9281558984297106,19.0775854,72.8800781,113.69763963618426
79.28,0.9243610213572317,19.0775856,72.8800784,113.69763963618426
79.29,0.920573127781043,19.0775858,72.8800787,113.69763963618426
79.3,0.9167922241916066,19.077586,72.88007900000001,113.69763963618426
79.31,0.9130183170673867,19.0775862,72.8800793,113.69763963618426
79.32000000000001,0.9092514128748819,19.0775864,72.8800796,113.69763963618426
79.33,0.9054915180685735,19.0775866,72.8800799,113.69763963618426
79.34,0.9017386390909393,19.0775868,72.88008020000001,113.69763963618426
79.35000000000001,0.8979927823724304,19.077587,72.8800805,113.69763963618426
79.36,0.8942539543314798,19.0775872,72.8800808,113.69763963618426
79.37,0.8905221613744574,19.0775874,72.8800811,113.69763963618426
79.38,0.8867974098957038,19.0775876,72.88008140000001,113.69763963618426
79.39,0.8830797062774592,19.0775878,72.8800817,113.69763963618426
79.4,0.8793690568899226,19.077588000000002,72.880082,113.69763963618426
79.41,0.8756654680911852,19.0775882,72.8800823,113.69763963618426
79.42,0.8719689462272451,19.0775884,72.88008260000001,113.69763963618426
79.43,0.868279497631988,19.077588600000002,72.8800829,113.69763963618426
79.44,0.8645971286271925,19.0775888,72.8800832,113.69763963618426
79.45,0.8609218455224876,19.077589,72.8800835,113.69763963618426
79.46000000000001,0.8572536546153814,19.077589200000002,72.88008380000001,113.69763963618426
79.47,0.8535925621912133,19.0775894,72.8800841,113.69763963618426
79.48,0.8499385745231652,19.0775896,72.8800844,113.69763963618426
79.49,0.8462916978722462,19.077589800000002,72.8800847,113.69763963618426
79.5,0.8426519384872744,19.07759,72.88008500000001,113.69763963618426
79.51,0.8390193026048837,19.0775902,72.8800853,113.69763963618426
79.52,0.8353937964495062,19.077590400000002,72.8800856,113.69763963618426
79.53,0.8317754262333282,19.0775906,72.8800859,113.69763963618426
79.54,0.8281641981563431,19.0775908,72.88008620000001,113.69763963618426
79.55,0.8245601184062873,19.077591,72.8800865,113.69763963618426
79.56,0.8209631931586481,19.0775912,72.8800868,113.69763963618426
79.57000000000001,0.8173734285766637,19.0775914,72.88008710000001,113.69763963618426
79.58,0.8137908308113073,19.0775916,72.88008740000001,113.69763963618426
79.59,0.810215406001244,19.0775918,72.8800877,113.69763963618426
79.60000000000001,0.8066471602728803,19.077592,72.880088,113.69763963618426
79.61,0.8030860997403033,19.0775922,72.88008830000001,113.69763963618426
79.62,0.7995322305052888,19.0775924,72.88008860000001,113.69763963618426
79.63,0.7959855586573089,19.0775926,72.8800889,113.69763963618426
79.64,0.7924460902734703,19.0775928,72.8800892,113.69763963618426
79.65,0.7889138314185651,19.077593,72.88008950000001,113.69763963618426
79.66,0.7853887881450272,19.0775932,72.88008980000001,113.69763963618426
79.67,0.7818709664929169,19.0775934,72.8800901,113.69763963618426
79.68,0.7783603724899218,19.0775936,72.8800904,113.69763963618426
79.69,0.7748570121513632,19.0775938,72.88009070000001,113.69763963618426
79.7,0.771360891480134,19.077594,72.88009100000001,113.69763963618426
79.71000000000001,0.7678720164667513,19.0775942,72.8800913,113.69763963618426
79.72,0.764390393089317,19.0775944,72.8800916,113.69763963618426
79.73,0.7609160273134791,19.0775946,72.88009190000001,113.69763963618426
79.74,0.7574489250924826,19.0775948,72.8800922,113.69763963618426
79.75,0.7539890923671078,19.077595,72.8800925,113.69763963618426
79.76,0.7505365350656795,19.0775952,72.8800928,113.69763963618426
79.77,0.747091259104074,19.0775954,72.88009310000001,113.69763963618426
79.78,0.7436532703856596,19.077595600000002,72.8800934,113.69763963618426
79.79,0.7402225748013452,19.0775958,72.8800937,113.69763963618426
79.8,0.7367991782295386,19.077596,72.880094,113.69763963618426
79.81,0.7333830865361329,19.077596200000002,72.88009430000001,113.69763963618426
79.82000000000001,0.7299743055745023,19.0775964,72.8800946,113.69763963618426
79.83,0.7265728411855144,19.0775966,72.8800949,113.69763963618426
79.84,0.7231786991974676,19.077596800000002,72.8800952,113.69763963618426
79.85000000000001,0.7197918854261404,19.077597,72.88009550000001,113.69763963618426
79.86,0.7164124056747506,19.0775972,72.8800958,113.69763963618426
79.87,0.7130402657339402,19.077597400000002,72.8800961,113.69763963618426
79.88,0.7096754713817788,19.0775976,72.8800964,113.69763963618426
79.89,0.70631802838375,19.0775978,72.88009670000001,113.69763963618426
79.9,0.7029679424927365,19.077598000000002,72.880097,113.69763963618426
79.91,0.6996252194490277,19.0775982,72.8800973,113.69763963618426
79.92,0.6962898649802796,19.0775984,72.8800976,113.69763963618426
79.93,0.6929618848015406,19.0775986,72.88009790000001,113.69763963618426
79.94,0.6896412846152089,19.0775988,72.8800982,113.69763963618426
79.95,0.686328070111043,19.077599,72.8800985,113.69763963618426
79.96000000000001,0.6830222469661407,19.0775992,72.8800988,113.69763963618426
79.97,0.6797238208449485,19.0775994,72.88009910000001,113.69763963618426
79.98,0.6764327973992212,19.0775996,72.8800994,113.69763963618426
79.99,0.6731491822680519,19.0775998,72.8800997,113.69763963618426
80.0,0.6698729810778065,19.0776,72.8801,113.69763963618426
80.01,0.6666041994421801,19.0776002,72.88010030000001,113.69763963618426
80.02,0.6633428429621369,19.0776004,72.8801006,113.69763963618426
80.03,0.6600889172259217,19.0776006,72.8801009,113.69763963618426
80.04,0.656842427809044,19.0776008,72.8801012,113.69763963618426
80.05,0.653603380274283,19.077601,72.88010150000001,113.69763963618426
80.06,0.6503717801716502,19.0776012,72.8801018,113.69763963618426
80.07000000000001,0.6471476330384124,19.0776014,72.8801021,113.69763963618426
80.08,0.6439309443990537,19.0776016,72.8801024,113.69763963618426
80.09,0.6407217197652826,19.0776018,72.88010270000001,113.69763963618426
80.10000000000001,0.6375199646360136,19.077602,72.880103,113.69763963618426
80.11,0.6343256844973755,19.0776022,72.8801033,113.69763963618426
80.12,0.6311388848226712,19.0776024,72.8801036,113.69763963618426
80.13,0.627959571072409,19.0776026,72.88010390000001,113.69763963618426
80.14,0.6247877486942377,19.0776028,72.8801042,113.69763963618426
80.15,0.6216234231230028,19.077603,72.8801045,113.69763963618426
80.16,0.6184665997806849,19.077603200000002,72.8801048,113.69763963618426
80.17,0.6153172840764104,19.0776034,72.88010510000001,113.69763963618426
80.18,0.6121754814064501,19.0776036,72.8801054,113.69763963618426
80.19,0.6090411971542065,19.077603800000002,72.8801057,113.69763963618426
80.2,0.6059144366901725,19.077604,72.880106,113.69763963618426
80.21000000000001,0.6027952053719798,19.0776042,72.88010630000001,113.69763963618426
80.22,0.5996835085443419,19.077604400000002,72.8801066,113.69763963618426
80.23,0.5965793515390627,19.0776046,72.8801069,113.69763963618426
80.24,0.5934827396750431,19.0776048,72.8801072,113.69763963618426
80.25,0.5903936782582259,19.077605000000002,72.88010750000001,113.69763963618426
80.26,0.5873121725816427,19.0776052,72.8801078,113.69763963618426
80.27,0.5842382279253733,19.0776054,72.8801081,113.69763963618426
80.28,0.5811718495565338,19.077605600000002,72.8801084,113.69763963618426
80.29,0.5781130427292758,19.0776058,72.88010870000001,113.69763963618426
80.3,0.575061812684794,19.077606,72.880109,113.69763963618426
80.31,0.5720181646512712,19.0776062,72.8801093,113.69763963618426
80.32000000000001,0.5689821038439241,19.0776064,72.8801096,113.69763963618426
80.33,0.5659536354649675,19.0776066,72.88010990000001,113.69763963618426
80.34,0.5629327647035837,19.0776068,72.8801102,113.69763963618426
80.35000000000001,0.5599194967359644,19.077607,72.8801105,113.69763963618426
80.36,0.556913836725258,19.0776072,72.88011080000001,113.69763963618426
80.37,0.5539157898215774,19.0776074,72.88011110000001,113.69763963618426
80.38,0.5509253611620057,19.0776076,72.8801114,113.69763963618426
80.39,0.5479425558705453,19.0776078,72.8801117,113.69763963618426
80.4,0.5449673790581594,19.077608,72.88011200000001,113.69763963618426
80.41,0.5419998358227368,19.0776082,72.88011230000001,113.69763963618426
80.42,0.5390399312490779,19.0776084,72.8801126,113.69763963618426
80.43,0.536087670408894,19.0776086,72.8801129,113.69763963618426
80.44,0.533143058360816,19.0776088,72.88011320000001,113.69763963618426
80.45,0.53020610015034,19.077609,72.88011350000001,113.69763963618426
80.46000000000001,0.5272768008098727,19.0776092,72.8801138,113.69763963618426
80.47,0.5243551653586914,19.0776094,72.8801141,113.69763963618426
80.48,0.521441198802936,19.0776096,72.88011440000001,113.69763963618426
80.49,0.5185349061356082,19.0776098,72.88011470000001,113.69763963618426
80.5,0.5156362923365609,19.07761,72.880115,113.69763963618426
80.51,0.512745362372487,19.0776102,72.8801153,113.69763963618426
80.52,0.5098621211969229,19.0776104,72.88011560000001,113.69763963618426
80.53,0.5069865737502166,19.0776106,72.8801159,113.69763963618426
80.54,0.504118724959548,19.077610800000002,72.8801162,113.69763963618426
80.55,0.5012585797388935,19.077611,72.8801165,113.69763963618426
80.56,0.4984061429890341,19.0776112,72.88011680000001,113.69763963618426
80.57000000000001,0.49556141959753885,19.077611400000002,72.8801171,113.69763963618426
80.58,0.4927244144387716,19.0776116,72.8801174,113.69763963618426
80.59,0.4898951323738554,19.0776118,72.8801177,113.69763963618426
80.60000000000001,0.48707357825069575,19.077612000000002,72.88011800000001,113.69763963618426
80.61,0.4842597569039442,19.0776122,72.8801183,113.69763963618426
80.62,0.48145367315500787,19.0776124,72.8801186,113.69763963618426
80.63,0.47865533181203457,19.077612600000002,72.8801189,113.69763963618426
80.64,0.47586473766990545,19.0776128,72.88011920000001,113.69763963618426
80.65,0.47308189551022395,19.077613,72.8801195,113.69763963618426
80.66,0.47030681010132247,19.077613200000002,72.8801198,113.69763963618426
80.67,0.46753948619822516,19.0776134,72.8801201,113.69763963618426
80.68,0.46477992854267514,19.0776136,72.88012040000001,113.69763963618426
80.69,0.46202814186309504,19.0776138,72.8801207,113.69763963618426
80.7,0.45928413087459596,19.077614,72.880121,113.69763963618426
80.71000000000001,0.4565479002789624,19.0776142,72.8801213,113.69763963618426
80.72,0.4538194547646579,19.0776144,72.88012160000001,113.69763963618426
80.73,0.4510987990067933,19.0776146,72.8801219,113.69763963618426
80.74,0.44838593766714785,19.0776148,72.8801222,113.69763963618426
80.75,0.44568087539412105,19.077615,72.8801225,113.69763963618426
80.76,0.4429836168227752,19.0776152,72.88012280000001,113.69763963618426
80.77,0.44029416657478504,19.0776154,72.8801231,113.69763963618426
80.78,0.4376125292584465,19.0776156,72.8801234,113.69763963618426
80.79,0.43493870946867574,19.0776158,72.8801237,113.69763963618426
80.8,0.43227271178699733,19.077616,72.88012400000001,113.69763963618426
80.81,0.4296145407815116,19.0776162,72.8801243,113.69763963618426
80.82000000000001,0.42696420100693244,19.0776164,72.8801246,113.69763963618426
80.83,0.4243216970045416,19.0776166,72.8801249,113.69763963618426
80.84,0.4216870333021938,19.0776168,72.88012520000001,113.69763963618426
80.85000000000001,0.41906021441431685,19.077617,72.8801255,113.69763963618426
80.86,0.41644124484190137,19.0776172,72.8801258,113.69763963618426
80.87,0.4138301290724644,19.0776174,72.8801261,113.69763963618426
80.88,0.4112268715800943,19.0776176,72.88012640000001,113.69763963618426
80.89,0.4086314768253968,19.0776178,72.8801267,113.69763963618426
80.9,0.4060439492555068,19.077618,72.880127,113.69763963618426
80.91,0.4034642933040933,19.0776182,72.8801273,113.69763963618426
80.92,0.40089251339131216,19.077618400000002,72.88012760000001,113.69763963618426
80.93,0.3983286139238451,19.0776186,72.8801279,113.69763963618426
80.94,0.3957725992948713,19.0776188,72.8801282,113.69763963618426
80.95,0.3932244738840379,19.077619000000002,72.8801285,113.69763963618426
80.96000000000001,0.3906842420574985,19.0776192,72.88012880000001,113.69763963618426
80.97,0.38815190816786804,19.0776194,72.8801291,113.69763963618426
80.98,0.3856274765542278,19.077619600000002,72.8801294,113.69763963618426
80.99,0.38311095154213326,19.0776198,72.8801297,113.69763963618426
81.0,0.380602337443568,19.07762,72.88013000000001,113.69763963618426
81.01,0.37810163855697965,19.077620200000002,72.8801303,113.69763963618426
81.02,0.37560885916725184,19.0776204,72.8801306,113.69763963618426
81.03,0.37312400354569064,19.0776206,72.8801309,113.69763963618426
81.04,0.3706470759500252,19.077620800000002,72.88013120000001,113.69763963618426
81.05,0.3681780806244128,19.077621,72.8801315,113.69763963618426
81.06,0.3657170217993966,19.0776212,72.8801318,113.69763963618426
81.07000000000001,0.36326390369194106,19.0776214,72.8801321,113.69763963618426
81.08,0.3608187305053995,19.0776216,72.88013240000001,113.69763963618426
81.09,0.35838150642950706,19.0776218,72.8801327,113.69763963618426
81.10000000000001,0.35595223564037715,19.077622,72.880133,113.69763963618426
81.11,0.3535309223005084,19.0776222,72.88013330000001,113.69763963618426
81.12,0.35111757055874326,19.0776224,72.88013360000001,113.69763963618426
81.13,0.34871218455030273,19.0776226,72.8801339,113.69763963618426
81.14,0.34631476839674435,19.0776228,72.8801342,113.69763963618426
81.15,0.34392532620598215,19.077623,72.88013450000001,113.69763963618426
81.16,0.34154386207225607,19.0776232,72.88013480000001,113.69763963618426
81.17,0.3391703800761403,19.0776234,72.8801351,113.69763963618426
81.18,0.3368048842845289,19.0776236,72.8801354,113.69763963618426
81.19,0.33444737875064023,19.0776238,72.88013570000001,113.69763963618426
81.2,0.3320978675139896,19.077624,72.88013600000001,113.69763963618426
81.21000000000001,0.3297563546004062,19.0776242,72.8801363,113.69763963618426
81.22,0.3274228440220067,19.0776244,72.8801366,113.69763963618426
81.23,0.3250973397771967,19.0776246,72.88013690000001,113.69763963618426
81.24,0.3227798458506653,19.0776248,72.88013720000001,113.69763963618426
81.25,0.32047036621337455,19.077625,72.8801375,113.69763963618426
81.26,0.3181689048225511,19.0776252,72.8801378,113.69763963618426
81.27,0.3158754656216939,19.077625400000002,72.88013810000001,113.69763963618426
81.28,0.3135900525405416,19.0776256,72.8801384,113.69763963618426
81.29,0.3113126694950935,19.0776258,72.8801387,113.69763963618426
81.3,0.3090433203875803,19.077626000000002,72.880139,113.69763963618426
81.31,0.3067820091064699,19.0776262,72.88013930000001,113.69763963618426
81.32000000000001,0.304528739526454,19.0776264,72.8801396,113.69763963618426
81.33,0.3022835155084558,19.077626600000002,72.8801399,113.69763963618426
81.34,0.3000463408995979,19.0776268,72.8801402,113.69763963618426
81.35000000000001,0.29781721953322515,19.077627,72.88014050000001,113.69763963618426
81.36,0.2955961552288733,19.077627200000002,72.8801408,113.69763963618426
81.37,0.2933831517922747,19.0776274,72.8801411,113.69763963618426
81.38,0.29117821301535063,19.0776276,72.8801414,113.69763963618426
81.39,0.2889813426762011,19.077627800000002,72.88014170000001,113.69763963618426
81.4,0.2867925445391062,19.077628,72.880142,113.69763963618426
81.41,0.28461182235451743,19.0776282,72.8801423,113.69763963618426
81.42,0.282439179859032,19.077628400000002,72.8801426,113.69763963618426
81.43,0.2802746207754214,19.0776286,72.88014290000001,113.69763963618426
81.44,0.2781181488125961,19.0776288,72.8801432,113.69763963618426
81.45,0.2759697676656092,19.077629,72.8801435,113.69763963618426
81.46000000000001,0.2738294810156561,19.0776292,72.8801438,113.69763963618426
81.47,0.27169729253006536,19.0776294,72.88014410000001,113.69763963618426
81.48,0.2695732058622724,19.0776296,72.8801444,113.69763963618426
81.49,0.2674572246518503,19.0776298,72.8801447,113.69763963618426
81.5,0.26534935252447267,19.07763,72.880145,113.69763963618426
81.51,0.2632495930919171,19.0776302,72.88014530000001,113.69763963618426
81.52,0.2611579499520711,19.0776304,72.8801456,113.69763963618426
81.53,0.25907442668890446,19.0776306,72.8801459,113.69763963618426
81.54,0.25699902687247533,19.0776308,72.8801462,113.69763963618426
81.55,0.2549317540589324,19.077631,72.88014650000001,113.69763963618426
81.56,0.25287261179048115,19.0776312,72.8801468,113.69763963618426
81.57000000000001,0.2508216035954125,19.0776314,72.8801471,113.69763963618426
81.58,0.24877873298807196,19.0776316,72.8801474,113.69763963618426
81.59,0.24674400346886172,19.0776318,72.88014770000001,113.69763963618426
81.60000000000001,0.24471741852423012,19.077632,72.880148,113.69763963618426
81.61,0.24269898162668613,19.0776322,72.8801483,113.69763963618426
81.62,0.2406886962347604,19.0776324,72.8801486,113.69763963618426
81.63,0.23868656579302316,19.0776326,72.88014890000001,113.69763963618426
81.64,0.23669259373206963,19.0776328,72.8801492,113.69763963618426
81.65,0.23470678346851404,19.077633000000002,72.8801495,113.69763963618426
81.66,0.23272913840499398,19.0776332,72.8801498,113.69763963618426
81.67,0.23075966193014663,19.0776334,72.88015010000001,113.69763963618426
81.68,0.22879835741861476,19.077633600000002,72.8801504,113.69763963618426
81.69,0.22684522823104736,19.0776338,72.8801507,113.69763963618426
81.7,0.2249002777140674,19.077634,72.880151,113.69763963618426
81.71000000000001,0.22296350920030295,19.077634200000002,72.88015130000001,113.69763963618426
81.72,0.22103492600835162,19.0776344,72.8801516,113.69763963618426
81.73,0.21911453144278226,19.0776346,72.8801519,113.69763963618426
81.74,0.21720232879415435,19.077634800000002,72.8801522,113.69763963618426
81.75,0.21529832133895477,19.077635,72.88015250000001,113.69763963618426
81.76,0.21340251233966379,19.0776352,72.8801528,113.69763963618426
81.77,0.2115149050446924,19.077635400000002,72.8801531,113.69763963618426
81.78,0.2096355026884028,19.0776356,72.8801534,113.69763963618426
81.79,0.2077643084911046,19.0776358,72.88015370000001,113.69763963618426
81.8,0.2059013256590353,19.077636000000002,72.880154,113.69763963618426
81.81,0.20404655738436472,19.0776362,72.8801543,113.69763963618426
81.82000000000001,0.20220000684518624,19.0776364,72.8801546,113.69763963618426
81.83,0.20036167720551779,19.0776366,72.88015490000001,113.69763963618426
81.84,0.19853157161528523,19.0776368,72.8801552,113.69763963618426
81.85000000000001,0.19670969321032017,19.077637,72.8801555,113.69763963618426
81.86,0.19489604511237546,19.0776372,72.88015580000001,113.69763963618426
81.87,0.19309063042906804,19.0776374,72.88015610000001,113.69763963618426
81.88,0.19129345225394667,19.0776376,72.8801564,113.69763963618426
81.89,0.18950451366640808,19.0776378,72.8801567,113.69763963618426
81.9,0.1877238177317636,19.077638,72.88015700000001,113.69763963618426
81.91,0.18595136750118313,19.0776382,72.88015730000001,113.69763963618426
81.92,0.18418716601170837,19.0776384,72.8801576,113.69763963618426
81.93,0.18243121628625625,19.0776386,72.8801579,113.69763963618426
81.94,0.18068352133359555,19.0776388,72.88015820000001,113.69763963618426
81.95,0.17894408414835472,19.077639,72.88015850000001,113.69763963618426
81.96000000000001,0.17721290771100906,19.0776392,72.8801588,113.69763963618426
81.97,0.17548999498788742,19.0776394,72.8801591,113.69763963618426
81.98,0.17377534893115054,19.0776396,72.88015940000001,113.69763963618426
81.99,0.17206897247879882,19.0776398,72.88015970000001,113.69763963618426
82.0,0.17037086855466121,19.07764,72.88016,113.69763963618426
82.01,0.16868104006838747,19.0776402,72.8801603,113.69763963618426
82.02,0.16699948991546254,19.0776404,72.88016060000001,113.69763963618426
82.03,0.1653262209771722,19.077640600000002,72.8801609,113.69763963618426
82.04,0.16366123612061412,19.0776408,72.8801612,113.69763963618426
82.05,0.1620045381987023,19.077641,72.8801615,113.69763963618426
82.06,0.16035613005013383,19.077641200000002,72.88016180000001,113.69763963618426
82.07000000000001,0.15871601449941763,19.0776414,72.8801621,113.69763963618426
82.08,0.15708419435684517,19.0776416,72.8801624,113.69763963618426
82.09,0.1554606724184937,19.077641800000002,72.8801627,113.69763963618426
82.10000000000001,0.15384545146622797,19.077642,72.88016300000001,113.69763963618426
82.11,0.15223853426768297,19.0776422,72.8801633,113.69763963618426
82.12,0.15063992357626732,19.077642400000002,72.8801636,113.69763963618426
82.13,0.14904962213115713,19.0776426,72.8801639,113.69763963618426
82.14,0.14746763265728602,19.0776428,72.88016420000001,113.69763963618426
82.15,0.14589395786535841,19.077643000000002,72.8801645,113.69763963618426
82.16,0.14432860045181906,19.0776432,72.8801648,113.69763963618426
82.17,0.14277156309886574,19.0776434,72.8801651,113.69763963618426
82.18,0.141222848474436,19.077643600000002,72.88016540000001,113.69763963618426
82.19,0.13968245923221767,19.0776438,72.8801657,113.69763963618426
82.2,0.13815039801161721,19.077644,72.880166,113.69763963618426
82.21000000000001,0.1366266674377853,19.0776442,72.8801663,113.69763963618426
82.22,0.1351112701215912,19.0776444,72.88016660000001,113.69763963618426
82.23,0.13360420865962508,19.0776446,72.8801669,113.69763963618426
82.24,0.13210548563420077,19.0776448,72.8801672,113.69763963618426
82.25,0.13061510361333295,19.077645,72.8801675,113.69763963618426
82.26,0.12913306515075496,19.0776452,72.88016780000001,113.69763963618426
82.27,0.12765937278589823,19.0776454,72.8801681,113.69763963618426
82.28,0.1261940290438901,19.0776456,72.8801684,113.69763963618426
82.29,0.12473703643556489,19.0776458,72.8801687,113.69763963618426
82.3,0.12328839745743614,19.077646,72.88016900000001,113.69763963618426
82.31,0.12184811459170775,19.0776462,72.8801693,113.69763963618426
82.32000000000001,0.12041619030626227,19.0776464,72.8801696,113.69763963618426
82.33,0.11899262705466707,19.0776466,72.8801699,113.69763963618426
82.34,0.11757742727615705,19.0776468,72.88017020000001,113.69763963618426
82.35000000000001,0.11617059339563696,19.077647,72.8801705,113.69763963618426
82.36,0.11477212782368351,19.0776472,72.8801708,113.69763963618426
82.37,0.1133820329565216,19.0776474,72.8801711,113.69763963618426
82.38,0.11200031117604703,19.0776476,72.88017140000001,113.69763963618426
82.39,0.11062696484980039,19.0776478,72.8801717,113.69763963618426
82.4,0.10926199633096989,19.077648,72.880172,113.69763963618426
82.41,0.10790540795840187,19.077648200000002,72.8801723,113.69763963618426
82.42,0.10655720205656027,19.0776484,72.88017260000001,113.69763963618426
82.43,0.10521738093556887,19.0776486,72.8801729,113.69763963618426
82.44,0.10388594689117125,19.077648800000002,72.8801732,113.69763963618426
82.45,0.10256290220474196,19.077649,72.8801735,113.69763963618426
82.46000000000001,0.10124824914328534,19.0776492,72.88017380000001,113.69763963618426
82.47,0.09994198995942227,19.077649400000002,72.8801741,113.69763963618426
82.48,0.09864412689139124,19.0776496,72.8801744,113.69763963618426
82.49,0.09735466216304611,19.0776498,72.8801747,113.69763963618426
82.5,0.09607359798384951,19.077650000000002,72.88017500000001,113.69763963618426
82.51,0.09480093654886723,19.0776502,72.8801753,113.69763963618426
82.52,0.09353668003877491,19.0776504,72.8801756,113.69763963618426
82.53,0.09228083061983916,19.077650600000002,72.8801759,113.69763963618426
82.54,0.09103339044391978,19.0776508,72.88017620000001,113.69763963618426
82.55,0.08979436164848253,19.077651,72.8801765,113.69763963618426
82.56,0.08856374635655584,19.077651200000002,72.8801768,113.69763963618426
82.57000000000001,0.08734154667677518,19.0776514,72.8801771,113.69763963618426
82.58,0.08612776470334371,19.0776516,72.88017740000001,113.69763963618426
82.59,0.0849224025160411,19.0776518,72.8801777,113.69763963618426
82.60000000000001,0.08372546218022692,19.077652,72.880178,113.69763963618426
82.61,0.08253694574682335,19.0776522,72.88017830000001,113.69763963618426
82.62,0.08135685525232139,19.0776524,72.88017860000001,113.69763963618426
82.63,0.08018519271877356,19.0776526,72.8801789,113.69763963618426
82.64,0.0790219601537906,19.0776528,72.8801792,113.69763963618426
82.65,0.07786715955054202,19.077653,72.88017950000001,113.69763963618426
82.66,0.07672079288774669,19.0776532,72.88017980000001,113.69763963618426
82.67,0.07558286212967225,19.0776534,72.8801801,113.69763963618426
82.68,0.074453369226129,19.0776536,72.8801804,113.69763963618426
82.69,0.07333231611247826,19.0776538,72.88018070000001,113.69763963618426
82.7,0.07221970470961125,19.077654,72.88018100000001,113.69763963618426
82.71000000000001,0.07111553692395467,19.0776542,72.8801813,113.69763963618426
82.72,0.07001981464747564,19.0776544,72.8801816,113.69763963618426
82.73,0.06893253975765845,19.0776546,72.88018190000001,113.69763963618426
82.74,0.06785371411752228,19.0776548,72.88018220000001,113.69763963618426
82.75,0.06678333957560512,19.077655,72.8801825,113.69763963618426
82.76,0.0657214179659632,19.0776552,72.8801828,113.69763963618426
82.77,0.06466795110817325,19.0776554,72.88018310000001,113.69763963618426
82.78,0.06362294080731745,19.0776556,72.8801834,113.69763963618426
82.79,0.06258638885399626,19.077655800000002,72.8801837,113.69763963618426
82.8,0.06155829702431226,19.077656,72.880184,113.69763963618426
82.81,0.06053866707987243,19.0776562,72.88018430000001,113.69763963618426
82.82000000000001,0.059527500767782016,19.077656400000002,72.8801846,113.69763963618426
82.83,0.05852479982065284,19.0776566,72.8801849,113.69763963618426
82.84,0.057530565956582236,19.0776568,72.8801852,113.69763963618426
82.85000000000001,0.056544800879161916,19.077657000000002,72.88018550000001,113.69763963618426
82.86,0.055567506277477974,19.0776572,72.8801858,113.69763963618426
82.87,0.054598683826091454,19.0776574,72.8801861,113.69763963618426
82.88,0.05363833518505834,19.077657600000002,72.8801864,113.69763963618426
82.89,0.05268646199990845,19.0776578,72.88018670000001,113.69763963618426
82.9,0.05174306590164879,19.077658,72.880187,113.69763963618426
82.91,0.05080814850676629,19.077658200000002,72.8801873,113.69763963618426
82.92,0.049881711417212315,19.0776584,72.8801876,113.69763963618426
82.93,0.04896375622041538,19.0776586,72.88018790000001,113.69763963618426
82.94,0.04805428448926452,19.077658800000002,72.8801882,113.69763963618426
82.95,0.047153297782112635,19.077659,72.8801885,113.69763963618426
82.96000000000001,0.04626079764278146,19.0776592,72.8801888,113.69763963618426
82.97,0.04537678560054215,19.0776594,72.88018910000001,113.69763963618426
82.98,0.04450126317012637,19.0776596,72.8801894,113.69763963618426
82.99,0.04363423185171689,19.0776598,72.8801897,113.69763963618426
83.0,0.042775693130947534,19.07766,72.88019,113.69763963618426
83.01,0.04192564847890323,19.0776602,72.88019030000001,113.69763963618426
83.02,0.04108409935211166,19.0776604,72.8801906,113.69763963618426
83.03,0.0402510471925438,19.0776606,72.8801909,113.69763963618426
83.04,0.03942649342761062,19.0776608,72.8801912,113.69763963618426
83.05,0.03861043947016529,19.077661,72.88019150000001,113.69763963618426
83.06,0.03780288671849208,19.0776612,72.8801918,113.69763963618426
83.07000000000001,0.03700383655630912,19.0776614,72.8801921,113.69763963618426
83.08,0.03621329035277343,19.0776616,72.8801924,113.69763963618426
83.09,0.035431249462455905,19.0776618,72.88019270000001,113.69763963618426
83.10000000000001,0.03465771522536798,19.077662,72.880193,113.69763963618426
83.11,0.03389268896693831,19.0776622,72.8801933,113.69763963618426
83.12,0.03313617199801833,19.0776624,72.8801936,113.69763963618426
83.13,0.03238816561487834,19.0776626,72.88019390000001,113.69763963618426
83.14,0.03164867109920699,19.0776628,72.8801942,113.69763963618426
83.15,0.030917689718109598,19.077663,72.8801945,113.69763963618426
83.16,0.030195222724102022,19.0776632,72.8801948,113.69763963618426
83.17,0.02948127135511125,19.077663400000002,72.88019510000001,113.69763963618426
83.18,0.0287758368344726,19.0776636,72.8801954,113.69763963618426
83.19,0.028078920370931404,19.0776638,72.8801957,113.69763963618426
83.2,0.027390523158634106,19.077664000000002,72.880196,113.69763963618426
83.21000000000001,0.026710646377127722,19.0776642,72.88019630000001,113.69763963618426
83.22,0.02603929119136872,19.0776644,72.8801966,113.69763963618426
83.23,0.025376458751698583,19.077664600000002,72.8801969,113.69763963618426
83.24,0.024722150193868253,19.0776648,72.8801972,113.69763963618426
83.25,0.024076366639015356,19.077665,72.88019750000001,113.69763963618426
83.26,0.023439109193672536,19.077665200000002,72.8801978,113.69763963618426
83.27,0.02281037894976412,19.0776654,72.8801981,113.69763963618426
83.28,0.02219017698460002,19.0776656,72.8801984,113.69763963618426
83.29,0.021578504360881268,19.077665800000002,72.88019870000001,113.69763963618426
83.3,0.02097536212669171,19.077666,72.880199,113.69763963618426
83.31,0.020380751315498546,19.0776662,72.8801993,113.69763963618426
83.32000000000001,0.019794672946152336,19.077666400000002,72.8801996,113.69763963618426
83.33,0.019217128022881447,19.0776666,72.88019990000001,113.69763963618426
83.34,0.018648117535294273,19.0776668,72.8802002,113.69763963618426
83.35000000000001,0.018087642458372022,19.077667,72.8802005,113.69763963618426
83.36,0.017535703752477594,19.0776672,72.88020080000001,113.69763963618426
83.37,0.01699230236334115,19.0776674,72.88020110000001,113.69763963618426
83.38,0.016457439222065662,19.0776676,72.8802014,113.69763963618426
83.39,0.015931115245124694,19.0776678,72.8802017,113.69763963618426
83.4,0.015413331334359626,19.077668,72.88020200000001,113.69763963618426
83.41,0.014904088376981317,19.0776682,72.88020230000001,113.69763963618426
83.42,0.014403387245560118,19.0776684,72.8802026,113.69763963618426
83.43,0.013911228798036412,19.0776686,72.8802029,113.69763963618426
83.44,0.013427613877710076,19.0776688,72.88020320000001,113.69763963618426
83.45,0.012952543313240472,19.077669,72.88020350000001,113.69763963618426
83.46000000000001,0.012486017918649783,19.0776692,72.8802038,113.69763963618426
83.47,0.012028038493315796,19.0776694,72.8802041,113.69763963618426
83.48,0.01157860582197412,19.0776696,72.88020440000001,113.69763963618426
83.49,0.011137720674714857,19.0776698,72.88020470000001,113.69763963618426
83.5,0.01070538380698205,19.07767,72.880205,113.69763963618426
83.51,0.01028159595957534,19.0776702,72.8802053,113.69763963618426
83.52,0.009866357858642205,19.0776704,72.88020560000001,113.69763963618426
83.53,0.009459670215681837,19.0776706,72.8802059,113.69763963618426
83.54,0.00906153372754237,19.0776708,72.8802062,113.69763963618426
83.55,0.008671949076420327,19.077671000000002,72.8802065,113.69763963618426
83.56,0.008290916929858394,19.0776712,72.88020680000001,113.69763963618426
83.57000000000001,0.007918437940743761,19.0776714,72.8802071,113.69763963618426
83.58,0.007554512747310893,19.077671600000002,72.8802074,113.69763963618426
83.59,0.007199141973133205,19.0776718,72.8802077,113.69763963618426
83.60000000000001,0.006852326227130834,19.077672,72.88020800000001,113.69763963618426
83.61,0.00651406610356231,19.077672200000002,72.8802083,113.69763963618426
83.62,0.006184362182026781,19.0776724,72.8802086,113.69763963618426
83.63,0.005863215027464563,19.0776726,72.8802089,113.69763963618426
83.64,0.005550625190149927,19.077672800000002,72.88020920000001,113.69763963618426
83.65,0.0052465932056994236,19.077673,72.8802095,113.69763963618426
83.66,0.004951119595062448,19.0776732,72.8802098,113.69763963618426
83.67,0.004664204864525123,19.077673400000002,72.8802101,113.69763963618426
83.68,0.004385849505708084,19.0776736,72.88021040000001,113.69763963618426
83.69,0.004116053995565916,19.0776738,72.8802107,113.69763963618426
83.7,0.003854818796385495,19.077674000000002,72.880211,113.69763963618426
83.71000000000001,0.0036021443557859856,19.0776742,72.8802113,113.69763963618426
83.72,0.0033580311067188395,19.0776744,72.88021160000001,113.69763963618426
83.73,0.0031224794674650225,19.0776746,72.8802119,113.69763963618426
83.74,0.002895489841636123,19.0776748,72.8802122,113.69763963618426
83.75,0.0026770626181721324,19.077675,72.8802125,113.69763963618426
83.76,0.002467198171342,19.0776752,72.88021280000001,113.69763963618426
83.77,0.0022658968607441876,19.0776754,72.8802131,113.69763963618426
83.78,0.0020731590313016746,19.0776756,72.8802134,113.69763963618426
83.79,0.0018889850132658426,19.0776758,72.8802137,113.69763963618426
83.8,0.0017133751222137006,19.077676,72.88021400000001,113.69763963618426
83.81,0.0015463296590478848,19.0776762,72.8802143,113.69763963618426
83.82000000000001,0.0013878489099972136,19.0776764,72.8802146,113.69763963618426
83.83,0.001237933146613357,19.0776766,72.8802149,113.69763963618426
83.84,0.001096582625772502,19.0776768,72.88021520000001,113.69763963618426
83.85000000000001,0.0009637975896759077,19.077677,72.8802155,113.69763963618426
83.86,0.0008395782658460194,19.0776772,72.8802158,113.69763963618426
83.87,0.0007239248671303544,19.0776774,72.8802161,113.69763963618426
83.88,0.0006168375916970614,19.0776776,72.88021640000001,113.69763963618426
83.89,0.0005183166230376957,19.0776778,72.8802167,113.69763963618426
83.9,0.00042836212996499867,19.077678,72.880217,113.69763963618426
83.91,0.00034697426661345343,19.0776782,72.8802173,113.69763963618426
83.92,0.0002741531724392843,19.0776784,72.88021760000001,113.69763963618426
83.93,0.00020989897221934672,19.077678600000002,72.8802179,113.69763963618426
83.94,0.00015421177605168257,19.0776788,72.8802182,113.69763963618426
83.95,0.00010709167935385455,19.077679,72.8802185,113.69763963618426
83.96000000000001,6.853876286627703e-05,19.077679200000002,72.88021880000001,113.69763963618426
83.97,3.8553092647219955e-05,19.0776794,72.8802191,113.69763963618426
83.98,1.7134720076139587e-05,19.0776796,72.8802194,113.69763963618426
83.99,4.283681854233556e-06,19.077679800000002,72.8802197,113.69763963618426
84.0,0.0,19.07768,72.88022000000001,113.69763963618426
84.01,4.283681854233556e-06,19.0776802,72.8802203,113.69763963618426
84.02,1.7134720076139587e-05,19.077680400000002,72.8802206,113.69763963618426
84.03,3.8553092646664844e-05,19.0776806,72.8802209,113.69763963618426
84.04,6.853876286627703e-05,19.0776808,72.88022120000001,113.69763963618426
84.05,0.00010709167935385455,19.077681000000002,72.8802215,113.69763963618426
84.06,0.00015421177605168257,19.0776812,72.8802218,113.69763963618426
84.07000000000001,0.00020989897221934672,19.0776814,72.8802221,113.69763963618426
84.08,0.0002741531724392843,19.077681600000002,72.88022240000001,113.69763963618426
84.09,0.00034697426661345343,19.0776818,72.8802227,113.69763963618426
84.10000000000001,0.00042836212996499867,19.077682,72.880223,113.69763963618426
84.11,0.0005183166230376957,19.0776822,72.8802233,113.69763963618426
84.12,0.0006168375916970614,19.0776824,72.88022360000001,113.69763963618426
84.13,0.0007239248671303544,19.0776826,72.8802239,113.69763963618426
84.14,0.0008395782658460194,19.0776828,72.8802242,113.69763963618426
84.15,0.0009637975896753526,19.077683,72.88022450000001,113.69763963618426
84.16,0.001096582625772502,19.0776832,72.88022480000001,113.69763963618426
84.17,0.001237933146613357,19.0776834,72.8802251,113.69763963618426
84.18,0.0013878489099972136,19.0776836,72.8802254,113.69763963618426
84.19,0.0015463296590484399,19.0776838,72.88022570000001,113.69763963618426
84.2,0.0017133751222137006,19.077684,72.88022600000001,113.69763963618426
84.21000000000001,0.0018889850132658426,19.0776842,72.8802263,113.69763963618426
84.22,0.0020731590313016746,19.0776844,72.8802266,113.69763963618426
84.23,0.0022658968607441876,19.0776846,72.88022690000001,113.69763963618426
84.24,0.002467198171342,19.0776848,72.88022720000001,113.69763963618426
84.25,0.0026770626181715773,19.077685,72.8802275,113.69763963618426
84.26,0.002895489841635568,19.0776852,72.8802278,113.69763963618426
84.27,0.0031224794674650225,19.0776854,72.88022810000001,113.69763963618426
84.28,0.0033580311067188395,19.0776856,72.88022840000001,113.69763963618426
84.29,0.0036021443557865407,19.0776858,72.8802287,113.69763963618426
84.3,0.00385481879638494,19.077686,72.880229,113.69763963618426
84.31,0.004116053995565916,19.077686200000002,72.88022930000001,113.69763963618426
84.32000000000001,0.004385849505708084,19.0776864,72.8802296,113.69763963618426
84.33,0.004664204864525123,19.0776866,72.8802299,113.69763963618426
84.34,0.004951119595062448,19.077686800000002,72.8802302,113.69763963618426
84.35000000000001,0.0052465932056994236,19.077687,72.88023050000001,113.69763963618426
84.36,0.005550625190149927,19.0776872,72.8802308,113.69763963618426
84.37,0.005863215027464008,19.077687400000002,72.8802311,113.69763963618426
84.38,0.006184362182026781,19.0776876,72.8802314,113.69763963618426
84.39,0.006514066103561755,19.0776878,72.88023170000001,113.69763963618426
84.4,0.006852326227130834,19.077688000000002,72.880232,113.69763963618426
84.41,0.007199141973133205,19.0776882,72.8802323,113.69763963618426
84.42,0.007554512747309783,19.0776884,72.8802326,113.69763963618426
84.43,0.007918437940744316,19.077688600000002,72.88023290000001,113.69763963618426
84.44,0.008290916929857839,19.0776888,72.8802332,113.69763963618426
84.45,0.008671949076420882,19.077689,72.8802335,113.69763963618426
84.46000000000001,0.009061533727542925,19.077689200000002,72.8802338,113.69763963618426
84.47,0.009459670215681837,19.0776894,72.88023410000001,113.69763963618426
84.48,0.00986635785864276,19.0776896,72.8802344,113.69763963618426
84.49,0.010281595959574785,19.0776898,72.8802347,113.69763963618426
84.5,0.010705383806982605,19.07769,72.880235,113.69763963618426
84.51,0.011137720674714302,19.0776902,72.88023530000001,113.69763963618426
84.52,0.01157860582197301,19.0776904,72.8802356,113.69763963618426
84.53,0.012028038493315796,19.0776906,72.8802359,113.69763963618426
84.54,0.012486017918649228,19.0776908,72.8802362,113.69763963618426
84.55,0.012952543313239917,19.077691,72.88023650000001,113.69763963618426
84.56,0.013427613877708966,19.0776912,72.8802368,113.69763963618426
84.57000000000001,0.013911228798036968,19.0776914,72.8802371,113.69763963618426
84.58,0.014403387245560673,19.0776916,72.8802374,113.69763963618426
84.59,0.014904088376980762,19.0776918,72.88023770000001,113.69763963618426
84.60000000000001,0.015413331334360736,19.077692,72.880238,113.69763963618426
84.61,0.015931115245124694,19.0776922,72.8802383,113.69763963618426
84.62,0.016457439222066217,19.0776924,72.8802386,113.69763963618426
84.63,0.016992302363340595,19.0776926,72.88023890000001,113.69763963618426
84.64,0.01753570375247815,19.0776928,72.8802392,113.69763963618426
84.65,0.018087642458372577,19.077693,72.8802395,113.69763963618426
84.66,0.018648117535293163,19.0776932,72.8802398,113.69763963618426
84.67,0.019217128022881447,19.0776934,72.88024010000001,113.69763963618426
84.68,0.01979467294615178,19.0776936,72.8802404,113.69763963618426
84.69,0.02038075131549799,19.077693800000002,72.8802407,113.69763963618426
84.7,0.0209753621266906,19.077694,72.880241,113.69763963618426
84.71000000000001,0.021578504360881823,19.0776942,72.88024130000001,113.69763963618426
84.72,0.022190176984600574,19.077694400000002,72.8802416,113.69763963618426
84.73,0.022810378949763566,19.0776946,72.8802419,113.69763963618426
84.74,0.023439109193672536,19.0776948,72.8802422,113.69763963618426
84.75,0.024076366639015356,19.077695000000002,72.88024250000001,113.69763963618426
84.76,0.024722150193868808,19.0776952,72.8802428,113.69763963618426
84.77,0.025376458751699138,19.0776954,72.8802431,113.69763963618426
84.78,0.02603929119136761,19.077695600000002,72.8802434,113.69763963618426
84.79,0.026710646377128833,19.0776958,72.88024370000001,113.69763963618426
84.8,0.02739052315863244,19.077696,72.880244,113.69763963618426
84.81,0.028078920370931404,19.077696200000002,72.8802443,113.69763963618426
84.82000000000001,0.0287758368344726,19.0776964,72.8802446,113.69763963618426
84.83,0.029481271355109584,19.0776966,72.88024490000001,113.69763963618426
84.84,0.030195222724102577,19.077696800000002,72.8802452,113.69763963618426
84.85000000000001,0.030917689718110153,19.077697,72.8802455,113.69763963618426
84.86,0.03164867109920755,19.0776972,72.8802458,113.69763963618426
84.87,0.032388165614877784,19.0776974,72.88024610000001,113.69763963618426
84.88,0.03313617199801777,19.0776976,72.8802464,113.69763963618426
84.89,0.033892688966938866,19.0776978,72.8802467,113.69763963618426
84.9,0.034657715225368535,19.077698,72.88024700000001,113.69763963618426
84.91,0.03543124946245646,19.0776982,72.88024730000001,113.69763963618426
84.92,0.036213290352771765,19.0776984,72.8802476,113.69763963618426
84.93,0.03700383655631079,19.0776986,72.8802479,113.69763963618426
84.94,0.037802886718490414,19.0776988,72.88024820000001,113.69763963618426
84.95,0.03861043947016474,19.077699,72.88024850000001,113.69763963618426
84.96000000000001,0.039426493427610065,19.0776992,72.8802488,113.69763963618426
84.97,0.04025104719254213,19.0776994,72.8802491,113.69763963618426
84.98,0.04108409935211221,19.0776996,72.88024940000001,113.69763963618426
84.99,0.04192564847890157,19.0776998,72.88024970000001,113.69763963618426
85.0,0.04277569313094809,19.0777,72.88025,113.69763963618426
85.01,0.04363423185171633,19.0777002,72.8802503,113.69763963618426
85.02,0.044501263170125815,19.0777004,72.88025060000001,113.69763963618426
85.03,0.0453767856005427,19.0777006,72.88025090000001,113.69763963618426
85.04,0.046260797642782014,19.0777008,72.8802512,113.69763963618426
85.05,0.04715329778211319,19.077701,72.8802515,113.69763963618426
85.06,0.048054284489262855,19.0777012,72.88025180000001,113.69763963618426
85.07000000000001,0.04896375622041482,19.077701400000002,72.8802521,113.69763963618426
85.08,0.04988171141721176,19.0777016,72.8802524,113.69763963618426
85.09,0.05080814850676463,19.0777018,72.8802527,113.69763963618426
85.10000000000001,0.051743065901650453,19.077702000000002,72.88025300000001,113.69763963618426
85.11,0.05268646199990623,19.0777022,72.8802533,113.69763963618426
85.12,0.05363833518505945,19.0777024,72.8802536,113.69763963618426
85.13,0.054598683826092564,19.077702600000002,72.8802539,113.69763963618426
85.14,0.055567506277476864,19.0777028,72.88025420000001,113.69763963618426
85.15,0.05654480087916414,19.077703,72.8802545,113.69763963618426
85.16,0.05753056595658168,19.077703200000002,72.8802548,113.69763963618426
85.17,0.058524799820653395,19.0777034,72.8802551,113.69763963618426
85.18,0.05952750076778257,19.0777036,72.88025540000001,113.69763963618426
85.19,0.06053866707987021,19.077703800000002,72.8802557,113.69763963618426
85.2,0.0615582970243117,19.077704,72.880256,113.69763963618426
85.21000000000001,0.0625863888539957,19.0777042,72.8802563,113.69763963618426
85.22,0.0636229408073169,19.077704400000002,72.88025660000001,113.69763963618426
85.23,0.06466795110817103,19.0777046,72.8802569,113.69763963618426
85.24,0.06572141796596209,19.0777048,72.8802572,113.69763963618426
85.25,0.06678333957560345,19.077705,72.8802575,113.69763963618426
85.26,0.06785371411752339,19.0777052,72.88025780000001,113.69763963618426
85.27,0.068932539757659,19.0777054,72.8802581,113.69763963618426
85.28,0.07001981464747509,19.0777056,72.8802584,113.69763963618426
85.29,0.07111553692395745,19.0777058,72.8802587,113.69763963618426
85.3,0.07221970470961014,19.077706,72.88025900000001,113.69763963618426
85.31,0.07333231611247937,19.0777062,72.8802593,113.69763963618426
85.32000000000001,0.0744533692261301,19.0777064,72.8802596,113.69763963618426
85.33,0.07558286212967003,19.0777066,72.8802599,113.69763963618426
85.34,0.07672079288774614,19.0777068,72.88026020000001,113.69763963618426
85.35000000000001,0.07786715955054146,19.077707,72.8802605,113.69763963618426
85.36,0.07902196015378948,19.0777072,72.8802608,113.69763963618426
85.37,0.08018519271877134,19.0777074,72.8802611,113.69763963618426
85.38,0.08135685525231862,19.0777076,72.88026140000001,113.69763963618426
85.39,0.08253694574682391,19.0777078,72.8802617,113.69763963618426
85.4,0.08372546218022747,19.077708,72.880262,113.69763963618426
85.41,0.08492240251604222,19.0777082,72.8802623,113.69763963618426
85.42,0.0861277647033426,19.0777084,72.88026260000001,113.69763963618426
85.43,0.0873415466767763,19.0777086,72.8802629,113.69763963618426
85.44,0.08856374635655695,19.0777088,72.8802632,113.69763963618426
85.45,0.08979436164848031,19.077709000000002,72.8802635,113.69763963618426
85.46000000000001,0.09103339044392256,19.0777092,72.88026380000001,113.69763963618426
85.47,0.09228083061983638,19.0777094,72.8802641,113.69763963618426
85.48,0.09353668003877436,19.077709600000002,72.8802644,113.69763963618426
85.49,0.09480093654886668,19.0777098,72.8802647,113.69763963618426
85.5,0.09607359798384674,19.07771,72.88026500000001,113.69763963618426
85.51,0.09735466216304722,19.077710200000002,72.8802653,113.69763963618426
85.52,0.09864412689138846,19.0777104,72.8802656,113.69763963618426
85.53,0.09994198995942283,19.0777106,72.8802659,113.69763963618426
85.54,0.10124824914328645,19.077710800000002,72.88026620000001,113.69763963618426
85.55,0.10256290220474307,19.077711,72.8802665,113.69763963618426
85.56,0.10388594689117014,19.0777112,72.8802668,113.69763963618426
85.57000000000001,0.10521738093556943,19.077711400000002,72.8802671,113.69763963618426
85.58,0.10655720205656083,19.0777116,72.88026740000001,113.69763963618426
85.59,0.10790540795839965,19.0777118,72.8802677,113.69763963618426
85.60000000000001,0.10926199633097267,19.077712000000002,72.880268,113.69763963618426
85.61,0.11062696484979762,19.0777122,72.8802683,113.69763963618426
85.62,0.11200031117604647,19.0777124,72.88026860000001,113.69763963618426
85.63,0.1133820329565205,19.0777126,72.8802689,113.69763963618426
85.64,0.11477212782368018,19.0777128,72.8802692,113.69763963618426
85.65,0.11617059339563973,19.077713,72.88026950000001,113.69763963618426
85.66,0.11757742727615428,19.0777132,72.88026980000001,113.69763963618426
85.67,0.11899262705466818,19.0777134,72.8802701,113.69763963618426
85.68,0.12041619030626338,19.0777136,72.8802704,113.69763963618426
85.69,0.12184811459170664,19.0777138,72.88027070000001,113.69763963618426
85.7,0.12328839745743725,19.077714,72.88027100000001,113.69763963618426
85.71000000000001,0.124737036435566,19.0777142,72.8802713,113.69763963618426
85.72,0.12619402904389065,19.0777144,72.8802716,113.69763963618426
85.73,0.1276593727858949,19.0777146,72.88027190000001,113.69763963618426
85.74,0.12913306515075162,19.0777148,72.88027220000001,113.69763963618426
85.75,0.13061510361333184,19.077715,72.8802725,113.69763963618426
85.76,0.132105485634198,19.0777152,72.8802728,113.69763963618426
85.77,0.13360420865962397,19.0777154,72.88027310000001,113.69763963618426
85.78,0.1351112701215884,19.0777156,72.88027340000001,113.69763963618426
85.79,0.1366266674377864,19.0777158,72.8802737,113.69763963618426
85.8,0.13815039801161777,19.077716,72.880274,113.69763963618426
85.81,0.13968245923221656,19.0777162,72.88027430000001,113.69763963618426
85.82000000000001,0.14122284847443933,19.0777164,72.8802746,113.69763963618426
85.83,0.14277156309886463,19.077716600000002,72.8802749,113.69763963618426
85.84,0.14432860045182017,19.0777168,72.8802752,113.69763963618426
85.85000000000001,0.14589395786535952,19.077717,72.88027550000001,113.69763963618426
85.86,0.14746763265728713,19.077717200000002,72.8802758,113.69763963618426
85.87,0.1490496221311538,19.0777174,72.8802761,113.69763963618426
85.88,0.150639923576264,19.0777176,72.8802764,113.69763963618426
85.89,0.15223853426768186,19.077717800000002,72.88027670000001,113.69763963618426
85.9,0.15384545146622686,19.077718,72.880277,113.69763963618426
85.91,0.1554606724184926,19.0777182,72.8802773,113.69763963618426
85.92,0.15708419435684184,19.077718400000002,72.8802776,113.69763963618426
85.93,0.15871601449941874,19.0777186,72.88027790000001,113.69763963618426
85.94,0.16035613005013494,19.0777188,72.8802782,113.69763963618426
85.95,0.1620045381987012,19.077719000000002,72.8802785,113.69763963618426
85.96000000000001,0.163661236120618,19.0777192,72.8802788,113.69763963618426
85.97,0.1653262209771711,19.0777194,72.88027910000001,113.69763963618426
85.98,0.16699948991546365,19.0777196,72.8802794,113.69763963618426
85.99,0.16868104006838858,19.0777198,72.8802797,113.69763963618426
86.0,0.17037086855465788,19.07772,72.88028,113.69763963618426
86.01,0.1720689724787977,19.0777202,72.88028030000001,113.69763963618426
86.02,0.1737753489311472,19.0777204,72.8802806,113.69763963618426
86.03,0.1754899949878863,19.0777206,72.8802809,113.69763963618426
86.04,0.17721290771100795,19.0777208,72.8802812,113.69763963618426
86.05,0.1789440841483514,19.077721,72.88028150000001,113.69763963618426
86.06,0.18068352133359722,19.0777212,72.8802818,113.69763963618426
86.07000000000001,0.18243121628625736,19.0777214,72.8802821,113.69763963618426
86.08,0.18418716601170948,19.0777216,72.8802824,113.69763963618426
86.09,0.18595136750118202,19.0777218,72.88028270000001,113.69763963618426
86.10000000000001,0.18772381773176527,19.077722,72.880283,113.69763963618426
86.11,0.1895045136664092,19.0777222,72.8802833,113.69763963618426
86.12,0.19129345225394334,19.0777224,72.8802836,113.69763963618426
86.13,0.19309063042906915,19.0777226,72.88028390000001,113.69763963618426
86.14,0.19489604511237157,19.0777228,72.8802842,113.69763963618426
86.15,0.1967096932103235,19.077723,72.8802845,113.69763963618426
86.16,0.1985315716152819,19.0777232,72.8802848,113.69763963618426
86.17,0.20036167720551668,19.0777234,72.88028510000001,113.69763963618426
86.18,0.20220000684518458,19.0777236,72.8802854,113.69763963618426
86.19,0.20404655738436084,19.0777238,72.8802857,113.69763963618426
86.2,0.2059013256590364,19.077724,72.880286,113.69763963618426
86.21000000000001,0.20776430849110572,19.077724200000002,72.88028630000001,113.69763963618426
86.22,0.20963550268840447,19.0777244,72.8802866,113.69763963618426
86.23,0.21151490504469128,19.0777246,72.8802869,113.69763963618426
86.24,0.21340251233966212,19.077724800000002,72.8802872,113.69763963618426
86.25,0.21529832133895643,19.077725,72.88028750000001,113.69763963618426
86.26,0.21720232879415047,19.0777252,72.8802878,113.69763963618426
86.27,0.21911453144278337,19.077725400000002,72.8802881,113.69763963618426
86.28,0.22103492600834773,19.0777256,72.8802884,113.69763963618426
86.29,0.22296350920030183,19.0777258,72.88028870000001,113.69763963618426
86.3,0.2249002777140663,19.077726000000002,72.880289,113.69763963618426
86.31,0.22684522823104292,19.0777262,72.8802893,113.69763963618426
86.32000000000001,0.22879835741861865,19.0777264,72.8802896,113.69763963618426
86.33,0.23075966193014275,19.077726600000002,72.88028990000001,113.69763963618426
86.34,0.2327291384049951,19.0777268,72.8802902,113.69763963618426
86.35000000000001,0.2347067834685157,19.077727,72.8802905,113.69763963618426
86.36,0.23669259373206852,19.0777272,72.8802908,113.69763963618426
86.37,0.23868656579302483,19.0777274,72.88029110000001,113.69763963618426
86.38,0.2406886962347593,19.0777276,72.8802914,113.69763963618426
86.39,0.24269898162668724,19.0777278,72.8802917,113.69763963618426
86.4,0.24471741852423123,19.077728,72.88029200000001,113.69763963618426
86.41,0.24674400346885783,19.0777282,72.88029230000001,113.69763963618426
86.42,0.24877873298807085,19.0777284,72.8802926,113.69763963618426
86.43,0.2508216035954114,19.0777286,72.8802929,113.69763963618426
86.44,0.2528726117904795,19.0777288,72.88029320000001,113.69763963618426
86.45,0.25493175405892854,19.077729,72.88029350000001,113.69763963618426
86.46000000000001,0.2569990268724798,19.0777292,72.8802938,113.69763963618426
86.47,0.25907442668890057,19.0777294,72.8802941,113.69763963618426
86.48,0.26115794995207275,19.0777296,72.88029440000001,113.69763963618426
86.49,0.26324959309191875,19.0777298,72.88029470000001,113.69763963618426
86.5,0.265349352524471,19.07773,72.880295,113.69763963618426
86.51,0.26745722465185195,19.0777302,72.8802953,113.69763963618426
86.52,0.2695732058622713,19.0777304,72.88029560000001,113.69763963618426
86.53,0.27169729253006425,19.0777306,72.88029590000001,113.69763963618426
86.54,0.27382948101565774,19.0777308,72.8802962,113.69763963618426
86.55,0.2759697676656081,19.077731,72.8802965,113.69763963618426
86.56,0.278118148812595,19.0777312,72.88029680000001,113.69763963618426
86.57000000000001,0.28027462077541976,19.0777314,72.8802971,113.69763963618426
86.58,0.28243917985903033,19.0777316,72.8802974,113.69763963618426
86.59,0.284611822354513,19.077731800000002,72.8802977,113.69763963618426
86.60000000000001,0.2867925445391106,19.077732,72.88029800000001,113.69763963618426
86.61,0.28898134267620224,19.0777322,72.8802983,113.69763963618426
86.62,0.29117821301534896,19.077732400000002,72.8802986,113.69763963618426
86.63,0.29338315179227303,19.0777326,72.8802989,113.69763963618426
86.64,0.2955961552288716,19.0777328,72.88029920000001,113.69763963618426
86.65,0.2978172195332268,19.077733000000002,72.8802995,113.69763963618426
86.66,0.3000463408995996,19.0777332,72.8802998,113.69763963618426
86.67,0.3022835155084541,19.0777334,72.8803001,113.69763963618426
86.68,0.30452873952645565,19.077733600000002,72.88030040000001,113.69763963618426
86.69,0.30678200910646547,19.0777338,72.8803007,113.69763963618426
86.7,0.3090433203875792,19.077734,72.880301,113.69763963618426
86.71000000000001,0.3113126694950924,19.077734200000002,72.8803013,113.69763963618426
86.72,0.3135900525405405,19.0777344,72.88030160000001,113.69763963618426
86.73,0.31587546562169555,19.0777346,72.8803019,113.69763963618426
86.74,0.31816890482254667,19.0777348,72.8803022,113.69763963618426
86.75,0.3204703662133729,19.077735,72.8803025,113.69763963618426
86.76,0.32277984585066366,19.0777352,72.88030280000001,113.69763963618426
86.77,0.32509733977719557,19.0777354,72.8803031,113.69763963618426
86.78,0.32742284402200506,19.0777356,72.8803034,113.69763963618426
86.79,0.32975635460040786,19.0777358,72.8803037,113.69763963618426
86.8,0.33209786751399073,19.077736,72.88030400000001,113.69763963618426
86.81,0.33444737875063857,19.0777362,72.8803043,113.69763963618426
86.82000000000001,0.3368048842845306,19.0777364,72.8803046,113.69763963618426
86.83,0.33917038007613587,19.0777366,72.8803049,113.69763963618426
86.84,0.3415438620722544,19.0777368,72.88030520000001,113.69763963618426
86.85000000000001,0.3439253262059805,19.077737,72.8803055,113.69763963618426
86.86,0.3463147683967427,19.0777372,72.8803058,113.69763963618426
86.87,0.3487121845503044,19.0777374,72.8803061,113.69763963618426
86.88,0.35111757055873827,19.0777376,72.88030640000001,113.69763963618426
86.89,0.35353092230050676,19.0777378,72.8803067,113.69763963618426
86.9,0.3559522356403788,19.077738,72.880307,113.69763963618426
86.91,0.3583815064295054,19.0777382,72.8803073,113.69763963618426
86.92,0.36081873050540114,19.0777384,72.88030760000001,113.69763963618426
86.93,0.3632639036919427,19.0777386,72.8803079,113.69763963618426
86.94,0.36571702179939547,19.0777388,72.8803082,113.69763963618426
86.95,0.3681780806244078,19.077739,72.8803085,113.69763963618426
86.96000000000001,0.3706470759500269,19.0777392,72.88030880000001,113.69763963618426
86.97,0.37312400354568953,19.077739400000002,72.8803091,113.69763963618426
86.98,0.37560885916725073,19.0777396,72.8803094,113.69763963618426
86.99,0.378101638556978,19.0777398,72.8803097,113.69763963618426
87.0,0.380602337443563,19.077740000000002,72.88031000000001,113.69763963618426
87.01,0.3831109515421316,19.0777402,72.8803103,113.69763963618426
87.02,0.38562747655422946,19.0777404,72.8803106,113.69763963618426
87.03,0.3881519081678664,19.077740600000002,72.8803109,113.69763963618426
87.04,0.3906842420575002,19.0777408,72.88031120000001,113.69763963618426
87.05,0.3932244738840357,19.077741,72.8803115,113.69763963618426
87.06,0.39577259929486963,19.077741200000002,72.8803118,113.69763963618426
87.07000000000001,0.39832861392384733,19.0777414,72.8803121,113.69763963618426
87.08,0.4008925133913105,19.0777416,72.88031240000001,113.69763963618426
87.09,0.4034642933040883,19.077741800000002,72.8803127,113.69763963618426
87.10000000000001,0.40604394925550846,19.077742,72.880313,113.69763963618426
87.11,0.40863147682539513,19.0777422,72.8803133,113.69763963618426
87.12,0.41122687158009263,19.0777424,72.88031360000001,113.69763963618426
87.13,0.41383012907246275,19.0777426,72.8803139,113.69763963618426
87.14,0.4164412448418958,19.0777428,72.8803142,113.69763963618426
87.15,0.4190602144143224,19.077743,72.88031450000001,113.69763963618426
87.16,0.4216870333021955,19.0777432,72.88031480000001,113.69763963618426
87.17,0.4243216970045399,19.0777434,72.8803151,113.69763963618426
87.18,0.42696420100693466,19.0777436,72.8803154,113.69763963618426
87.19,0.42961454078150996,19.0777438,72.88031570000001,113.69763963618426
87.2,0.43227271178699567,19.077744,72.88031600000001,113.69763963618426
87.21000000000001,0.4349387094686774,19.0777442,72.8803163,113.69763963618426
87.22,0.43761252925844485,19.0777444,72.8803166,113.69763963618426
87.23,0.4402941665747828,19.0777446,72.88031690000001,113.69763963618426
87.24,0.44298361682276965,19.0777448,72.88031720000001,113.69763963618426
87.25,0.4456808753941194,19.077745,72.8803175,113.69763963618426
87.26,0.4483859376671423,19.0777452,72.8803178,113.69763963618426
87.27,0.45109879900679106,19.0777454,72.88031810000001,113.69763963618426
87.28,0.4538194547646601,19.0777456,72.88031840000001,113.69763963618426
87.29,0.4565479002789641,19.0777458,72.8803187,113.69763963618426
87.3,0.45928413087459374,19.077746,72.880319,113.69763963618426
87.31,0.4620281418630934,19.0777462,72.88031930000001,113.69763963618426
87.32000000000001,0.46477992854267736,19.0777464,72.8803196,113.69763963618426
87.33,0.4675394861982274,19.0777466,72.8803199,113.69763963618426
87.34,0.47030681010132025,19.0777468,72.8803202,113.69763963618426
87.35000000000001,0.47308189551022617,19.077747000000002,72.88032050000001,113.69763963618426
87.36,0.4758647376698999,19.0777472,72.8803208,113.69763963618426
87.37,0.4786553318120329,19.0777474,72.8803211,113.69763963618426
87.38,0.4814536731550023,19.077747600000002,72.8803214,113.69763963618426
87.39,0.4842597569039425,19.0777478,72.88032170000001,113.69763963618426
87.4,0.4870735782507013,19.077748,72.880322,113.69763963618426
87.41,0.48989513237385374,19.077748200000002,72.8803223,113.69763963618426
87.42,0.4927244144387738,19.0777484,72.8803226,113.69763963618426
87.43,0.4955614195975411,19.0777486,72.88032290000001,113.69763963618426
87.44,0.4984061429890324,19.077748800000002,72.8803232,113.69763963618426
87.45,0.5012585797388913,19.077749,72.8803235,113.69763963618426
87.46000000000001,0.5041187249595497,19.0777492,72.8803238,113.69763963618426
87.47,0.5069865737502188,19.077749400000002,72.88032410000001,113.69763963618426
87.48,0.5098621211969212,19.0777496,72.8803244,113.69763963618426
87.49,0.5127453623724848,19.0777498,72.8803247,113.69763963618426
87.5,0.5156362923365554,19.07775,72.880325,113.69763963618426
87.51,0.5185349061356065,19.0777502,72.88032530000001,113.69763963618426
87.52,0.5214411988029344,19.0777504,72.8803256,113.69763963618426
87.53,0.5243551653586898,19.0777506,72.8803259,113.69763963618426
87.54,0.5272768008098788,19.0777508,72.8803262,113.69763963618426
87.55,0.5302061001503344,19.077751,72.88032650000001,113.69763963618426
87.56,0.5331430583608138,19.0777512,72.8803268,113.69763963618426
87.57000000000001,0.5360876704088963,19.0777514,72.8803271,113.69763963618426
87.58,0.5390399312490757,19.0777516,72.8803274,113.69763963618426
87.59,0.541999835822739,19.0777518,72.88032770000001,113.69763963618426
87.60000000000001,0.5449673790581616,19.077752,72.880328,113.69763963618426
87.61,0.5479425558705436,19.0777522,72.8803283,113.69763963618426
87.62,0.5509253611619996,19.0777524,72.8803286,113.69763963618426
87.63,0.5539157898215752,19.0777526,72.88032890000001,113.69763963618426
87.64,0.5569138367252563,19.0777528,72.8803292,113.69763963618426
87.65,0.5599194967359622,19.077753,72.8803295,113.69763963618426
87.66,0.5629327647035814,19.0777532,72.8803298,113.69763963618426
87.67,0.5659536354649614,19.0777534,72.88033010000001,113.69763963618426
87.68,0.5689821038439302,19.0777536,72.8803304,113.69763963618426
87.69,0.5720181646512651,19.0777538,72.8803307,113.69763963618426
87.7,0.5750618126847917,19.077754,72.880331,113.69763963618426
87.71000000000001,0.5781130427292819,19.0777542,72.88033130000001,113.69763963618426
87.72,0.5811718495565316,19.0777544,72.8803316,113.69763963618426
87.73,0.5842382279253755,19.077754600000002,72.8803319,113.69763963618426
87.74,0.5873121725816405,19.0777548,72.8803322,113.69763963618426
87.75,0.5903936782582242,19.077755,72.88033250000001,113.69763963618426
87.76,0.593482739675037,19.077755200000002,72.8803328,113.69763963618426
87.77,0.596579351539061,19.0777554,72.8803331,113.69763963618426
87.78,0.5996835085443403,19.0777556,72.8803334,113.69763963618426
87.79,0.6027952053719776,19.077755800000002,72.88033370000001,113.69763963618426
87.8,0.6059144366901703,19.077756,72.880334,113.69763963618426
87.81,0.6090411971542004,19.0777562,72.8803343,113.69763963618426
87.82000000000001,0.6121754814064567,19.077756400000002,72.8803346,113.69763963618426
87.83,0.6153172840764126,19.0777566,72.88033490000001,113.69763963618426
87.84,0.6184665997806826,19.0777568,72.8803352,113.69763963618426
87.85000000000001,0.621623423123005,19.077757000000002,72.8803355,113.69763963618426
87.86,0.624787748694236,19.0777572,72.8803358,113.69763963618426
87.87,0.6279595710724067,19.0777574,72.88033610000001,113.69763963618426
87.88,0.6311388848226734,19.0777576,72.8803364,113.69763963618426
87.89,0.6343256844973733,19.0777578,72.8803367,113.69763963618426
87.9,0.6375199646360163,19.077758,72.880337,113.69763963618426
87.91,0.6407217197652765,19.0777582,72.88033730000001,113.69763963618426
87.92,0.6439309443990521,19.0777584,72.8803376,113.69763963618426
87.93,0.6471476330384107,19.0777586,72.8803379,113.69763963618426
87.94,0.650371780171648,19.0777588,72.88033820000001,113.69763963618426
87.95,0.6536033802742858,19.077759,72.88033850000001,113.69763963618426
87.96000000000001,0.6568424278090462,19.0777592,72.8803388,113.69763963618426
87.97,0.66008891722592,19.0777594,72.8803391,113.69763963618426
87.98,0.6633428429621346,19.0777596,72.88033940000001,113.69763963618426
87.99,0.6666041994421779,19.0777598,72.88033970000001,113.69763963618426
88.0,0.6698729810778042,19.07776,72.88034,113.69763963618426
88.01,0.6731491822680497,19.0777602,72.8803403,113.69763963618426
88.02,0.676432797399224,19.0777604,72.88034060000001,113.69763963618426
88.03,0.6797238208449463,19.0777606,72.88034090000001,113.69763963618426
88.04,0.6830222469661429,19.0777608,72.8803412,113.69763963618426
88.05,0.6863280701110364,19.077761,72.8803415,113.69763963618426
88.06,0.6896412846152067,19.0777612,72.88034180000001,113.69763963618426
88.07000000000001,0.6929618848015384,19.0777614,72.88034210000001,113.69763963618426
88.08,0.6962898649802773,19.0777616,72.8803424,113.69763963618426
88.09,0.6996252194490299,19.0777618,72.8803427,113.69763963618426
88.10000000000001,0.7029679424927388,19.077762,72.88034300000001,113.69763963618426
88.11,0.7063180283837478,19.077762200000002,72.8803433,113.69763963618426
88.12,0.7096754713817766,19.0777624,72.8803436,113.69763963618426
88.13,0.713040265733938,19.0777626,72.8803439,113.69763963618426
88.14,0.7164124056747528,19.077762800000002,72.88034420000001,113.69763963618426
88.15,0.7197918854261426,19.077763,72.8803445,113.69763963618426
88.16,0.7231786991974654,19.0777632,72.8803448,113.69763963618426
88.17,0.7265728411855077,19.077763400000002,72.8803451,113.69763963618426
88.18,0.7299743055745045,19.0777636,72.88034540000001,113.69763963618426
88.19,0.7333830865361307,19.0777638,72.8803457,113.69763963618426
88.2,0.7367991782295363,19.077764000000002,72.880346,113.69763963618426
88.21000000000001,0.7402225748013519,19.0777642,72.8803463,113.69763963618426
88.22,0.7436532703856524,19.0777644,72.88034660000001,113.69763963618426
88.23,0.7470912591040718,19.077764600000002,72.8803469,113.69763963618426
88.24,0.7505365350656817,19.0777648,72.8803472,113.69763963618426
88.25,0.7539890923671055,19.077765,72.8803475,113.69763963618426
88.26,0.7574489250924848,19.0777652,72.88034780000001,113.69763963618426
88.27,0.7609160273134769,19.0777654,72.8803481,113.69763963618426
88.28,0.7643903930893148,19.0777656,72.8803484,113.69763963618426
88.29,0.7678720164667541,19.0777658,72.8803487,113.69763963618426
88.3,0.7713608914801318,19.077766,72.88034900000001,113.69763963618426
88.31,0.7748570121513609,19.0777662,72.8803493,113.69763963618426
88.32000000000001,0.7783603724899241,19.0777664,72.8803496,113.69763963618426
88.33,0.7818709664929147,19.0777666,72.8803499,113.69763963618426
88.34,0.7853887881450244,19.0777668,72.88035020000001,113.69763963618426
88.35000000000001,0.7889138314185723,19.077767,72.8803505,113.69763963618426
88.36,0.7924460902734631,19.0777672,72.8803508,113.69763963618426
88.37,0.7959855586573067,19.0777674,72.8803511,113.69763963618426
88.38,0.7995322305052915,19.0777676,72.88035140000001,113.69763963618426
88.39,0.8030860997403011,19.0777678,72.8803517,113.69763963618426
88.4,0.8066471602728825,19.077768,72.880352,113.69763963618426
88.41,0.8102154060012418,19.0777682,72.8803523,113.69763963618426
88.42,0.8137908308113051,19.0777684,72.88035260000001,113.69763963618426
88.43,0.817373428576666,19.0777686,72.8803529,113.69763963618426
88.44,0.8209631931586459,19.0777688,72.8803532,113.69763963618426
88.45,0.8245601184062851,19.077769,72.8803535,113.69763963618426
88.46000000000001,0.8281641981563409,19.0777692,72.88035380000001,113.69763963618426
88.47,0.8317754262333255,19.0777694,72.8803541,113.69763963618426
88.48,0.835393796449499,19.0777696,72.8803544,113.69763963618426
88.49,0.8390193026048809,19.077769800000002,72.8803547,113.69763963618426
88.5,0.8426519384872766,19.07777,72.88035500000001,113.69763963618426
88.51,0.8462916978722435,19.0777702,72.8803553,113.69763963618426
88.52,0.849938574523163,19.077770400000002,72.8803556,113.69763963618426
88.53,0.8535925621912105,19.0777706,72.8803559,113.69763963618426
88.54,0.8572536546153836,19.0777708,72.88035620000001,113.69763963618426
88.55,0.8609218455224904,19.077771000000002,72.8803565,113.69763963618426
88.56,0.8645971286271903,19.0777712,72.8803568,113.69763963618426
88.57000000000001,0.8682794976319907,19.0777714,72.8803571,113.69763963618426
88.58,0.8719689462272379,19.077771600000002,72.88035740000001,113.69763963618426
88.59,0.8756654680911824,19.0777718,72.8803577,113.69763963618426
88.60000000000001,0.8793690568899198,19.077772,72.880358,113.69763963618426
88.61,0.883079706277457,19.077772200000002,72.8803583,113.69763963618426
88.62,0.8867974098957065,19.0777724,72.88035860000001,113.69763963618426
88.63,0.8905221613744546,19.0777726,72.8803589,113.69763963618426
88.64,0.894253954331482,19.0777728,72.8803592,113.69763963618426
88.65,0.8979927823724326,19.077773,72.8803595,113.69763963618426
88.66,0.9017386390909371,19.0777732,72.88035980000001,113.69763963618426
88.67,0.9054915180685708,19.0777734,72.8803601,113.69763963618426
88.68,0.9092514128748841,19.0777736,72.8803604,113.69763963618426
88.69,0.9130183170673895,19.0777738,72.88036070000001,113.69763963618426
88.7,0.9167922241916038,19.077774,72.88036100000001,113.69763963618426
88.71000000000001,0.9205731277810458,19.0777742,72.8803613,113.69763963618426
88.72,0.9243610213572245,19.0777744,72.8803616,113.69763963618426
88.73,0.9281558984297078,19.0777746,72.88036190000001,113.69763963618426
88.74,0.9319577524960626,19.0777748,72.88036220000001,113.69763963618426
88.75,0.9357665770419199,19.077775,72.8803625,113.69763963618426
88.76,0.9395823655409735,19.0777752,72.8803628,113.69763963618426
88.77,0.943405111454943,19.0777754,72.88036310000001,113.69763963618426
88.78,0.9472348082336984,19.0777756,72.88036340000001,113.69763963618426
88.79,0.9510714493151279,19.0777758,72.8803637,113.69763963618426
88.8,0.9549150281252616,19.077776,72.880364,113.69763963618426
88.81,0.9587655380782373,19.0777762,72.88036430000001,113.69763963618426
88.82000000000001,0.9626229725763014,19.0777764,72.88036460000001,113.69763963618426
88.83,0.9664873250098494,19.0777766,72.8803649,113.69763963618426
88.84,0.970358588757419,19.0777768,72.8803652,113.69763963618426
88.85000000000001,0.9742367571857102,19.077777,72.88036550000001,113.69763963618426
88.86,0.9781218236495776,19.0777772,72.8803658,113.69763963618426
88.87,0.9820137814920699,19.077777400000002,72.8803661,113.69763963618426
88.88,0.9859126240444238,19.0777776,72.8803664,113.69763963618426
88.89,0.9898183446260794,19.0777778,72.88036670000001,113.69763963618426
88.9,0.9937309365447011,19.077778000000002,72.880367,113.69763963618426
88.91,0.9976503930961478,19.0777782,72.8803673,113.69763963618426
88.92,1.0015767075645483,19.0777784,72.8803676,113.69763963618426
88.93,1.0055098732222756,19.077778600000002,72.88036790000001,113.69763963618426
88.94,1.0094498833299408,19.0777788,72.8803682,113.69763963618426
88.95,1.0133967311364662,19.077779,72.8803685,113.69763963618426
88.96000000000001,1.0173504098790187,19.077779200000002,72.8803688,113.69763963618426
88.97,1.0213109127830833,19.0777794,72.88036910000001,113.69763963618426
88.98,1.0252782330624466,19.0777796,72.8803694,113.69763963618426
88.99,1.029252363919213,19.077779800000002,72.8803697,113.69763963618426
89.0,1.033233298543823,19.07778,72.88037,113.69763963618426
89.01,1.037221030115043,19.0777802,72.88037030000001,113.69763963618426
89.02,1.0412155518000095,19.0777804,72.8803706,113.69763963618426
89.03,1.0452168567542175,19.0777806,72.8803709,113.69763963618426
89.04,1.0492249381215517,19.0777808,72.8803712,113.69763963618426
89.05,1.0532397890342515,19.077781,72.88037150000001,113.69763963618426
89.06,1.0572614026129912,19.0777812,72.8803718,113.69763963618426
89.07000000000001,1.0612897719668495,19.0777814,72.8803721,113.69763963618426
89.08,1.0653248901933106,19.0777816,72.8803724,113.69763963618426
89.09,1.06936675037833,19.0777818,72.88037270000001,113.69763963618426
89.10000000000001,1.0734153455962747,19.077782,72.880373,113.69763963618426
89.11,1.0774706689099922,19.0777822,72.8803733,113.69763963618426
89.12,1.0815327133708026,19.0777824,72.8803736,113.69763963618426
89.13,1.0856014720184866,19.0777826,72.88037390000001,113.69763963618426
89.14,1.0896769378813587,19.0777828,72.8803742,113.69763963618426
89.15,1.093759103976204,19.077783,72.8803745,113.69763963618426
89.16,1.097847963308346,19.0777832,72.8803748,113.69763963618426
89.17,1.1019435088716483,19.0777834,72.88037510000001,113.69763963618426
89.18,1.1060457336484824,19.0777836,72.8803754,113.69763963618426
89.19,1.1101546306098093,19.0777838,72.8803757,113.69763963618426
89.2,1.114270192715145,19.077784,72.880376,113.69763963618426
89.21000000000001,1.1183924129125933,19.0777842,72.88037630000001,113.69763963618426
89.22,1.1225212841388292,19.0777844,72.8803766,113.69763963618426
89.23,1.1266567993191519,19.0777846,72.8803769,113.69763963618426
89.24,1.1307989513674677,19.0777848,72.8803772,113.69763963618426
89.25,1.1349477331863123,19.077785000000002,72.88037750000001,113.69763963618426
89.26,1.1391031376668663,19.0777852,72.8803778,113.69763963618426
89.27,1.1432651576889414,19.0777854,72.8803781,113.69763963618426
89.28,1.1474337861210508,19.077785600000002,72.8803784,113.69763963618426
89.29,1.1516090158203485,19.0777858,72.88037870000001,113.69763963618426
89.3,1.1557908396326966,19.077786,72.880379,113.69763963618426
89.31,1.1599792503926647,19.077786200000002,72.8803793,113.69763963618426
89.32000000000001,1.1641742409235039,19.0777864,72.8803796,113.69763963618426
89.33,1.1683758040372232,19.0777866,72.88037990000001,113.69763963618426
89.34,1.1725839325345577,19.077786800000002,72.8803802,113.69763963618426
89.35000000000001,1.1767986192050013,19.077787,72.8803805,113.69763963618426
89.36,1.18101985682679,19.0777872,72.8803808,113.69763963618426
89.37,1.1852476381669552,19.077787400000002,72.88038110000001,113.69763963618426
89.38,1.1894819559813086,19.0777876,72.8803814,113.69763963618426
89.39,1.193722803014462,19.0777878,72.8803817,113.69763963618426
89.4,1.1979701719998452,19.077788,72.880382,113.69763963618426
89.41,1.2022240556596957,19.0777882,72.88038230000001,113.69763963618426
89.42,1.2064844467051061,19.0777884,72.8803826,113.69763963618426
89.43,1.2107513378360228,19.0777886,72.8803829,113.69763963618426
89.44,1.215024721741211,19.0777888,72.88038320000001,113.69763963618426
89.45,1.219304591098389,19.077789,72.88038350000001,113.69763963618426
89.46000000000001,1.2235909385740835,19.0777892,72.8803838,113.69763963618426
89.47,1.2278837568237655,19.0777894,72.8803841,113.69763963618426
89.48,1.2321830384918142,19.0777896,72.88038440000001,113.69763963618426
89.49,1.2364887762115107,19.0777898,72.88038470000001,113.69763963618426
89.5,1.240800962605113,19.07779,72.880385,113.69763963618426
89.51,1.2451195902837908,19.0777902,72.8803853,113.69763963618426
89.52,1.2494446518476994,19.0777904,72.88038560000001,113.69763963618426
89.53,1.2537761398859681,19.0777906,72.88038590000001,113.69763963618426
89.54,1.2581140469766994,19.0777908,72.8803862,113.69763963618426
89.55,1.2624583656870136,19.077791,72.8803865,113.69763963618426
89.56,1.2668090885730388,19.0777912,72.88038680000001,113.69763963618426
89.57000000000001,1.2711662081799417,19.0777914,72.88038710000001,113.69763963618426
89.58,1.2755297170418816,19.0777916,72.8803874,113.69763963618426
89.59,1.2798996076821523,19.0777918,72.8803877,113.69763963618426
89.60000000000001,1.2842758726130294,19.077792,72.88038800000001,113.69763963618426
89.61,1.2886585043359138,19.0777922,72.8803883,113.69763963618426
89.62,1.2930474953412925,19.0777924,72.8803886,113.69763963618426
89.63,1.29744283810873,19.077792600000002,72.8803889,113.69763963618426
89.64,1.301844525106951,19.0777928,72.88038920000001,113.69763963618426
89.65,1.3062525487937666,19.077793,72.8803895,113.69763963618426
89.66,1.3106669016161536,19.077793200000002,72.8803898,113.69763963618426
89.67,1.3150875760102465,19.0777934,72.8803901,113.69763963618426
89.68,1.3195145644013269,19.0777936,72.88039040000001,113.69763963618426
89.69,1.3239478592038767,19.077793800000002,72.8803907,113.69763963618426
89.7,1.3283874528215671,19.077794,72.880391,113.69763963618426
89.71000000000001,1.3328333376472867,19.0777942,72.8803913,113.69763963618426
89.72,1.3372855060631095,19.077794400000002,72.88039160000001,113.69763963618426
89.73,1.3417439504403776,19.0777946,72.8803919,113.69763963618426
89.74,1.3462086631396692,19.0777948,72.8803922,113.69763963618426
89.75,1.3506796365108191,19.077795000000002,72.8803925,113.69763963618426
89.76,1.3551568628929445,19.0777952,72.88039280000001,113.69763963618426
89.77,1.3596403346144266,19.0777954,72.8803931,113.69763963618426
89.78,1.3641300439929642,19.0777956,72.8803934,113.69763963618426
89.79,1.3686259833355707,19.0777958,72.8803937,113.69763963618426
89.8,1.3731281449385568,19.077796,72.88039400000001,113.69763963618426
89.81,1.3776365210876156,19.0777962,72.8803943,113.69763963618426
89.82000000000001,1.3821511040577505,19.0777964,72.8803946,113.69763963618426
89.83,1.386671886113352,19.0777966,72.8803949,113.69763963618426
89.84,1.3911988595081954,19.0777968,72.88039520000001,113.69763963618426
89.85000000000001,1.3957320164854103,19.077797,72.8803955,113.69763963618426
89.86,1.4002713492775687,19.0777972,72.8803958,113.69763963618426
89.87,1.4048168501066471,19.0777974,72.8803961,113.69763963618426
89.88,1.4093685111840548,19.0777976,72.88039640000001,113.69763963618426
89.89,1.4139263247106433,19.0777978,72.8803967,113.69763963618426
89.9,1.4184902828767298,19.077798,72.880397,113.69763963618426
89.91,1.4230603778620847,19.0777982,72.8803973,113.69763963618426
89.92,1.427636601835981,19.0777984,72.88039760000001,113.69763963618426
89.93,1.4322189469571889,19.0777986,72.8803979,113.69763963618426
89.94,1.4368074053739672,19.0777988,72.8803982,113.69763963618426
89.95,1.4414019692241413,19.077799,72.8803985,113.69763963618426
89.96000000000001,1.4460026306350338,19.0777992,72.88039880000001,113.69763963618426
89.97,1.4506093817235426,19.0777994,72.8803991,113.69763963618426
89.98,1.455222214596138,19.0777996,72.8803994,113.69763963618426
89.99,1.459841121348819,19.0777998,72.8803997,113.69763963618426
90.0,1.4644660940672638,19.0778,72.88040000000001,113.69763963618426
90.01,1.4690971248266715,19.077800200000002,72.8804003,113.69763963618426
90.02,1.473734205691909,19.0778004,72.8804006,113.69763963618426
90.03,1.4783773287174717,19.0778006,72.8804009,113.69763963618426
90.04,1.4830264859474807,19.077800800000002,72.88040120000001,113.69763963618426
90.05,1.4876816694157395,19.077801,72.8804015,113.69763963618426
90.06,1.492342871145718,19.0778012,72.8804018,113.69763963618426
90.07000000000001,1.4970100831505802,19.077801400000002,72.8804021,113.69763963618426
90.08,1.5016832974331722,19.0778016,72.88040240000001,113.69763963618426
90.09,1.506362505986076,19.0778018,72.8804027,113.69763963618426
90.10000000000001,1.5110477007916074,19.077802000000002,72.880403,113.69763963618426
90.11,1.5157388738217752,19.0778022,72.8804033,113.69763963618426
90.12,1.520436017038433,19.0778024,72.88040360000001,113.69763963618426
90.13,1.5251391223931154,19.077802600000002,72.8804039,113.69763963618426
90.14,1.5298481818271925,19.0778028,72.8804042,113.69763963618426
90.15,1.5345631872718257,19.077803,72.8804045,113.69763963618426
90.16,1.5392841306479625,19.0778032,72.88040480000001,113.69763963618426
90.17,1.5440110038664212,19.0778034,72.8804051,113.69763963618426
90.18,1.548743798827814,19.0778036,72.8804054,113.69763963618426
90.19,1.553482507422631,19.0778038,72.88040570000001,113.69763963618426
90.2,1.558227121531226,19.077804,72.88040600000001,113.69763963618426
90.21000000000001,1.562977633023837,19.0778042,72.8804063,113.69763963618426
90.22,1.5677340337605798,19.0778044,72.8804066,113.69763963618426
90.23,1.572496315591498,19.0778046,72.88040690000001,113.69763963618426
90.24,1.5772644703565515,19.0778048,72.88040720000001,113.69763963618426
90.25,1.582038489885636,19.077805,72.8804075,113.69763963618426
90.26,1.5868183659986135,19.0778052,72.8804078,113.69763963618426
90.27,1.5916040905052702,19.0778054,72.88040810000001,113.69763963618426
90.28,1.596395655205411,19.0778056,72.88040840000001,113.69763963618426
90.29,1.6011930518888255,19.0778058,72.8804087,113.69763963618426
90.3,1.6059962723352872,19.077806,72.880409,113.69763963618426
90.31,1.6108053083146339,19.0778062,72.88040930000001,113.69763963618426
90.32000000000001,1.6156201515866946,19.0778064,72.88040960000001,113.69763963618426
90.33,1.6204407939013732,19.0778066,72.8804099,113.69763963618426
90.34,1.6252672269986363,19.0778068,72.8804102,113.69763963618426
90.35000000000001,1.6300994426085103,19.077807,72.88041050000001,113.69763963618426
90.36,1.6349374324511308,19.0778072,72.8804108,113.69763963618426
90.37,1.6397811882367348,19.0778074,72.8804111,113.69763963618426
90.38,1.6446307016656787,19.0778076,72.8804114,113.69763963618426
90.39,1.6494859644284665,19.077807800000002,72.88041170000001,113.69763963618426
90.4,1.6543469682057115,19.077808,72.880412,113.69763963618426
90.41,1.6592137046682298,19.0778082,72.8804123,113.69763963618426
90.42,1.6640861654770007,19.077808400000002,72.8804126,113.69763963618426
90.43,1.6689643422832017,19.0778086,72.88041290000001,113.69763963618426
90.44,1.6738482267281973,19.0778088,72.8804132,113.69763963618426
90.45,1.6787378104435908,19.077809000000002,72.8804135,113.69763963618426
90.46000000000001,1.6836330850512211,19.0778092,72.8804138,113.69763963618426
90.47,1.6885340421631474,19.0778094,72.88041410000001,113.69763963618426
90.48,1.6934406733817409,19.077809600000002,72.8804144,113.69763963618426
90.49,1.6983529702995959,19.0778098,72.8804147,113.69763963618426
90.5,1.7032709244996518,19.07781,72.880415,113.69763963618426
90.51,1.7081945275551091,19.077810200000002,72.88041530000001,113.69763963618426
90.52,1.7131237710295133,19.0778104,72.8804156,113.69763963618426
90.53,1.7180586464767549,19.0778106,72.8804159,113.69763963618426
90.54,1.722999145441032,19.0778108,72.8804162,113.69763963618426
90.55,1.7279452594569478,19.077811,72.88041650000001,113.69763963618426
90.56,1.732896980049471,19.0778112,72.8804168,113.69763963618426
90.57000000000001,1.7378542987339691,19.0778114,72.8804171,113.69763963618426
90.58,1.7428172070161985,19.0778116,72.8804174,113.69763963618426
90.59,1.7477856963923588,19.0778118,72.88041770000001,113.69763963618426
90.60000000000001,1.752759758349085,19.077812,72.880418,113.69763963618426
90.61,1.757739384363437,19.0778122,72.8804183,113.69763963618426
90.62,1.7627245659029889,19.0778124,72.8804186,113.69763963618426
90.63,1.767715294425748,19.0778126,72.88041890000001,113.69763963618426
90.64,1.7727115613802424,19.0778128,72.8804192,113.69763963618426
90.65,1.7777133582055198,19.077813,72.8804195,113.69763963618426
90.66,1.7827206763310965,19.0778132,72.8804198,113.69763963618426
90.67,1.7877335071771239,19.0778134,72.88042010000001,113.69763963618426
90.68,1.7927518421542117,19.0778136,72.8804204,113.69763963618426
90.69,1.7977756726635934,19.0778138,72.8804207,113.69763963618426
90.7,1.80280499009708,19.077814,72.880421,113.69763963618426
90.71000000000001,1.8078397858370587,19.0778142,72.88042130000001,113.69763963618426
90.72,1.8128800512565513,19.0778144,72.8804216,113.69763963618426
90.73,1.8179257777192,19.0778146,72.8804219,113.69763963618426
90.74,1.8229769565792908,19.0778148,72.8804222,113.69763963618426
90.75,1.8280335791817726,19.077815,72.88042250000001,113.69763963618426
90.76,1.8330956368622475,19.0778152,72.8804228,113.69763963618426
90.77,1.838163120947024,19.077815400000002,72.8804231,113.69763963618426
90.78,1.8432360227531057,19.0778156,72.8804234,113.69763963618426
90.79,1.8483143335882284,19.0778158,72.88042370000001,113.69763963618426
90.8,1.853398044750803,19.077816000000002,72.880424,113.69763963618426
90.81,1.858487147530084,19.0778162,72.8804243,113.69763963618426
90.82000000000001,1.8635816332059918,19.0778164,72.8804246,113.69763963618426
90.83,1.8686814930492774,19.077816600000002,72.88042490000001,113.69763963618426
90.84,1.873786718321477,19.0778168,72.8804252,113.69763963618426
90.85000000000001,1.878897300274912,19.077817,72.8804255,113.69763963618426
90.86,1.8840132301527475,19.077817200000002,72.8804258,113.69763963618426
90.87,1.8891344991889758,19.0778174,72.88042610000001,113.69763963618426
90.88,1.8942610986084425,19.0778176,72.8804264,113.69763963618426
90.89,1.8993930196268667,19.077817800000002,72.8804267,113.69763963618426
90.9,1.9045302534508273,19.077818,72.880427,113.69763963618426
90.91,1.909672791277821,19.0778182,72.88042730000001,113.69763963618426
90.92,1.91482062429625,19.0778184,72.8804276,113.69763963618426
90.93,1.9199737436854558,19.0778186,72.8804279,113.69763963618426
90.94,1.9251321406156818,19.0778188,72.88042820000001,113.69763963618426
90.95,1.9302958062481683,19.077819,72.88042850000001,113.69763963618426
90.96000000000001,1.9354647317351237,19.0778192,72.8804288,113.69763963618426
90.97,1.9406389082197122,19.0778194,72.8804291,113.69763963618426
90.98,1.9458183268361524,19.0778196,72.88042940000001,113.69763963618426
90.99,1.9510029787096306,19.0778198,72.88042970000001,113.69763963618426
91.0,1.9561928549563945,19.07782,72.88043,113.69763963618426
91.01,1.9613879466837387,19.0778202,72.8804303,113.69763963618426
91.02,1.9665882449899952,19.0778204,72.88043060000001,113.69763963618426
91.03,1.9717937409646213,19.0778206,72.88043090000001,113.69763963618426
91.04,1.977004425688122,19.0778208,72.8804312,113.69763963618426
91.05,1.9822202902321373,19.077821,72.8804315,113.69763963618426
91.06,1.9874413256594392,19.0778212,72.88043180000001,113.69763963618426
91.07000000000001,1.9926675230238984,19.0778214,72.88043210000001,113.69763963618426
91.08,1.9978988733705816,19.0778216,72.8804324,113.69763963618426
91.09,2.0031353677357133,19.0778218,72.8804327,113.69763963618426
91.10000000000001,2.00837699714671,19.077822,72.88043300000001,113.69763963618426
91.11,2.0136237526221605,19.0778222,72.8804333,113.69763963618426
91.12,2.0188756251719218,19.0778224,72.8804336,113.69763963618426
91.13,2.0241326057970315,19.0778226,72.8804339,113.69763963618426
91.14,2.0293946854898035,19.0778228,72.88043420000001,113.69763963618426
91.15,2.034661855233816,19.077823000000002,72.8804345,113.69763963618426
91.16,2.0399341060038942,19.0778232,72.8804348,113.69763963618426
91.17,2.04521142876621,19.0778234,72.8804351,113.69763963618426
91.18,2.0504938144781932,19.077823600000002,72.88043540000001,113.69763963618426
91.19,2.055781254088626,19.0778238,72.8804357,113.69763963618426
91.2,2.06107373853764,19.077824,72.880436,113.69763963618426
91.21000000000001,2.066371258756678,19.077824200000002,72.8804363,113.69763963618426
91.22,2.071673805668598,19.0778244,72.88043660000001,113.69763963618426
91.23,2.076981370187631,19.0778246,72.8804369,113.69763963618426
91.24,2.082293943219409,19.077824800000002,72.8804372,113.69763963618426
91.25,2.087611515660991,19.077825,72.8804375,113.69763963618426
91.26,2.0929340784008463,19.0778252,72.88043780000001,113.69763963618426
91.27,2.098261622318917,19.077825400000002,72.8804381,113.69763963618426
91.28,2.1035941382866015,19.0778256,72.8804384,113.69763963618426
91.29,2.1089316171667853,19.0778258,72.8804387,113.69763963618426
91.3,2.1142740498138304,19.077826,72.88043900000001,113.69763963618426
91.31,2.1196214270736307,19.0778262,72.8804393,113.69763963618426
91.32000000000001,2.124973739783616,19.0778264,72.8804396,113.69763963618426
91.33,2.1303309787727005,19.0778266,72.8804399,113.69763963618426
91.34,2.1356931348614596,19.0778268,72.88044020000001,113.69763963618426
91.35000000000001,2.141060198861941,19.077827,72.8804405,113.69763963618426
91.36,2.1464321615778417,19.0778272,72.8804408,113.69763963618426
91.37,2.151809013804457,19.0778274,72.8804411,113.69763963618426
91.38,2.157190746328676,19.0778276,72.88044140000001,113.69763963618426
91.39,2.1625773499290752,19.0778278,72.8804417,113.69763963618426
91.4,2.1679688153758345,19.077828,72.880442,113.69763963618426
91.41,2.173365133430832,19.0778282,72.8804423,113.69763963618426
91.42,2.1787662948476245,19.0778284,72.88044260000001,113.69763963618426
91.43,2.184172290371475,19.0778286,72.8804429,113.69763963618426
91.44,2.189583110739344,19.0778288,72.8804432,113.69763963618426
91.45,2.194998746679946,19.077829,72.8804435,113.69763963618426
91.46000000000001,2.2004191889137497,19.0778292,72.88044380000001,113.69763963618426
91.47,2.2058444281529326,19.0778294,72.8804441,113.69763963618426
91.48,2.211274455101553,19.0778296,72.8804444,113.69763963618426
91.49,2.216709260455363,19.0778298,72.8804447,113.69763963618426
91.5,2.2221488349019882,19.077830000000002,72.88044500000001,113.69763963618426
91.51,2.2275931691208717,19.0778302,72.8804453,113.69763963618426
91.52,2.2330422537832746,19.0778304,72.8804456,113.69763963618426
91.53,2.238496079552367,19.077830600000002,72.8804459,113.69763963618426
91.54,2.243954637083146,19.0778308,72.88044620000001,113.69763963618426
91.55,2.249417917022529,19.077831,72.8804465,113.69763963618426
91.56,2.2548859100093424,19.077831200000002,72.8804468,113.69763963618426
91.57000000000001,2.2603586066743135,19.0778314,72.8804471,113.69763963618426
91.58,2.265835997640134,19.0778316,72.88044740000001,113.69763963618426
91.59,2.2713180735214444,19.077831800000002,72.8804477,113.69763963618426
91.60000000000001,2.2768048249248714,19.077832,72.880448,113.69763963618426
91.61,2.282296242448986,19.0778322,72.8804483,113.69763963618426
91.62,2.287792316684408,19.077832400000002,72.88044860000001,113.69763963618426
91.63,2.293293038213766,19.0778326,72.8804489,113.69763963618426
91.64,2.2987983976117228,19.0778328,72.8804492,113.69763963618426
91.65,2.304308385445002,19.077833000000002,72.8804495,113.69763963618426
91.66,2.309822992272375,19.0778332,72.88044980000001,113.69763963618426
91.67,2.3153422086447213,19.0778334,72.8804501,113.69763963618426
91.68,2.3208660251050213,19.0778336,72.8804504,113.69763963618426
91.69,2.326394432188343,19.0778338,72.88045070000001,113.69763963618426
91.7,2.331927420421942,19.077834,72.88045100000001,113.69763963618426
91.71000000000001,2.337464980325171,19.0778342,72.8804513,113.69763963618426
91.72,2.3430071024095804,19.0778344,72.8804516,113.69763963618426
91.73,2.348553777178895,19.0778346,72.88045190000001,113.69763963618426
91.74,2.354104995129038,19.0778348,72.88045220000001,113.69763963618426
91.75,2.3596607467481636,19.077835,72.8804525,113.69763963618426
91.76,2.3652210225166135,19.0778352,72.8804528,113.69763963618426
91.77,2.3707858129070214,19.0778354,72.88045310000001,113.69763963618426
91.78,2.376355108384271,19.0778356,72.88045340000001,113.69763963618426
91.79,2.381928899405534,19.0778358,72.8804537,113.69763963618426
91.8,2.3875071764202556,19.077836,72.880454,113.69763963618426
91.81,2.393089929870218,19.0778362,72.88045430000001,113.69763963618426
91.82000000000001,2.398677150189533,19.0778364,72.88045460000001,113.69763963618426
91.83,2.4042688278046285,19.0778366,72.8804549,113.69763963618426
91.84,2.4098649531343472,19.0778368,72.8804552,113.69763963618426
91.85000000000001,2.4154655165898586,19.077837,72.88045550000001,113.69763963618426
91.86,2.421070508574757,19.0778372,72.88045580000001,113.69763963618426
91.87,2.426679919485056,19.0778374,72.8804561,113.69763963618426
91.88,2.432293739709139,19.077837600000002,72.8804564,113.69763963618426
91.89,2.4379119596279377,19.0778378,72.88045670000001,113.69763963618426
91.9,2.44353456961474,19.077838,72.880457,113.69763963618426
91.91,2.4491615600353716,19.077838200000002,72.8804573,113.69763963618426
91.92,2.4547929212481465,19.0778384,72.8804576,113.69763963618426
91.93,2.460428643603865,19.0778386,72.88045790000001,113.69763963618426
91.94,2.4660687174458786,19.077838800000002,72.8804582,113.69763963618426
91.95,2.4717131331100735,19.077839,72.8804585,113.69763963618426
91.96000000000001,2.477361880924906,19.0778392,72.8804588,113.69763963618426
91.97,2.483014951211384,19.077839400000002,72.88045910000001,113.69763963618426
91.98,2.4886723342831347,19.0778396,72.8804594,113.69763963618426
91.99,2.494334020446386,19.0778398,72.8804597,113.69763963618426
92.0,2.499999999999993,19.077840000000002,72.88046,113.69763963618426
92.01,2.505670263235469,19.0778402,72.88046030000001,113.69763963618426
92.02,2.511344800436927,19.0778404,72.8804606,113.69763963618426
92.03,2.517023601881264,19.077840600000002,72.8804609,113.69763963618426
92.04,2.5227066578379613,19.0778408,72.8804612,113.69763963618426
92.05,2.528393958569274,19.077841,72.88046150000001,113.69763963618426
92.06,2.534085494330174,19.0778412,72.8804618,113.69763963618426
92.07000000000001,2.5397812553683554,19.0778414,72.8804621,113.69763963618426
92.08,2.5454812319242937,19.0778416,72.8804624,113.69763963618426
92.09,2.5511854142312353,19.0778418,72.88046270000001,113.69763963618426
92.10000000000001,2.5568937925152255,19.077842,72.880463,113.69763963618426
92.11,2.5626063569951008,19.0778422,72.8804633,113.69763963618426
92.12,2.5683230978825438,19.0778424,72.8804636,113.69763963618426
92.13,2.5740440053820746,19.0778426,72.88046390000001,113.69763963618426
92.14,2.579769069691075,19.0778428,72.8804642,113.69763963618426
92.15,2.5854982809998184,19.077843,72.8804645,113.69763963618426
92.16,2.591231629491426,19.0778432,72.8804648,113.69763963618426
92.17,2.596969105341978,19.0778434,72.88046510000001,113.69763963618426
92.18,2.6027106987204727,19.0778436,72.8804654,113.69763963618426
92.19,2.6084563997888233,19.0778438,72.8804657,113.69763963618426
92.2,2.614206198701959,19.077844,72.880466,113.69763963618426
92.21000000000001,2.6199600856077327,19.0778442,72.88046630000001,113.69763963618426
92.22,2.6257180506470235,19.0778444,72.8804666,113.69763963618426
92.23,2.6314800839537233,19.0778446,72.8804669,113.69763963618426
92.24,2.6372461756547216,19.0778448,72.8804672,113.69763963618426
92.25,2.6430163158700095,19.077845,72.88046750000001,113.69763963618426
92.26,2.6487904947125838,19.077845200000002,72.8804678,113.69763963618426
92.27,2.6545687022885556,19.0778454,72.8804681,113.69763963618426
92.28,2.6603509286971394,19.0778456,72.8804684,113.69763963618426
92.29,2.6661371640306157,19.077845800000002,72.88046870000001,113.69763963618426
92.3,2.6719273983744447,19.077846,72.880469,113.69763963618426
92.31,2.6777216218072164,19.0778462,72.8804693,113.69763963618426
92.32000000000001,2.6835198244006966,19.077846400000002,72.8804696,113.69763963618426
92.33,2.6893219962197974,19.0778466,72.88046990000001,113.69763963618426
92.34,2.6951281273226884,19.0778468,72.8804702,113.69763963618426
92.35000000000001,2.7009382077606983,19.077847000000002,72.8804705,113.69763963618426
92.36,2.706752227578421,19.0778472,72.8804708,113.69763963618426
92.37,2.712570176813699,19.0778474,72.88047110000001,113.69763963618426
92.38,2.7183920454976116,19.077847600000002,72.8804714,113.69763963618426
92.39,2.7242178236545773,19.0778478,72.8804717,113.69763963618426
92.4,2.7300475013022596,19.077848,72.880472,113.69763963618426
92.41,2.7358810684516746,19.077848200000002,72.88047230000001,113.69763963618426
92.42,2.741718515107177,19.0778484,72.8804726,113.69763963618426
92.43,2.7475598312664316,19.0778486,72.8804729,113.69763963618426
92.44,2.7534050069205174,19.0778488,72.8804732,113.69763963618426
92.45,2.759254032053885,19.077849,72.88047350000001,113.69763963618426
92.46000000000001,2.765106896644398,19.0778492,72.8804738,113.69763963618426
92.47,2.7709635906633157,19.0778494,72.8804741,113.69763963618426
92.48,2.7768241040753616,19.0778496,72.88047440000001,113.69763963618426
92.49,2.782688426838704,19.0778498,72.88047470000001,113.69763963618426
92.5,2.788556548904988,19.07785,72.880475,113.69763963618426
92.51,2.7944284602193523,19.0778502,72.8804753,113.69763963618426
92.52,2.8003041507204216,19.0778504,72.88047560000001,113.69763963618426
92.53,2.8061836103403692,19.0778506,72.88047590000001,113.69763963618426
92.54,2.8120668290049156,19.0778508,72.8804762,113.69763963618426
92.55,2.8179537966332804,19.077851,72.8804765,113.69763963618426
92.56,2.8238445031383663,19.0778512,72.88047680000001,113.69763963618426
92.57000000000001,2.8297389384265625,19.0778514,72.88047710000001,113.69763963618426
92.58,2.8356370923979295,19.0778516,72.8804774,113.69763963618426
92.59,2.84153895494615,19.0778518,72.8804777,113.69763963618426
92.60000000000001,2.847444515958527,19.077852,72.88047800000001,113.69763963618426
92.61,2.85335376531605,19.0778522,72.88047830000001,113.69763963618426
92.62,2.859266692893383,19.0778524,72.8804786,113.69763963618426
92.63,2.8651832885588844,19.0778526,72.8804789,113.69763963618426
92.64,2.8711035421746303,19.077852800000002,72.88047920000001,113.69763963618426
92.65,2.8770274435964325,19.077853,72.8804795,113.69763963618426
92.66,2.882954982673835,19.0778532,72.8804798,113.69763963618426
92.67,2.888886149250167,19.077853400000002,72.8804801,113.69763963618426
92.68,2.8948209331625527,19.0778536,72.88048040000001,113.69763963618426
92.69,2.9007593242418532,19.0778538,72.8804807,113.69763963618426
92.7,2.9067013123128627,19.077854000000002,72.880481,113.69763963618426
92.71000000000001,2.912646887194097,19.0778542,72.8804813,113.69763963618426
92.72,2.9185960386979923,19.0778544,72.88048160000001,113.69763963618426
92.73,2.9245487566308475,19.077854600000002,72.8804819,113.69763963618426
92.74,2.930505030792819,19.0778548,72.8804822,113.69763963618426
92.75,2.936464850978026,19.077855,72.8804825,113.69763963618426
92.76,2.9424282069744527,19.077855200000002,72.88048280000001,113.69763963618426
92.77,2.9483950885640615,19.0778554,72.8804831,113.69763963618426
92.78,2.9543654855227706,19.0778556,72.8804834,113.69763963618426
92.79,2.960339387620452,19.077855800000002,72.8804837,113.69763963618426
92.8,2.966316784620994,19.077856,72.88048400000001,113.69763963618426
92.81,2.972297666282291,19.0778562,72.8804843,113.69763963618426
92.82000000000001,2.978282022356282,19.0778564,72.8804846,113.69763963618426
92.83,2.984269842588901,19.0778566,72.8804849,113.69763963618426
92.84,2.990261116720201,19.0778568,72.88048520000001,113.69763963618426
92.85000000000001,2.9962558344843027,19.077857,72.8804855,113.69763963618426
92.86,3.0022539856093964,19.0778572,72.8804858,113.69763963618426
92.87,3.0082555598178478,19.0778574,72.8804861,113.69763963618426
92.88,3.0142605468260975,19.0778576,72.88048640000001,113.69763963618426
92.89,3.0202689363447717,19.0778578,72.8804867,113.69763963618426
92.9,3.0262807180786675,19.077858,72.880487,113.69763963618426
92.91,3.0322958817267365,19.0778582,72.8804873,113.69763963618426
92.92,3.038314416982191,19.0778584,72.88048760000001,113.69763963618426
92.93,3.0443363135324124,19.0778586,72.8804879,113.69763963618426
92.94,3.050361561059053,19.0778588,72.8804882,113.69763963618426
92.95,3.0563901492380134,19.077859,72.8804885,113.69763963618426
92.96000000000001,3.062422067739491,19.0778592,72.88048880000001,113.69763963618426
92.97,3.068457306227923,19.0778594,72.8804891,113.69763963618426
92.98,3.0744958543621106,19.0778596,72.8804894,113.69763963618426
92.99,3.080537701795165,19.0778598,72.8804897,113.69763963618426
93.0,3.086582838174547,19.07786,72.88049000000001,113.69763963618426
93.01,3.0926312531420868,19.0778602,72.8804903,113.69763963618426
93.02,3.098682936333974,19.077860400000002,72.8804906,113.69763963618426
93.03,3.1047378773808236,19.0778606,72.8804909,113.69763963618426
93.04,3.1107960659076674,19.0778608,72.88049120000001,113.69763963618426
93.05,3.1168574915339375,19.077861000000002,72.8804915,113.69763963618426
93.06,3.1229221438735824,19.0778612,72.8804918,113.69763963618426
93.07000000000001,3.128990012534959,19.0778614,72.8804921,113.69763963618426
93.08,3.135061087120948,19.077861600000002,72.88049240000001,113.69763963618426
93.09,3.1411353572289458,19.0778618,72.8804927,113.69763963618426
93.10000000000001,3.147212812450823,19.077862,72.880493,113.69763963618426
93.11,3.153293442373042,19.077862200000002,72.8804933,113.69763963618426
93.12,3.159377236576609,19.0778624,72.88049360000001,113.69763963618426
93.13,3.16546418463711,19.0778626,72.8804939,113.69763963618426
93.14,3.1715542761247315,19.077862800000002,72.8804942,113.69763963618426
93.15,3.177647500604252,19.077863,72.8804945,113.69763963618426
93.16,3.1837438476351068,19.0778632,72.88049480000001,113.69763963618426
93.17,3.1898433067713694,19.077863400000002,72.8804951,113.69763963618426
93.18,3.195945867561792,19.0778636,72.8804954,113.69763963618426
93.19,3.202051519549788,19.0778638,72.8804957,113.69763963618426
93.2,3.2081602522734953,19.077864,72.88049600000001,113.69763963618426
93.21000000000001,3.214272055265784,19.0778642,72.8804963,113.69763963618426
93.22,3.220386918054197,19.0778644,72.8804966,113.69763963618426
93.23,3.22650483016115,19.0778646,72.88049690000001,113.69763963618426
93.24,3.2326257811037005,19.0778648,72.88049720000001,113.69763963618426
93.25,3.238749760393833,19.077865,72.8804975,113.69763963618426
93.26,3.2448767575382256,19.0778652,72.8804978,113.69763963618426
93.27,3.251006762038452,19.0778654,72.88049810000001,113.69763963618426
93.28,3.2571397633909256,19.0778656,72.88049840000001,113.69763963618426
93.29,3.2632757510868986,19.0778658,72.8804987,113.69763963618426
93.3,3.269414714612532,19.077866,72.880499,113.69763963618426
93.31,3.2755566434488785,19.0778662,72.88049930000001,113.69763963618426
93.32000000000001,3.2817015270719194,19.0778664,72.88049960000001,113.69763963618426
93.33,3.287849354952548,19.0778666,72.8804999,113.69763963618426
93.34,3.294000116556636,19.0778668,72.8805002,113.69763963618426
93.35000000000001,3.300153801345038,19.077867,72.88050050000001,113.69763963618426
93.36,3.306310398773533,19.0778672,72.88050080000001,113.69763963618426
93.37,3.3124698982930267,19.0778674,72.8805011,113.69763963618426
93.38,3.3186322893493325,19.0778676,72.8805014,113.69763963618426
93.39,3.32479756138338,19.0778678,72.88050170000001,113.69763963618426
93.4,3.3309657038311506,19.077868000000002,72.880502,113.69763963618426
93.41,3.337136706123676,19.0778682,72.8805023,113.69763963618426
93.42,3.343310557687146,19.0778684,72.8805026,113.69763963618426
93.43,3.3494872479428075,19.077868600000002,72.88050290000001,113.69763963618426
93.44,3.3556667663070794,19.0778688,72.8805032,113.69763963618426
93.45,3.361849102191534,19.077869,72.8805035,113.69763963618426
93.46000000000001,3.3680342450028897,19.077869200000002,72.8805038,113.69763963618426
93.47,3.374222184143083,19.0778694,72.88050410000001,113.69763963618426
93.48,3.380412909009247,19.0778696,72.8805044,113.69763963618426
93.49,3.386606408993744,19.077869800000002,72.8805047,113.69763963618426
93.5,3.392802673484198,19.07787,72.880505,113.69763963618426
93.51,3.399001691863444,19.0778702,72.88050530000001,113.69763963618426
93.52,3.405203453509651,19.077870400000002,72.8805056,113.69763963618426
93.53,3.4114079477962687,19.0778706,72.8805059,113.69763963618426
93.54,3.4176151640920738,19.0778708,72.8805062,113.69763963618426
93.55,3.4238250917611452,19.077871000000002,72.88050650000001,113.69763963618426
93.56,3.4300377201629746,19.0778712,72.8805068,113.69763963618426
93.57000000000001,3.4362530386523678,19.0778714,72.8805071,113.69763963618426
93.58,3.4424710365795534,19.0778716,72.8805074,113.69763963618426
93.59,3.448691703290171,19.0778718,72.88050770000001,113.69763963618426
93.60000000000001,3.4549150281252605,19.077872,72.880508,113.69763963618426
93.61,3.4611410004213328,19.0778722,72.8805083,113.69763963618426
93.62,3.467369609510354,19.0778724,72.8805086,113.69763963618426
93.63,3.4736008447197726,19.0778726,72.88050890000001,113.69763963618426
93.64,3.4798346953725536,19.0778728,72.8805092,113.69763963618426
93.65,3.486071150787129,19.077873,72.8805095,113.69763963618426
93.66,3.4923102002775206,19.0778732,72.8805098,113.69763963618426
93.67,3.4985518331532877,19.0778734,72.88051010000001,113.69763963618426
93.68,3.5047960387195696,19.0778736,72.8805104,113.69763963618426
93.69,3.5110428062770738,19.0778738,72.8805107,113.69763963618426
93.7,3.517292125122143,19.077874,72.880511,113.69763963618426
93.71000000000001,3.5235439845467487,19.0778742,72.88051130000001,113.69763963618426
93.72,3.529798373838473,19.0778744,72.8805116,113.69763963618426
93.73,3.536055282280626,19.0778746,72.8805119,113.69763963618426
93.74,3.54231469915214,19.0778748,72.8805122,113.69763963618426
93.75,3.5485766137276817,19.077875,72.88051250000001,113.69763963618426
93.76,3.5548410152776504,19.0778752,72.8805128,113.69763963618426
93.77,3.5611078930681126,19.0778754,72.8805131,113.69763963618426
93.78,3.567377236361012,19.077875600000002,72.8805134,113.69763963618426
93.79,3.5736490344139487,19.0778758,72.88051370000001,113.69763963618426
93.8,3.5799232764803857,19.077876,72.880514,113.69763963618426
93.81,3.5861999518095873,19.077876200000002,72.8805143,113.69763963618426
93.82000000000001,3.5924790496466255,19.0778764,72.8805146,113.69763963618426
93.83,3.5987605592324448,19.0778766,72.88051490000001,113.69763963618426
93.84,3.605044469803851,19.077876800000002,72.8805152,113.69763963618426
93.85000000000001,3.6113307705935416,19.077877,72.8805155,113.69763963618426
93.86,3.6176194508300874,19.0778772,72.8805158,113.69763963618426
93.87,3.62391049973804,19.077877400000002,72.88051610000001,113.69763963618426
93.88,3.630203906537833,19.0778776,72.8805164,113.69763963618426
93.89,3.6364996604458932,19.0778778,72.8805167,113.69763963618426
93.9,3.642797750674636,19.077878000000002,72.880517,113.69763963618426
93.91,3.6490981664324034,19.0778782,72.88051730000001,113.69763963618426
93.92,3.655400896923674,19.0778784,72.8805176,113.69763963618426
93.93,3.6617059313488385,19.077878600000002,72.8805179,113.69763963618426
93.94,3.66801325890441,19.0778788,72.8805182,113.69763963618426
93.95,3.674322868782963,19.077879,72.88051850000001,113.69763963618426
93.96000000000001,3.6806347501731365,19.0778792,72.8805188,113.69763963618426
93.97,3.686948892259702,19.0778794,72.8805191,113.69763963618426
93.98,3.693265284223548,19.0778796,72.88051940000001,113.69763963618426
93.99,3.6995839152417096,19.0778798,72.88051970000001,113.69763963618426
94.0,3.7059047744873954,19.07788,72.88052,113.69763963618426
94.01,3.7122278511299656,19.0778802,72.8805203,113.69763963618426
94.02,3.7185531343350107,19.0778804,72.88052060000001,113.69763963618426
94.03,3.7248806132643297,19.0778806,72.88052090000001,113.69763963618426
94.04,3.731210277075978,19.0778808,72.8805212,113.69763963618426
94.05,3.7375421149242136,19.077881,72.8805215,113.69763963618426
94.06,3.7438761159596234,19.0778812,72.88052180000001,113.69763963618426
94.07000000000001,3.7502122693290763,19.0778814,72.88052210000001,113.69763963618426
94.08,3.756550564175722,19.0778816,72.8805224,113.69763963618426
94.09,3.7628909896390983,19.0778818,72.8805227,113.69763963618426
94.10000000000001,3.7692335348550343,19.077882,72.88052300000001,113.69763963618426
94.11,3.7755781889557594,19.0778822,72.88052330000001,113.69763963618426
94.12,3.7819249410698905,19.0778824,72.8805236,113.69763963618426
94.13,3.7882737803224154,19.0778826,72.8805239,113.69763963618426
94.14,3.7946246958348047,19.0778828,72.88052420000001,113.69763963618426
94.15,3.8009776767249126,19.077883,72.8805245,113.69763963618426
94.16,3.807332712107088,19.077883200000002,72.8805248,113.69763963618426
94.17,3.813689791092152,19.0778834,72.8805251,113.69763963618426
94.18,3.8200489027874385,19.0778836,72.88052540000001,113.69763963618426
94.19,3.826410036296749,19.077883800000002,72.8805257,113.69763963618426
94.2,3.832773180720473,19.077884,72.880526,113.69763963618426
94.21000000000001,3.8391383251555435,19.0778842,72.8805263,113.69763963618426
94.22,3.845505458695433,19.077884400000002,72.88052660000001,113.69763963618426
94.23,3.851874570430267,19.0778846,72.8805269,113.69763963618426
94.24,3.858245649446719,19.0778848,72.8805272,113.69763963618426
94.25,3.8646186848281294,19.077885000000002,72.8805275,113.69763963618426
94.26,3.870993665654483,19.0778852,72.88052780000001,113.69763963618426
94.27,3.877370581002398,19.0778854,72.8805281,113.69763963618426
94.28,3.88374941994524,19.077885600000002,72.8805284,113.69763963618426
94.29,3.890130171553014,19.0778858,72.8805287,113.69763963618426
94.3,3.8965128248924863,19.077886,72.88052900000001,113.69763963618426
94.31,3.902897369027171,19.077886200000002,72.8805293,113.69763963618426
94.32000000000001,3.909283793017291,19.0778864,72.8805296,113.69763963618426
94.33,3.915672085919901,19.0778866,72.8805299,113.69763963618426
94.34,3.9220622367888343,19.0778868,72.88053020000001,113.69763963618426
94.35000000000001,3.928454234674751,19.077887,72.8805305,113.69763963618426
94.36,3.934848068625119,19.0778872,72.8805308,113.69763963618426
94.37,3.9412437276842875,19.0778874,72.8805311,113.69763963618426
94.38,3.9476412008934685,19.0778876,72.88053140000001,113.69763963618426
94.39,3.954040477290767,19.0778878,72.8805317,113.69763963618426
94.4,3.960441545911204,19.077888,72.880532,113.69763963618426
94.41,3.9668443957867074,19.0778882,72.8805323,113.69763963618426
94.42,3.973249015946176,19.0778884,72.88053260000001,113.69763963618426
94.43,3.9796553954154854,19.0778886,72.8805329,113.69763963618426
94.44,3.986063523217428,19.0778888,72.8805332,113.69763963618426
94.45,3.9924733883719195,19.077889,72.8805335,113.69763963618426
94.46000000000001,3.998884979895779,19.0778892,72.88053380000001,113.69763963618426
94.47,4.005298286802937,19.0778894,72.8805341,113.69763963618426
94.48,4.011713298104366,19.0778896,72.8805344,113.69763963618426
94.49,4.018130002808121,19.0778898,72.8805347,113.69763963618426
94.5,4.024548389919359,19.07789,72.88053500000001,113.69763963618426
94.51,4.030968448440334,19.0778902,72.8805353,113.69763963618426
94.52,4.037390167370459,19.0778904,72.8805356,113.69763963618426
94.53,4.043813535706292,19.0778906,72.8805359,113.69763963618426
94.54,4.050238542441576,19.077890800000002,72.88053620000001,113.69763963618426
94.55,4.056665176567221,19.077891,72.8805365,113.69763963618426
94.56,4.0630934270713706,19.0778912,72.8805368,113.69763963618426
94.57000000000001,4.069523282939413,19.077891400000002,72.8805371,113.69763963618426
94.58,4.075954733153911,19.0778916,72.88053740000001,113.69763963618426
94.59,4.082387766694822,19.0778918,72.8805377,113.69763963618426
94.60000000000001,4.088822372539264,19.077892000000002,72.880538,113.69763963618426
94.61,4.095258539661733,19.0778922,72.8805383,113.69763963618426
94.62,4.1016962570340425,19.0778924,72.88053860000001,113.69763963618426
94.63,4.10813551362531,19.077892600000002,72.8805389,113.69763963618426
94.64,4.114576298402083,19.0778928,72.8805392,113.69763963618426
94.65,4.121018600328225,19.077893,72.8805395,113.69763963618426
94.66,4.127462408365035,19.077893200000002,72.88053980000001,113.69763963618426
94.67,4.133907711471233,19.0778934,72.8805401,113.69763963618426
94.68,4.14035449860295,19.0778936,72.8805404,113.69763963618426
94.69,4.146802758713802,19.077893800000002,72.8805407,113.69763963618426
94.7,4.15325248075487,19.077894,72.88054100000001,113.69763963618426
94.71000000000001,4.1597036536747485,19.0778942,72.8805413,113.69763963618426
94.72,4.1661562664194935,19.0778944,72.8805416,113.69763963618426
94.73,4.1726103079327475,19.0778946,72.88054190000001,113.69763963618426
94.74,4.179065767155685,19.0778948,72.88054220000001,113.69763963618426
94.75,4.185522633027054,19.077895,72.8805425,113.69763963618426
94.76,4.191980894483198,19.0778952,72.8805428,113.69763963618426
94.77,4.198440540458036,19.0778954,72.88054310000001,113.69763963618426
94.78,4.204901559883178,19.0778956,72.88054340000001,113.69763963618426
94.79,4.2113639416878135,19.0778958,72.8805437,113.69763963618426
94.8,4.217827674798839,19.077896,72.880544,113.69763963618426
94.81,4.224292748140831,19.0778962,72.88054430000001,113.69763963618426
94.82000000000001,4.230759150636047,19.0778964,72.88054460000001,113.69763963618426
94.83,4.23722687120449,19.0778966,72.8805449,113.69763963618426
94.84,4.243695898763896,19.0778968,72.8805452,113.69763963618426
94.85000000000001,4.250166222229781,19.077897,72.88054550000001,113.69763963618426
94.86,4.256637830515389,19.0778972,72.88054580000001,113.69763963618426
94.87,4.2631107125318115,19.0778974,72.8805461,113.69763963618426
94.88,4.269584857187941,19.0778976,72.8805464,113.69763963618426
94.89,4.276060253390508,19.0778978,72.88054670000001,113.69763963618426
94.9,4.282536890044105,19.077898,72.880547,113.69763963618426
94.91,4.289014756051177,19.0778982,72.8805473,113.69763963618426
94.92,4.295493840312084,19.077898400000002,72.8805476,113.69763963618426
94.93,4.301974131725101,19.0778986,72.88054790000001,113.69763963618426
94.94,4.308455619186397,19.0778988,72.8805482,113.69763963618426
94.95,4.314938291590158,19.077899000000002,72.8805485,113.69763963618426
94.96000000000001,4.321422137828473,19.0778992,72.8805488,113.69763963618426
94.97,4.32790714679146,19.0778994,72.88054910000001,113.69763963618426
94.98,4.334393307367246,19.077899600000002,72.8805494,113.69763963618426
94.99,4.340880608441923,19.0778998,72.8805497,113.69763963618426
95.0,4.347369038899745,19.0779,72.88055,113.69763963618426
95.01,4.353858587622912,19.077900200000002,72.88055030000001,113.69763963618426
95.02,4.360349243491776,19.0779004,72.8805506,113.69763963618426
95.03,4.366840995384785,19.0779006,72.8805509,113.69763963618426
95.04,4.37333383217848,19.077900800000002,72.8805512,113.69763963618426
95.05,4.379827742747572,19.077901,72.88055150000001,113.69763963618426
95.06,4.386322715964922,19.0779012,72.8805518,113.69763963618426
95.07000000000001,4.392818740701579,19.077901400000002,72.8805521,113.69763963618426
95.08,4.399315805826755,19.0779016,72.8805524,113.69763963618426
95.09,4.405813900207942,19.0779018,72.88055270000001,113.69763963618426
95.10000000000001,4.412313012710824,19.077902,72.880553,113.69763963618426
95.11,4.418813132199303,19.0779022,72.8805533,113.69763963618426
95.12,4.425314247535674,19.0779024,72.8805536,113.69763963618426
95.13,4.431816347580381,19.0779026,72.88055390000001,113.69763963618426
95.14,4.438319421192324,19.0779028,72.8805542,113.69763963618426
95.15,4.44482345722861,19.077903,72.8805545,113.69763963618426
95.16,4.45132844454477,19.0779032,72.8805548,113.69763963618426
95.17,4.457834371994693,19.0779034,72.88055510000001,113.69763963618426
95.18,4.464341228430632,19.0779036,72.8805554,113.69763963618426
95.19,4.470849002703274,19.0779038,72.8805557,113.69763963618426
95.2,4.477357683661728,19.077904,72.880556,113.69763963618426
95.21000000000001,4.483867260153552,19.0779042,72.88055630000001,113.69763963618426
95.22,4.490377721024748,19.0779044,72.8805566,113.69763963618426
95.23,4.496889055119828,19.0779046,72.8805569,113.69763963618426
95.24,4.503401251281797,19.0779048,72.8805572,113.69763963618426
95.25,4.509914298352188,19.077905,72.88055750000001,113.69763963618426
95.26,4.516428185171085,19.0779052,72.8805578,113.69763963618426
95.27,4.522942900577089,19.0779054,72.8805581,113.69763963618426
95.28,4.529458433407428,19.0779056,72.8805584,113.69763963618426
95.29,4.535974772497926,19.0779058,72.88055870000001,113.69763963618426
95.3,4.542491906682983,19.077906000000002,72.880559,113.69763963618426
95.31,4.549009824795705,19.0779062,72.8805593,113.69763963618426
95.32000000000001,4.555528515667791,19.0779064,72.8805596,113.69763963618426
95.33,4.562047968129649,19.077906600000002,72.88055990000001,113.69763963618426
95.34,4.568568171010385,19.0779068,72.8805602,113.69763963618426
95.35000000000001,4.575089113137791,19.077907,72.8805605,113.69763963618426
95.36,4.581610783338419,19.077907200000002,72.8805608,113.69763963618426
95.37,4.588133170437566,19.0779074,72.88056110000001,113.69763963618426
95.38,4.5946562632592975,19.0779076,72.8805614,113.69763963618426
95.39,4.601180050626474,19.077907800000002,72.8805617,113.69763963618426
95.4,4.6077045213607795,19.077908,72.880562,113.69763963618426
95.41,4.614229664282677,19.0779082,72.88056230000001,113.69763963618426
95.42,4.620755468211529,19.077908400000002,72.8805626,113.69763963618426
95.43,4.627281921965557,19.0779086,72.8805629,113.69763963618426
95.44,4.633809014361836,19.0779088,72.8805632,113.69763963618426
95.45,4.640336734216403,19.077909000000002,72.88056350000001,113.69763963618426
95.46000000000001,4.646865070344164,19.0779092,72.8805638,113.69763963618426
95.47,4.653394011559001,19.0779094,72.8805641,113.69763963618426
95.48,4.65992354667376,19.0779096,72.88056440000001,113.69763963618426
95.49,4.666453664500234,19.0779098,72.88056470000001,113.69763963618426
95.5,4.67298435384928,19.07791,72.880565,113.69763963618426
95.51,4.679515603530714,19.0779102,72.8805653,113.69763963618426
95.52,4.686047402353424,19.0779104,72.88056560000001,113.69763963618426
95.53,4.69257973912537,19.0779106,72.88056590000001,113.69763963618426
95.54,4.6991126026535355,19.0779108,72.8805662,113.69763963618426
95.55,4.705645981744055,19.077911,72.8805665,113.69763963618426
95.56,4.712179865202161,19.0779112,72.88056680000001,113.69763963618426
95.57000000000001,4.718714241832232,19.0779114,72.88056710000001,113.69763963618426
95.58,4.725249100437773,19.0779116,72.8805674,113.69763963618426
95.59,4.731784429821491,19.0779118,72.8805677,113.69763963618426
95.60000000000001,4.738320218785286,19.077912,72.88056800000001,113.69763963618426
95.61,4.744856456130235,19.0779122,72.88056830000001,113.69763963618426
95.62,4.7513931306567105,19.0779124,72.8805686,113.69763963618426
95.63,4.757930231164271,19.0779126,72.8805689,113.69763963618426
95.64,4.764467746451781,19.0779128,72.88056920000001,113.69763963618426
95.65,4.771005665317406,19.077913,72.88056950000001,113.69763963618426
95.66,4.777543976558546,19.0779132,72.8805698,113.69763963618426
95.67,4.784082668972053,19.0779134,72.8805701,113.69763963618426
95.68,4.790621731354003,19.077913600000002,72.88057040000001,113.69763963618426
95.69,4.7971611524999105,19.0779138,72.8805707,113.69763963618426
95.7,4.803700921204662,19.077914,72.880571,113.69763963618426
95.71000000000001,4.810241026262526,19.077914200000002,72.8805713,113.69763963618426
95.72,4.8167814564672184,19.0779144,72.88057160000001,113.69763963618426
95.73,4.823322200611892,19.0779146,72.8805719,113.69763963618426
95.74000000000001,4.8298632474891665,19.077914800000002,72.8805722,113.69763963618426
95.75,4.8364045858911116,19.077915,72.8805725,113.69763963618426
95.76,4.8429462046093565,19.0779152,72.88057280000001,113.69763963618426
95.77,4.849488092434991,19.077915400000002,72.8805731,113.69763963618426
95.78,4.8560302381586755,19.0779156,72.8805734,113.69763963618426
95.79,4.862572630570641,19.0779158,72.8805737,113.69763963618426
95.8,4.8691152584606225,19.077916000000002,72.88057400000001,113.69763963618426
95.81,4.875658110618076,19.0779162,72.8805743,113.69763963618426
95.82000000000001,4.882201175831949,19.0779164,72.8805746,113.69763963618426
95.83,4.888744442890898,19.077916600000002,72.8805749,113.69763963618426
95.84,4.895287900583219,19.0779168,72.88057520000001,113.69763963618426
95.85000000000001,4.90183153769686,19.077917,72.8805755,113.69763963618426
95.86,4.908375343019485,19.0779172,72.8805758,113.69763963618426
95.87,4.914919305338462,19.0779174,72.8805761,113.69763963618426
95.88,4.9214634134408906,19.0779176,72.88057640000001,113.69763963618426
95.89,4.9280076561136275,19.0779178,72.8805767,113.69763963618426
95.9,4.934552022143275,19.077918,72.880577,113.69763963618426
95.91,4.941096500316248,19.0779182,72.8805773,113.69763963618426
95.92,4.947641079418763,19.0779184,72.88057760000001,113.69763963618426
95.93,4.9541857482368785,19.0779186,72.8805779,113.69763963618426
95.94,4.960730495556448,19.0779188,72.8805782,113.69763963618426
95.95,4.9672753101632425,19.077919,72.8805785,113.69763963618426
95.96000000000001,4.97382018084291,19.0779192,72.88057880000001,113.69763963618426
95.97,4.980365096380966,19.0779194,72.8805791,113.69763963618426
95.98,4.9869100455629125,19.0779196,72.8805794,113.69763963618426
95.99000000000001,4.9934550171741305,19.0779198,72.8805797,113.69763963618426
96.0,4.999999999999998,19.07792,72.88058000000001,113.69763963618426
96.01,5.006544982825874,19.0779202,72.8805803,113.69763963618426
96.02,5.013089954437082,19.0779204,72.8805806,113.69763963618426
96.03,5.019634903619029,19.0779206,72.8805809,113.69763963618426
96.04,5.026179819157094,19.0779208,72.88058120000001,113.69763963618426
96.05,5.032724689836753,19.077921,72.8805815,113.69763963618426
96.06,5.039269504443547,19.077921200000002,72.8805818,113.69763963618426
96.07000000000001,5.045814251763135,19.0779214,72.8805821,113.69763963618426
96.08,5.0523589205812325,19.0779216,72.88058240000001,113.69763963618426
96.09,5.058903499683747,19.077921800000002,72.8805827,113.69763963618426
96.10000000000001,5.065447977856729,19.077922,72.880583,113.69763963618426
96.11,5.071992343886368,19.0779222,72.8805833,113.69763963618426
96.12,5.078536586559105,19.077922400000002,72.88058360000001,113.69763963618426
96.13,5.085080694661533,19.0779226,72.8805839,113.69763963618426
96.14,5.09162465698051,19.0779228,72.8805842,113.69763963618426
96.15,5.0981684623031445,19.077923000000002,72.8805845,113.69763963618426
96.16,5.104712099416776,19.0779232,72.88058480000001,113.69763963618426
96.17,5.111255557109098,19.0779234,72.8805851,113.69763963618426
96.18,5.1177988241680445,19.077923600000002,72.8805854,113.69763963618426
96.19,5.1243418893819195,19.0779238,72.8805857,113.69763963618426
96.2,5.130884741539373,19.077924,72.88058600000001,113.69763963618426
96.21000000000001,5.137427369429371,19.0779242,72.8805863,113.69763963618426
96.22,5.143969761841319,19.0779244,72.8805866,113.69763963618426
96.23,5.150511907565004,19.0779246,72.8805869,113.69763963618426
96.24000000000001,5.157053795390647,19.0779248,72.88058720000001,113.69763963618426
96.25,5.163595414108883,19.077925,72.8805875,113.69763963618426
96.26,5.170136752510838,19.0779252,72.8805878,113.69763963618426
96.27,5.176677799388104,19.0779254,72.88058810000001,113.69763963618426
96.28,5.183218543532776,19.0779256,72.88058840000001,113.69763963618426
96.29,5.1897589737374785,19.0779258,72.8805887,113.69763963618426
96.3,5.196299078795333,19.077926,72.880589,113.69763963618426
96.31,5.202838847500084,19.0779262,72.88058930000001,113.69763963618426
96.32000000000001,5.209378268646009,19.0779264,72.88058960000001,113.69763963618426
96.33,5.215917331027943,19.0779266,72.8805899,113.69763963618426
96.34,5.22245602344145,19.0779268,72.8805902,113.69763963618426
96.35000000000001,5.228994334682607,19.077927,72.88059050000001,113.69763963618426
96.36,5.2355322535482145,19.0779272,72.88059080000001,113.69763963618426
96.37,5.242069768835725,19.0779274,72.8805911,113.69763963618426
96.38,5.248606869343284,19.0779276,72.8805914,113.69763963618426
96.39,5.25514354386976,19.0779278,72.88059170000001,113.69763963618426
96.4,5.261679781214719,19.077928,72.88059200000001,113.69763963618426
96.41,5.268215570178505,19.0779282,72.8805923,113.69763963618426
96.42,5.274750899562223,19.0779284,72.8805926,113.69763963618426
96.43,5.281285758167772,19.0779286,72.88059290000001,113.69763963618426
96.44,5.287820134797833,19.077928800000002,72.8805932,113.69763963618426
96.45,5.29435401825594,19.077929,72.8805935,113.69763963618426
96.46000000000001,5.300887397346478,19.0779292,72.8805938,113.69763963618426
96.47,5.3074202608746255,19.077929400000002,72.88059410000001,113.69763963618426
96.48,5.313952597646572,19.0779296,72.8805944,113.69763963618426
96.49000000000001,5.320484396469282,19.0779298,72.8805947,113.69763963618426
96.5,5.3270156461507145,19.077930000000002,72.880595,113.69763963618426
96.51,5.3335463354997605,19.0779302,72.88059530000001,113.69763963618426
96.52,5.340076453326235,19.0779304,72.8805956,113.69763963618426
96.53,5.346605988440994,19.077930600000002,72.8805959,113.69763963618426
96.54,5.353134929655832,19.0779308,72.8805962,113.69763963618426
96.55,5.359663265783592,19.077931,72.88059650000001,113.69763963618426
96.56,5.366190985638159,19.077931200000002,72.8805968,113.69763963618426
96.57000000000001,5.372718078034446,19.0779314,72.8805971,113.69763963618426
96.58,5.3792445317884665,19.0779316,72.8805974,113.69763963618426
96.59,5.385770335717318,19.0779318,72.88059770000001,113.69763963618426
96.60000000000001,5.392295478639233,19.077932,72.880598,113.69763963618426
96.61,5.398819949373522,19.0779322,72.8805983,113.69763963618426
96.62,5.405343736740697,19.0779324,72.8805986,113.69763963618426
96.63,5.411866829562429,19.0779326,72.88059890000001,113.69763963618426
96.64,5.418389216661575,19.0779328,72.8805992,113.69763963618426
96.65,5.424910886862213,19.077933,72.8805995,113.69763963618426
96.66,5.43143182898961,19.0779332,72.8805998,113.69763963618426
96.67,5.437952031870346,19.0779334,72.88060010000001,113.69763963618426
96.68,5.444471484332204,19.0779336,72.8806004,113.69763963618426
96.69,5.45099017520429,19.0779338,72.8806007,113.69763963618426
96.7,5.457508093317012,19.077934,72.880601,113.69763963618426
96.71000000000001,5.464025227502079,19.0779342,72.88060130000001,113.69763963618426
96.72,5.470541566592566,19.0779344,72.8806016,113.69763963618426
96.73,5.477057099422906,19.0779346,72.8806019,113.69763963618426
96.74000000000001,5.483571814828927,19.0779348,72.8806022,113.69763963618426
96.75,5.490085701647808,19.077935,72.88060250000001,113.69763963618426
96.76,5.496598748718197,19.0779352,72.8806028,113.69763963618426
96.77,5.503110944880167,19.0779354,72.8806031,113.69763963618426
96.78,5.509622278975247,19.0779356,72.8806034,113.69763963618426
96.79,5.516132739846452,19.0779358,72.88060370000001,113.69763963618426
96.8,5.522642316338268,19.077936,72.880604,113.69763963618426
96.81,5.529150997296721,19.0779362,72.8806043,113.69763963618426
96.82000000000001,5.535658771569373,19.077936400000002,72.8806046,113.69763963618426
96.83,5.542165628005302,19.0779366,72.88060490000001,113.69763963618426
96.84,5.5486715554552255,19.0779368,72.8806052,113.69763963618426
96.85000000000001,5.555176542771385,19.077937000000002,72.8806055,113.69763963618426
96.86,5.561680578807672,19.0779372,72.8806058,113.69763963618426
96.87,5.568183652419615,19.0779374,72.88060610000001,113.69763963618426
96.88,5.574685752464321,19.077937600000002,72.8806064,113.69763963618426
96.89,5.5811868678006915,19.0779378,72.8806067,113.69763963618426
96.9,5.587686987289189,19.077938,72.880607,113.69763963618426
96.91,5.594186099792053,19.077938200000002,72.88060730000001,113.69763963618426
96.92,5.60068419417324,19.0779384,72.8806076,113.69763963618426
96.93,5.607181259298425,19.0779386,72.8806079,113.69763963618426
96.94,5.613677284035074,19.077938800000002,72.8806082,113.69763963618426
96.95,5.620172257252424,19.077939,72.88060850000001,113.69763963618426
96.96000000000001,5.626666167821524,19.0779392,72.8806088,113.69763963618426
96.97,5.6331590046152105,19.0779394,72.8806091,113.69763963618426
96.98,5.639650756508219,19.0779396,72.8806094,113.69763963618426
96.99000000000001,5.646141412377084,19.0779398,72.88060970000001,113.69763963618426
97.0,5.65263096110025,19.07794,72.88061,113.69763963618426
97.01,5.659119391558073,19.0779402,72.8806103,113.69763963618426
97.02,5.665606692632749,19.0779404,72.88061060000001,113.69763963618426
97.03,5.672092853208536,19.0779406,72.88061090000001,113.69763963618426
97.04,5.678577862171521,19.0779408,72.8806112,113.69763963618426
97.05,5.685061708409838,19.077941,72.8806115,113.69763963618426
97.06,5.691544380813598,19.0779412,72.88061180000001,113.69763963618426
97.07000000000001,5.698025868274904,19.0779414,72.88061210000001,113.69763963618426
97.08,5.704506159687911,19.0779416,72.8806124,113.69763963618426
97.09,5.7109852439488185,19.0779418,72.8806127,113.69763963618426
97.10000000000001,5.717463109955898,19.077942,72.88061300000001,113.69763963618426
97.11,5.723939746609488,19.0779422,72.88061330000001,113.69763963618426
97.12,5.730415142812054,19.0779424,72.8806136,113.69763963618426
97.13,5.736889287468184,19.0779426,72.8806139,113.69763963618426
97.14,5.743362169484606,19.0779428,72.88061420000001,113.69763963618426
97.15,5.749833777770231,19.077943,72.88061450000001,113.69763963618426
97.16,5.7563041012361,19.0779432,72.8806148,113.69763963618426
97.17,5.762773128795507,19.0779434,72.8806151,113.69763963618426
97.18,5.769240849363957,19.0779436,72.88061540000001,113.69763963618426
97.19,5.7757072518591634,19.0779438,72.8806157,113.69763963618426
97.2,5.782172325201156,19.077944000000002,72.880616,113.69763963618426
97.21000000000001,5.788636058312182,19.0779442,72.8806163,113.69763963618426
97.22,5.795098440116817,19.0779444,72.88061660000001,113.69763963618426
97.23,5.801559459541958,19.077944600000002,72.8806169,113.69763963618426
97.24000000000001,5.808019105516806,19.0779448,72.8806172,113.69763963618426
97.25,5.814477366972941,19.077945,72.8806175,113.69763963618426
97.26,5.82093423284431,19.077945200000002,72.88061780000001,113.69763963618426
97.27,5.827389692067247,19.0779454,72.8806181,113.69763963618426
97.28,5.833843733580501,19.0779456,72.8806184,113.69763963618426
97.29,5.840296346325264,19.077945800000002,72.8806187,113.69763963618426
97.3,5.846747519245126,19.077946,72.88061900000001,113.69763963618426
97.31,5.8531972412861935,19.0779462,72.8806193,113.69763963618426
97.32000000000001,5.859645501397054,19.077946400000002,72.8806196,113.69763963618426
97.33,5.866092288528763,19.0779466,72.8806199,113.69763963618426
97.34,5.872537591634961,19.0779468,72.88062020000001,113.69763963618426
97.35000000000001,5.878981399671771,19.077947,72.8806205,113.69763963618426
97.36,5.885423701597912,19.0779472,72.8806208,113.69763963618426
97.37,5.8918644863746845,19.0779474,72.8806211,113.69763963618426
97.38,5.898303742965954,19.0779476,72.88062140000001,113.69763963618426
97.39,5.904741460338262,19.0779478,72.8806217,113.69763963618426
97.4,5.911177627460731,19.077948,72.880622,113.69763963618426
97.41,5.917612233305173,19.0779482,72.8806223,113.69763963618426
97.42,5.924045266846083,19.0779484,72.88062260000001,113.69763963618426
97.43,5.9304767170606,19.0779486,72.8806229,113.69763963618426
97.44,5.936906572928624,19.0779488,72.8806232,113.69763963618426
97.45,5.9433348234327745,19.077949,72.8806235,113.69763963618426
97.46000000000001,5.949761457558428,19.0779492,72.88062380000001,113.69763963618426
97.47,5.956186464293704,19.0779494,72.8806241,113.69763963618426
97.48,5.9626098326295365,19.0779496,72.8806244,113.69763963618426
97.49000000000001,5.969031551559669,19.0779498,72.8806247,113.69763963618426
97.5,5.975451610080635,19.07795,72.88062500000001,113.69763963618426
97.51,5.9818699971918745,19.0779502,72.8806253,113.69763963618426
97.52,5.988286701895628,19.0779504,72.8806256,113.69763963618426
97.53,5.994701713197058,19.0779506,72.8806259,113.69763963618426
97.54,6.001115020104233,19.0779508,72.88062620000001,113.69763963618426
97.55,6.007526611628076,19.077951,72.8806265,113.69763963618426
97.56,6.013936476782567,19.0779512,72.8806268,113.69763963618426
97.57000000000001,6.020344604584526,19.0779514,72.8806271,113.69763963618426
97.58,6.02675098405382,19.077951600000002,72.88062740000001,113.69763963618426
97.59,6.033155604213288,19.0779518,72.8806277,113.69763963618426
97.60000000000001,6.0395584540888,19.077952,72.880628,113.69763963618426
97.61,6.045959522709229,19.077952200000002,72.8806283,113.69763963618426
97.62,6.052358799106527,19.0779524,72.88062860000001,113.69763963618426
97.63,6.058756272315708,19.0779526,72.8806289,113.69763963618426
97.64,6.065151931374876,19.077952800000002,72.8806292,113.69763963618426
97.65,6.0715457653252525,19.077953,72.8806295,113.69763963618426
97.66,6.07793776321116,19.0779532,72.88062980000001,113.69763963618426
97.67,6.084327914080094,19.077953400000002,72.8806301,113.69763963618426
97.68,6.090716206982721,19.0779536,72.8806304,113.69763963618426
97.69,6.097102630972825,19.0779538,72.8806307,113.69763963618426
97.7,6.103487175107509,19.077954000000002,72.88063100000001,113.69763963618426
97.71000000000001,6.109869828446981,19.0779542,72.8806313,113.69763963618426
97.72,6.116250580054755,19.0779544,72.8806316,113.69763963618426
97.73,6.122629418997596,19.0779546,72.8806319,113.69763963618426
97.74000000000001,6.129006334345521,19.0779548,72.88063220000001,113.69763963618426
97.75,6.135381315171866,19.077955,72.8806325,113.69763963618426
97.76,6.141754350553276,19.0779552,72.8806328,113.69763963618426
97.77,6.1481254295697285,19.0779554,72.88063310000001,113.69763963618426
97.78,6.154494541304563,19.0779556,72.88063340000001,113.69763963618426
97.79,6.160861674844461,19.0779558,72.8806337,113.69763963618426
97.8,6.167226819279522,19.077956,72.880634,113.69763963618426
97.81,6.173589963703245,19.0779562,72.88063430000001,113.69763963618426
97.82000000000001,6.179951097212574,19.0779564,72.88063460000001,113.69763963618426
97.83,6.186310208907844,19.0779566,72.8806349,113.69763963618426
97.84,6.192667287892907,19.0779568,72.8806352,113.69763963618426
97.85000000000001,6.1990223232750905,19.077957,72.88063550000001,113.69763963618426
97.86,6.205375304165191,19.0779572,72.88063580000001,113.69763963618426
97.87,6.21172621967758,19.0779574,72.8806361,113.69763963618426
97.88,6.218075058930105,19.0779576,72.8806364,113.69763963618426
97.89,6.224421811044236,19.0779578,72.88063670000001,113.69763963618426
97.9,6.230766465144962,19.077958,72.88063700000001,113.69763963618426
97.91,6.237109010360897,19.0779582,72.8806373,113.69763963618426
97.92,6.243449435824273,19.0779584,72.8806376,113.69763963618426
97.93,6.249787730670927,19.0779586,72.88063790000001,113.69763963618426
97.94,6.256123884040372,19.0779588,72.8806382,113.69763963618426
97.95,6.262457885075782,19.077959,72.8806385,113.69763963618426
97.96000000000001,6.268789722924034,19.077959200000002,72.8806388,113.69763963618426
97.97,6.275119386735666,19.0779594,72.88063910000001,113.69763963618426
97.98,6.281446865664985,19.0779596,72.8806394,113.69763963618426
97.99000000000001,6.2877721488700375,19.077959800000002,72.8806397,113.69763963618426
98.0,6.2940952255126,19.07796,72.88064,113.69763963618426
98.01,6.300416084758284,19.0779602,72.88064030000001,113.69763963618426
98.02,6.3067347157764475,19.077960400000002,72.8806406,113.69763963618426
98.03,6.313051107740294,19.0779606,72.8806409,113.69763963618426
98.04,6.319365249826867,19.0779608,72.8806412,113.69763963618426
98.05,6.325677131217033,19.077961000000002,72.88064150000001,113.69763963618426
98.06,6.3319867410955855,19.0779612,72.8806418,113.69763963618426
98.07000000000001,6.338294068651157,19.0779614,72.8806421,113.69763963618426
98.08,6.344599103076321,19.077961600000002,72.8806424,113.69763963618426
98.09,6.350901833567591,19.0779618,72.88064270000001,113.69763963618426
98.10000000000001,6.357202249325376,19.077962,72.880643,113.69763963618426
98.11,6.363500339554102,19.0779622,72.8806433,113.69763963618426
98.12,6.3697960934621625,19.0779624,72.8806436,113.69763963618426
98.13,6.376089500261955,19.0779626,72.88064390000001,113.69763963618426
98.14,6.382380549169908,19.0779628,72.8806442,113.69763963618426
98.15,6.388669229406462,19.077963,72.8806445,113.69763963618426
98.16,6.394955530196144,19.0779632,72.8806448,113.69763963618426
98.17,6.401239440767551,19.0779634,72.88064510000001,113.69763963618426
98.18,6.407520950353378,19.0779636,72.8806454,113.69763963618426
98.19,6.413800048190408,19.0779638,72.8806457,113.69763963618426
98.2,6.42007672351961,19.077964,72.880646,113.69763963618426
98.21000000000001,6.426350965586046,19.0779642,72.88064630000001,113.69763963618426
98.22,6.432622763638983,19.0779644,72.8806466,113.69763963618426
98.23,6.438892106931883,19.0779646,72.8806469,113.69763963618426
98.24000000000001,6.445158984722362,19.0779648,72.8806472,113.69763963618426
98.25,6.451423386272312,19.077965,72.88064750000001,113.69763963618426
98.26,6.457685300847855,19.0779652,72.8806478,113.69763963618426
98.27,6.463944717719369,19.0779654,72.8806481,113.69763963618426
98.28,6.470201626161522,19.0779656,72.8806484,113.69763963618426
98.29,6.476456015453255,19.0779658,72.88064870000001,113.69763963618426
98.3,6.482707874877852,19.077966,72.880649,113.69763963618426
98.31,6.488957193722921,19.0779662,72.8806493,113.69763963618426
98.32000000000001,6.495203961280433,19.0779664,72.8806496,113.69763963618426
98.33,6.501448166846707,19.0779666,72.88064990000001,113.69763963618426
98.34,6.507689799722474,19.077966800000002,72.8806502,113.69763963618426
98.35000000000001,6.513928849212883,19.077967,72.8806505,113.69763963618426
98.36,6.520165304627442,19.0779672,72.8806508,113.69763963618426
98.37,6.526399155280222,19.077967400000002,72.88065110000001,113.69763963618426
98.38,6.532630390489641,19.0779676,72.8806514,113.69763963618426
98.39,6.538858999578663,19.0779678,72.8806517,113.69763963618426
98.4,6.545084971874743,19.077968000000002,72.880652,113.69763963618426
98.41,6.5513082967098235,19.0779682,72.88065230000001,113.69763963618426
98.42,6.557528963420442,19.0779684,72.8806526,113.69763963618426
98.43,6.563746961347627,19.077968600000002,72.8806529,113.69763963618426
98.44,6.5699622798370205,19.0779688,72.8806532,113.69763963618426
98.45,6.576174908238849,19.077969,72.88065350000001,113.69763963618426
98.46000000000001,6.582384835907931,19.077969200000002,72.8806538,113.69763963618426
98.47,6.588592052203727,19.0779694,72.8806541,113.69763963618426
98.48,6.594796546490345,19.0779696,72.8806544,113.69763963618426
98.49000000000001,6.6009983081365675,19.0779698,72.88065470000001,113.69763963618426
98.5,6.607197326515797,19.07797,72.880655,113.69763963618426
98.51,6.613393591006251,19.0779702,72.8806553,113.69763963618426
98.52,6.619587090990748,19.0779704,72.88065560000001,113.69763963618426
98.53,6.625777815856912,19.0779706,72.88065590000001,113.69763963618426
98.54,6.631965754997113,19.0779708,72.8806562,113.69763963618426
98.55,6.638150897808462,19.077971,72.8806565,113.69763963618426
98.56,6.644333233692916,19.0779712,72.88065680000001,113.69763963618426
98.57000000000001,6.650512752057188,19.0779714,72.88065710000001,113.69763963618426
98.58,6.6566894423128495,19.0779716,72.8806574,113.69763963618426
98.59,6.662863293876319,19.0779718,72.8806577,113.69763963618426
98.60000000000001,6.669034296168853,19.077972,72.88065800000001,113.69763963618426
98.61,6.6752024386166156,19.0779722,72.88065830000001,113.69763963618426
98.62,6.6813677106506635,19.0779724,72.8806586,113.69763963618426
98.63,6.687530101706969,19.0779726,72.8806589,113.69763963618426
98.64,6.693689601226462,19.0779728,72.88065920000001,113.69763963618426
98.65,6.699846198654974,19.077973,72.88065950000001,113.69763963618426
98.66,6.70599988344336,19.0779732,72.8806598,113.69763963618426
98.67,6.712150645047448,19.0779734,72.8806601,113.69763963618426
98.68,6.718298472928083,19.0779736,72.88066040000001,113.69763963618426
98.69,6.724443356551117,19.0779738,72.8806607,113.69763963618426
98.7,6.7305852853874635,19.077974,72.880661,113.69763963618426
98.71000000000001,6.736724248913105,19.0779742,72.8806613,113.69763963618426
98.72,6.7428602366090695,19.077974400000002,72.88066160000001,113.69763963618426
98.73,6.748993237961543,19.0779746,72.8806619,113.69763963618426
98.74000000000001,6.75512324246177,19.0779748,72.8806622,113.69763963618426
98.75,6.761250239606163,19.077975000000002,72.8806625,113.69763963618426
98.76,6.767374218896295,19.0779752,72.88066280000001,113.69763963618426
98.77,6.773495169838846,19.0779754,72.8806631,113.69763963618426
98.78,6.779613081945798,19.077975600000002,72.8806634,113.69763963618426
98.79,6.785727944734228,19.0779758,72.8806637,113.69763963618426
98.8,6.791839747726501,19.077976,72.88066400000001,113.69763963618426
98.81,6.7979484804502075,19.077976200000002,72.8806643,113.69763963618426
98.82000000000001,6.8040541324382104,19.0779764,72.8806646,113.69763963618426
98.83,6.810156693228626,19.0779766,72.8806649,113.69763963618426
98.84,6.816256152364889,19.077976800000002,72.88066520000001,113.69763963618426
98.85000000000001,6.822352499395752,19.077977,72.8806655,113.69763963618426
98.86,6.828445723875264,19.0779772,72.8806658,113.69763963618426
98.87,6.8345358153628855,19.0779774,72.8806661,113.69763963618426
98.88,6.840622763423385,19.0779776,72.88066640000001,113.69763963618426
98.89,6.846706557626954,19.0779778,72.8806667,113.69763963618426
98.9,6.852787187549189,19.077978,72.880667,113.69763963618426
98.91,6.858864642771049,19.0779782,72.8806673,113.69763963618426
98.92,6.8649389128790475,19.0779784,72.88066760000001,113.69763963618426
98.93,6.871009987465037,19.0779786,72.8806679,113.69763963618426
98.94,6.877077856126413,19.0779788,72.8806682,113.69763963618426
98.95,6.883142508466058,19.077979,72.8806685,113.69763963618426
98.96000000000001,6.889203934092337,19.0779792,72.88066880000001,113.69763963618426
98.97,6.8952621226191715,19.0779794,72.8806691,113.69763963618426
98.98,6.9013170636660215,19.0779796,72.8806694,113.69763963618426
98.99000000000001,6.907368746857917,19.0779798,72.8806697,113.69763963618426
99.0,6.913417161825448,19.07798,72.88067000000001,113.69763963618426
99.01,6.919462298204831,19.0779802,72.8806703,113.69763963618426
99.02,6.925504145637885,19.0779804,72.8806706,113.69763963618426
99.03,6.931542693772073,19.0779806,72.8806709,113.69763963618426
99.04,6.937577932260521,19.0779808,72.88067120000001,113.69763963618426
99.05,6.943609850761982,19.077981,72.8806715,113.69763963618426
99.06,6.9496384389409425,19.0779812,72.8806718,113.69763963618426
99.07000000000001,6.955663686467592,19.0779814,72.8806721,113.69763963618426
99.08,6.961685583017804,19.0779816,72.88067240000001,113.69763963618426
99.09,6.967704118273259,19.0779818,72.8806727,113.69763963618426
99.10000000000001,6.973719281921335,19.077982000000002,72.880673,113.69763963618426
99.11,6.9797310636552234,19.0779822,72.8806733,113.69763963618426
99.12,6.985739453173898,19.0779824,72.88067360000001,113.69763963618426
99.13,6.991744440182148,19.077982600000002,72.8806739,113.69763963618426
99.14,6.997746014390599,19.0779828,72.8806742,113.69763963618426
99.15,7.003744165515701,19.077983,72.8806745,113.69763963618426
99.16,7.009738883279795,19.077983200000002,72.88067480000001,113.69763963618426
99.17,7.015730157411094,19.0779834,72.8806751,113.69763963618426
99.18,7.02171797764373,19.0779836,72.8806754,113.69763963618426
99.19,7.027702333717705,19.077983800000002,72.8806757,113.69763963618426
99.2,7.033683215379001,19.077984,72.88067600000001,113.69763963618426
99.21000000000001,7.039660612379553,19.0779842,72.8806763,113.69763963618426
99.22,7.045634514477225,19.077984400000002,72.8806766,113.69763963618426
99.23,7.051604911435934,19.0779846,72.8806769,113.69763963618426
99.24000000000001,7.057571793025543,19.0779848,72.88067720000001,113.69763963618426
99.25,7.06353514902197,19.077985,72.8806775,113.69763963618426
99.26,7.0694949692071765,19.0779852,72.8806778,113.69763963618426
99.27,7.075451243369148,19.0779854,72.88067810000001,113.69763963618426
99.28,7.081403961302003,19.0779856,72.88067840000001,113.69763963618426
99.29,7.087353112805898,19.0779858,72.8806787,113.69763963618426
99.3,7.093298687687133,19.077986,72.880679,113.69763963618426
99.31,7.099240675758143,19.0779862,72.88067930000001,113.69763963618426
99.32000000000001,7.10517906683746,19.0779864,72.88067960000001,113.69763963618426
99.33,7.111113850749828,19.0779866,72.8806799,113.69763963618426
99.34,7.11704501732616,19.0779868,72.8806802,113.69763963618426
99.35000000000001,7.122972556403571,19.077987,72.88068050000001,113.69763963618426
99.36,7.128896457825365,19.0779872,72.88068080000001,113.69763963618426
99.37,7.134816711441111,19.0779874,72.8806811,113.69763963618426
99.38,7.140733307106613,19.0779876,72.8806814,113.69763963618426
99.39,7.146646234683946,19.0779878,72.88068170000001,113.69763963618426
99.4,7.152555484041477,19.077988,72.88068200000001,113.69763963618426
99.41,7.158461045053846,19.0779882,72.8806823,113.69763963618426
99.42,7.164362907602067,19.0779884,72.8806826,113.69763963618426
99.43,7.170261061573433,19.0779886,72.88068290000001,113.69763963618426
99.44,7.176155496861629,19.0779888,72.8806832,113.69763963618426
99.45,7.182046203366715,19.077989,72.8806835,113.69763963618426
99.46000000000001,7.1879331709950955,19.0779892,72.8806838,113.69763963618426
99.47,7.193816389659626,19.0779894,72.88068410000001,113.69763963618426
99.48,7.199695849279574,19.077989600000002,72.8806844,113.69763963618426
99.49000000000001,7.205571539780651,19.0779898,72.8806847,113.69763963618426
99.5,7.211443451095008,19.07799,72.880685,113.69763963618426
99.51,7.217311573161291,19.077990200000002,72.88068530000001,113.69763963618426
99.52,7.2231758959246335,19.0779904,72.8806856,113.69763963618426
99.53,7.22903640933668,19.0779906,72.8806859,113.69763963618426
99.54,7.234893103355605,19.077990800000002,72.8806862,113.69763963618426
99.55,7.24074596794611,19.077991,72.88068650000001,113.69763963618426
99.56,7.246594993079478,19.0779912,72.8806868,113.69763963618426
99.57000000000001,7.25244016873358,19.077991400000002,72.8806871,113.69763963618426
99.58,7.258281484892819,19.0779916,72.8806874,113.69763963618426
99.59,7.264118931548321,19.0779918,72.88068770000001,113.69763963618426
99.60000000000001,7.2699524986977355,19.077992000000002,72.880688,113.69763963618426
99.61,7.275782176345418,19.0779922,72.8806883,113.69763963618426
99.62,7.281607954502384,19.0779924,72.8806886,113.69763963618426
99.63,7.287429823186296,19.0779926,72.88068890000001,113.69763963618426
99.64,7.293247772421575,19.0779928,72.8806892,113.69763963618426
99.65,7.299061792239297,19.077993,72.8806895,113.69763963618426
99.66,7.304871872677308,19.0779932,72.8806898,113.69763963618426
99.67,7.310678003780198,19.0779934,72.88069010000001,113.69763963618426
99.68,7.316480175599307,19.0779936,72.8806904,113.69763963618426
99.69,7.322278378192779,19.0779938,72.8806907,113.69763963618426
99.7,7.328072601625552,19.077994,72.880691,113.69763963618426
99.71000000000001,7.333862835969396,19.0779942,72.88069130000001,113.69763963618426
99.72,7.339649071302857,19.0779944,72.8806916,113.69763963618426
99.73,7.34543129771144,19.0779946,72.8806919,113.69763963618426
99.74000000000001,7.351209505287412,19.0779948,72.8806922,113.69763963618426
99.75,7.356983684129986,19.077995,72.88069250000001,113.69763963618426
99.76,7.362753824345274,19.0779952,72.8806928,113.69763963618426
99.77,7.368519916046273,19.0779954,72.8806931,113.69763963618426
99.78,7.374281949352972,19.0779956,72.8806934,113.69763963618426
99.79,7.380039914392262,19.0779958,72.88069370000001,113.69763963618426
99.8,7.385793801298036,19.077996,72.880694,113.69763963618426
99.81,7.391543600211172,19.0779962,72.8806943,113.69763963618426
99.82000000000001,7.39728930127953,19.0779964,72.8806946,113.69763963618426
99.83,7.403030894658018,19.0779966,72.88069490000001,113.69763963618426
99.84,7.40876837050857,19.0779968,72.8806952,113.69763963618426
99.85000000000001,7.414501719000192,19.077997,72.8806955,113.69763963618426
99.86,7.420230930308921,19.077997200000002,72.8806958,113.69763963618426
99.87,7.4259559946179206,19.0779974,72.88069610000001,113.69763963618426
99.88,7.431676902117452,19.0779976,72.8806964,113.69763963618426
99.89,7.437393643004895,19.077997800000002,72.8806967,113.69763963618426
99.9,7.443106207484778,19.077998,72.880697,113.69763963618426
99.91,7.44881458576876,19.0779982,72.88069730000001,113.69763963618426
99.92,7.454518768075702,19.077998400000002,72.8806976,113.69763963618426
99.93,7.460218744631648,19.0779986,72.8806979,113.69763963618426
99.94,7.465914505669822,19.0779988,72.8806982,113.69763963618426
99.95,7.4716060414307215,19.077999000000002,72.88069850000001,113.69763963618426
99.96000000000001,7.477293342162035,19.0779992,72.8806988,113.69763963618426
99.97,7.4829763981187325,19.0779994,72.8806991,113.69763963618426
99.98,7.488655199563068,19.077999600000002,72.8806994,113.69763963618426
99.99000000000001,7.494329736764542,19.0779998,72.88069970000001,113.69763963618426
100.0,7.500000000000002,19.078,72.8807,113.69763963618426
100.01,7.505665979553609,19.0780002,72.8807003,113.69763963618426
100.02,7.511327665716861,19.0780004,72.8807006,113.69763963618426
100.03,7.516985048788611,19.0780006,72.88070090000001,113.69763963618426
100.04,7.522638119075098,19.0780008,72.8807012,113.69763963618426
100.05,7.528286866889921,19.078001,72.8807015,113.69763963618426
100.06,7.533931282554117,19.0780012,72.88070180000001,113.69763963618426
100.07000000000001,7.539571356396138,19.0780014,72.88070210000001,113.69763963618426
100.08,7.545207078751849,19.0780016,72.8807024,113.69763963618426
100.09,7.5508384399646244,19.0780018,72.8807027,113.69763963618426
100.10000000000001,7.556465430385256,19.078002,72.88070300000001,113.69763963618426
100.11,7.562088040372058,19.0780022,72.88070330000001,113.69763963618426
100.12,7.567706260290857,19.0780024,72.8807036,113.69763963618426
100.13,7.573320080514939,19.0780026,72.8807039,113.69763963618426
100.14,7.578929491425239,19.0780028,72.88070420000001,113.69763963618426
100.15,7.5845344834101365,19.078003,72.88070450000001,113.69763963618426
100.16,7.590135046865648,19.0780032,72.8807048,113.69763963618426
100.17,7.595731172195367,19.0780034,72.8807051,113.69763963618426
100.18,7.601322849810471,19.0780036,72.88070540000001,113.69763963618426
100.19,7.606910070129778,19.0780038,72.88070570000001,113.69763963618426
100.2,7.612492823579739,19.078004,72.880706,113.69763963618426
100.21000000000001,7.61807110059447,19.0780042,72.8807063,113.69763963618426
100.22,7.623644891615724,19.0780044,72.88070660000001,113.69763963618426
100.23,7.629214187092974,19.0780046,72.8807069,113.69763963618426
100.24000000000001,7.634778977483397,19.078004800000002,72.8807072,113.69763963618426
100.25,7.640339253251832,19.078005,72.8807075,113.69763963618426
100.26,7.645895004870958,19.0780052,72.88070780000001,113.69763963618426
100.27,7.651446222821101,19.078005400000002,72.8807081,113.69763963618426
100.28,7.656992897590415,19.0780056,72.8807084,113.69763963618426
100.29,7.6625350196748325,19.0780058,72.8807087,113.69763963618426
100.3,7.6680725795780535,19.078006000000002,72.88070900000001,113.69763963618426
100.31,7.673605567811653,19.0780062,72.8807093,113.69763963618426
100.32000000000001,7.679133974894983,19.0780064,72.8807096,113.69763963618426
100.33,7.684657791355274,19.078006600000002,72.8807099,113.69763963618426
100.34,7.6901770077276215,19.0780068,72.88071020000001,113.69763963618426
100.35000000000001,7.695691614555002,19.078007,72.8807105,113.69763963618426
100.36,7.701201602388272,19.078007200000002,72.8807108,113.69763963618426
100.37,7.70670696178623,19.0780074,72.8807111,113.69763963618426
100.38,7.7122076833155875,19.0780076,72.88071140000001,113.69763963618426
100.39,7.71770375755101,19.0780078,72.8807117,113.69763963618426
100.4,7.723195175075139,19.078008,72.880712,113.69763963618426
100.41,7.728681926478551,19.0780082,72.8807123,113.69763963618426
100.42,7.7341640023598615,19.0780084,72.88071260000001,113.69763963618426
100.43,7.739641393325689,19.0780086,72.8807129,113.69763963618426
100.44,7.745114089990654,19.0780088,72.8807132,113.69763963618426
100.45,7.750582082977467,19.078009,72.8807135,113.69763963618426
100.46000000000001,7.756045362916851,19.0780092,72.88071380000001,113.69763963618426
100.47,7.761503920447629,19.0780094,72.8807141,113.69763963618426
100.48,7.766957746216722,19.0780096,72.8807144,113.69763963618426
100.49000000000001,7.772406830879132,19.0780098,72.8807147,113.69763963618426
100.5,7.777851165098008,19.07801,72.88071500000001,113.69763963618426
100.51,7.783290739544633,19.0780102,72.8807153,113.69763963618426
100.52,7.788725544898442,19.0780104,72.8807156,113.69763963618426
100.53,7.794155571847064,19.0780106,72.8807159,113.69763963618426
100.54,7.799580811086261,19.0780108,72.88071620000001,113.69763963618426
100.55,7.80500125332005,19.078011,72.8807165,113.69763963618426
100.56,7.810416889260652,19.0780112,72.8807168,113.69763963618426
100.57000000000001,7.815827709628529,19.0780114,72.8807171,113.69763963618426
100.58,7.8212337051523715,19.0780116,72.88071740000001,113.69763963618426
100.59,7.826634866569164,19.0780118,72.8807177,113.69763963618426
100.60000000000001,7.832031184624169,19.078012,72.880718,113.69763963618426
100.61,7.837422650070921,19.0780122,72.8807183,113.69763963618426
100.62,7.84280925367132,19.078012400000002,72.88071860000001,113.69763963618426
100.63,7.848190986195539,19.0780126,72.8807189,113.69763963618426
100.64,7.853567838422154,19.0780128,72.8807192,113.69763963618426
100.65,7.858939801138055,19.078013000000002,72.8807195,113.69763963618426
100.66,7.864306865138538,19.0780132,72.88071980000001,113.69763963618426
100.67,7.8696690212272955,19.0780134,72.8807201,113.69763963618426
100.68,7.875026260216394,19.078013600000002,72.8807204,113.69763963618426
100.69,7.880378572926365,19.0780138,72.8807207,113.69763963618426
100.7,7.885725950186167,19.078014,72.88072100000001,113.69763963618426
100.71000000000001,7.891068382833217,19.078014200000002,72.8807213,113.69763963618426
100.72,7.8964058617133945,19.0780144,72.8807216,113.69763963618426
100.73,7.901738377681079,19.0780146,72.8807219,113.69763963618426
100.74000000000001,7.907065921599157,19.078014800000002,72.88072220000001,113.69763963618426
100.75,7.912388484339004,19.078015,72.8807225,113.69763963618426
100.76,7.917706056780586,19.0780152,72.8807228,113.69763963618426
100.77,7.923018629812365,19.0780154,72.8807231,113.69763963618426
100.78,7.928326194331399,19.0780156,72.88072340000001,113.69763963618426
100.79,7.933628741243332,19.0780158,72.8807237,113.69763963618426
100.8,7.938926261462356,19.078016,72.880724,113.69763963618426
100.81,7.94421874591137,19.0780162,72.88072430000001,113.69763963618426
100.82000000000001,7.949506185521803,19.0780164,72.88072460000001,113.69763963618426
100.83,7.954788571233786,19.0780166,72.8807249,113.69763963618426
100.84,7.960065893996101,19.0780168,72.8807252,113.69763963618426
100.85000000000001,7.9653381447661875,19.078017,72.88072550000001,113.69763963618426
100.86,7.970605314510193,19.0780172,72.88072580000001,113.69763963618426
100.87,7.9758673942029645,19.0780174,72.8807261,113.69763963618426
100.88,7.981124374828075,19.0780176,72.8807264,113.69763963618426
100.89,7.9863762473778355,19.0780178,72.88072670000001,113.69763963618426
100.9,7.991623002853294,19.078018,72.88072700000001,113.69763963618426
100.91,7.996864632264282,19.0780182,72.8807273,113.69763963618426
100.92,8.002101126629416,19.0780184,72.8807276,113.69763963618426
100.93,8.007332476976112,19.0780186,72.88072790000001,113.69763963618426
100.94,8.012558674340557,19.0780188,72.88072820000001,113.69763963618426
100.95,8.017779709767858,19.078019,72.8807285,113.69763963618426
100.96000000000001,8.022995574311874,19.0780192,72.8807288,113.69763963618426
100.97,8.028206259035375,19.0780194,72.88072910000001,113.69763963618426
100.98,8.03341175501,19.0780196,72.8807294,113.69763963618426
100.99000000000001,8.038612053316264,19.0780198,72.8807297,113.69763963618426
101.0,8.043807145043601,19.078020000000002,72.88073,113.69763963618426
101.01,8.048997021290365,19.0780202,72.88073030000001,113.69763963618426
101.02,8.054181673163844,19.0780204,72.8807306,113.69763963618426
101.03,8.059361091780284,19.078020600000002,72.8807309,113.69763963618426
101.04,8.06453526826488,19.0780208,72.8807312,113.69763963618426
101.05,8.069704193751829,19.078021,72.88073150000001,113.69763963618426
101.06,8.074867859384314,19.078021200000002,72.8807318,113.69763963618426
101.07000000000001,8.080026256314554,19.0780214,72.8807321,113.69763963618426
101.08,8.085179375703746,19.0780216,72.8807324,113.69763963618426
101.09,8.090327208722174,19.078021800000002,72.88073270000001,113.69763963618426
101.10000000000001,8.095469746549176,19.078022,72.880733,113.69763963618426
101.11,8.10060698037313,19.0780222,72.8807333,113.69763963618426
101.12,8.105738901391554,19.078022400000002,72.8807336,113.69763963618426
101.13,8.11086550081102,19.0780226,72.88073390000001,113.69763963618426
101.14,8.115986769847249,19.0780228,72.8807342,113.69763963618426
101.15,8.12110269972509,19.078023,72.8807345,113.69763963618426
101.16,8.126213281678519,19.0780232,72.8807348,113.69763963618426
101.17,8.131318506950718,19.0780234,72.88073510000001,113.69763963618426
101.18,8.136418366794004,19.0780236,72.8807354,113.69763963618426
101.19,8.141512852469912,19.0780238,72.8807357,113.69763963618426
101.2,8.146601955249192,19.078024,72.880736,113.69763963618426
101.21000000000001,8.151685666411781,19.0780242,72.88073630000001,113.69763963618426
101.22,8.15676397724689,19.0780244,72.8807366,113.69763963618426
101.23,8.161836879052974,19.0780246,72.8807369,113.69763963618426
101.24000000000001,8.166904363137755,19.0780248,72.8807372,113.69763963618426
101.25,8.171966420818224,19.078025,72.88073750000001,113.69763963618426
101.26,8.177023043420705,19.0780252,72.8807378,113.69763963618426
101.27,8.182074222280797,19.0780254,72.8807381,113.69763963618426
101.28,8.187119948743446,19.0780256,72.8807384,113.69763963618426
101.29,8.192160214162945,19.0780258,72.88073870000001,113.69763963618426
101.3,8.197195009902916,19.078026,72.880739,113.69763963618426
101.31,8.202224327336403,19.0780262,72.8807393,113.69763963618426
101.32000000000001,8.207248157845784,19.0780264,72.8807396,113.69763963618426
101.33,8.212266492822874,19.0780266,72.88073990000001,113.69763963618426
101.34,8.217279323668901,19.0780268,72.8807402,113.69763963618426
101.35000000000001,8.22228664179449,19.078027,72.8807405,113.69763963618426
101.36,8.227288438619754,19.0780272,72.8807408,113.69763963618426
101.37,8.232284705574248,19.0780274,72.88074110000001,113.69763963618426
101.38,8.237275434097008,19.078027600000002,72.8807414,113.69763963618426
101.39,8.242260615636559,19.0780278,72.8807417,113.69763963618426
101.4,8.247240241650918,19.078028,72.880742,113.69763963618426
101.41,8.252214303607637,19.078028200000002,72.88074230000001,113.69763963618426
101.42,8.257182792983798,19.0780284,72.8807426,113.69763963618426
101.43,8.262145701266036,19.0780286,72.8807429,113.69763963618426
101.44,8.267103019950525,19.078028800000002,72.8807432,113.69763963618426
101.45,8.272054740543048,19.078029,72.88074350000001,113.69763963618426
101.46000000000001,8.277000854558977,19.0780292,72.8807438,113.69763963618426
101.47,8.28194135352324,19.078029400000002,72.8807441,113.69763963618426
101.48,8.286876228970483,19.0780296,72.8807444,113.69763963618426
101.49000000000001,8.291805472444887,19.0780298,72.88074470000001,113.69763963618426
101.5,8.296729075500345,19.078030000000002,72.880745,113.69763963618426
101.51,8.301647029700401,19.0780302,72.8807453,113.69763963618426
101.52,8.306559326618254,19.0780304,72.8807456,113.69763963618426
101.53,8.311465957836848,19.0780306,72.88074590000001,113.69763963618426
101.54,8.316366914948784,19.0780308,72.8807462,113.69763963618426
101.55,8.321262189556405,19.078031,72.8807465,113.69763963618426
101.56,8.3261517732718,19.0780312,72.88074680000001,113.69763963618426
101.57000000000001,8.3310356577168,19.0780314,72.88074710000001,113.69763963618426
101.58,8.335913834522996,19.0780316,72.8807474,113.69763963618426
101.59,8.340786295331768,19.0780318,72.8807477,113.69763963618426
101.60000000000001,8.345653031794297,19.078032,72.88074800000001,113.69763963618426
101.61,8.35051403557153,19.0780322,72.88074830000001,113.69763963618426
101.62,8.355369298334317,19.0780324,72.8807486,113.69763963618426
101.63,8.36021881176326,19.0780326,72.8807489,113.69763963618426
101.64,8.365062567548865,19.0780328,72.88074920000001,113.69763963618426
101.65,8.369900557391492,19.078033,72.88074950000001,113.69763963618426
101.66,8.37473277300136,19.0780332,72.8807498,113.69763963618426
101.67,8.379559206098623,19.0780334,72.8807501,113.69763963618426
101.68,8.384379848413301,19.0780336,72.88075040000001,113.69763963618426
101.69,8.389194691685361,19.0780338,72.88075070000001,113.69763963618426
101.7,8.39400372766471,19.078034,72.880751,113.69763963618426
101.71000000000001,8.398806948111178,19.0780342,72.8807513,113.69763963618426
101.72,8.403604344794587,19.0780344,72.88075160000001,113.69763963618426
101.73,8.408395909494725,19.078034600000002,72.8807519,113.69763963618426
101.74000000000001,8.413181634001395,19.0780348,72.8807522,113.69763963618426
101.75,8.41796151011436,19.078035,72.8807525,113.69763963618426
101.76,8.422735529643447,19.078035200000002,72.88075280000001,113.69763963618426
101.77,8.427503684408498,19.0780354,72.8807531,113.69763963618426
101.78,8.432265966239417,19.0780356,72.8807534,113.69763963618426
101.79,8.437022366976166,19.078035800000002,72.8807537,113.69763963618426
101.8,8.44177287846877,19.078036,72.88075400000001,113.69763963618426
101.81,8.446517492577366,19.0780362,72.8807543,113.69763963618426
101.82000000000001,8.451256201172189,19.078036400000002,72.8807546,113.69763963618426
101.83,8.455988996133573,19.0780366,72.8807549,113.69763963618426
101.84,8.460715869352033,19.0780368,72.88075520000001,113.69763963618426
101.85000000000001,8.465436812728178,19.078037000000002,72.8807555,113.69763963618426
101.86,8.470151818172804,19.0780372,72.8807558,113.69763963618426
101.87,8.474860877606881,19.0780374,72.8807561,113.69763963618426
101.88,8.479563982961565,19.078037600000002,72.88075640000001,113.69763963618426
101.89,8.484261126178222,19.0780378,72.8807567,113.69763963618426
101.9,8.488952299208401,19.078038,72.880757,113.69763963618426
101.91,8.493637494013921,19.0780382,72.8807573,113.69763963618426
101.92,8.498316702566823,19.0780384,72.88075760000001,113.69763963618426
101.93,8.502989916849423,19.0780386,72.8807579,113.69763963618426
101.94,8.507657128854278,19.0780388,72.8807582,113.69763963618426
101.95,8.512318330584257,19.078039,72.8807585,113.69763963618426
101.96000000000001,8.516973514052522,19.0780392,72.88075880000001,113.69763963618426
101.97,8.521622671282525,19.0780394,72.8807591,113.69763963618426
101.98,8.526265794308088,19.0780396,72.8807594,113.69763963618426
101.99000000000001,8.530902875173325,19.0780398,72.8807597,113.69763963618426
102.0,8.535533905932732,19.07804,72.88076000000001,113.69763963618426
102.01,8.540158878651178,19.0780402,72.8807603,113.69763963618426
102.02,8.54477778540386,19.0780404,72.8807606,113.69763963618426
102.03,8.549390618276453,19.0780406,72.8807609,113.69763963618426
102.04,8.553997369364962,19.0780408,72.88076120000001,113.69763963618426
102.05,8.558598030775855,19.078041,72.8807615,113.69763963618426
102.06,8.563192594626031,19.0780412,72.8807618,113.69763963618426
102.07000000000001,8.567781053042813,19.0780414,72.8807621,113.69763963618426
102.08,8.572363398164015,19.0780416,72.88076240000001,113.69763963618426
102.09,8.57693962213791,19.0780418,72.8807627,113.69763963618426
102.10000000000001,8.581509717123271,19.078042,72.880763,113.69763963618426
102.11,8.586073675289354,19.078042200000002,72.8807633,113.69763963618426
102.12,8.590631488815943,19.0780424,72.88076360000001,113.69763963618426
102.13,8.595183149893348,19.0780426,72.8807639,113.69763963618426
102.14,8.599728650722428,19.078042800000002,72.8807642,113.69763963618426
102.15,8.604267983514598,19.078043,72.8807645,113.69763963618426
102.16,8.608801140491803,19.0780432,72.88076480000001,113.69763963618426
102.17,8.613328113886645,19.078043400000002,72.8807651,113.69763963618426
102.18,8.617848895942245,19.0780436,72.8807654,113.69763963618426
102.19,8.62236347891238,19.0780438,72.8807657,113.69763963618426
102.2,8.62687185506144,19.078044000000002,72.88076600000001,113.69763963618426
102.21000000000001,8.631374016664433,19.0780442,72.8807663,113.69763963618426
102.22,8.635869956007031,19.0780444,72.8807666,113.69763963618426
102.23,8.64035966538557,19.078044600000002,72.8807669,113.69763963618426
102.24000000000001,8.64484313710706,19.0780448,72.88076720000001,113.69763963618426
102.25,8.649320363489178,19.078045,72.8807675,113.69763963618426
102.26,8.653791336860328,19.078045200000002,72.8807678,113.69763963618426
102.27,8.658256049559618,19.0780454,72.8807681,113.69763963618426
102.28,8.662714493936887,19.0780456,72.88076840000001,113.69763963618426
102.29,8.667166662352722,19.0780458,72.8807687,113.69763963618426
102.3,8.671612547178428,19.078046,72.880769,113.69763963618426
102.31,8.67605214079612,19.0780462,72.88076930000001,113.69763963618426
102.32000000000001,8.680485435598676,19.0780464,72.88076960000001,113.69763963618426
102.33,8.68491242398975,19.0780466,72.8807699,113.69763963618426
102.34,8.689333098383843,19.0780468,72.8807702,113.69763963618426
102.35000000000001,8.693747451206232,19.078047,72.88077050000001,113.69763963618426
102.36,8.698155474893046,19.0780472,72.88077080000001,113.69763963618426
102.37,8.702557161891267,19.0780474,72.8807711,113.69763963618426
102.38,8.706952504658705,19.0780476,72.8807714,113.69763963618426
102.39,8.711341495664083,19.0780478,72.88077170000001,113.69763963618426
102.4,8.715724127386968,19.078048,72.88077200000001,113.69763963618426
102.41,8.720100392317844,19.0780482,72.8807723,113.69763963618426
102.42,8.724470282958114,19.0780484,72.8807726,113.69763963618426
102.43,8.728833791820067,19.0780486,72.88077290000001,113.69763963618426
102.44,8.733190911426957,19.0780488,72.88077320000001,113.69763963618426
102.45,8.737541634312983,19.078049,72.8807735,113.69763963618426
102.46000000000001,8.741885953023303,19.0780492,72.8807738,113.69763963618426
102.47,8.746223860114029,19.0780494,72.88077410000001,113.69763963618426
102.48,8.750555348152298,19.0780496,72.8807744,113.69763963618426
102.49000000000001,8.754880409716206,19.078049800000002,72.8807747,113.69763963618426
102.5,8.759199037394884,19.07805,72.880775,113.69763963618426
102.51,8.763511223788486,19.0780502,72.88077530000001,113.69763963618426
102.52,8.767816961508183,19.078050400000002,72.8807756,113.69763963618426
102.53,8.772116243176232,19.0780506,72.8807759,113.69763963618426
102.54,8.776409061425914,19.0780508,72.8807762,113.69763963618426
102.55,8.780695408901607,19.078051000000002,72.88077650000001,113.69763963618426
102.56,8.784975278258786,19.0780512,72.8807768,113.69763963618426
102.57000000000001,8.789248662163985,19.0780514,72.8807771,113.69763963618426
102.58,8.79351555329489,19.078051600000002,72.8807774,113.69763963618426
102.59,8.7977759443403,19.0780518,72.88077770000001,113.69763963618426
102.60000000000001,8.802029828000158,19.078052,72.880778,113.69763963618426
102.61,8.806277196985535,19.078052200000002,72.8807783,113.69763963618426
102.62,8.810518044018687,19.0780524,72.8807786,113.69763963618426
102.63,8.814752361833042,19.0780526,72.88077890000001,113.69763963618426
102.64,8.818980143173206,19.078052800000002,72.8807792,113.69763963618426
102.65,8.823201380795002,19.078053,72.8807795,113.69763963618426
102.66,8.827416067465439,19.0780532,72.8807798,113.69763963618426
102.67,8.831624195962775,19.0780534,72.88078010000001,113.69763963618426
102.68,8.835825759076503,19.0780536,72.8807804,113.69763963618426
102.69,8.840020749607332,19.0780538,72.8807807,113.69763963618426
102.7,8.8442091603673,19.078054,72.880781,113.69763963618426
102.71000000000001,8.848390984179648,19.0780542,72.88078130000001,113.69763963618426
102.72,8.852566213878944,19.0780544,72.8807816,113.69763963618426
102.73,8.856734842311056,19.0780546,72.8807819,113.69763963618426
102.74000000000001,8.860896862333137,19.0780548,72.8807822,113.69763963618426
102.75,8.865052266813684,19.078055,72.88078250000001,113.69763963618426
102.76,8.86920104863253,19.0780552,72.8807828,113.69763963618426
102.77,8.873343200680846,19.0780554,72.8807831,113.69763963618426
102.78,8.877478715861166,19.0780556,72.8807834,113.69763963618426
102.79,8.88160758708741,19.0780558,72.88078370000001,113.69763963618426
102.8,8.885729807284852,19.078056,72.880784,113.69763963618426
102.81,8.889845369390187,19.0780562,72.8807843,113.69763963618426
102.82000000000001,8.893954266351527,19.0780564,72.8807846,113.69763963618426
102.83,8.898056491128347,19.0780566,72.88078490000001,113.69763963618426
102.84,8.90215203669165,19.0780568,72.8807852,113.69763963618426
102.85000000000001,8.906240896023794,19.078057,72.8807855,113.69763963618426
102.86,8.910323062118637,19.0780572,72.8807858,113.69763963618426
102.87,8.914398527981511,19.078057400000002,72.88078610000001,113.69763963618426
102.88,8.918467286629195,19.0780576,72.8807864,113.69763963618426
102.89,8.922529331090004,19.0780578,72.8807867,113.69763963618426
102.9,8.926584654403722,19.078058000000002,72.880787,113.69763963618426
102.91,8.930633249621668,19.0780582,72.88078730000001,113.69763963618426
102.92,8.934675109806687,19.0780584,72.8807876,113.69763963618426
102.93,8.938710228033154,19.078058600000002,72.8807879,113.69763963618426
102.94,8.942738597387006,19.0780588,72.8807882,113.69763963618426
102.95,8.946760210965746,19.078059,72.88078850000001,113.69763963618426
102.96000000000001,8.950775061878456,19.078059200000002,72.8807888,113.69763963618426
102.97,8.954783143245779,19.0780594,72.8807891,113.69763963618426
102.98,8.958784448199989,19.0780596,72.8807894,113.69763963618426
102.99000000000001,8.962778969884958,19.078059800000002,72.88078970000001,113.69763963618426
103.0,8.966766701456173,19.07806,72.88079,113.69763963618426
103.01,8.970747636080784,19.0780602,72.8807903,113.69763963618426
103.02,8.97472176693755,19.078060400000002,72.8807906,113.69763963618426
103.03,8.978689087216914,19.0780606,72.88079090000001,113.69763963618426
103.04,8.982649590120984,19.0780608,72.8807912,113.69763963618426
103.05,8.986603268863531,19.078061,72.8807915,113.69763963618426
103.06,8.990550116670056,19.0780612,72.88079180000001,113.69763963618426
103.07000000000001,8.994490126777727,19.0780614,72.88079210000001,113.69763963618426
103.08,8.998423292435449,19.0780616,72.8807924,113.69763963618426
103.09,9.00234960690385,19.0780618,72.8807927,113.69763963618426
103.10000000000001,9.006269063455306,19.078062,72.88079300000001,113.69763963618426
103.11,9.010181655373918,19.0780622,72.88079330000001,113.69763963618426
103.12,9.014087375955572,19.0780624,72.8807936,113.69763963618426
103.13,9.017986218507927,19.0780626,72.8807939,113.69763963618426
103.14,9.02187817635042,19.0780628,72.88079420000001,113.69763963618426
103.15,9.025763242814293,19.078063,72.88079450000001,113.69763963618426
103.16,9.029641411242578,19.0780632,72.8807948,113.69763963618426
103.17,9.033512674990147,19.0780634,72.8807951,113.69763963618426
103.18,9.037377027423702,19.0780636,72.88079540000001,113.69763963618426
103.19,9.041234461921759,19.0780638,72.88079570000001,113.69763963618426
103.2,9.045084971874735,19.078064,72.880796,113.69763963618426
103.21000000000001,9.04892855068487,19.0780642,72.8807963,113.69763963618426
103.22,9.052765191766298,19.0780644,72.88079660000001,113.69763963618426
103.23,9.056594888545055,19.0780646,72.8807969,113.69763963618426
103.24000000000001,9.060417634459034,19.0780648,72.8807972,113.69763963618426
103.25,9.064233422958077,19.078065000000002,72.8807975,113.69763963618426
103.26,9.068042247503934,19.0780652,72.88079780000001,113.69763963618426
103.27,9.07184410157029,19.0780654,72.8807981,113.69763963618426
103.28,9.075638978642772,19.078065600000002,72.8807984,113.69763963618426
103.29,9.079426872218956,19.0780658,72.8807987,113.69763963618426
103.3,9.083207775808393,19.078066,72.88079900000001,113.69763963618426
103.31,9.086981682932608,19.078066200000002,72.8807993,113.69763963618426
103.32000000000001,9.090748587125118,19.0780664,72.8807996,113.69763963618426
103.33,9.094508481931426,19.0780666,72.8807999,113.69763963618426
103.34,9.09826136090906,19.078066800000002,72.88080020000001,113.69763963618426
103.35000000000001,9.102007217627575,19.078067,72.8808005,113.69763963618426
103.36,9.105746045668514,19.0780672,72.8808008,113.69763963618426
103.37,9.109477838625542,19.078067400000002,72.8808011,113.69763963618426
103.38,9.11320259010429,19.0780676,72.88080140000001,113.69763963618426
103.39,9.11692029372254,19.0780678,72.8808017,113.69763963618426
103.4,9.120630943110083,19.078068000000002,72.880802,113.69763963618426
103.41,9.124334531908815,19.0780682,72.8808023,113.69763963618426
103.42,9.128031053772759,19.0780684,72.88080260000001,113.69763963618426
103.43,9.131720502368012,19.0780686,72.8808029,113.69763963618426
103.44,9.135402871372806,19.0780688,72.8808032,113.69763963618426
103.45,9.139078154477506,19.078069,72.8808035,113.69763963618426
103.46000000000001,9.142746345384618,19.0780692,72.88080380000001,113.69763963618426
103.47,9.146407437808787,19.0780694,72.8808041,113.69763963618426
103.48,9.150061425476835,19.0780696,72.8808044,113.69763963618426
103.49000000000001,9.153708302127763,19.0780698,72.8808047,113.69763963618426
103.5,9.157348061512721,19.07807,72.88080500000001,113.69763963618426
103.51,9.160980697395116,19.0780702,72.8808053,113.69763963618426
103.52,9.164606203550498,19.0780704,72.8808056,113.69763963618426
103.53,9.168224573766672,19.0780706,72.8808059,113.69763963618426
103.54,9.171835801843661,19.0780708,72.88080620000001,113.69763963618426
103.55,9.175439881593713,19.078071,72.8808065,113.69763963618426
103.56,9.179036806841353,19.0780712,72.8808068,113.69763963618426
103.57000000000001,9.18262657142333,19.0780714,72.8808071,113.69763963618426
103.58,9.186209169188693,19.0780716,72.88080740000001,113.69763963618426
103.59,9.189784593998755,19.0780718,72.8808077,113.69763963618426
103.60000000000001,9.19335283972712,19.078072,72.880808,113.69763963618426
103.61,9.196913900259695,19.0780722,72.8808083,113.69763963618426
103.62,9.200467769494708,19.0780724,72.88080860000001,113.69763963618426
103.63,9.204014441342691,19.078072600000002,72.8808089,113.69763963618426
103.64,9.207553909726533,19.0780728,72.8808092,113.69763963618426
103.65,9.211086168581435,19.078073,72.8808095,113.69763963618426
103.66,9.214611211854972,19.078073200000002,72.88080980000001,113.69763963618426
103.67,9.218129033507083,19.0780734,72.8808101,113.69763963618426
103.68,9.221639627510077,19.0780736,72.8808104,113.69763963618426
103.69,9.225142987848637,19.078073800000002,72.8808107,113.69763963618426
103.7,9.228639108519866,19.078074,72.88081100000001,113.69763963618426
103.71000000000001,9.232127983533248,19.0780742,72.8808113,113.69763963618426
103.72,9.235609606910682,19.078074400000002,72.8808116,113.69763963618426
103.73,9.23908397268652,19.0780746,72.8808119,113.69763963618426
103.74000000000001,9.242551074907517,19.0780748,72.88081220000001,113.69763963618426
103.75,9.246010907632892,19.078075000000002,72.8808125,113.69763963618426
103.76,9.249463464934315,19.0780752,72.8808128,113.69763963618426
103.77,9.252908740895926,19.0780754,72.8808131,113.69763963618426
103.78,9.256346729614345,19.078075600000002,72.88081340000001,113.69763963618426
103.79,9.259777425198655,19.0780758,72.8808137,113.69763963618426
103.8,9.263200821770461,19.078076,72.880814,113.69763963618426
103.81,9.266616913463867,19.0780762,72.8808143,113.69763963618426
103.82000000000001,9.270025694425497,19.0780764,72.88081460000001,113.69763963618426
103.83,9.273427158814489,19.0780766,72.8808149,113.69763963618426
103.84,9.276821300802531,19.0780768,72.8808152,113.69763963618426
103.85000000000001,9.28020811457386,19.078077,72.88081550000001,113.69763963618426
103.86,9.283587594325244,19.0780772,72.88081580000001,113.69763963618426
103.87,9.28695973426606,19.0780774,72.8808161,113.69763963618426
103.88,9.290324528618221,19.0780776,72.8808164,113.69763963618426
103.89,9.29368197161625,19.0780778,72.88081670000001,113.69763963618426
103.9,9.297032057507268,19.078078,72.88081700000001,113.69763963618426
103.91,9.300374780550968,19.0780782,72.8808173,113.69763963618426
103.92,9.30371013501972,19.0780784,72.8808176,113.69763963618426
103.93,9.30703811519846,19.0780786,72.88081790000001,113.69763963618426
103.94,9.31035871538479,19.0780788,72.88081820000001,113.69763963618426
103.95,9.313671929888962,19.078079,72.8808185,113.69763963618426
103.96000000000001,9.316977753033859,19.0780792,72.8808188,113.69763963618426
103.97,9.320276179155051,19.0780794,72.88081910000001,113.69763963618426
103.98,9.323567202600774,19.0780796,72.88081940000001,113.69763963618426
103.99000000000001,9.326850817731954,19.0780798,72.8808197,113.69763963618426
104.0,9.330127018922195,19.07808,72.88082,113.69763963618426
104.01,9.33339580055782,19.078080200000002,72.88082030000001,113.69763963618426
104.02,9.336657157037862,19.0780804,72.8808206,113.69763963618426
104.03,9.339911082774076,19.0780806,72.8808209,113.69763963618426
104.04,9.34315757219096,19.078080800000002,72.8808212,113.69763963618426
104.05,9.346396619725713,19.078081,72.88082150000001,113.69763963618426
104.06,9.34962821982835,19.0780812,72.8808218,113.69763963618426
104.07000000000001,9.352852366961587,19.078081400000002,72.8808221,113.69763963618426
104.08,9.356069055600946,19.0780816,72.8808224,113.69763963618426
104.09,9.359278280234722,19.0780818,72.88082270000001,113.69763963618426
104.10000000000001,9.362480035363985,19.078082000000002,72.880823,113.69763963618426
104.11,9.365674315502623,19.0780822,72.8808233,113.69763963618426
104.12,9.368861115177324,19.0780824,72.8808236,113.69763963618426
104.13,9.37204042892759,19.078082600000002,72.88082390000001,113.69763963618426
104.14,9.375212251305761,19.0780828,72.8808242,113.69763963618426
104.15,9.378376576876997,19.078083,72.8808245,113.69763963618426
104.16,9.381533400219315,19.078083200000002,72.8808248,113.69763963618426
104.17,9.384682715923585,19.0780834,72.88082510000001,113.69763963618426
104.18,9.387824518593549,19.0780836,72.8808254,113.69763963618426
104.19,9.390958802845796,19.0780838,72.8808257,113.69763963618426
104.2,9.394085563309828,19.078084,72.880826,113.69763963618426
104.21000000000001,9.397204794628024,19.0780842,72.88082630000001,113.69763963618426
104.22,9.400316491455659,19.0780844,72.8808266,113.69763963618426
104.23,9.403420648460937,19.0780846,72.8808269,113.69763963618426
104.24000000000001,9.40651726032496,19.0780848,72.8808272,113.69763963618426
104.25,9.409606321741773,19.078085,72.88082750000001,113.69763963618426
104.26,9.412687827418356,19.0780852,72.8808278,113.69763963618426
104.27,9.415761772074623,19.0780854,72.8808281,113.69763963618426
104.28,9.418828150443465,19.0780856,72.8808284,113.69763963618426
104.29,9.42188695727072,19.0780858,72.88082870000001,113.69763963618426
104.3,9.424938187315206,19.078086,72.880829,113.69763963618426
104.31,9.427981835348733,19.0780862,72.8808293,113.69763963618426
104.32000000000001,9.431017896156074,19.0780864,72.8808296,113.69763963618426
104.33,9.434046364535035,19.0780866,72.88082990000001,113.69763963618426
104.34,9.437067235296416,19.0780868,72.8808302,113.69763963618426
104.35000000000001,9.440080503264038,19.078087,72.8808305,113.69763963618426
104.36,9.44308616327474,19.0780872,72.8808308,113.69763963618426
104.37,9.446084210178423,19.0780874,72.88083110000001,113.69763963618426
104.38,9.449074638837997,19.0780876,72.8808314,113.69763963618426
104.39,9.452057444129453,19.078087800000002,72.8808317,113.69763963618426
104.4,9.45503262094184,19.078088,72.880832,113.69763963618426
104.41,9.458000164177259,19.0780882,72.88083230000001,113.69763963618426
104.42,9.460960068750921,19.078088400000002,72.8808326,113.69763963618426
104.43,9.463912329591102,19.0780886,72.8808329,113.69763963618426
104.44,9.466856941639183,19.0780888,72.8808332,113.69763963618426
104.45,9.469793899849662,19.078089000000002,72.88083350000001,113.69763963618426
104.46000000000001,9.472723199190128,19.0780892,72.8808338,113.69763963618426
104.47,9.475644834641308,19.0780894,72.8808341,113.69763963618426
104.48,9.478558801197064,19.078089600000002,72.8808344,113.69763963618426
104.49000000000001,9.481465093864397,19.0780898,72.88083470000001,113.69763963618426
104.5,9.484363707663443,19.07809,72.880835,113.69763963618426
104.51,9.487254637627514,19.078090200000002,72.8808353,113.69763963618426
104.52,9.490137878803077,19.0780904,72.8808356,113.69763963618426
104.53,9.493013426249778,19.0780906,72.88083590000001,113.69763963618426
104.54,9.495881275040452,19.078090800000002,72.8808362,113.69763963618426
104.55,9.498741420261107,19.078091,72.8808365,113.69763963618426
104.56,9.501593857010967,19.0780912,72.8808368,113.69763963618426
104.57000000000001,9.504438580402464,19.0780914,72.88083710000001,113.69763963618426
104.58,9.507275585561224,19.0780916,72.8808374,113.69763963618426
104.59,9.510104867626143,19.0780918,72.8808377,113.69763963618426
104.60000000000001,9.512926421749304,19.078092,72.88083800000001,113.69763963618426
104.61,9.515740243096056,19.0780922,72.88083830000001,113.69763963618426
104.62,9.518546326844996,19.0780924,72.8808386,113.69763963618426
104.63,9.521344668187965,19.0780926,72.8808389,113.69763963618426
104.64,9.524135262330098,19.0780928,72.88083920000001,113.69763963618426
104.65,9.526918104489775,19.078093,72.88083950000001,113.69763963618426
104.66,9.529693189898678,19.0780932,72.8808398,113.69763963618426
104.67,9.53246051380177,19.0780934,72.8808401,113.69763963618426
104.68,9.535220071457324,19.0780936,72.88084040000001,113.69763963618426
104.69,9.537971858136904,19.0780938,72.88084070000001,113.69763963618426
104.7,9.540715869125405,19.078094,72.880841,113.69763963618426
104.71000000000001,9.54345209972104,19.0780942,72.8808413,113.69763963618426
104.72,9.54618054523534,19.0780944,72.88084160000001,113.69763963618426
104.73,9.548901200993207,19.0780946,72.88084190000001,113.69763963618426
104.74000000000001,9.551614062332856,19.0780948,72.8808422,113.69763963618426
104.75,9.554319124605879,19.078095,72.8808425,113.69763963618426
104.76,9.557016383177228,19.0780952,72.88084280000001,113.69763963618426
104.77,9.559705833425214,19.078095400000002,72.8808431,113.69763963618426
104.78,9.562387470741553,19.0780956,72.8808434,113.69763963618426
104.79,9.56506129053132,19.0780958,72.8808437,113.69763963618426
104.8,9.567727288213002,19.078096000000002,72.88084400000001,113.69763963618426
104.81,9.570385459218487,19.0780962,72.8808443,113.69763963618426
104.82000000000001,9.573035798993066,19.0780964,72.8808446,113.69763963618426
104.83,9.575678302995458,19.078096600000002,72.8808449,113.69763963618426
104.84,9.578312966697801,19.0780968,72.88084520000001,113.69763963618426
104.85000000000001,9.580939785585683,19.078097,72.8808455,113.69763963618426
104.86,9.583558755158103,19.078097200000002,72.8808458,113.69763963618426
104.87,9.586169870927534,19.0780974,72.8808461,113.69763963618426
104.88,9.588773128419906,19.0780976,72.88084640000001,113.69763963618426
104.89,9.591368523174603,19.078097800000002,72.8808467,113.69763963618426
104.9,9.593956050744492,19.078098,72.880847,113.69763963618426
104.91,9.59653570669591,19.0780982,72.8808473,113.69763963618426
104.92,9.599107486608688,19.078098400000002,72.88084760000001,113.69763963618426
104.93,9.601671386076154,19.0780986,72.8808479,113.69763963618426
104.94,9.60422740070513,19.0780988,72.8808482,113.69763963618426
104.95,9.606775526115962,19.078099,72.8808485,113.69763963618426
104.96000000000001,9.609315757942502,19.0780992,72.88084880000001,113.69763963618426
104.97,9.611848091832131,19.0780994,72.8808491,113.69763963618426
104.98,9.61437252344577,19.0780996,72.8808494,113.69763963618426
104.99000000000001,9.616889048457873,19.0780998,72.8808497,113.69763963618426
105.0,9.619397662556434,19.0781,72.88085000000001,113.69763963618426
105.01,9.62189836144302,19.0781002,72.8808503,113.69763963618426
105.02,9.624391140832747,19.0781004,72.8808506,113.69763963618426
105.03,9.62687599645431,19.0781006,72.8808509,113.69763963618426
105.04,9.629352924049975,19.0781008,72.88085120000001,113.69763963618426
105.05,9.631821919375591,19.078101,72.8808515,113.69763963618426
105.06,9.634282978200604,19.0781012,72.8808518,113.69763963618426
105.07000000000001,9.63673609630806,19.0781014,72.8808521,113.69763963618426
105.08,9.639181269494596,19.0781016,72.88085240000001,113.69763963618426
105.09,9.641618493570492,19.0781018,72.8808527,113.69763963618426
105.10000000000001,9.64404776435962,19.078102,72.880853,113.69763963618426
105.11,9.646469077699491,19.0781022,72.8808533,113.69763963618426
105.12,9.64888242944126,19.0781024,72.88085360000001,113.69763963618426
105.13,9.651287815449693,19.0781026,72.8808539,113.69763963618426
105.14,9.653685231603255,19.0781028,72.8808542,113.69763963618426
105.15,9.656074673794016,19.078103000000002,72.8808545,113.69763963618426
105.16,9.658456137927745,19.0781032,72.88085480000001,113.69763963618426
105.17,9.660829619923863,19.0781034,72.8808551,113.69763963618426
105.18,9.663195115715471,19.078103600000002,72.8808554,113.69763963618426
105.19,9.665552621249361,19.0781038,72.8808557,113.69763963618426
105.2,9.667902132486008,19.078104,72.88085600000001,113.69763963618426
105.21000000000001,9.670243645399593,19.078104200000002,72.8808563,113.69763963618426
105.22,9.672577155977994,19.0781044,72.8808566,113.69763963618426
105.23,9.674902660222802,19.0781046,72.8808569,113.69763963618426
105.24000000000001,9.67722015414934,19.078104800000002,72.88085720000001,113.69763963618426
105.25,9.679529633786625,19.078105,72.8808575,113.69763963618426
105.26,9.68183109517745,19.0781052,72.8808578,113.69763963618426
105.27,9.684124534378302,19.078105400000002,72.8808581,113.69763963618426
105.28,9.686409947459458,19.0781056,72.88085840000001,113.69763963618426
105.29,9.688687330504905,19.0781058,72.8808587,113.69763963618426
105.3,9.69095667961242,19.078106000000002,72.880859,113.69763963618426
105.31,9.693217990893533,19.0781062,72.8808593,113.69763963618426
105.32000000000001,9.695471260473544,19.0781064,72.88085960000001,113.69763963618426
105.33,9.697716484491544,19.0781066,72.8808599,113.69763963618426
105.34,9.699953659100398,19.0781068,72.8808602,113.69763963618426
105.35000000000001,9.702182780466774,19.078107,72.88086050000001,113.69763963618426
105.36,9.704403844771127,19.0781072,72.88086080000001,113.69763963618426
105.37,9.706616848207725,19.0781074,72.8808611,113.69763963618426
105.38,9.70882178698465,19.0781076,72.8808614,113.69763963618426
105.39,9.711018657323795,19.0781078,72.88086170000001,113.69763963618426
105.4,9.713207455460894,19.078108,72.88086200000001,113.69763963618426
105.41,9.715388177645485,19.0781082,72.8808623,113.69763963618426
105.42,9.717560820140967,19.0781084,72.8808626,113.69763963618426
105.43,9.719725379224581,19.0781086,72.88086290000001,113.69763963618426
105.44,9.721881851187405,19.0781088,72.88086320000001,113.69763963618426
105.45,9.72403023233439,19.078109,72.8808635,113.69763963618426
105.46000000000001,9.72617051898434,19.0781092,72.8808638,113.69763963618426
105.47,9.728302707469933,19.0781094,72.88086410000001,113.69763963618426
105.48,9.730426794137728,19.0781096,72.88086440000001,113.69763963618426
105.49000000000001,9.73254277534815,19.0781098,72.8808647,113.69763963618426
105.5,9.734650647475526,19.07811,72.880865,113.69763963618426
105.51,9.73675040690808,19.0781102,72.88086530000001,113.69763963618426
105.52,9.738842050047925,19.0781104,72.8808656,113.69763963618426
105.53,9.740925573311097,19.078110600000002,72.8808659,113.69763963618426
105.54,9.743000973127526,19.0781108,72.8808662,113.69763963618426
105.55,9.74506824594107,19.078111,72.88086650000001,113.69763963618426
105.56,9.747127388209519,19.078111200000002,72.8808668,113.69763963618426
105.57000000000001,9.74917839640459,19.0781114,72.8808671,113.69763963618426
105.58,9.751221267011928,19.0781116,72.8808674,113.69763963618426
105.59,9.753255996531141,19.078111800000002,72.88086770000001,113.69763963618426
105.60000000000001,9.755282581475766,19.078112,72.880868,113.69763963618426
105.61,9.757301018373312,19.0781122,72.8808683,113.69763963618426
105.62,9.759311303765239,19.078112400000002,72.8808686,113.69763963618426
105.63,9.761313434206974,19.0781126,72.88086890000001,113.69763963618426
105.64,9.763307406267929,19.0781128,72.8808692,113.69763963618426
105.65,9.765293216531482,19.078113000000002,72.8808695,113.69763963618426
105.66,9.767270861595003,19.0781132,72.8808698,113.69763963618426
105.67,9.769240338069856,19.0781134,72.88087010000001,113.69763963618426
105.68,9.771201642581385,19.078113600000002,72.8808704,113.69763963618426
105.69,9.773154771768954,19.0781138,72.8808707,113.69763963618426
105.7,9.775099722285933,19.078114,72.880871,113.69763963618426
105.71000000000001,9.7770364907997,19.0781142,72.88087130000001,113.69763963618426
105.72,9.778965073991651,19.0781144,72.8808716,113.69763963618426
105.73,9.780885468557214,19.0781146,72.8808719,113.69763963618426
105.74000000000001,9.78279767120585,19.0781148,72.8808722,113.69763963618426
105.75,9.784701678661044,19.078115,72.88087250000001,113.69763963618426
105.76,9.786597487660336,19.0781152,72.8808728,113.69763963618426
105.77,9.788485094955307,19.0781154,72.8808731,113.69763963618426
105.78,9.790364497311595,19.0781156,72.8808734,113.69763963618426
105.79,9.792235691508896,19.0781158,72.88087370000001,113.69763963618426
105.8,9.794098674340962,19.078116,72.880874,113.69763963618426
105.81,9.795953442615637,19.0781162,72.8808743,113.69763963618426
105.82000000000001,9.797799993154815,19.0781164,72.8808746,113.69763963618426
105.83,9.799638322794483,19.0781166,72.88087490000001,113.69763963618426
105.84,9.801468428384716,19.0781168,72.8808752,113.69763963618426
105.85000000000001,9.803290306789679,19.078117,72.8808755,113.69763963618426
105.86,9.805103954887626,19.0781172,72.8808758,113.69763963618426
105.87,9.806909369570928,19.0781174,72.88087610000001,113.69763963618426
105.88,9.808706547746056,19.0781176,72.8808764,113.69763963618426
105.89,9.81049548633359,19.0781178,72.8808767,113.69763963618426
105.9,9.812276182268235,19.078118,72.880877,113.69763963618426
105.91,9.814048632498817,19.078118200000002,72.88087730000001,113.69763963618426
105.92,9.81581283398829,19.0781184,72.8808776,113.69763963618426
105.93,9.817568783713746,19.0781186,72.8808779,113.69763963618426
105.94,9.819316478666401,19.078118800000002,72.8808782,113.69763963618426
105.95,9.821055915851648,19.078119,72.88087850000001,113.69763963618426
105.96000000000001,9.82278709228899,19.0781192,72.8808788,113.69763963618426
105.97,9.824510005012112,19.078119400000002,72.8808791,113.69763963618426
105.98,9.826224651068852,19.0781196,72.8808794,113.69763963618426
105.99000000000001,9.827931027521204,19.0781198,72.88087970000001,113.69763963618426
106.0,9.82962913144534,19.078120000000002,72.88088,113.69763963618426
106.01,9.83131895993161,19.0781202,72.8808803,113.69763963618426
106.02,9.833000510084535,19.0781204,72.8808806,113.69763963618426
106.03,9.834673779022827,19.078120600000002,72.88088090000001,113.69763963618426
106.04,9.836338763879382,19.0781208,72.8808812,113.69763963618426
106.05,9.837995461801297,19.078121,72.8808815,113.69763963618426
106.06,9.839643869949864,19.078121200000002,72.8808818,113.69763963618426
106.07000000000001,9.841283985500585,19.0781214,72.88088210000001,113.69763963618426
106.08,9.842915805643157,19.0781216,72.8808824,113.69763963618426
106.09,9.844539327581506,19.0781218,72.8808827,113.69763963618426
106.10000000000001,9.846154548533775,19.078122,72.88088300000001,113.69763963618426
106.11,9.847761465732317,19.0781222,72.88088330000001,113.69763963618426
106.12,9.849360076423734,19.0781224,72.8808836,113.69763963618426
106.13,9.850950377868845,19.0781226,72.8808839,113.69763963618426
106.14,9.852532367342713,19.0781228,72.88088420000001,113.69763963618426
106.15,9.85410604213464,19.078123,72.88088450000001,113.69763963618426
106.16,9.855671399548179,19.0781232,72.8808848,113.69763963618426
106.17,9.857228436901135,19.0781234,72.8808851,113.69763963618426
106.18,9.858777151525562,19.0781236,72.88088540000001,113.69763963618426
106.19,9.860317540767783,19.0781238,72.88088570000001,113.69763963618426
106.2,9.86184960198838,19.078124,72.880886,113.69763963618426
106.21000000000001,9.863373332562217,19.0781242,72.8808863,113.69763963618426
106.22,9.86488872987841,19.0781244,72.88088660000001,113.69763963618426
106.23,9.866395791340373,19.0781246,72.88088690000001,113.69763963618426
106.24000000000001,9.867894514365803,19.0781248,72.8808872,113.69763963618426
106.25,9.869384896386666,19.078125,72.8808875,113.69763963618426
106.26,9.870866934849246,19.0781252,72.88088780000001,113.69763963618426
106.27,9.872340627214104,19.0781254,72.8808881,113.69763963618426
106.28,9.87380597095611,19.0781256,72.8808884,113.69763963618426
106.29,9.875262963564435,19.078125800000002,72.8808887,113.69763963618426
106.3,9.876711602542562,19.078126,72.88088900000001,113.69763963618426
106.31,9.878151885408293,19.0781262,72.8808893,113.69763963618426
106.32000000000001,9.879583809693736,19.078126400000002,72.8808896,113.69763963618426
106.33,9.88100737294533,19.0781266,72.8808899,113.69763963618426
106.34,9.882422572723845,19.0781268,72.88089020000001,113.69763963618426
106.35000000000001,9.883829406604363,19.078127000000002,72.8808905,113.69763963618426
106.36,9.88522787217632,19.0781272,72.8808908,113.69763963618426
106.37,9.886617967043478,19.0781274,72.8808911,113.69763963618426
106.38,9.887999688823953,19.078127600000002,72.88089140000001,113.69763963618426
106.39,9.889373035150202,19.0781278,72.8808917,113.69763963618426
106.4,9.890738003669028,19.078128,72.880892,113.69763963618426
106.41,9.8920945920416,19.078128200000002,72.8808923,113.69763963618426
106.42,9.893442797943438,19.0781284,72.88089260000001,113.69763963618426
106.43,9.894782619064431,19.0781286,72.8808929,113.69763963618426
106.44,9.896114053108828,19.0781288,72.8808932,113.69763963618426
106.45,9.897437097795256,19.078129,72.8808935,113.69763963618426
106.46000000000001,9.898751750856716,19.0781292,72.88089380000001,113.69763963618426
106.47,9.900058010040576,19.0781294,72.8808941,113.69763963618426
106.48,9.90135587310861,19.0781296,72.8808944,113.69763963618426
106.49000000000001,9.902645337836955,19.0781298,72.8808947,113.69763963618426
106.5,9.903926402016152,19.07813,72.88089500000001,113.69763963618426
106.51,9.905199063451132,19.0781302,72.8808953,113.69763963618426
106.52,9.906463319961226,19.0781304,72.8808956,113.69763963618426
106.53,9.907719169380162,19.0781306,72.8808959,113.69763963618426
106.54,9.908966609556078,19.0781308,72.88089620000001,113.69763963618426
106.55,9.910205638351519,19.078131,72.8808965,113.69763963618426
106.56,9.911436253643442,19.0781312,72.8808968,113.69763963618426
106.57000000000001,9.912658453323225,19.0781314,72.8808971,113.69763963618426
106.58,9.913872235296656,19.0781316,72.88089740000001,113.69763963618426
106.59,9.915077597483958,19.0781318,72.8808977,113.69763963618426
106.60000000000001,9.916274537819774,19.078132,72.880898,113.69763963618426
106.61,9.917463054253176,19.0781322,72.8808983,113.69763963618426
106.62,9.91864314474768,19.0781324,72.88089860000001,113.69763963618426
106.63,9.919814807281229,19.0781326,72.8808989,113.69763963618426
106.64,9.920978039846208,19.0781328,72.8808992,113.69763963618426
106.65,9.922132840449459,19.078133,72.8808995,113.69763963618426
106.66,9.923279207112252,19.0781332,72.88089980000001,113.69763963618426
106.67,9.924417137870329,19.078133400000002,72.8809001,113.69763963618426
106.68,9.92554663077387,19.0781336,72.8809004,113.69763963618426
106.69,9.92666768388752,19.0781338,72.8809007,113.69763963618426
106.7,9.92778029529039,19.078134000000002,72.88090100000001,113.69763963618426
106.71000000000001,9.928884463076045,19.0781342,72.8809013,113.69763963618426
106.72,9.929980185352523,19.0781344,72.8809016,113.69763963618426
106.73,9.931067460242339,19.078134600000002,72.8809019,113.69763963618426
106.74000000000001,9.93214628588248,19.0781348,72.88090220000001,113.69763963618426
106.75,9.933216660424396,19.078135,72.8809025,113.69763963618426
106.76,9.934278582034038,19.078135200000002,72.8809028,113.69763963618426
106.77,9.935332048891826,19.0781354,72.8809031,113.69763963618426
106.78,9.936377059192683,19.0781356,72.88090340000001,113.69763963618426
106.79,9.937413611146004,19.078135800000002,72.8809037,113.69763963618426
106.8,9.938441702975688,19.078136,72.880904,113.69763963618426
106.81,9.939461332920128,19.0781362,72.8809043,113.69763963618426
106.82000000000001,9.940472499232216,19.0781364,72.88090460000001,113.69763963618426
106.83,9.941475200179346,19.0781366,72.8809049,113.69763963618426
106.84,9.942469434043417,19.0781368,72.8809052,113.69763963618426
106.85000000000001,9.943455199120837,19.078137,72.88090550000001,113.69763963618426
106.86,9.944432493722521,19.0781372,72.88090580000001,113.69763963618426
106.87,9.945401316173907,19.0781374,72.8809061,113.69763963618426
106.88,9.94636166481494,19.0781376,72.8809064,113.69763963618426
106.89,9.947313538000094,19.0781378,72.88090670000001,113.69763963618426
106.9,9.948256934098351,19.078138,72.88090700000001,113.69763963618426
106.91,9.949191851493236,19.0781382,72.8809073,113.69763963618426
106.92,9.950118288582788,19.0781384,72.8809076,113.69763963618426
106.93,9.951036243779585,19.0781386,72.88090790000001,113.69763963618426
106.94,9.951945715510737,19.0781388,72.88090820000001,113.69763963618426
106.95,9.952846702217887,19.078139,72.8809085,113.69763963618426
106.96000000000001,9.95373920235722,19.0781392,72.8809088,113.69763963618426
106.97,9.954623214399456,19.0781394,72.88090910000001,113.69763963618426
106.98,9.955498736829874,19.0781396,72.88090940000001,113.69763963618426
106.99000000000001,9.956365768148283,19.0781398,72.8809097,113.69763963618426
107.0,9.957224306869051,19.07814,72.88091,113.69763963618426
107.01,9.958074351521098,19.0781402,72.88091030000001,113.69763963618426
107.02,9.958915900647886,19.0781404,72.8809106,113.69763963618426
107.03,9.959748952807457,19.0781406,72.8809109,113.69763963618426
107.04,9.96057350657239,19.0781408,72.8809112,113.69763963618426
107.05,9.961389560529835,19.078141000000002,72.88091150000001,113.69763963618426
107.06,9.962197113281508,19.0781412,72.8809118,113.69763963618426
107.07000000000001,9.96299616344369,19.0781414,72.8809121,113.69763963618426
107.08,9.963786709647227,19.078141600000002,72.8809124,113.69763963618426
107.09,9.964568750537543,19.0781418,72.88091270000001,113.69763963618426
107.10000000000001,9.965342284774632,19.078142,72.880913,113.69763963618426
107.11,9.966107311033062,19.078142200000002,72.8809133,113.69763963618426
107.12,9.966863828001982,19.0781424,72.8809136,113.69763963618426
107.13,9.96761183438512,19.0781426,72.88091390000001,113.69763963618426
107.14,9.968351328900791,19.078142800000002,72.8809142,113.69763963618426
107.15,9.969082310281891,19.078143,72.8809145,113.69763963618426
107.16,9.969804777275897,19.0781432,72.8809148,113.69763963618426
107.17,9.97051872864489,19.078143400000002,72.88091510000001,113.69763963618426
107.18,9.971224163165527,19.0781436,72.8809154,113.69763963618426
107.19,9.97192107962907,19.0781438,72.8809157,113.69763963618426
107.2,9.972609476841367,19.078144,72.880916,113.69763963618426
107.21000000000001,9.97328935362287,19.0781442,72.88091630000001,113.69763963618426
107.22,9.973960708808633,19.0781444,72.8809166,113.69763963618426
107.23,9.974623541248299,19.0781446,72.8809169,113.69763963618426
107.24000000000001,9.975277849806133,19.0781448,72.8809172,113.69763963618426
107.25,9.975923633360983,19.078145,72.88091750000001,113.69763963618426
107.26,9.976560890806327,19.0781452,72.8809178,113.69763963618426
107.27,9.977189621050236,19.0781454,72.8809181,113.69763963618426
107.28,9.9778098230154,19.0781456,72.8809184,113.69763963618426
107.29,9.97842149563912,19.0781458,72.88091870000001,113.69763963618426
107.3,9.979024637873309,19.078146,72.880919,113.69763963618426
107.31,9.979619248684502,19.0781462,72.8809193,113.69763963618426
107.32000000000001,9.980205327053849,19.0781464,72.8809196,113.69763963618426
107.33,9.98078287197712,19.0781466,72.88091990000001,113.69763963618426
107.34,9.981351882464706,19.0781468,72.8809202,113.69763963618426
107.35000000000001,9.981912357541628,19.078147,72.8809205,113.69763963618426
107.36,9.982464296247521,19.0781472,72.8809208,113.69763963618426
107.37,9.983007697636658,19.0781474,72.88092110000001,113.69763963618426
107.38,9.983542560777934,19.0781476,72.8809214,113.69763963618426
107.39,9.984068884754876,19.0781478,72.8809217,113.69763963618426
107.4,9.984586668665639,19.078148,72.880922,113.69763963618426
107.41,9.985095911623018,19.0781482,72.88092230000001,113.69763963618426
107.42,9.985596612754438,19.0781484,72.8809226,113.69763963618426
107.43,9.986088771201963,19.078148600000002,72.8809229,113.69763963618426
107.44,9.98657238612229,19.0781488,72.8809232,113.69763963618426
107.45,9.98704745668676,19.078149,72.88092350000001,113.69763963618426
107.46000000000001,9.987513982081351,19.078149200000002,72.8809238,113.69763963618426
107.47,9.987971961506684,19.0781494,72.8809241,113.69763963618426
107.48,9.988421394178026,19.0781496,72.8809244,113.69763963618426
107.49000000000001,9.988862279325286,19.078149800000002,72.88092470000001,113.69763963618426
107.5,9.989294616193018,19.07815,72.880925,113.69763963618426
107.51,9.989718404040424,19.0781502,72.8809253,113.69763963618426
107.52,9.990133642141357,19.078150400000002,72.8809256,113.69763963618426
107.53,9.990540329784318,19.0781506,72.88092590000001,113.69763963618426
107.54,9.990938466272457,19.0781508,72.8809262,113.69763963618426
107.55,9.99132805092358,19.078151000000002,72.8809265,113.69763963618426
107.56,9.991709083070141,19.0781512,72.8809268,113.69763963618426
107.57000000000001,9.992081562059257,19.0781514,72.88092710000001,113.69763963618426
107.58,9.99244548725269,19.0781516,72.8809274,113.69763963618426
107.59,9.992800858026866,19.0781518,72.8809277,113.69763963618426
107.60000000000001,9.993147673772869,19.078152,72.880928,113.69763963618426
107.61,9.993485933896437,19.0781522,72.88092830000001,113.69763963618426
107.62,9.993815637817974,19.0781524,72.8809286,113.69763963618426
107.63,9.994136784972536,19.0781526,72.8809289,113.69763963618426
107.64,9.99444937480985,19.0781528,72.88092920000001,113.69763963618426
107.65,9.9947534067943,19.078153,72.88092950000001,113.69763963618426
107.66,9.995048880404937,19.0781532,72.8809298,113.69763963618426
107.67,9.995335795135475,19.0781534,72.8809301,113.69763963618426
107.68,9.995614150494292,19.0781536,72.88093040000001,113.69763963618426
107.69,9.995883946004433,19.0781538,72.88093070000001,113.69763963618426
107.7,9.996145181203616,19.078154,72.880931,113.69763963618426
107.71000000000001,9.996397855644215,19.0781542,72.8809313,113.69763963618426
107.72,9.99664196889328,19.0781544,72.88093160000001,113.69763963618426
107.73,9.996877520532534,19.0781546,72.88093190000001,113.69763963618426
107.74000000000001,9.997104510158364,19.0781548,72.8809322,113.69763963618426
107.75,9.997322937381828,19.078155,72.8809325,113.69763963618426
107.76,9.997532801828658,19.0781552,72.88093280000001,113.69763963618426
107.77,9.997734103139255,19.0781554,72.88093310000001,113.69763963618426
107.78,9.997926840968699,19.0781556,72.8809334,113.69763963618426
107.79,9.998111014986735,19.0781558,72.8809337,113.69763963618426
107.8,9.998286624877785,19.078156,72.88093400000001,113.69763963618426
107.81,9.998453670340952,19.078156200000002,72.8809343,113.69763963618426
107.82000000000001,9.998612151090002,19.0781564,72.8809346,113.69763963618426
107.83,9.998762066853386,19.0781566,72.8809349,113.69763963618426
107.84,9.998903417374228,19.078156800000002,72.88093520000001,113.69763963618426
107.85000000000001,9.999036202410323,19.078157,72.8809355,113.69763963618426
107.86,9.999160421734155,19.0781572,72.8809358,113.69763963618426
107.87,9.99927607513287,19.078157400000002,72.8809361,113.69763963618426
107.88,9.999383162408304,19.0781576,72.88093640000001,113.69763963618426
107.89,9.999481683376963,19.0781578,72.8809367,113.69763963618426
107.9,9.999571637870035,19.078158000000002,72.880937,113.69763963618426
107.91,9.999653025733386,19.0781582,72.8809373,113.69763963618426
107.92,9.99972584682756,19.0781584,72.88093760000001,113.69763963618426
107.93,9.99979010102778,19.078158600000002,72.8809379,113.69763963618426
107.94,9.999845788223949,19.0781588,72.8809382,113.69763963618426
107.95,9.999892908320646,19.078159,72.8809385,113.69763963618426
107.96000000000001,9.999931461237136,19.0781592,72.88093880000001,113.69763963618426
107.97,9.999961446907353,19.0781594,72.8809391,113.69763963618426
107.98,9.999982865279923,19.0781596,72.8809394,113.69763963618426
107.99000000000001,9.999995716318146,19.0781598,72.8809397,113.69763963618426
108.0,10.0,19.07816,72.88094000000001,113.69763963618426
108.01,9.999995716318146,19.0781602,72.8809403,113.69763963618426
108.02,9.999982865279923,19.0781604,72.8809406,113.69763963618426
108.03,9.999961446907353,19.0781606,72.8809409,113.69763963618426
108.04,9.999931461237134,19.0781608,72.88094120000001,113.69763963618426
108.05,9.999892908320646,19.078161,72.8809415,113.69763963618426
108.06,9.999845788223949,19.0781612,72.8809418,113.69763963618426
108.07000000000001,9.99979010102778,19.0781614,72.8809421,113.69763963618426
108.08,9.99972584682756,19.0781616,72.88094240000001,113.69763963618426
108.09,9.999653025733386,19.0781618,72.8809427,113.69763963618426
108.10000000000001,9.999571637870035,19.078162,72.880943,113.69763963618426
108.11,9.999481683376963,19.0781622,72.8809433,113.69763963618426
108.12,9.999383162408304,19.0781624,72.88094360000001,113.69763963618426
108.13,9.99927607513287,19.0781626,72.8809439,113.69763963618426
108.14,9.999160421734155,19.0781628,72.8809442,113.69763963618426
108.15,9.999036202410323,19.078163,72.8809445,113.69763963618426
108.16,9.998903417374228,19.0781632,72.88094480000001,113.69763963618426
108.17,9.998762066853386,19.0781634,72.8809451,113.69763963618426
108.18,9.998612151090002,19.0781636,72.8809454,113.69763963618426
108.19,9.998453670340952,19.078163800000002,72.8809457,113.69763963618426
108.2,9.998286624877785,19.078164,72.88094600000001,113.69763963618426
108.21000000000001,9.998111014986735,19.0781642,72.8809463,113.69763963618426
108.22,9.997926840968699,19.078164400000002,72.8809466,113.69763963618426
108.23,9.997734103139255,19.0781646,72.8809469,113.69763963618426
108.24000000000001,9.997532801828656,19.0781648,72.88094720000001,113.69763963618426
108.25,9.997322937381828,19.078165000000002,72.8809475,113.69763963618426
108.26,9.997104510158364,19.0781652,72.8809478,113.69763963618426
108.27,9.996877520532534,19.0781654,72.8809481,113.69763963618426
108.28,9.99664196889328,19.078165600000002,72.88094840000001,113.69763963618426
108.29,9.996397855644215,19.0781658,72.8809487,113.69763963618426
108.3,9.996145181203616,19.078166,72.880949,113.69763963618426
108.31,9.995883946004433,19.078166200000002,72.8809493,113.69763963618426
108.32000000000001,9.995614150494292,19.0781664,72.88094960000001,113.69763963618426
108.33,9.995335795135476,19.0781666,72.8809499,113.69763963618426
108.34,9.995048880404937,19.0781668,72.8809502,113.69763963618426
108.35000000000001,9.9947534067943,19.078167,72.8809505,113.69763963618426
108.36,9.99444937480985,19.0781672,72.88095080000001,113.69763963618426
108.37,9.994136784972536,19.0781674,72.8809511,113.69763963618426
108.38,9.993815637817974,19.0781676,72.8809514,113.69763963618426
108.39,9.993485933896437,19.0781678,72.88095170000001,113.69763963618426
108.4,9.993147673772869,19.078168,72.88095200000001,113.69763963618426
108.41,9.992800858026866,19.0781682,72.8809523,113.69763963618426
108.42,9.99244548725269,19.0781684,72.8809526,113.69763963618426
108.43,9.992081562059257,19.0781686,72.88095290000001,113.69763963618426
108.44,9.991709083070141,19.0781688,72.88095320000001,113.69763963618426
108.45,9.991328050923581,19.078169,72.8809535,113.69763963618426
108.46000000000001,9.990938466272457,19.0781692,72.8809538,113.69763963618426
108.47,9.990540329784318,19.0781694,72.88095410000001,113.69763963618426
108.48,9.990133642141359,19.0781696,72.88095440000001,113.69763963618426
108.49000000000001,9.989718404040424,19.0781698,72.8809547,113.69763963618426
108.5,9.989294616193018,19.07817,72.880955,113.69763963618426
108.51,9.988862279325286,19.0781702,72.88095530000001,113.69763963618426
108.52,9.988421394178026,19.0781704,72.88095560000001,113.69763963618426
108.53,9.987971961506686,19.0781706,72.8809559,113.69763963618426
108.54,9.987513982081351,19.0781708,72.8809562,113.69763963618426
108.55,9.98704745668676,19.078171,72.88095650000001,113.69763963618426
108.56,9.98657238612229,19.0781712,72.8809568,113.69763963618426
108.57000000000001,9.986088771201963,19.078171400000002,72.8809571,113.69763963618426
108.58,9.98559661275444,19.0781716,72.8809574,113.69763963618426
108.59,9.985095911623018,19.0781718,72.88095770000001,113.69763963618426
108.60000000000001,9.98458666866564,19.078172000000002,72.880958,113.69763963618426
108.61,9.984068884754876,19.0781722,72.8809583,113.69763963618426
108.62,9.983542560777934,19.0781724,72.8809586,113.69763963618426
108.63,9.983007697636658,19.078172600000002,72.88095890000001,113.69763963618426
108.64,9.982464296247521,19.0781728,72.8809592,113.69763963618426
108.65,9.981912357541628,19.078173,72.8809595,113.69763963618426
108.66,9.981351882464706,19.078173200000002,72.8809598,113.69763963618426
108.67,9.98078287197712,19.0781734,72.88096010000001,113.69763963618426
108.68,9.980205327053849,19.0781736,72.8809604,113.69763963618426
108.69,9.979619248684502,19.078173800000002,72.8809607,113.69763963618426
108.7,9.979024637873309,19.078174,72.880961,113.69763963618426
108.71000000000001,9.97842149563912,19.0781742,72.88096130000001,113.69763963618426
108.72,9.9778098230154,19.0781744,72.8809616,113.69763963618426
108.73,9.977189621050236,19.0781746,72.8809619,113.69763963618426
108.74000000000001,9.976560890806327,19.0781748,72.8809622,113.69763963618426
108.75,9.975923633360985,19.078175,72.88096250000001,113.69763963618426
108.76,9.975277849806133,19.0781752,72.8809628,113.69763963618426
108.77,9.974623541248302,19.0781754,72.8809631,113.69763963618426
108.78,9.973960708808631,19.0781756,72.8809634,113.69763963618426
108.79,9.97328935362287,19.0781758,72.88096370000001,113.69763963618426
108.8,9.972609476841367,19.078176,72.880964,113.69763963618426
108.81,9.97192107962907,19.0781762,72.8809643,113.69763963618426
108.82000000000001,9.971224163165527,19.0781764,72.8809646,113.69763963618426
108.83,9.970518728644889,19.0781766,72.88096490000001,113.69763963618426
108.84,9.969804777275899,19.0781768,72.8809652,113.69763963618426
108.85000000000001,9.96908231028189,19.078177,72.8809655,113.69763963618426
108.86,9.968351328900793,19.0781772,72.8809658,113.69763963618426
108.87,9.96761183438512,19.0781774,72.88096610000001,113.69763963618426
108.88,9.966863828001982,19.0781776,72.8809664,113.69763963618426
108.89,9.966107311033062,19.0781778,72.8809667,113.69763963618426
108.9,9.96534228477463,19.078178,72.880967,113.69763963618426
108.91,9.964568750537545,19.0781782,72.88096730000001,113.69763963618426
108.92,9.963786709647227,19.0781784,72.8809676,113.69763963618426
108.93,9.96299616344369,19.0781786,72.8809679,113.69763963618426
108.94,9.962197113281508,19.0781788,72.8809682,113.69763963618426
108.95,9.961389560529835,19.078179000000002,72.88096850000001,113.69763963618426
108.96000000000001,9.96057350657239,19.0781792,72.8809688,113.69763963618426
108.97,9.959748952807457,19.0781794,72.8809691,113.69763963618426
108.98,9.958915900647888,19.078179600000002,72.8809694,113.69763963618426
108.99000000000001,9.958074351521095,19.0781798,72.88096970000001,113.69763963618426
109.0,9.957224306869053,19.07818,72.88097,113.69763963618426
109.01,9.956365768148283,19.078180200000002,72.8809703,113.69763963618426
109.02,9.955498736829876,19.0781804,72.8809706,113.69763963618426
109.03,9.954623214399458,19.0781806,72.88097090000001,113.69763963618426
109.04,9.953739202357216,19.078180800000002,72.8809712,113.69763963618426
109.05,9.952846702217888,19.078181,72.8809715,113.69763963618426
109.06,9.951945715510735,19.0781812,72.8809718,113.69763963618426
109.07000000000001,9.951036243779585,19.078181400000002,72.88097210000001,113.69763963618426
109.08,9.950118288582788,19.0781816,72.8809724,113.69763963618426
109.09,9.949191851493234,19.0781818,72.8809727,113.69763963618426
109.10000000000001,9.948256934098351,19.078182,72.880973,113.69763963618426
109.11,9.947313538000094,19.0781822,72.88097330000001,113.69763963618426
109.12,9.946361664814942,19.0781824,72.8809736,113.69763963618426
109.13,9.94540131617391,19.0781826,72.8809739,113.69763963618426
109.14,9.944432493722523,19.0781828,72.88097420000001,113.69763963618426
109.15,9.943455199120837,19.078183,72.88097450000001,113.69763963618426
109.16,9.942469434043419,19.0781832,72.8809748,113.69763963618426
109.17,9.941475200179347,19.0781834,72.8809751,113.69763963618426
109.18,9.940472499232216,19.0781836,72.88097540000001,113.69763963618426
109.19,9.939461332920128,19.0781838,72.88097570000001,113.69763963618426
109.2,9.93844170297569,19.078184,72.880976,113.69763963618426
109.21000000000001,9.937413611146003,19.0781842,72.8809763,113.69763963618426
109.22,9.936377059192683,19.0781844,72.88097660000001,113.69763963618426
109.23,9.935332048891826,19.0781846,72.88097690000001,113.69763963618426
109.24000000000001,9.934278582034036,19.0781848,72.8809772,113.69763963618426
109.25,9.933216660424396,19.078185,72.8809775,113.69763963618426
109.26,9.932146285882478,19.0781852,72.88097780000001,113.69763963618426
109.27,9.931067460242343,19.0781854,72.88097810000001,113.69763963618426
109.28,9.929980185352525,19.0781856,72.8809784,113.69763963618426
109.29,9.928884463076045,19.0781858,72.8809787,113.69763963618426
109.3,9.92778029529039,19.078186,72.88097900000001,113.69763963618426
109.31,9.926667683887523,19.0781862,72.8809793,113.69763963618426
109.32000000000001,9.92554663077387,19.0781864,72.8809796,113.69763963618426
109.33,9.924417137870329,19.078186600000002,72.8809799,113.69763963618426
109.34,9.923279207112255,19.0781868,72.88098020000001,113.69763963618426
109.35000000000001,9.922132840449457,19.078187,72.8809805,113.69763963618426
109.36,9.920978039846212,19.078187200000002,72.8809808,113.69763963618426
109.37,9.919814807281227,19.0781874,72.8809811,113.69763963618426
109.38,9.91864314474768,19.0781876,72.88098140000001,113.69763963618426
109.39,9.917463054253178,19.078187800000002,72.8809817,113.69763963618426
109.4,9.916274537819772,19.078188,72.880982,113.69763963618426
109.41,9.91507759748396,19.0781882,72.8809823,113.69763963618426
109.42,9.913872235296656,19.078188400000002,72.88098260000001,113.69763963618426
109.43,9.912658453323225,19.0781886,72.8809829,113.69763963618426
109.44,9.911436253643444,19.0781888,72.8809832,113.69763963618426
109.45,9.910205638351519,19.078189000000002,72.8809835,113.69763963618426
109.46000000000001,9.908966609556078,19.0781892,72.88098380000001,113.69763963618426
109.47,9.907719169380162,19.0781894,72.8809841,113.69763963618426
109.48,9.906463319961226,19.0781896,72.8809844,113.69763963618426
109.49000000000001,9.905199063451132,19.0781898,72.8809847,113.69763963618426
109.5,9.903926402016152,19.07819,72.88098500000001,113.69763963618426
109.51,9.902645337836955,19.0781902,72.8809853,113.69763963618426
109.52,9.90135587310861,19.0781904,72.8809856,113.69763963618426
109.53,9.90005801004058,19.0781906,72.8809859,113.69763963618426
109.54,9.898751750856714,19.0781908,72.88098620000001,113.69763963618426
109.55,9.897437097795258,19.078191,72.8809865,113.69763963618426
109.56,9.89611405310883,19.0781912,72.8809868,113.69763963618426
109.57000000000001,9.894782619064433,19.0781914,72.8809871,113.69763963618426
109.58,9.893442797943441,19.0781916,72.88098740000001,113.69763963618426
109.59,9.892094592041598,19.0781918,72.8809877,113.69763963618426
109.60000000000001,9.890738003669027,19.078192,72.880988,113.69763963618426
109.61,9.8893730351502,19.0781922,72.8809883,113.69763963618426
109.62,9.887999688823953,19.0781924,72.88098860000001,113.69763963618426
109.63,9.88661796704348,19.0781926,72.8809889,113.69763963618426
109.64,9.885227872176317,19.0781928,72.8809892,113.69763963618426
109.65,9.883829406604363,19.078193,72.8809895,113.69763963618426
109.66,9.882422572723844,19.0781932,72.88098980000001,113.69763963618426
109.67,9.881007372945334,19.0781934,72.8809901,113.69763963618426
109.68,9.879583809693738,19.0781936,72.8809904,113.69763963618426
109.69,9.878151885408293,19.0781938,72.8809907,113.69763963618426
109.7,9.876711602542565,19.078194,72.88099100000001,113.69763963618426
109.71000000000001,9.875262963564433,19.078194200000002,72.8809913,113.69763963618426
109.72,9.873805970956111,19.0781944,72.8809916,113.69763963618426
109.73,9.872340627214102,19.0781946,72.8809919,113.69763963618426
109.74000000000001,9.870866934849246,19.078194800000002,72.88099220000001,113.69763963618426
109.75,9.869384896386668,19.078195,72.8809925,113.69763963618426
109.76,9.867894514365801,19.0781952,72.8809928,113.69763963618426
109.77,9.866395791340377,19.078195400000002,72.8809931,113.69763963618426
109.78,9.864888729878409,19.0781956,72.88099340000001,113.69763963618426
109.79,9.863373332562215,19.0781958,72.8809937,113.69763963618426
109.8,9.861849601988384,19.078196000000002,72.880994,113.69763963618426
109.81,9.860317540767783,19.0781962,72.8809943,113.69763963618426
109.82000000000001,9.858777151525564,19.0781964,72.88099460000001,113.69763963618426
109.83,9.857228436901135,19.078196600000002,72.8809949,113.69763963618426
109.84,9.855671399548182,19.0781968,72.8809952,113.69763963618426
109.85000000000001,9.854106042134639,19.078197,72.8809955,113.69763963618426
109.86,9.852532367342715,19.0781972,72.88099580000001,113.69763963618426
109.87,9.850950377868843,19.0781974,72.8809961,113.69763963618426
109.88,9.849360076423734,19.0781976,72.8809964,113.69763963618426
109.89,9.847761465732319,19.0781978,72.88099670000001,113.69763963618426
109.9,9.846154548533772,19.078198,72.88099700000001,113.69763963618426
109.91,9.844539327581508,19.0781982,72.8809973,113.69763963618426
109.92,9.842915805643155,19.0781984,72.8809976,113.69763963618426
109.93,9.841283985500585,19.0781986,72.88099790000001,113.69763963618426
109.94,9.839643869949867,19.0781988,72.88099820000001,113.69763963618426
109.95,9.837995461801299,19.078199,72.8809985,113.69763963618426
109.96000000000001,9.836338763879384,19.0781992,72.8809988,113.69763963618426
109.97,9.834673779022829,19.0781994,72.88099910000001,113.69763963618426
109.98,9.833000510084538,19.0781996,72.88099940000001,113.69763963618426
109.99000000000001,9.83131895993161,19.0781998,72.8809997,113.69763963618426
110.0,9.82962913144534,19.0782,72.881,113.69763963618426
110.01,9.827931027521203,19.0782002,72.88100030000001,113.69763963618426
110.02,9.826224651068852,19.0782004,72.88100060000001,113.69763963618426
110.03,9.824510005012113,19.0782006,72.8810009,113.69763963618426
110.04,9.822787092288989,19.0782008,72.8810012,113.69763963618426
110.05,9.821055915851646,19.078201,72.88100150000001,113.69763963618426
110.06,9.819316478666405,19.0782012,72.8810018,113.69763963618426
110.07000000000001,9.817568783713742,19.0782014,72.8810021,113.69763963618426
110.08,9.815812833988293,19.0782016,72.8810024,113.69763963618426
110.09,9.81404863249882,19.078201800000002,72.88100270000001,113.69763963618426
110.10000000000001,9.812276182268239,19.078202,72.881003,113.69763963618426
110.11,9.810495486333593,19.0782022,72.8810033,113.69763963618426
110.12,9.808706547746054,19.078202400000002,72.8810036,113.69763963618426
110.13,9.806909369570933,19.0782026,72.88100390000001,113.69763963618426
110.14,9.805103954887626,19.0782028,72.8810042,113.69763963618426
110.15,9.803290306789677,19.078203000000002,72.8810045,113.69763963618426
110.16,9.801468428384716,19.0782032,72.8810048,113.69763963618426
110.17,9.799638322794484,19.0782034,72.88100510000001,113.69763963618426
110.18,9.797799993154811,19.078203600000002,72.8810054,113.69763963618426
110.19,9.795953442615637,19.0782038,72.8810057,113.69763963618426
110.2,9.794098674340967,19.078204,72.881006,113.69763963618426
110.21000000000001,9.792235691508894,19.078204200000002,72.88100630000001,113.69763963618426
110.22,9.790364497311598,19.0782044,72.8810066,113.69763963618426
110.23,9.788485094955309,19.0782046,72.8810069,113.69763963618426
110.24000000000001,9.786597487660337,19.0782048,72.8810072,113.69763963618426
110.25,9.784701678661046,19.078205,72.88100750000001,113.69763963618426
110.26,9.782797671205847,19.0782052,72.8810078,113.69763963618426
110.27,9.78088546855722,19.0782054,72.8810081,113.69763963618426
110.28,9.77896507399165,19.0782056,72.8810084,113.69763963618426
110.29,9.777036490799698,19.0782058,72.88100870000001,113.69763963618426
110.3,9.775099722285933,19.078206,72.881009,113.69763963618426
110.31,9.773154771768954,19.0782062,72.8810093,113.69763963618426
110.32000000000001,9.771201642581385,19.0782064,72.8810096,113.69763963618426
110.33,9.769240338069855,19.0782066,72.88100990000001,113.69763963618426
110.34,9.767270861595009,19.0782068,72.8810102,113.69763963618426
110.35000000000001,9.765293216531484,19.078207,72.8810105,113.69763963618426
110.36,9.76330740626793,19.0782072,72.8810108,113.69763963618426
110.37,9.761313434206977,19.0782074,72.88101110000001,113.69763963618426
110.38,9.75931130376524,19.0782076,72.8810114,113.69763963618426
110.39,9.757301018373315,19.0782078,72.8810117,113.69763963618426
110.4,9.755282581475766,19.078208,72.881012,113.69763963618426
110.41,9.753255996531141,19.0782082,72.88101230000001,113.69763963618426
110.42,9.751221267011928,19.0782084,72.8810126,113.69763963618426
110.43,9.749178396404584,19.0782086,72.8810129,113.69763963618426
110.44,9.74712738820952,19.0782088,72.8810132,113.69763963618426
110.45,9.745068245941068,19.078209,72.88101350000001,113.69763963618426
110.46000000000001,9.743000973127524,19.0782092,72.8810138,113.69763963618426
110.47,9.740925573311097,19.078209400000002,72.8810141,113.69763963618426
110.48,9.738842050047932,19.0782096,72.8810144,113.69763963618426
110.49000000000001,9.736750406908081,19.0782098,72.88101470000001,113.69763963618426
110.5,9.73465064747553,19.078210000000002,72.881015,113.69763963618426
110.51,9.732542775348152,19.0782102,72.8810153,113.69763963618426
110.52,9.73042679413773,19.0782104,72.8810156,113.69763963618426
110.53,9.72830270746994,19.078210600000002,72.88101590000001,113.69763963618426
110.54,9.72617051898434,19.0782108,72.8810162,113.69763963618426
110.55,9.724030232334389,19.078211,72.8810165,113.69763963618426
110.56,9.721881851187407,19.078211200000002,72.8810168,113.69763963618426
110.57000000000001,9.719725379224577,19.0782114,72.88101710000001,113.69763963618426
110.58,9.71756082014097,19.0782116,72.8810174,113.69763963618426
110.59,9.715388177645485,19.078211800000002,72.8810177,113.69763963618426
110.60000000000001,9.713207455460893,19.078212,72.881018,113.69763963618426
110.61,9.7110186573238,19.0782122,72.88101830000001,113.69763963618426
110.62,9.708821786984652,19.0782124,72.8810186,113.69763963618426
110.63,9.70661684820773,19.0782126,72.8810189,113.69763963618426
110.64,9.704403844771129,19.0782128,72.88101920000001,113.69763963618426
110.65,9.702182780466778,19.078213,72.88101950000001,113.69763963618426
110.66,9.699953659100405,19.0782132,72.8810198,113.69763963618426
110.67,9.697716484491544,19.0782134,72.8810201,113.69763963618426
110.68,9.695471260473544,19.0782136,72.88102040000001,113.69763963618426
110.69,9.693217990893533,19.0782138,72.88102070000001,113.69763963618426
110.7,9.690956679612421,19.078214,72.881021,113.69763963618426
110.71000000000001,9.688687330504905,19.0782142,72.8810213,113.69763963618426
110.72,9.686409947459456,19.0782144,72.88102160000001,113.69763963618426
110.73,9.684124534378308,19.0782146,72.88102190000001,113.69763963618426
110.74000000000001,9.681831095177447,19.0782148,72.8810222,113.69763963618426
110.75,9.679529633786629,19.078215,72.8810225,113.69763963618426
110.76,9.677220154149337,19.0782152,72.88102280000001,113.69763963618426
110.77,9.67490266022281,19.0782154,72.88102310000001,113.69763963618426
110.78,9.672577155977995,19.0782156,72.8810234,113.69763963618426
110.79,9.670243645399596,19.0782158,72.8810237,113.69763963618426
110.8,9.667902132486013,19.078216,72.88102400000001,113.69763963618426
110.81,9.665552621249358,19.0782162,72.8810243,113.69763963618426
110.82000000000001,9.663195115715471,19.0782164,72.8810246,113.69763963618426
110.83,9.660829619923861,19.0782166,72.8810249,113.69763963618426
110.84,9.658456137927745,19.0782168,72.88102520000001,113.69763963618426
110.85000000000001,9.656074673794016,19.078217000000002,72.8810255,113.69763963618426
110.86,9.653685231603253,19.0782172,72.8810258,113.69763963618426
110.87,9.651287815449699,19.0782174,72.8810261,113.69763963618426
110.88,9.648882429441258,19.078217600000002,72.88102640000001,113.69763963618426
110.89,9.646469077699496,19.0782178,72.8810267,113.69763963618426
110.9,9.644047764359623,19.078218,72.881027,113.69763963618426
110.91,9.641618493570494,19.078218200000002,72.8810273,113.69763963618426
110.92,9.639181269494602,19.0782184,72.88102760000001,113.69763963618426
110.93,9.636736096308054,19.0782186,72.8810279,113.69763963618426
110.94,9.634282978200607,19.078218800000002,72.8810282,113.69763963618426
110.95,9.63182191937559,19.078219,72.8810285,113.69763963618426
110.96000000000001,9.629352924049973,19.0782192,72.88102880000001,113.69763963618426
110.97,9.626875996454311,19.078219400000002,72.8810291,113.69763963618426
110.98,9.624391140832746,19.0782196,72.8810294,113.69763963618426
110.99000000000001,9.62189836144302,19.0782198,72.8810297,113.69763963618426
111.0,9.619397662556434,19.07822,72.88103000000001,113.69763963618426
111.01,9.616889048457871,19.0782202,72.8810303,113.69763963618426
111.02,9.614372523445773,19.0782204,72.8810306,113.69763963618426
111.03,9.611848091832133,19.0782206,72.8810309,113.69763963618426
111.04,9.609315757942504,19.0782208,72.88103120000001,113.69763963618426
111.05,9.606775526115964,19.078221,72.8810315,113.69763963618426
111.06,9.604227400705135,19.0782212,72.8810318,113.69763963618426
111.07000000000001,9.601671386076148,19.0782214,72.8810321,113.69763963618426
111.08,9.599107486608693,19.0782216,72.88103240000001,113.69763963618426
111.09,9.596535706695908,19.0782218,72.8810327,113.69763963618426
111.10000000000001,9.593956050744488,19.078222,72.881033,113.69763963618426
111.11,9.591368523174605,19.0782222,72.8810333,113.69763963618426
111.12,9.588773128419906,19.0782224,72.88103360000001,113.69763963618426
111.13,9.586169870927536,19.0782226,72.8810339,113.69763963618426
111.14,9.583558755158101,19.0782228,72.8810342,113.69763963618426
111.15,9.58093978558568,19.078223,72.8810345,113.69763963618426
111.16,9.578312966697808,19.0782232,72.88103480000001,113.69763963618426
111.17,9.57567830299546,19.0782234,72.8810351,113.69763963618426
111.18,9.57303579899307,19.0782236,72.8810354,113.69763963618426
111.19,9.57038545921849,19.0782238,72.8810357,113.69763963618426
111.2,9.567727288213009,19.078224,72.88103600000001,113.69763963618426
111.21000000000001,9.56506129053132,19.0782242,72.8810363,113.69763963618426
111.22,9.562387470741552,19.0782244,72.8810366,113.69763963618426
111.23,9.559705833425218,19.078224600000002,72.8810369,113.69763963618426
111.24000000000001,9.557016383177224,19.0782248,72.88103720000001,113.69763963618426
111.25,9.55431912460588,19.078225,72.8810375,113.69763963618426
111.26,9.551614062332854,19.078225200000002,72.8810378,113.69763963618426
111.27,9.548901200993205,19.0782254,72.8810381,113.69763963618426
111.28,9.546180545235343,19.0782256,72.88103840000001,113.69763963618426
111.29,9.543452099721035,19.078225800000002,72.8810387,113.69763963618426
111.3,9.54071586912541,19.078226,72.881039,113.69763963618426
111.31,9.537971858136906,19.0782262,72.8810393,113.69763963618426
111.32000000000001,9.535220071457326,19.078226400000002,72.88103960000001,113.69763963618426
111.33,9.532460513801777,19.0782266,72.8810399,113.69763963618426
111.34,9.529693189898676,19.0782268,72.8810402,113.69763963618426
111.35000000000001,9.526918104489773,19.078227000000002,72.8810405,113.69763963618426
111.36,9.524135262330097,19.0782272,72.88104080000001,113.69763963618426
111.37,9.521344668187968,19.0782274,72.8810411,113.69763963618426
111.38,9.518546326844994,19.0782276,72.8810414,113.69763963618426
111.39,9.515740243096058,19.0782278,72.8810417,113.69763963618426
111.4,9.512926421749302,19.078228,72.88104200000001,113.69763963618426
111.41,9.510104867626143,19.0782282,72.8810423,113.69763963618426
111.42,9.50727558556123,19.0782284,72.8810426,113.69763963618426
111.43,9.504438580402459,19.0782286,72.88104290000001,113.69763963618426
111.44,9.501593857010972,19.0782288,72.88104320000001,113.69763963618426
111.45,9.498741420261108,19.078229,72.8810435,113.69763963618426
111.46000000000001,9.495881275040453,19.0782292,72.8810438,113.69763963618426
111.47,9.493013426249785,19.0782294,72.88104410000001,113.69763963618426
111.48,9.490137878803075,19.0782296,72.88104440000001,113.69763963618426
111.49000000000001,9.487254637627512,19.0782298,72.8810447,113.69763963618426
111.5,9.48436370766344,19.07823,72.881045,113.69763963618426
111.51,9.481465093864394,19.0782302,72.88104530000001,113.69763963618426
111.52,9.478558801197066,19.0782304,72.88104560000001,113.69763963618426
111.53,9.475644834641306,19.0782306,72.8810459,113.69763963618426
111.54,9.472723199190124,19.0782308,72.8810462,113.69763963618426
111.55,9.469793899849662,19.078231,72.88104650000001,113.69763963618426
111.56,9.46685694163919,19.0782312,72.88104680000001,113.69763963618426
111.57000000000001,9.463912329591103,19.0782314,72.8810471,113.69763963618426
111.58,9.460960068750925,19.078231600000002,72.8810474,113.69763963618426
111.59,9.458000164177264,19.0782318,72.88104770000001,113.69763963618426
111.60000000000001,9.455032620941834,19.078232,72.881048,113.69763963618426
111.61,9.45205744412946,19.078232200000002,72.8810483,113.69763963618426
111.62,9.449074638837997,19.0782324,72.8810486,113.69763963618426
111.63,9.44608421017842,19.0782326,72.88104890000001,113.69763963618426
111.64,9.443086163274744,19.078232800000002,72.8810492,113.69763963618426
111.65,9.440080503264035,19.078233,72.8810495,113.69763963618426
111.66,9.43706723529642,19.0782332,72.8810498,113.69763963618426
111.67,9.434046364535035,19.078233400000002,72.88105010000001,113.69763963618426
111.68,9.431017896156074,19.0782336,72.8810504,113.69763963618426
111.69,9.427981835348731,19.0782338,72.8810507,113.69763963618426
111.7,9.424938187315208,19.078234000000002,72.881051,113.69763963618426
111.71000000000001,9.421886957270722,19.0782342,72.88105130000001,113.69763963618426
111.72,9.418828150443467,19.0782344,72.8810516,113.69763963618426
111.73,9.415761772074628,19.078234600000002,72.8810519,113.69763963618426
111.74000000000001,9.41268782741835,19.0782348,72.8810522,113.69763963618426
111.75,9.40960632174178,19.078235,72.88105250000001,113.69763963618426
111.76,9.406517260324959,19.0782352,72.8810528,113.69763963618426
111.77,9.403420648460935,19.0782354,72.8810531,113.69763963618426
111.78,9.40031649145566,19.0782356,72.8810534,113.69763963618426
111.79,9.397204794628017,19.0782358,72.88105370000001,113.69763963618426
111.8,9.394085563309831,19.078236,72.881054,113.69763963618426
111.81,9.390958802845796,19.0782362,72.8810543,113.69763963618426
111.82000000000001,9.387824518593549,19.0782364,72.8810546,113.69763963618426
111.83,9.384682715923592,19.0782366,72.88105490000001,113.69763963618426
111.84,9.381533400219318,19.0782368,72.8810552,113.69763963618426
111.85000000000001,9.378376576876999,19.078237,72.8810555,113.69763963618426
111.86,9.375212251305765,19.0782372,72.8810558,113.69763963618426
111.87,9.372040428927598,19.0782374,72.88105610000001,113.69763963618426
111.88,9.368861115177332,19.0782376,72.8810564,113.69763963618426
111.89,9.365674315502622,19.0782378,72.8810567,113.69763963618426
111.9,9.362480035363985,19.078238,72.881057,113.69763963618426
111.91,9.359278280234719,19.0782382,72.88105730000001,113.69763963618426
111.92,9.356069055600948,19.0782384,72.8810576,113.69763963618426
111.93,9.352852366961585,19.0782386,72.8810579,113.69763963618426
111.94,9.349628219828347,19.0782388,72.8810582,113.69763963618426
111.95,9.346396619725718,19.078239,72.88105850000001,113.69763963618426
111.96000000000001,9.343157572190954,19.078239200000002,72.8810588,113.69763963618426
111.97,9.339911082774085,19.0782394,72.8810591,113.69763963618426
111.98,9.336657157037866,19.0782396,72.8810594,113.69763963618426
111.99000000000001,9.333395800557822,19.078239800000002,72.88105970000001,113.69763963618426
112.0,9.330127018922196,19.07824,72.88106,113.69763963618426
112.01,9.326850817731946,19.0782402,72.8810603,113.69763963618426
112.02,9.323567202600781,19.078240400000002,72.8810606,113.69763963618426
112.03,9.32027617915505,19.0782406,72.88106090000001,113.69763963618426
112.04,9.316977753033857,19.0782408,72.8810612,113.69763963618426
112.05,9.31367192988896,19.078241000000002,72.8810615,113.69763963618426
112.06,9.310358715384794,19.0782412,72.8810618,113.69763963618426
112.07000000000001,9.30703811519846,19.0782414,72.88106210000001,113.69763963618426
112.08,9.303710135019719,19.078241600000002,72.8810624,113.69763963618426
112.09,9.300374780550975,19.0782418,72.8810627,113.69763963618426
112.10000000000001,9.297032057507263,19.078242,72.881063,113.69763963618426
112.11,9.293681971616257,19.078242200000002,72.88106330000001,113.69763963618426
112.12,9.290324528618223,19.0782424,72.8810636,113.69763963618426
112.13,9.286959734266063,19.0782426,72.8810639,113.69763963618426
112.14,9.283587594325253,19.0782428,72.8810642,113.69763963618426
112.15,9.280208114573853,19.078243,72.88106450000001,113.69763963618426
112.16,9.27682130080254,19.0782432,72.8810648,113.69763963618426
112.17,9.273427158814489,19.0782434,72.8810651,113.69763963618426
112.18,9.270025694425495,19.0782436,72.88106540000001,113.69763963618426
112.19,9.26661691346387,19.0782438,72.88106570000001,113.69763963618426
112.2,9.26320082177046,19.078244,72.881066,113.69763963618426
112.21000000000001,9.259777425198653,19.0782442,72.8810663,113.69763963618426
112.22,9.256346729614343,19.0782444,72.88106660000001,113.69763963618426
112.23,9.252908740895933,19.0782446,72.88106690000001,113.69763963618426
112.24000000000001,9.249463464934317,19.0782448,72.8810672,113.69763963618426
112.25,9.246010907632895,19.078245,72.8810675,113.69763963618426
112.26,9.24255107490752,19.0782452,72.88106780000001,113.69763963618426
112.27,9.239083972686524,19.0782454,72.88106810000001,113.69763963618426
112.28,9.23560960691069,19.0782456,72.8810684,113.69763963618426
112.29,9.232127983533243,19.0782458,72.8810687,113.69763963618426
112.3,9.228639108519873,19.078246,72.88106900000001,113.69763963618426
112.31,9.22514298784864,19.0782462,72.88106930000001,113.69763963618426
112.32000000000001,9.221639627510072,19.0782464,72.8810696,113.69763963618426
112.33,9.218129033507086,19.0782466,72.8810699,113.69763963618426
112.34,9.21461121185497,19.078246800000002,72.88107020000001,113.69763963618426
112.35000000000001,9.211086168581433,19.078247,72.8810705,113.69763963618426
112.36,9.207553909726533,19.0782472,72.8810708,113.69763963618426
112.37,9.204014441342698,19.078247400000002,72.8810711,113.69763963618426
112.38,9.200467769494713,19.0782476,72.88107140000001,113.69763963618426
112.39,9.1969139002597,19.0782478,72.8810717,113.69763963618426
112.4,9.193352839727122,19.078248000000002,72.881072,113.69763963618426
112.41,9.189784593998759,19.0782482,72.8810723,113.69763963618426
112.42,9.1862091691887,19.0782484,72.88107260000001,113.69763963618426
112.43,9.182626571423329,19.078248600000002,72.8810729,113.69763963618426
112.44,9.17903680684135,19.0782488,72.8810732,113.69763963618426
112.45,9.175439881593716,19.078249,72.8810735,113.69763963618426
112.46000000000001,9.171835801843656,19.078249200000002,72.88107380000001,113.69763963618426
112.47,9.168224573766675,19.0782494,72.8810741,113.69763963618426
112.48,9.164606203550496,19.0782496,72.8810744,113.69763963618426
112.49000000000001,9.160980697395114,19.078249800000002,72.8810747,113.69763963618426
112.5,9.157348061512728,19.07825,72.88107500000001,113.69763963618426
112.51,9.153708302127757,19.0782502,72.8810753,113.69763963618426
112.52,9.150061425476842,19.0782504,72.8810756,113.69763963618426
112.53,9.14640743780879,19.0782506,72.8810759,113.69763963618426
112.54,9.142746345384621,19.0782508,72.88107620000001,113.69763963618426
112.55,9.139078154477517,19.078251,72.8810765,113.69763963618426
112.56,9.135402871372806,19.0782512,72.8810768,113.69763963618426
112.57000000000001,9.13172050236801,19.0782514,72.8810771,113.69763963618426
112.58,9.128031053772757,19.0782516,72.88107740000001,113.69763963618426
112.59,9.124334531908818,19.0782518,72.8810777,113.69763963618426
112.60000000000001,9.120630943110076,19.078252,72.881078,113.69763963618426
112.61,9.11692029372254,19.0782522,72.8810783,113.69763963618426
112.62,9.113202590104299,19.0782524,72.88107860000001,113.69763963618426
112.63,9.10947783862554,19.0782526,72.8810789,113.69763963618426
112.64,9.105746045668523,19.0782528,72.8810792,113.69763963618426
112.65,9.102007217627568,19.078253,72.8810795,113.69763963618426
112.66,9.098261360909067,19.0782532,72.88107980000001,113.69763963618426
112.67,9.09450848193143,19.0782534,72.8810801,113.69763963618426
112.68,9.090748587125121,19.0782536,72.8810804,113.69763963618426
112.69,9.086981682932615,19.0782538,72.8810807,113.69763963618426
112.7,9.08320777580839,19.078254,72.88108100000001,113.69763963618426
112.71000000000001,9.079426872218955,19.0782542,72.8810813,113.69763963618426
112.72,9.07563897864277,19.078254400000002,72.8810816,113.69763963618426
112.73,9.071844101570292,19.0782546,72.8810819,113.69763963618426
112.74000000000001,9.068042247503934,19.0782548,72.88108220000001,113.69763963618426
112.75,9.064233422958075,19.078255000000002,72.8810825,113.69763963618426
112.76,9.060417634459032,19.0782552,72.8810828,113.69763963618426
112.77,9.056594888545051,19.0782554,72.8810831,113.69763963618426
112.78,9.052765191766309,19.078255600000002,72.88108340000001,113.69763963618426
112.79,9.048928550684872,19.0782558,72.8810837,113.69763963618426
112.8,9.04508497187474,19.078256,72.881084,113.69763963618426
112.81,9.041234461921768,19.078256200000002,72.8810843,113.69763963618426
112.82000000000001,9.037377027423695,19.0782564,72.88108460000001,113.69763963618426
112.83,9.033512674990156,19.0782566,72.8810849,113.69763963618426
112.84,9.029641411242578,19.078256800000002,72.8810852,113.69763963618426
112.85000000000001,9.02576324281429,19.078257,72.8810855,113.69763963618426
112.86,9.021878176350423,19.0782572,72.88108580000001,113.69763963618426
112.87,9.017986218507925,19.078257400000002,72.8810861,113.69763963618426
112.88,9.014087375955576,19.0782576,72.8810864,113.69763963618426
112.89,9.010181655373916,19.0782578,72.8810867,113.69763963618426
112.9,9.006269063455306,19.078258,72.88108700000001,113.69763963618426
112.91,9.002349606903858,19.0782582,72.8810873,113.69763963618426
112.92,8.99842329243545,19.0782584,72.8810876,113.69763963618426
112.93,8.99449012677773,19.0782586,72.88108790000001,113.69763963618426
112.94,8.99055011667006,19.0782588,72.88108820000001,113.69763963618426
112.95,8.98660326886354,19.078259,72.8810885,113.69763963618426
112.96000000000001,8.982649590120976,19.0782592,72.8810888,113.69763963618426
112.97,8.978689087216923,19.0782594,72.88108910000001,113.69763963618426
112.98,8.974721766937549,19.0782596,72.88108940000001,113.69763963618426
112.99000000000001,8.970747636080782,19.0782598,72.8810897,113.69763963618426
113.0,8.966766701456176,19.07826,72.88109,113.69763963618426
113.01,8.962778969884951,19.0782602,72.88109030000001,113.69763963618426
113.02,8.95878444819999,19.0782604,72.88109060000001,113.69763963618426
113.03,8.954783143245777,19.0782606,72.8810909,113.69763963618426
113.04,8.950775061878455,19.0782608,72.8810912,113.69763963618426
113.05,8.946760210965754,19.078261,72.88109150000001,113.69763963618426
113.06,8.94273859738701,19.0782612,72.88109180000001,113.69763963618426
113.07000000000001,8.938710228033155,19.0782614,72.8810921,113.69763963618426
113.08,8.93467510980669,19.0782616,72.8810924,113.69763963618426
113.09,8.930633249621675,19.0782618,72.88109270000001,113.69763963618426
113.10000000000001,8.926584654403719,19.078262000000002,72.881093,113.69763963618426
113.11,8.922529331090004,19.0782622,72.8810933,113.69763963618426
113.12,8.918467286629198,19.0782624,72.8810936,113.69763963618426
113.13,8.914398527981508,19.078262600000002,72.88109390000001,113.69763963618426
113.14,8.910323062118641,19.0782628,72.8810942,113.69763963618426
113.15,8.906240896023792,19.078263,72.8810945,113.69763963618426
113.16,8.902152036691648,19.078263200000002,72.8810948,113.69763963618426
113.17,8.898056491128358,19.0782634,72.88109510000001,113.69763963618426
113.18,8.893954266351518,19.0782636,72.8810954,113.69763963618426
113.19,8.889845369390198,19.078263800000002,72.8810957,113.69763963618426
113.2,8.885729807284854,19.078264,72.881096,113.69763963618426
113.21000000000001,8.881607587087412,19.0782642,72.88109630000001,113.69763963618426
113.22,8.877478715861177,19.078264400000002,72.8810966,113.69763963618426
113.23,8.873343200680843,19.0782646,72.8810969,113.69763963618426
113.24000000000001,8.869201048632526,19.0782648,72.8810972,113.69763963618426
113.25,8.865052266813683,19.078265000000002,72.88109750000001,113.69763963618426
113.26,8.860896862333135,19.0782652,72.8810978,113.69763963618426
113.27,8.856734842311054,19.0782654,72.8810981,113.69763963618426
113.28,8.85256621387895,19.0782656,72.8810984,113.69763963618426
113.29,8.848390984179646,19.0782658,72.88109870000001,113.69763963618426
113.3,8.844209160367297,19.078266,72.881099,113.69763963618426
113.31,8.84002074960734,19.0782662,72.8810993,113.69763963618426
113.32000000000001,8.835825759076496,19.0782664,72.8810996,113.69763963618426
113.33,8.831624195962783,19.0782666,72.88109990000001,113.69763963618426
113.34,8.827416067465442,19.0782668,72.8811002,113.69763963618426
113.35000000000001,8.823201380795005,19.078267,72.8811005,113.69763963618426
113.36,8.818980143173217,19.0782672,72.8811008,113.69763963618426
113.37,8.814752361833039,19.0782674,72.88110110000001,113.69763963618426
113.38,8.810518044018698,19.0782676,72.8811014,113.69763963618426
113.39,8.806277196985533,19.0782678,72.8811017,113.69763963618426
113.4,8.802029828000155,19.078268,72.881102,113.69763963618426
113.41,8.797775944340305,19.0782682,72.88110230000001,113.69763963618426
113.42,8.793515553294888,19.0782684,72.8811026,113.69763963618426
113.43,8.789248662163983,19.0782686,72.8811029,113.69763963618426
113.44,8.784975278258784,19.0782688,72.8811032,113.69763963618426
113.45,8.780695408901618,19.078269,72.88110350000001,113.69763963618426
113.46000000000001,8.776409061425918,19.0782692,72.8811038,113.69763963618426
113.47,8.772116243176235,19.0782694,72.8811041,113.69763963618426
113.48,8.767816961508192,19.078269600000002,72.8811044,113.69763963618426
113.49000000000001,8.763511223788479,19.0782698,72.88110470000001,113.69763963618426
113.5,8.759199037394893,19.07827,72.881105,113.69763963618426
113.51,8.754880409716204,19.078270200000002,72.8811053,113.69763963618426
113.52,8.750555348152297,19.0782704,72.8811056,113.69763963618426
113.53,8.746223860114032,19.0782706,72.88110590000001,113.69763963618426
113.54,8.741885953023296,19.078270800000002,72.8811062,113.69763963618426
113.55,8.737541634312986,19.078271,72.8811065,113.69763963618426
113.56,8.733190911426956,19.0782712,72.8811068,113.69763963618426
113.57000000000001,8.728833791820064,19.078271400000002,72.88110710000001,113.69763963618426
113.58,8.724470282958112,19.0782716,72.8811074,113.69763963618426
113.59,8.720100392317853,19.0782718,72.8811077,113.69763963618426
113.60000000000001,8.715724127386972,19.078272000000002,72.881108,113.69763963618426
113.61,8.711341495664087,19.0782722,72.88110830000001,113.69763963618426
113.62,8.706952504658714,19.0782724,72.8811086,113.69763963618426
113.63,8.70255716189127,19.078272600000002,72.8811089,113.69763963618426
113.64,8.698155474893056,19.0782728,72.8811092,113.69763963618426
113.65,8.693747451206228,19.078273,72.88110950000001,113.69763963618426
113.66,8.689333098383841,19.0782732,72.8811098,113.69763963618426
113.67,8.684912423989754,19.0782734,72.8811101,113.69763963618426
113.68,8.68048543559867,19.0782736,72.88111040000001,113.69763963618426
113.69,8.676052140796124,19.0782738,72.88111070000001,113.69763963618426
113.7,8.671612547178428,19.078274,72.881111,113.69763963618426
113.71000000000001,8.66716666235272,19.0782742,72.8811113,113.69763963618426
113.72,8.662714493936898,19.0782744,72.88111160000001,113.69763963618426
113.73,8.658256049559622,19.0782746,72.88111190000001,113.69763963618426
113.74000000000001,8.653791336860332,19.0782748,72.8811122,113.69763963618426
113.75,8.649320363489181,19.078275,72.8811125,113.69763963618426
113.76,8.644843137107062,19.0782752,72.88111280000001,113.69763963618426
113.77,8.64035966538558,19.0782754,72.88111310000001,113.69763963618426
113.78,8.63586995600703,19.0782756,72.8811134,113.69763963618426
113.79,8.63137401666443,19.0782758,72.8811137,113.69763963618426
113.8,8.626871855061438,19.078276,72.88111400000001,113.69763963618426
113.81,8.622363478912385,19.0782762,72.88111430000001,113.69763963618426
113.82000000000001,8.617848895942243,19.0782764,72.8811146,113.69763963618426
113.83,8.613328113886642,19.0782766,72.8811149,113.69763963618426
113.84,8.60880114049181,19.0782768,72.88111520000001,113.69763963618426
113.85000000000001,8.60426798351459,19.078277,72.8811155,113.69763963618426
113.86,8.599728650722438,19.078277200000002,72.8811158,113.69763963618426
113.87,8.595183149893353,19.0782774,72.8811161,113.69763963618426
113.88,8.590631488815951,19.0782776,72.88111640000001,113.69763963618426
113.89,8.586073675289358,19.078277800000002,72.8811167,113.69763963618426
113.9,8.581509717123277,19.078278,72.881117,113.69763963618426
113.91,8.576939622137923,19.0782782,72.8811173,113.69763963618426
113.92,8.572363398164013,19.078278400000002,72.88111760000001,113.69763963618426
113.93,8.567781053042811,19.0782786,72.8811179,113.69763963618426
113.94,8.563192594626027,19.0782788,72.8811182,113.69763963618426
113.95,8.558598030775858,19.078279000000002,72.8811185,113.69763963618426
113.96000000000001,8.55399736936496,19.0782792,72.88111880000001,113.69763963618426
113.97,8.549390618276451,19.0782794,72.8811191,113.69763963618426
113.98,8.544777785403868,19.078279600000002,72.8811194,113.69763963618426
113.99000000000001,8.54015887865117,19.0782798,72.8811197,113.69763963618426
114.0,8.535533905932743,19.07828,72.88112000000001,113.69763963618426
114.01,8.530902875173329,19.078280200000002,72.8811203,113.69763963618426
114.02,8.526265794308092,19.0782804,72.8811206,113.69763963618426
114.03,8.521622671282536,19.0782806,72.8811209,113.69763963618426
114.04,8.516973514052513,19.0782808,72.88112120000001,113.69763963618426
114.05,8.512318330584268,19.078281,72.8811215,113.69763963618426
114.06,8.507657128854277,19.0782812,72.8811218,113.69763963618426
114.07000000000001,8.50298991684942,19.0782814,72.8811221,113.69763963618426
114.08,8.498316702566829,19.0782816,72.88112240000001,113.69763963618426
114.09,8.493637494013917,19.0782818,72.8811227,113.69763963618426
114.10000000000001,8.4889522992084,19.078282,72.881123,113.69763963618426
114.11,8.484261126178218,19.0782822,72.8811233,113.69763963618426
114.12,8.479563982961572,19.0782824,72.88112360000001,113.69763963618426
114.13,8.474860877606892,19.0782826,72.8811239,113.69763963618426
114.14,8.470151818172809,19.0782828,72.8811242,113.69763963618426
114.15,8.46543681272818,19.078283,72.8811245,113.69763963618426
114.16,8.460715869352038,19.0782832,72.88112480000001,113.69763963618426
114.17,8.455988996133586,19.0782834,72.8811251,113.69763963618426
114.18,8.45125620117218,19.0782836,72.8811254,113.69763963618426
114.19,8.446517492577376,19.0782838,72.8811257,113.69763963618426
114.2,8.441772878468768,19.078284,72.88112600000001,113.69763963618426
114.21000000000001,8.437022366976164,19.0782842,72.8811263,113.69763963618426
114.22,8.43226596623942,19.0782844,72.8811266,113.69763963618426
114.23,8.427503684408496,19.0782846,72.8811269,113.69763963618426
114.24000000000001,8.422735529643443,19.078284800000002,72.88112720000001,113.69763963618426
114.25,8.417961510114358,19.078285,72.8811275,113.69763963618426
114.26,8.413181634001393,19.0782852,72.8811278,113.69763963618426
114.27,8.408395909494736,19.078285400000002,72.8811281,113.69763963618426
114.28,8.403604344794589,19.0782856,72.88112840000001,113.69763963618426
114.29,8.398806948111181,19.0782858,72.8811287,113.69763963618426
114.3,8.394003727664714,19.078286000000002,72.881129,113.69763963618426
114.31,8.389194691685374,19.0782862,72.8811293,113.69763963618426
114.32000000000001,8.3843798484133,19.0782864,72.88112960000001,113.69763963618426
114.33,8.379559206098621,19.078286600000002,72.8811299,113.69763963618426
114.34,8.374732773001364,19.0782868,72.8811302,113.69763963618426
114.35000000000001,8.369900557391484,19.078287,72.8811305,113.69763963618426
114.36,8.36506256754887,19.078287200000002,72.88113080000001,113.69763963618426
114.37,8.360218811763259,19.0782874,72.8811311,113.69763963618426
114.38,8.355369298334315,19.0782876,72.8811314,113.69763963618426
114.39,8.35051403557154,19.078287800000002,72.8811317,113.69763963618426
114.4,8.345653031794289,19.078288,72.88113200000001,113.69763963618426
114.41,8.340786295331776,19.0782882,72.8811323,113.69763963618426
114.42,8.335913834523,19.0782884,72.8811326,113.69763963618426
114.43,8.331035657716805,19.0782886,72.88113290000001,113.69763963618426
114.44,8.32615177327181,19.0782888,72.88113320000001,113.69763963618426
114.45,8.321262189556403,19.078289,72.8811335,113.69763963618426
114.46000000000001,8.31636691494878,19.0782892,72.8811338,113.69763963618426
114.47,8.311465957836846,19.0782894,72.88113410000001,113.69763963618426
114.48,8.30655932661826,19.0782896,72.88113440000001,113.69763963618426
114.49000000000001,8.301647029700392,19.0782898,72.8811347,113.69763963618426
114.5,8.296729075500348,19.07829,72.881135,113.69763963618426
114.51,8.291805472444885,19.0782902,72.88113530000001,113.69763963618426
114.52,8.28687622897048,19.0782904,72.88113560000001,113.69763963618426
114.53,8.281941353523251,19.0782906,72.8811359,113.69763963618426
114.54,8.277000854558969,19.0782908,72.8811362,113.69763963618426
114.55,8.27205474054306,19.078291,72.88113650000001,113.69763963618426
114.56,8.26710301995053,19.0782912,72.88113680000001,113.69763963618426
114.57000000000001,8.262145701266038,19.0782914,72.8811371,113.69763963618426
114.58,8.257182792983809,19.0782916,72.8811374,113.69763963618426
114.59,8.252214303607634,19.0782918,72.88113770000001,113.69763963618426
114.60000000000001,8.247240241650914,19.078292,72.881138,113.69763963618426
114.61,8.242260615636557,19.0782922,72.8811383,113.69763963618426
114.62,8.237275434097011,19.078292400000002,72.8811386,113.69763963618426
114.63,8.232284705574253,19.0782926,72.88113890000001,113.69763963618426
114.64,8.227288438619752,19.0782928,72.8811392,113.69763963618426
114.65,8.222286641794486,19.078293000000002,72.8811395,113.69763963618426
114.66,8.217279323668897,19.0782932,72.8811398,113.69763963618426
114.67,8.212266492822884,19.0782934,72.88114010000001,113.69763963618426
114.68,8.20724815784579,19.078293600000002,72.8811404,113.69763963618426
114.69,8.202224327336406,19.0782938,72.8811407,113.69763963618426
114.7,8.197195009902927,19.078294,72.881141,113.69763963618426
114.71000000000001,8.192160214162936,19.078294200000002,72.88114130000001,113.69763963618426
114.72,8.187119948743456,19.0782944,72.8811416,113.69763963618426
114.73,8.182074222280793,19.0782946,72.8811419,113.69763963618426
114.74000000000001,8.177023043420702,19.078294800000002,72.8811422,113.69763963618426
114.75,8.171966420818228,19.078295,72.88114250000001,113.69763963618426
114.76,8.166904363137746,19.0782952,72.8811428,113.69763963618426
114.77,8.161836879052977,19.078295400000002,72.8811431,113.69763963618426
114.78,8.156763977246888,19.0782956,72.8811434,113.69763963618426
114.79,8.15168566641178,19.0782958,72.88114370000001,113.69763963618426
114.8,8.14660195524919,19.078296,72.881144,113.69763963618426
114.81,8.141512852469923,19.0782962,72.8811443,113.69763963618426
114.82000000000001,8.13641836679401,19.0782964,72.8811446,113.69763963618426
114.83,8.131318506950723,19.0782966,72.88114490000001,113.69763963618426
114.84,8.126213281678531,19.0782968,72.8811452,113.69763963618426
114.85000000000001,8.121102699725082,19.078297,72.8811455,113.69763963618426
114.86,8.115986769847261,19.0782972,72.8811458,113.69763963618426
114.87,8.110865500811018,19.0782974,72.88114610000001,113.69763963618426
114.88,8.10573890139155,19.0782976,72.8811464,113.69763963618426
114.89,8.100606980373133,19.0782978,72.8811467,113.69763963618426
114.9,8.095469746549167,19.078298,72.881147,113.69763963618426
114.91,8.09032720872218,19.0782982,72.88114730000001,113.69763963618426
114.92,8.085179375703744,19.0782984,72.8811476,113.69763963618426
114.93,8.080026256314552,19.0782986,72.8811479,113.69763963618426
114.94,8.074867859384327,19.0782988,72.8811482,113.69763963618426
114.95,8.069704193751832,19.078299,72.88114850000001,113.69763963618426
114.96000000000001,8.064535268264883,19.0782992,72.8811488,113.69763963618426
114.97,8.05936109178029,19.0782994,72.8811491,113.69763963618426
114.98,8.054181673163855,19.0782996,72.8811494,113.69763963618426
114.99000000000001,8.048997021290363,19.0782998,72.88114970000001,113.69763963618426
115.0,8.0438071450436,19.078300000000002,72.88115,113.69763963618426
115.01,8.03861205331626,19.0783002,72.8811503,113.69763963618426
115.02,8.033411755009999,19.0783004,72.8811506,113.69763963618426
115.03,8.028206259035379,19.078300600000002,72.88115090000001,113.69763963618426
115.04,8.02299557431187,19.0783008,72.8811512,113.69763963618426
115.05,8.017779709767856,19.078301,72.8811515,113.69763963618426
115.06,8.012558674340568,19.078301200000002,72.8811518,113.69763963618426
115.07000000000001,8.007332476976103,19.0783014,72.88115210000001,113.69763963618426
115.08,8.002101126629427,19.0783016,72.8811524,113.69763963618426
115.09,7.996864632264287,19.078301800000002,72.8811527,113.69763963618426
115.10000000000001,7.991623002853299,19.078302,72.881153,113.69763963618426
115.11,7.98637624737784,19.0783022,72.88115330000001,113.69763963618426
115.12,7.981124374828086,19.078302400000002,72.8811536,113.69763963618426
115.13,7.975867394202975,19.0783026,72.8811539,113.69763963618426
115.14,7.970605314510189,19.0783028,72.8811542,113.69763963618426
115.15,7.965338144766184,19.078303000000002,72.88115450000001,113.69763963618426
115.16,7.960065893996099,19.0783032,72.8811548,113.69763963618426
115.17,7.954788571233791,19.0783034,72.8811551,113.69763963618426
115.18,7.9495061855218,19.0783036,72.88115540000001,113.69763963618426
115.19,7.944218745911367,19.0783038,72.88115570000001,113.69763963618426
115.2,7.938926261462368,19.078304,72.881156,113.69763963618426
115.21000000000001,7.933628741243322,19.0783042,72.8811563,113.69763963618426
115.22,7.92832619433141,19.0783044,72.88115660000001,113.69763963618426
115.23,7.923018629812369,19.0783046,72.88115690000001,113.69763963618426
115.24000000000001,7.917706056780592,19.0783048,72.8811572,113.69763963618426
115.25,7.912388484339017,19.078305,72.8811575,113.69763963618426
115.26,7.907065921599146,19.0783052,72.88115780000001,113.69763963618426
115.27,7.901738377681092,19.0783054,72.88115810000001,113.69763963618426
115.28,7.896405861713392,19.0783056,72.8811584,113.69763963618426
115.29,7.891068382833215,19.0783058,72.8811587,113.69763963618426
115.3,7.8857259501861705,19.078306,72.88115900000001,113.69763963618426
115.31,7.880378572926363,19.0783062,72.88115930000001,113.69763963618426
115.32000000000001,7.875026260216391,19.0783064,72.8811596,113.69763963618426
115.33,7.869669021227292,19.0783066,72.8811599,113.69763963618426
115.34,7.864306865138548,19.0783068,72.88116020000001,113.69763963618426
115.35000000000001,7.858939801138059,19.078307,72.88116050000001,113.69763963618426
115.36,7.85356783842216,19.0783072,72.8811608,113.69763963618426
115.37,7.848190986195551,19.0783074,72.8811611,113.69763963618426
115.38,7.842809253671325,19.078307600000002,72.88116140000001,113.69763963618426
115.39,7.837422650070933,19.0783078,72.8811617,113.69763963618426
115.4,7.832031184624158,19.078308,72.881162,113.69763963618426
115.41,7.826634866569176,19.078308200000002,72.8811623,113.69763963618426
115.42,7.821233705152368,19.0783084,72.88116260000001,113.69763963618426
115.43,7.815827709628525,19.0783086,72.8811629,113.69763963618426
115.44,7.810416889260656,19.078308800000002,72.8811632,113.69763963618426
115.45,7.8050012533200475,19.078309,72.8811635,113.69763963618426
115.46000000000001,7.7995808110862574,19.0783092,72.88116380000001,113.69763963618426
115.47,7.794155571847061,19.078309400000002,72.8811641,113.69763963618426
115.48,7.7887255448984565,19.0783096,72.8811644,113.69763963618426
115.49000000000001,7.783290739544637,19.0783098,72.8811647,113.69763963618426
115.5,7.7778511650980136,19.078310000000002,72.88116500000001,113.69763963618426
115.51,7.772406830879136,19.0783102,72.8811653,113.69763963618426
115.52,7.766957746216726,19.0783104,72.8811656,113.69763963618426
115.53,7.761503920447641,19.078310600000002,72.8811659,113.69763963618426
115.54,7.756045362916848,19.0783108,72.88116620000001,113.69763963618426
115.55,7.7505820829774645,19.078311,72.8811665,113.69763963618426
115.56,7.745114089990659,19.0783112,72.8811668,113.69763963618426
115.57000000000001,7.73964139332568,19.0783114,72.8811671,113.69763963618426
115.58,7.734164002359866,19.0783116,72.88116740000001,113.69763963618426
115.59,7.728681926478549,19.0783118,72.8811677,113.69763963618426
115.60000000000001,7.723195175075137,19.078312,72.881168,113.69763963618426
115.61,7.717703757551022,19.0783122,72.8811683,113.69763963618426
115.62,7.712207683315592,19.0783124,72.88116860000001,113.69763963618426
115.63,7.706706961786241,19.0783126,72.8811689,113.69763963618426
115.64,7.701201602388278,19.0783128,72.8811692,113.69763963618426
115.65,7.695691614555006,19.078313,72.8811695,113.69763963618426
115.66,7.690177007727632,19.0783132,72.88116980000001,113.69763963618426
115.67,7.684657791355272,19.0783134,72.8811701,113.69763963618426
115.68,7.679133974894979,19.0783136,72.8811704,113.69763963618426
115.69,7.67360556781165,19.0783138,72.8811707,113.69763963618426
115.7,7.668072579578058,19.078314,72.88117100000001,113.69763963618426
115.71000000000001,7.662535019674821,19.0783142,72.8811713,113.69763963618426
115.72,7.6569928975904205,19.0783144,72.8811716,113.69763963618426
115.73,7.651446222821098,19.0783146,72.8811719,113.69763963618426
115.74000000000001,7.645895004870955,19.0783148,72.88117220000001,113.69763963618426
115.75,7.640339253251844,19.078315,72.8811725,113.69763963618426
115.76,7.634778977483387,19.078315200000002,72.8811728,113.69763963618426
115.77,7.629214187092987,19.0783154,72.8811731,113.69763963618426
115.78,7.623644891615729,19.0783156,72.88117340000001,113.69763963618426
115.79,7.618071100594475,19.078315800000002,72.8811737,113.69763963618426
115.8,7.612492823579753,19.078316,72.881174,113.69763963618426
115.81,7.606910070129775,19.0783162,72.8811743,113.69763963618426
115.82000000000001,7.601322849810468,19.078316400000002,72.88117460000001,113.69763963618426
115.83,7.5957311721953635,19.0783166,72.8811749,113.69763963618426
115.84,7.590135046865654,19.0783168,72.8811752,113.69763963618426
115.85000000000001,7.584534483410135,19.078317000000002,72.8811755,113.69763963618426
115.86,7.578929491425236,19.0783172,72.88117580000001,113.69763963618426
115.87,7.573320080514952,19.0783174,72.8811761,113.69763963618426
115.88,7.567706260290854,19.078317600000002,72.8811764,113.69763963618426
115.89,7.56208804037207,19.0783178,72.8811767,113.69763963618426
115.9,7.556465430385261,19.078318,72.88117700000001,113.69763963618426
115.91,7.550838439964629,19.078318200000002,72.8811773,113.69763963618426
115.92,7.5452070787518615,19.0783184,72.8811776,113.69763963618426
115.93,7.539571356396127,19.0783186,72.8811779,113.69763963618426
115.94,7.533931282554129,19.0783188,72.88117820000001,113.69763963618426
115.95,7.528286866889919,19.078319,72.8811785,113.69763963618426
115.96000000000001,7.522638119075094,19.0783192,72.8811788,113.69763963618426
115.97,7.516985048788616,19.0783194,72.88117910000001,113.69763963618426
115.98,7.511327665716858,19.0783196,72.88117940000001,113.69763963618426
115.99000000000001,7.505665979553607,19.0783198,72.8811797,113.69763963618426
116.0,7.5,19.07832,72.88118,113.69763963618426
116.01,7.494329736764539,19.0783202,72.88118030000001,113.69763963618426
116.02,7.488655199563066,19.0783204,72.88118060000001,113.69763963618426
116.03,7.482976398118745,19.0783206,72.8811809,113.69763963618426
116.04,7.477293342162039,19.0783208,72.8811812,113.69763963618426
116.05,7.471606041430727,19.078321,72.88118150000001,113.69763963618426
116.06,7.465914505669834,19.0783212,72.88118180000001,113.69763963618426
116.07000000000001,7.460218744631638,19.0783214,72.8811821,113.69763963618426
116.08,7.454518768075715,19.0783216,72.8811824,113.69763963618426
116.09,7.448814585768758,19.0783218,72.88118270000001,113.69763963618426
116.10000000000001,7.4431062074847745,19.078322,72.88118300000001,113.69763963618426
116.11,7.437393643004899,19.0783222,72.8811833,113.69763963618426
116.12,7.431676902117449,19.0783224,72.8811836,113.69763963618426
116.13,7.425955994617926,19.0783226,72.88118390000001,113.69763963618426
116.14,7.420230930308918,19.078322800000002,72.8811842,113.69763963618426
116.15,7.4145017190001905,19.078323,72.8811845,113.69763963618426
116.16,7.408768370508582,19.0783232,72.8811848,113.69763963618426
116.17,7.4030308946580226,19.078323400000002,72.88118510000001,113.69763963618426
116.18,7.397289301279536,19.0783236,72.8811854,113.69763963618426
116.19,7.391543600211177,19.0783238,72.8811857,113.69763963618426
116.2,7.38579380129805,19.078324000000002,72.881186,113.69763963618426
116.21000000000001,7.38003991439226,19.0783242,72.88118630000001,113.69763963618426
116.22,7.3742819493529685,19.0783244,72.8811866,113.69763963618426
116.23,7.368519916046276,19.078324600000002,72.8811869,113.69763963618426
116.24000000000001,7.362753824345263,19.0783248,72.8811872,113.69763963618426
116.25,7.356983684129991,19.078325,72.88118750000001,113.69763963618426
116.26,7.351209505287408,19.078325200000002,72.8811878,113.69763963618426
116.27,7.345431297711436,19.0783254,72.8811881,113.69763963618426
116.28,7.339649071302869,19.0783256,72.8811884,113.69763963618426
116.29,7.333862835969384,19.078325800000002,72.88118870000001,113.69763963618426
116.3,7.328072601625564,19.078326,72.881189,113.69763963618426
116.31,7.322278378192784,19.0783262,72.8811893,113.69763963618426
116.32000000000001,7.316480175599312,19.0783264,72.8811896,113.69763963618426
116.33,7.310678003780203,19.0783266,72.88118990000001,113.69763963618426
116.34,7.30487187267732,19.0783268,72.8811902,113.69763963618426
116.35000000000001,7.299061792239295,19.078327,72.8811905,113.69763963618426
116.36,7.293247772421571,19.0783272,72.8811908,113.69763963618426
116.37,7.287429823186303,19.0783274,72.88119110000001,113.69763963618426
116.38,7.281607954502381,19.0783276,72.8811914,113.69763963618426
116.39,7.275782176345423,19.0783278,72.8811917,113.69763963618426
116.4,7.269952498697733,19.078328,72.881192,113.69763963618426
116.41,7.2641189315483174,19.0783282,72.88119230000001,113.69763963618426
116.42,7.258281484892831,19.0783284,72.8811926,113.69763963618426
116.43,7.252440168733569,19.0783286,72.8811929,113.69763963618426
116.44,7.2465949930794915,19.0783288,72.8811932,113.69763963618426
116.45,7.240745967946115,19.078329,72.88119350000001,113.69763963618426
116.46000000000001,7.234893103355611,19.0783292,72.8811938,113.69763963618426
116.47,7.229036409336692,19.0783294,72.8811941,113.69763963618426
116.48,7.223175895924632,19.0783296,72.8811944,113.69763963618426
116.49000000000001,7.217311573161288,19.0783298,72.88119470000001,113.69763963618426
116.5,7.211443451095006,19.07833,72.881195,113.69763963618426
116.51,7.205571539780649,19.0783302,72.8811953,113.69763963618426
116.52,7.199695849279579,19.078330400000002,72.8811956,113.69763963618426
116.53,7.193816389659624,19.0783306,72.88119590000001,113.69763963618426
116.54,7.187933170995092,19.0783308,72.8811962,113.69763963618426
116.55,7.182046203366712,19.078331000000002,72.8811965,113.69763963618426
116.56,7.176155496861643,19.0783312,72.8811968,113.69763963618426
116.57000000000001,7.170261061573438,19.0783314,72.88119710000001,113.69763963618426
116.58,7.1643629076020705,19.078331600000002,72.8811974,113.69763963618426
116.59,7.158461045053858,19.0783318,72.8811977,113.69763963618426
116.60000000000001,7.152555484041465,19.078332,72.881198,113.69763963618426
116.61,7.146646234683958,19.078332200000002,72.88119830000001,113.69763963618426
116.62,7.1407333071066095,19.0783324,72.8811986,113.69763963618426
116.63,7.134816711441124,19.0783326,72.8811989,113.69763963618426
116.64,7.128896457825363,19.078332800000002,72.8811992,113.69763963618426
116.65,7.1229725564035675,19.078333,72.88119950000001,113.69763963618426
116.66,7.1170450173261655,19.0783332,72.8811998,113.69763963618426
116.67,7.111113850749826,19.0783334,72.8812001,113.69763963618426
116.68,7.105179066837456,19.0783336,72.8812004,113.69763963618426
116.69,7.099240675758139,19.0783338,72.88120070000001,113.69763963618426
116.7,7.093298687687146,19.078334,72.881201,113.69763963618426
116.71000000000001,7.0873531128059035,19.0783342,72.8812013,113.69763963618426
116.72,7.0814039613020086,19.0783344,72.88120160000001,113.69763963618426
116.73,7.0754512433691605,19.0783346,72.88120190000001,113.69763963618426
116.74000000000001,7.069494969207165,19.0783348,72.8812022,113.69763963618426
116.75,7.063535149021983,19.078335,72.8812025,113.69763963618426
116.76,7.05757179302554,19.0783352,72.88120280000001,113.69763963618426
116.77,7.051604911435931,19.0783354,72.88120310000001,113.69763963618426
116.78,7.04563451447723,19.0783356,72.8812034,113.69763963618426
116.79,7.039660612379541,19.0783358,72.8812037,113.69763963618426
116.8,7.033683215379006,19.078336,72.88120400000001,113.69763963618426
116.81,7.027702333717701,19.0783362,72.88120430000001,113.69763963618426
116.82000000000001,7.021717977643727,19.0783364,72.8812046,113.69763963618426
116.83,7.015730157411106,19.0783366,72.8812049,113.69763963618426
116.84,7.009738883279799,19.0783368,72.88120520000001,113.69763963618426
116.85000000000001,7.003744165515706,19.078337,72.88120550000001,113.69763963618426
116.86,6.997746014390604,19.0783372,72.8812058,113.69763963618426
116.87,6.991744440182161,19.0783374,72.8812061,113.69763963618426
116.88,6.985739453173911,19.0783376,72.88120640000001,113.69763963618426
116.89,6.979731063655221,19.0783378,72.8812067,113.69763963618426
116.9,6.973719281921333,19.078338000000002,72.881207,113.69763963618426
116.91,6.967704118273257,19.0783382,72.8812073,113.69763963618426
116.92,6.961685583017809,19.0783384,72.88120760000001,113.69763963618426
116.93,6.955663686467579,19.078338600000002,72.8812079,113.69763963618426
116.94,6.949638438940948,19.0783388,72.8812082,113.69763963618426
116.95,6.9436098507619795,19.078339,72.8812085,113.69763963618426
116.96000000000001,6.937577932260518,19.078339200000002,72.88120880000001,113.69763963618426
116.97,6.931542693772085,19.0783394,72.8812091,113.69763963618426
116.98,6.925504145637891,19.0783396,72.8812094,113.69763963618426
116.99000000000001,6.919462298204834,19.078339800000002,72.8812097,113.69763963618426
117.0,6.913417161825453,19.07834,72.88121000000001,113.69763963618426
117.01,6.907368746857923,19.0783402,72.8812103,113.69763963618426
117.02,6.901317063666035,19.078340400000002,72.8812106,113.69763963618426
117.03,6.895262122619168,19.0783406,72.8812109,113.69763963618426
117.04,6.889203934092334,19.0783408,72.88121120000001,113.69763963618426
117.05,6.8831425084660545,19.078341,72.8812115,113.69763963618426
117.06,6.877077856126419,19.0783412,72.8812118,113.69763963618426
117.07000000000001,6.871009987465033,19.0783414,72.8812121,113.69763963618426
117.08,6.864938912879044,19.0783416,72.88121240000001,113.69763963618426
117.09,6.858864642771064,19.0783418,72.8812127,113.69763963618426
117.10000000000001,6.852787187549177,19.078342,72.881213,113.69763963618426
117.11,6.846706557626967,19.0783422,72.8812133,113.69763963618426
117.12,6.840622763423391,19.0783424,72.88121360000001,113.69763963618426
117.13,6.834535815362891,19.0783426,72.8812139,113.69763963618426
117.14,6.828445723875277,19.0783428,72.8812142,113.69763963618426
117.15,6.822352499395741,19.078343,72.8812145,113.69763963618426
117.16,6.816256152364902,19.0783432,72.88121480000001,113.69763963618426
117.17,6.810156693228623,19.0783434,72.8812151,113.69763963618426
117.18,6.804054132438209,19.0783436,72.8812154,113.69763963618426
117.19,6.797948480450213,19.0783438,72.8812157,113.69763963618426
117.2,6.791839747726497,19.078344,72.88121600000001,113.69763963618426
117.21000000000001,6.785727944734225,19.0783442,72.8812163,113.69763963618426
117.22,6.7796130819457945,19.0783444,72.8812166,113.69763963618426
117.23,6.773495169838859,19.0783446,72.8812169,113.69763963618426
117.24000000000001,6.767374218896283,19.0783448,72.88121720000001,113.69763963618426
117.25,6.761250239606175,19.078345,72.8812175,113.69763963618426
117.26,6.755123242461774,19.0783452,72.8812178,113.69763963618426
117.27,6.748993237961548,19.0783454,72.8812181,113.69763963618426
117.28,6.742860236609083,19.078345600000002,72.88121840000001,113.69763963618426
117.29,6.736724248913094,19.0783458,72.8812187,113.69763963618426
117.3,6.730585285387477,19.078346,72.881219,113.69763963618426
117.31,6.724443356551113,19.078346200000002,72.8812193,113.69763963618426
117.32000000000001,6.718298472928081,19.0783464,72.88121960000001,113.69763963618426
117.33,6.712150645047452,19.0783466,72.8812199,113.69763963618426
117.34,6.705999883443356,19.078346800000002,72.8812202,113.69763963618426
117.35000000000001,6.699846198654971,19.078347,72.8812205,113.69763963618426
117.36,6.693689601226459,19.0783472,72.88122080000001,113.69763963618426
117.37,6.687530101706982,19.078347400000002,72.8812211,113.69763963618426
117.38,6.681367710650676,19.0783476,72.8812214,113.69763963618426
117.39,6.675202438616621,19.0783478,72.8812217,113.69763963618426
117.4,6.669034296168858,19.078348000000002,72.88122200000001,113.69763963618426
117.41,6.662863293876324,19.0783482,72.8812223,113.69763963618426
117.42,6.656689442312863,19.0783484,72.8812226,113.69763963618426
117.43,6.650512752057185,19.0783486,72.8812229,113.69763963618426
117.44,6.644333233692913,19.0783488,72.88122320000001,113.69763963618426
117.45,6.638150897808467,19.078349,72.8812235,113.69763963618426
117.46000000000001,6.631965754997102,19.0783492,72.8812238,113.69763963618426
117.47,6.625777815856918,19.0783494,72.88122410000001,113.69763963618426
117.48,6.619587090990745,19.0783496,72.88122440000001,113.69763963618426
117.49000000000001,6.613393591006248,19.0783498,72.8812247,113.69763963618426
117.5,6.607197326515811,19.07835,72.881225,113.69763963618426
117.51,6.600998308136557,19.0783502,72.88122530000001,113.69763963618426
117.52,6.5947965464903575,19.0783504,72.88122560000001,113.69763963618426
117.53,6.588592052203732,19.0783506,72.8812259,113.69763963618426
117.54,6.582384835907935,19.0783508,72.8812262,113.69763963618426
117.55,6.576174908238856,19.078351,72.88122650000001,113.69763963618426
117.56,6.569962279837034,19.0783512,72.88122680000001,113.69763963618426
117.57000000000001,6.563746961347626,19.0783514,72.8812271,113.69763963618426
117.58,6.557528963420438,19.0783516,72.8812274,113.69763963618426
117.59,6.551308296709829,19.0783518,72.88122770000001,113.69763963618426
117.60000000000001,6.545084971874732,19.078352,72.88122800000001,113.69763963618426
117.61,6.538858999578667,19.0783522,72.8812283,113.69763963618426
117.62,6.532630390489638,19.0783524,72.8812286,113.69763963618426
117.63,6.52639915528022,19.0783526,72.88122890000001,113.69763963618426
117.64,6.520165304627455,19.0783528,72.8812292,113.69763963618426
117.65,6.513928849212871,19.078353,72.8812295,113.69763963618426
117.66,6.507689799722488,19.078353200000002,72.8812298,113.69763963618426
117.67,6.501448166846712,19.0783534,72.88123010000001,113.69763963618426
117.68,6.495203961280439,19.0783536,72.8812304,113.69763963618426
117.69,6.488957193722936,19.078353800000002,72.8812307,113.69763963618426
117.7,6.482707874877849,19.078354,72.881231,113.69763963618426
117.71000000000001,6.476456015453253,19.0783542,72.88123130000001,113.69763963618426
117.72,6.470201626161519,19.078354400000002,72.8812316,113.69763963618426
117.73,6.463944717719374,19.0783546,72.8812319,113.69763963618426
117.74000000000001,6.457685300847853,19.0783548,72.8812322,113.69763963618426
117.75,6.45142338627231,19.078355000000002,72.88123250000001,113.69763963618426
117.76,6.445158984722359,19.0783552,72.8812328,113.69763963618426
117.77,6.438892106931879,19.0783554,72.8812331,113.69763963618426
117.78,6.432622763638998,19.078355600000002,72.8812334,113.69763963618426
117.79,6.426350965586051,19.0783558,72.88123370000001,113.69763963618426
117.8,6.420076723519616,19.078356,72.881234,113.69763963618426
117.81,6.4138000481904225,19.0783562,72.8812343,113.69763963618426
117.82000000000001,6.407520950353367,19.0783564,72.8812346,113.69763963618426
117.83,6.401239440767564,19.0783566,72.88123490000001,113.69763963618426
117.84,6.394955530196142,19.0783568,72.8812352,113.69763963618426
117.85000000000001,6.388669229406458,19.078357,72.8812355,113.69763963618426
117.86,6.382380549169904,19.0783572,72.8812358,113.69763963618426
117.87,6.37608950026196,19.0783574,72.88123610000001,113.69763963618426
117.88,6.369796093462168,19.0783576,72.8812364,113.69763963618426
117.89,6.363500339554099,19.0783578,72.8812367,113.69763963618426
117.9,6.357202249325374,19.078358,72.881237,113.69763963618426
117.91,6.350901833567589,19.0783582,72.88123730000001,113.69763963618426
117.92,6.344599103076336,19.0783584,72.8812376,113.69763963618426
117.93,6.338294068651162,19.0783586,72.8812379,113.69763963618426
117.94,6.331986741095591,19.0783588,72.8812382,113.69763963618426
117.95,6.325677131217047,19.078359,72.88123850000001,113.69763963618426
117.96000000000001,6.3193652498268555,19.0783592,72.8812388,113.69763963618426
117.97,6.313051107740309,19.0783594,72.8812391,113.69763963618426
117.98,6.306734715776444,19.0783596,72.8812394,113.69763963618426
117.99000000000001,6.300416084758282,19.0783598,72.88123970000001,113.69763963618426
118.0,6.294095225512606,19.07836,72.88124,113.69763963618426
118.01,6.287772148870026,19.0783602,72.8812403,113.69763963618426
118.02,6.28144686566499,19.0783604,72.8812406,113.69763963618426
118.03,6.275119386735661,19.0783606,72.88124090000001,113.69763963618426
118.04,6.268789722924031,19.078360800000002,72.8812412,113.69763963618426
118.05,6.262457885075795,19.078361,72.8812415,113.69763963618426
118.06,6.2561238840403774,19.0783612,72.8812418,113.69763963618426
118.07000000000001,6.249787730670933,19.078361400000002,72.88124210000001,113.69763963618426
118.08,6.243449435824279,19.0783616,72.8812424,113.69763963618426
118.09,6.237109010360911,19.0783618,72.8812427,113.69763963618426
118.10000000000001,6.230766465144958,19.078362000000002,72.881243,113.69763963618426
118.11,6.224421811044233,19.0783622,72.88124330000001,113.69763963618426
118.12,6.21807505893011,19.0783624,72.8812436,113.69763963618426
118.13,6.211726219677577,19.078362600000002,72.8812439,113.69763963618426
118.14,6.205375304165196,19.0783628,72.8812442,113.69763963618426
118.15,6.19902232327508,19.078363,72.88124450000001,113.69763963618426
118.16,6.192667287892912,19.078363200000002,72.8812448,113.69763963618426
118.17,6.18631020890784,19.0783634,72.8812451,113.69763963618426
118.18,6.17995109721257,19.0783636,72.8812454,113.69763963618426
118.19,6.17358996370326,19.0783638,72.88124570000001,113.69763963618426
118.2,6.167226819279527,19.078364,72.881246,113.69763963618426
118.21000000000001,6.160861674844467,19.0783642,72.8812463,113.69763963618426
118.22,6.154494541304568,19.0783644,72.88124660000001,113.69763963618426
118.23,6.148125429569743,19.0783646,72.88124690000001,113.69763963618426
118.24000000000001,6.141754350553272,19.0783648,72.8812472,113.69763963618426
118.25,6.135381315171862,19.078365,72.8812475,113.69763963618426
118.26,6.129006334345517,19.0783652,72.88124780000001,113.69763963618426
118.27,6.122629418997594,19.0783654,72.88124810000001,113.69763963618426
118.28,6.116250580054761,19.0783656,72.8812484,113.69763963618426
118.29,6.1098698284469775,19.0783658,72.8812487,113.69763963618426
118.3,6.103487175107506,19.078366,72.88124900000001,113.69763963618426
118.31,6.097102630972838,19.0783662,72.88124930000001,113.69763963618426
118.32000000000001,6.090716206982709,19.0783664,72.8812496,113.69763963618426
118.33,6.0843279140801085,19.0783666,72.8812499,113.69763963618426
118.34,6.077937763211167,19.0783668,72.88125020000001,113.69763963618426
118.35000000000001,6.071545765325258,19.078367,72.88125050000001,113.69763963618426
118.36,6.06515193137489,19.0783672,72.8812508,113.69763963618426
118.37,6.058756272315704,19.0783674,72.8812511,113.69763963618426
118.38,6.052358799106541,19.0783676,72.88125140000001,113.69763963618426
118.39,6.045959522709225,19.0783678,72.8812517,113.69763963618426
118.4,6.039558454088797,19.078368,72.881252,113.69763963618426
118.41,6.033155604213293,19.0783682,72.8812523,113.69763963618426
118.42,6.026750984053816,19.078368400000002,72.88125260000001,113.69763963618426
118.43,6.0203446045845235,19.0783686,72.8812529,113.69763963618426
118.44,6.013936476782565,19.0783688,72.8812532,113.69763963618426
118.45,6.00752661162809,19.078369000000002,72.8812535,113.69763963618426
118.46000000000001,6.001115020104222,19.0783692,72.88125380000001,113.69763963618426
118.47,5.994701713197072,19.0783694,72.8812541,113.69763963618426
118.48,5.9882867018956345,19.078369600000002,72.8812544,113.69763963618426
118.49000000000001,5.98186999719188,19.0783698,72.8812547,113.69763963618426
118.5,5.97545161008065,19.07837,72.88125500000001,113.69763963618426
118.51,5.969031551559657,19.078370200000002,72.8812553,113.69763963618426
118.52,5.962609832629551,19.0783704,72.8812556,113.69763963618426
118.53,5.9561864642937,19.0783706,72.8812559,113.69763963618426
118.54,5.949761457558425,19.078370800000002,72.88125620000001,113.69763963618426
118.55,5.94333482343278,19.078371,72.8812565,113.69763963618426
118.56,5.936906572928621,19.0783712,72.8812568,113.69763963618426
118.57000000000001,5.930476717060596,19.0783714,72.8812571,113.69763963618426
118.58,5.924045266846081,19.0783716,72.88125740000001,113.69763963618426
118.59,5.917612233305187,19.0783718,72.8812577,113.69763963618426
118.60000000000001,5.911177627460736,19.078372,72.881258,113.69763963618426
118.61,5.9047414603382675,19.0783722,72.8812583,113.69763963618426
118.62,5.898303742965966,19.0783724,72.88125860000001,113.69763963618426
118.63,5.89186448637469,19.0783726,72.8812589,113.69763963618426
118.64,5.885423701597926,19.0783728,72.8812592,113.69763963618426
118.65,5.878981399671767,19.078373,72.8812595,113.69763963618426
118.66,5.872537591634957,19.0783732,72.88125980000001,113.69763963618426
118.67,5.866092288528768,19.0783734,72.8812601,113.69763963618426
118.68,5.859645501397042,19.0783736,72.8812604,113.69763963618426
118.69,5.853197241286199,19.0783738,72.8812607,113.69763963618426
118.7,5.846747519245122,19.078374,72.88126100000001,113.69763963618426
118.71000000000001,5.840296346325261,19.0783742,72.8812613,113.69763963618426
118.72,5.833843733580515,19.0783744,72.8812616,113.69763963618426
118.73,5.827389692067253,19.0783746,72.8812619,113.69763963618426
118.74000000000001,5.820934232844315,19.0783748,72.88126220000001,113.69763963618426
118.75,5.814477366972946,19.078375,72.8812625,113.69763963618426
118.76,5.808019105516812,19.0783752,72.8812628,113.69763963618426
118.77,5.801559459541964,19.0783754,72.8812631,113.69763963618426
118.78,5.795098440116831,19.0783756,72.88126340000001,113.69763963618426
118.79,5.788636058312178,19.0783758,72.8812637,113.69763963618426
118.8,5.782172325201152,19.078376000000002,72.881264,113.69763963618426
118.81,5.775707251859169,19.0783762,72.8812643,113.69763963618426
118.82000000000001,5.769240849363946,19.0783764,72.88126460000001,113.69763963618426
118.83,5.762773128795512,19.078376600000002,72.8812649,113.69763963618426
118.84,5.756304101236096,19.0783768,72.8812652,113.69763963618426
118.85000000000001,5.7498337777702275,19.078377,72.8812655,113.69763963618426
118.86,5.74336216948462,19.078377200000002,72.88126580000001,113.69763963618426
118.87,5.736889287468189,19.0783774,72.8812661,113.69763963618426
118.88,5.730415142812069,19.0783776,72.8812664,113.69763963618426
118.89,5.723939746609493,19.078377800000002,72.8812667,113.69763963618426
118.9,5.7174631099559035,19.078378,72.88126700000001,113.69763963618426
118.91,5.710985243948832,19.0783782,72.8812673,113.69763963618426
118.92,5.704506159687908,19.078378400000002,72.8812676,113.69763963618426
118.93,5.6980258682749,19.0783786,72.8812679,113.69763963618426
118.94,5.691544380813594,19.0783788,72.88126820000001,113.69763963618426
118.95,5.685061708409842,19.078379,72.8812685,113.69763963618426
118.96000000000001,5.678577862171518,19.0783792,72.8812688,113.69763963618426
118.97,5.672092853208532,19.0783794,72.88126910000001,113.69763963618426
118.98,5.665606692632763,19.0783796,72.88126940000001,113.69763963618426
118.99000000000001,5.659119391558061,19.0783798,72.8812697,113.69763963618426
119.0,5.6526309611002645,19.07838,72.88127,113.69763963618426
119.01,5.646141412377089,19.0783802,72.88127030000001,113.69763963618426
119.02,5.639650756508225,19.0783804,72.88127060000001,113.69763963618426
119.03,5.633159004615225,19.0783806,72.8812709,113.69763963618426
119.04,5.626666167821512,19.0783808,72.8812712,113.69763963618426
119.05,5.620172257252437,19.078381,72.88127150000001,113.69763963618426
119.06,5.61367728403507,19.0783812,72.88127180000001,113.69763963618426
119.07000000000001,5.607181259298422,19.0783814,72.8812721,113.69763963618426
119.08,5.600684194173237,19.0783816,72.8812724,113.69763963618426
119.09,5.594186099792058,19.0783818,72.88127270000001,113.69763963618426
119.10000000000001,5.587686987289185,19.078382,72.88127300000001,113.69763963618426
119.11,5.581186867800688,19.0783822,72.8812733,113.69763963618426
119.12,5.574685752464336,19.0783824,72.8812736,113.69763963618426
119.13,5.568183652419611,19.0783826,72.88127390000001,113.69763963618426
119.14,5.561680578807686,19.0783828,72.88127420000001,113.69763963618426
119.15,5.555176542771391,19.078383,72.8812745,113.69763963618426
119.16,5.548671555455231,19.0783832,72.8812748,113.69763963618426
119.17,5.542165628005317,19.0783834,72.88127510000001,113.69763963618426
119.18,5.535658771569361,19.078383600000002,72.8812754,113.69763963618426
119.19,5.5291509972967345,19.0783838,72.8812757,113.69763963618426
119.2,5.522642316338264,19.078384,72.881276,113.69763963618426
119.21000000000001,5.516132739846449,19.078384200000002,72.88127630000001,113.69763963618426
119.22,5.509622278975252,19.0783844,72.8812766,113.69763963618426
119.23,5.503110944880164,19.0783846,72.8812769,113.69763963618426
119.24000000000001,5.496598748718194,19.078384800000002,72.8812772,113.69763963618426
119.25,5.490085701647804,19.078385,72.88127750000001,113.69763963618426
119.26,5.483571814828924,19.0783852,72.8812778,113.69763963618426
119.27,5.477057099422921,19.078385400000002,72.8812781,113.69763963618426
119.28,5.470541566592572,19.0783856,72.8812784,113.69763963618426
119.29,5.464025227502084,19.0783858,72.88127870000001,113.69763963618426
119.3,5.457508093317017,19.078386000000002,72.881279,113.69763963618426
119.31,5.450990175204304,19.0783862,72.8812793,113.69763963618426
119.32000000000001,5.444471484332201,19.0783864,72.8812796,113.69763963618426
119.33,5.437952031870342,19.0783866,72.88127990000001,113.69763963618426
119.34,5.4314318289896155,19.0783868,72.8812802,113.69763963618426
119.35000000000001,5.424910886862201,19.078387,72.8812805,113.69763963618426
119.36,5.418389216661581,19.0783872,72.8812808,113.69763963618426
119.37,5.411866829562426,19.0783874,72.88128110000001,113.69763963618426
119.38,5.405343736740703,19.0783876,72.8812814,113.69763963618426
119.39,5.398819949373518,19.0783878,72.8812817,113.69763963618426
119.4,5.3922954786392205,19.078388,72.881282,113.69763963618426
119.41,5.385770335717332,19.0783882,72.88128230000001,113.69763963618426
119.42,5.379244531788472,19.0783884,72.8812826,113.69763963618426
119.43,5.372718078034452,19.0783886,72.8812829,113.69763963618426
119.44,5.366190985638165,19.0783888,72.8812832,113.69763963618426
119.45,5.359663265783606,19.078389,72.88128350000001,113.69763963618426
119.46000000000001,5.353134929655827,19.0783892,72.8812838,113.69763963618426
119.47,5.3466059884409916,19.0783894,72.8812841,113.69763963618426
119.48,5.34007645332624,19.0783896,72.8812844,113.69763963618426
119.49000000000001,5.333546335499748,19.0783898,72.88128470000001,113.69763963618426
119.5,5.32701564615072,19.07839,72.881285,113.69763963618426
119.51,5.320484396469278,19.0783902,72.8812853,113.69763963618426
119.52,5.313952597646568,19.0783904,72.8812856,113.69763963618426
119.53,5.30742026087464,19.0783906,72.88128590000001,113.69763963618426
119.54,5.300887397346465,19.0783908,72.8812862,113.69763963618426
119.55,5.294354018255954,19.078391,72.8812865,113.69763963618426
119.56,5.2878201347978395,19.078391200000002,72.8812868,113.69763963618426
119.57000000000001,5.281285758167778,19.0783914,72.88128710000001,113.69763963618426
119.58,5.274750899562237,19.0783916,72.8812874,113.69763963618426
119.59,5.268215570178501,19.078391800000002,72.8812877,113.69763963618426
119.60000000000001,5.261679781214715,19.078392,72.881288,113.69763963618426
119.61,5.255143543869756,19.0783922,72.88128830000001,113.69763963618426
119.62,5.2486068693432895,19.078392400000002,72.8812886,113.69763963618426
119.63,5.24206976883573,19.0783926,72.8812889,113.69763963618426
119.64,5.235532253548211,19.0783928,72.8812892,113.69763963618426
119.65,5.2289943346826036,19.078393000000002,72.88128950000001,113.69763963618426
119.66,5.222456023441446,19.0783932,72.8812898,113.69763963618426
119.67,5.215917331027957,19.0783934,72.8812901,113.69763963618426
119.68,5.209378268645997,19.078393600000002,72.8812904,113.69763963618426
119.69,5.202838847500098,19.0783938,72.88129070000001,113.69763963618426
119.7,5.196299078795347,19.078394,72.881291,113.69763963618426
119.71000000000001,5.189758973737466,19.0783942,72.8812913,113.69763963618426
119.72,5.18321854353279,19.0783944,72.8812916,113.69763963618426
119.73,5.1766777993881,19.0783946,72.88129190000001,113.69763963618426
119.74000000000001,5.170136752510834,19.0783948,72.8812922,113.69763963618426
119.75,5.1635954141088805,19.078395,72.8812925,113.69763963618426
119.76,5.1570537953906435,19.0783952,72.88129280000001,113.69763963618426
119.77,5.15051190756501,19.0783954,72.88129310000001,113.69763963618426
119.78,5.143969761841316,19.0783956,72.8812934,113.69763963618426
119.79,5.137427369429368,19.0783958,72.8812937,113.69763963618426
119.8,5.13088474153937,19.078396,72.88129400000001,113.69763963618426
119.81,5.124341889381934,19.0783962,72.88129430000001,113.69763963618426
119.82000000000001,5.117798824168051,19.0783964,72.8812946,113.69763963618426
119.83,5.111255557109102,19.0783966,72.8812949,113.69763963618426
119.84,5.1047120994167905,19.0783968,72.88129520000001,113.69763963618426
119.85000000000001,5.098168462303132,19.078397,72.88129550000001,113.69763963618426
119.86,5.091624656980525,19.0783972,72.8812958,113.69763963618426
119.87,5.08508069466153,19.0783974,72.8812961,113.69763963618426
119.88,5.0785365865591015,19.0783976,72.88129640000001,113.69763963618426
119.89,5.071992343886373,19.0783978,72.88129670000001,113.69763963618426
119.9,5.065447977856716,19.078398,72.881297,113.69763963618426
119.91,5.058903499683752,19.0783982,72.8812973,113.69763963618426
119.92,5.052358920581229,19.0783984,72.88129760000001,113.69763963618426
119.93,5.045814251763131,19.0783986,72.8812979,113.69763963618426
119.94,5.039269504443562,19.078398800000002,72.8812982,113.69763963618426
119.95,5.032724689836758,19.078399,72.8812985,113.69763963618426
119.96000000000001,5.026179819157099,19.0783992,72.88129880000001,113.69763963618426
119.97,5.019634903619034,19.078399400000002,72.8812991,113.69763963618426
119.98,5.013089954437096,19.0783996,72.8812994,113.69763963618426
119.99000000000001,5.0065449828258615,19.0783998,72.8812997,113.69763963618426
