ts,speed_mps,lat,lon,heading_deg
0.0,8.0,19.076,72.8777,45.0
0.01,8.008377578878399,19.0760002,72.8777003,45.0
0.02,8.016755148569755,19.0760004,72.87770060000001,45.0
0.03,8.025132699887036,19.0760006,72.87770090000001,45.0
0.04,8.033510223643232,19.0760008,72.8777012,45.0
0.05,8.041887710651357,19.076001,72.8777015,45.0
0.06,8.05026515172447,19.0760012,72.87770180000001,45.0
0.07,8.058642537675684,19.0760014,72.87770210000001,45.0
0.08,8.067019859318165,19.0760016,72.8777024,45.0
0.09,8.075397107465152,19.0760018,72.8777027,45.0
0.1,8.083774272929967,19.076002,72.87770300000001,45.0
0.11,8.092151346526018,19.0760022,72.87770330000001,45.0
0.12,8.100528319066822,19.0760024,72.8777036,45.0
0.13,8.108905181365996,19.0760026,72.8777039,45.0
0.14,8.117281924237286,19.0760028,72.87770420000001,45.0
0.15,8.125658538494566,19.076003,72.87770450000001,45.0
0.16,8.13403501495185,19.0760032,72.8777048,45.0
0.17,8.142411344423309,19.0760034,72.8777051,45.0
0.18,8.150787517723266,19.0760036,72.87770540000001,45.0
0.19,8.159163525666221,19.076003800000002,72.8777057,45.0
0.2,8.167539359066856,19.076004,72.877706,45.0
0.21,8.175915008740041,19.0760042,72.8777063,45.0
0.22,8.18429046550085,19.076004400000002,72.87770660000001,45.0
0.23,8.192665720164568,19.0760046,72.8777069,45.0
0.24,8.2010407635467,19.0760048,72.8777072,45.0
0.25,8.209415586462985,19.076005000000002,72.8777075,45.0
0.26,8.217790179729404,19.0760052,72.87770780000001,45.0
0.27,8.226164534162185,19.0760054,72.8777081,45.0
0.28,8.234538640577826,19.076005600000002,72.8777084,45.0
0.29,8.24291248979309,19.0760058,72.8777087,45.0
0.3,8.251286072625026,19.076006,72.87770900000001,45.0
0.31,8.259659379890973,19.076006200000002,72.8777093,45.0
0.32,8.268032402408572,19.0760064,72.8777096,45.0
0.33,8.276405130995778,19.0760066,72.8777099,45.0
0.34,8.284777556470868,19.076006800000002,72.87771020000001,45.0
0.35000000000000003,8.29314966965245,19.076007,72.8777105,45.0
0.36,8.301521461359476,19.0760072,72.8777108,45.0
0.37,8.309892922411251,19.0760074,72.8777111,45.0
0.38,8.318264043627439,19.0760076,72.87771140000001,45.0
0.39,8.32663481582808,19.0760078,72.8777117,45.0
0.4,8.335005229833596,19.076008,72.877712,45.0
0.41000000000000003,8.343375276464805,19.0760082,72.8777123,45.0
0.42,8.351744946542919,19.0760084,72.87771260000001,45.0
0.43,8.360114230889572,19.0760086,72.8777129,45.0
0.44,8.368483120326818,19.0760088,72.8777132,45.0
0.45,8.37685160567714,19.076009,72.8777135,45.0
0.46,8.385219677763473,19.0760092,72.87771380000001,45.0
0.47000000000000003,8.393587327409197,19.0760094,72.8777141,45.0
0.48,8.401954545438157,19.0760096,72.8777144,45.0
0.49,8.410321322674674,19.0760098,72.8777147,45.0
0.5,8.41868764994355,19.07601,72.87771500000001,45.0
0.51,8.427053518070084,19.0760102,72.8777153,45.0
0.52,8.435418917880073,19.0760104,72.8777156,45.0
0.53,8.443783840199831,19.0760106,72.8777159,45.0
0.54,8.452148275856196,19.0760108,72.87771620000001,45.0
0.55,8.460512215676538,19.076011,72.8777165,45.0
0.56,8.468875650488773,19.0760112,72.8777168,45.0
0.5700000000000001,8.477238571121365,19.076011400000002,72.8777171,45.0
0.58,8.485600968403352,19.0760116,72.87771740000001,45.0
0.59,8.493962833164336,19.0760118,72.8777177,45.0
0.6,8.502324156234508,19.076012000000002,72.877718,45.0
0.61,8.51068492844465,19.0760122,72.8777183,45.0
0.62,8.519045140626156,19.0760124,72.87771860000001,45.0
0.63,8.527404783611022,19.076012600000002,72.8777189,45.0
0.64,8.535763848231879,19.0760128,72.8777192,45.0
0.65,8.544122325321986,19.076013,72.8777195,45.0
0.66,8.552480205715247,19.076013200000002,72.87771980000001,45.0
0.67,8.560837480246223,19.0760134,72.8777201,45.0
0.68,8.569194139750135,19.0760136,72.8777204,45.0
0.6900000000000001,8.577550175062886,19.076013800000002,72.8777207,45.0
0.7000000000000001,8.585905577021054,19.076014,72.87772100000001,45.0
0.71,8.594260336461918,19.0760142,72.8777213,45.0
0.72,8.602614444223462,19.076014400000002,72.8777216,45.0
0.73,8.61096789114438,19.0760146,72.8777219,45.0
0.74,8.619320668064093,19.0760148,72.87772220000001,45.0
0.75,8.62767276582276,19.076015,72.8777225,45.0
0.76,8.636024175261278,19.0760152,72.8777228,45.0
0.77,8.644374887221305,19.0760154,72.87772310000001,45.0
0.78,8.65272489254526,19.0760156,72.87772340000001,45.0
0.79,8.66107418207634,19.0760158,72.8777237,45.0
0.8,8.669422746658524,19.076016,72.877724,45.0
0.81,8.677770577136588,19.0760162,72.87772430000001,45.0
0.8200000000000001,8.68611766435611,19.0760164,72.87772460000001,45.0
0.8300000000000001,8.69446399916349,19.0760166,72.8777249,45.0
0.84,8.702809572405945,19.0760168,72.8777252,45.0
0.85,8.711154374931532,19.076017,72.87772550000001,45.0
0.86,8.71949839758915,19.0760172,72.87772580000001,45.0
0.87,8.727841631228559,19.0760174,72.8777261,45.0
0.88,8.736184066700377,19.0760176,72.8777264,45.0
0.89,8.744525694856101,19.0760178,72.87772670000001,45.0
0.9,8.752866506548115,19.076018,72.87772700000001,45.0
0.91,8.761206492629693,19.0760182,72.8777273,45.0
0.92,8.76954564395502,19.0760184,72.8777276,45.0
0.93,8.777883951379195,19.0760186,72.87772790000001,45.0
0.9400000000000001,8.786221405758239,19.0760188,72.8777282,45.0
0.9500000000000001,8.794557997949113,19.076019000000002,72.8777285,45.0
0.96,8.802893718809718,19.0760192,72.8777288,45.0
0.97,8.81122855919892,19.0760194,72.87772910000001,45.0
0.98,8.81956250997654,19.076019600000002,72.8777294,45.0
0.99,8.82789556200338,19.0760198,72.8777297,45.0
1.0,8.836227706141228,19.07602,72.87773,45.0
1.01,8.844558933252864,19.076020200000002,72.87773030000001,45.0
1.02,8.85288923420208,19.0760204,72.8777306,45.0
1.03,8.861218599853675,19.0760206,72.8777309,45.0
1.04,8.869547021073481,19.076020800000002,72.8777312,45.0
1.05,8.877874488728363,19.076021,72.87773150000001,45.0
1.06,8.886200993686229,19.0760212,72.8777318,45.0
1.07,8.89452652681605,19.076021400000002,72.8777321,45.0
1.08,8.902851078987853,19.0760216,72.8777324,45.0
1.09,8.91117464107275,19.0760218,72.87773270000001,45.0
1.1,8.919497203942933,19.076022000000002,72.877733,45.0
1.11,8.927818758471691,19.0760222,72.8777333,45.0
1.12,8.936139295533419,19.0760224,72.8777336,45.0
1.1300000000000001,8.94445880600363,19.0760226,72.87773390000001,45.0
1.1400000000000001,8.952777280758959,19.0760228,72.8777342,45.0
1.1500000000000001,8.961094710677177,19.076023,72.8777345,45.0
1.16,8.969411086637205,19.0760232,72.8777348,45.0
1.17,8.977726399519115,19.0760234,72.87773510000001,45.0
1.18,8.986040640204148,19.0760236,72.8777354,45.0
1.19,8.994353799574721,19.0760238,72.8777357,45.0
1.2,9.002665868514434,19.076024,72.877736,45.0
1.21,9.010976837908084,19.0760242,72.87773630000001,45.0
1.22,9.019286698641674,19.0760244,72.8777366,45.0
1.23,9.027595441602422,19.0760246,72.8777369,45.0
1.24,9.035903057678775,19.0760248,72.8777372,45.0
1.25,9.044209537760413,19.076025,72.87773750000001,45.0
1.26,9.05251487273826,19.0760252,72.8777378,45.0
1.27,9.060819053504499,19.0760254,72.8777381,45.0
1.28,9.069122070952579,19.0760256,72.8777384,45.0
1.29,9.07742391597722,19.0760258,72.87773870000001,45.0
1.3,9.085724579474435,19.076026,72.877739,45.0
1.31,9.094024052341526,19.0760262,72.8777393,45.0
1.32,9.102322325477104,19.0760264,72.8777396,45.0
1.33,9.110619389781096,19.076026600000002,72.87773990000001,45.0
1.34,9.118915236154752,19.0760268,72.8777402,45.0
1.35,9.127209855500661,19.076027,72.8777405,45.0
1.36,9.135503238722755,19.076027200000002,72.8777408,45.0
1.37,9.143795376726322,19.0760274,72.87774110000001,45.0
1.3800000000000001,9.152086260418017,19.0760276,72.8777414,45.0
1.3900000000000001,9.16037588070587,19.076027800000002,72.8777417,45.0
1.4000000000000001,9.168664228499292,19.076028,72.877742,45.0
1.41,9.176951294709099,19.0760282,72.87774230000001,45.0
1.42,9.185237070247503,19.076028400000002,72.8777426,45.0
1.43,9.193521546028137,19.0760286,72.8777429,45.0
1.44,9.201804712966057,19.0760288,72.8777432,45.0
1.45,9.210086561977754,19.076029000000002,72.87774350000001,45.0
1.46,9.218367083981166,19.0760292,72.8777438,45.0
1.47,9.226646269895685,19.0760294,72.8777441,45.0
1.48,9.234924110642169,19.076029600000002,72.8777444,45.0
1.49,9.24320059714295,19.0760298,72.87774470000001,45.0
1.5,9.251475720321848,19.07603,72.877745,45.0
1.51,9.259749471104172,19.0760302,72.8777453,45.0
1.52,9.268021840416742,19.0760304,72.87774560000001,45.0
1.53,9.27629281918789,19.0760306,72.87774590000001,45.0
1.54,9.284562398347475,19.0760308,72.8777462,45.0
1.55,9.29283056882689,19.076031,72.8777465,45.0
1.56,9.30109732155907,19.0760312,72.87774680000001,45.0
1.57,9.309362647478507,19.0760314,72.87774710000001,45.0
1.58,9.317626537521258,19.0760316,72.8777474,45.0
1.59,9.325888982624958,19.0760318,72.8777477,45.0
1.6,9.334149973728818,19.076032,72.87774800000001,45.0
1.61,9.342409501773652,19.0760322,72.87774830000001,45.0
1.62,9.350667557701872,19.0760324,72.8777486,45.0
1.6300000000000001,9.358924132457506,19.0760326,72.8777489,45.0
1.6400000000000001,9.367179216986212,19.0760328,72.87774920000001,45.0
1.6500000000000001,9.375432802235276,19.076033,72.87774950000001,45.0
1.6600000000000001,9.383684879153629,19.0760332,72.8777498,45.0
1.67,9.391935438691856,19.0760334,72.8777501,45.0
1.68,9.40018447180221,19.0760336,72.87775040000001,45.0
1.69,9.40843196943861,19.0760338,72.8777507,45.0
1.7,9.416677922556666,19.076034,72.877751,45.0
1.71,9.42492232211368,19.076034200000002,72.8777513,45.0
1.72,9.433165159068658,19.0760344,72.87775160000001,45.0
1.73,9.441406424382317,19.0760346,72.8777519,45.0
1.74,9.449646109017099,19.076034800000002,72.8777522,45.0
1.75,9.45788420393718,19.076035,72.8777525,45.0
1.76,9.466120700108478,19.0760352,72.87775280000001,45.0
1.77,9.474355588498666,19.076035400000002,72.8777531,45.0
1.78,9.482588860077179,19.0760356,72.8777534,45.0
1.79,9.490820505815226,19.0760358,72.8777537,45.0
1.8,9.499050516685797,19.076036000000002,72.87775400000001,45.0
1.81,9.507278883663677,19.0760362,72.8777543,45.0
1.82,9.51550559772545,19.0760364,72.8777546,45.0
1.83,9.523730649849519,19.076036600000002,72.8777549,45.0
1.84,9.531954031016104,19.0760368,72.87775520000001,45.0
1.85,9.54017573220726,19.076037,72.8777555,45.0
1.86,9.548395744406882,19.076037200000002,72.8777558,45.0
1.87,9.55661405860072,19.0760374,72.8777561,45.0
1.8800000000000001,9.564830665776386,19.0760376,72.87775640000001,45.0
1.8900000000000001,9.573045556923361,19.0760378,72.8777567,45.0
1.9000000000000001,9.58125872303301,19.076038,72.877757,45.0
1.9100000000000001,9.589470155098589,19.0760382,72.8777573,45.0
1.92,9.597679844115255,19.0760384,72.87775760000001,45.0
1.93,9.605887781080082,19.0760386,72.8777579,45.0
1.94,9.614093956992056,19.0760388,72.8777582,45.0
1.95,9.6222983628521,19.076039,72.8777585,45.0
1.96,9.630500989663078,19.0760392,72.87775880000001,45.0
1.97,9.638701828429802,19.0760394,72.8777591,45.0
1.98,9.646900870159051,19.0760396,72.8777594,45.0
1.99,9.655098105859565,19.0760398,72.8777597,45.0
2.0,9.663293526542075,19.07604,72.87776000000001,45.0
2.0100000000000002,9.671487123219293,19.0760402,72.8777603,45.0
2.02,9.67967888690594,19.0760404,72.8777606,45.0
2.0300000000000002,9.687868808618738,19.0760406,72.8777609,45.0
2.04,9.696056879376437,19.0760408,72.87776120000001,45.0
2.05,9.704243090199812,19.076041,72.8777615,45.0
2.06,9.712427432111681,19.0760412,72.8777618,45.0
2.07,9.720609896136907,19.0760414,72.8777621,45.0
2.08,9.728790473302416,19.0760416,72.87776240000001,45.0
2.09,9.736969154637203,19.076041800000002,72.8777627,45.0
2.1,9.74514593117234,19.076042,72.877763,45.0
2.11,9.75332079394099,19.0760422,72.8777633,45.0
2.12,9.761493733978412,19.076042400000002,72.87776360000001,45.0
2.13,9.769664742321977,19.0760426,72.8777639,45.0
2.14,9.77783381001117,19.0760428,72.8777642,45.0
2.15,9.786000928087612,19.076043000000002,72.8777645,45.0
2.16,9.79416608759505,19.0760432,72.87776480000001,45.0
2.17,9.80232927957939,19.0760434,72.8777651,45.0
2.18,9.810490495088686,19.076043600000002,72.8777654,45.0
2.19,9.818649725173172,19.0760438,72.8777657,45.0
2.2,9.826806960885246,19.076044,72.87776600000001,45.0
2.21,9.834962193279502,19.076044200000002,72.8777663,45.0
2.22,9.843115413412725,19.0760444,72.8777666,45.0
2.23,9.851266612343911,19.0760446,72.8777669,45.0
2.24,9.859415781134272,19.076044800000002,72.87776720000001,45.0
2.25,9.867562910847242,19.076045,72.8777675,45.0
2.2600000000000002,9.875707992548499,19.0760452,72.8777678,45.0
2.27,9.88385101730596,19.0760454,72.8777681,45.0
2.2800000000000002,9.891991976189797,19.0760456,72.87776840000001,45.0
2.29,9.900130860272455,19.0760458,72.8777687,45.0
2.3000000000000003,9.908267660628647,19.076046,72.877769,45.0
2.31,9.916402368335374,19.0760462,72.87776930000001,45.0
2.32,9.924534974471934,19.0760464,72.87776960000001,45.0
2.33,9.932665470119924,19.0760466,72.8777699,45.0
2.34,9.94079384636326,19.0760468,72.8777702,45.0
2.35,9.94892009428818,19.076047,72.87777050000001,45.0
2.36,9.957044204983259,19.0760472,72.87777080000001,45.0
2.37,9.96516616953941,19.0760474,72.8777711,45.0
2.38,9.973285979049907,19.0760476,72.8777714,45.0
2.39,9.981403624610381,19.0760478,72.87777170000001,45.0
2.4,9.989519097318839,19.076048,72.87777200000001,45.0
2.41,9.997632388275669,19.0760482,72.8777723,45.0
2.42,10.005743488583654,19.0760484,72.8777726,45.0
2.43,10.013852389347976,19.0760486,72.87777290000001,45.0
2.44,10.021959081676235,19.0760488,72.87777320000001,45.0
2.45,10.030063556678446,19.076049,72.8777735,45.0
2.46,10.038165805467058,19.0760492,72.8777738,45.0
2.47,10.046265819156963,19.076049400000002,72.87777410000001,45.0
2.48,10.054363588865503,19.0760496,72.8777744,45.0
2.49,10.06245910571248,19.0760498,72.8777747,45.0
2.5,10.070552360820166,19.076050000000002,72.877775,45.0
2.5100000000000002,10.078643345313317,19.0760502,72.87777530000001,45.0
2.52,10.086732050319174,19.0760504,72.8777756,45.0
2.5300000000000002,10.094818466967485,19.076050600000002,72.8777759,45.0
2.54,10.102902586390496,19.0760508,72.8777762,45.0
2.5500000000000003,10.110984399722984,19.076051,72.87777650000001,45.0
2.56,10.119063898102246,19.076051200000002,72.8777768,45.0
2.57,10.127141072668124,19.0760514,72.8777771,45.0
2.58,10.135215914563005,19.0760516,72.8777774,45.0
2.59,10.143288414931835,19.076051800000002,72.87777770000001,45.0
2.6,10.151358564922125,19.076052,72.877778,45.0
2.61,10.159426355683971,19.0760522,72.8777783,45.0
2.62,10.167491778370046,19.076052400000002,72.8777786,45.0
2.63,10.17555482413563,19.0760526,72.87777890000001,45.0
2.64,10.183615484138603,19.0760528,72.8777792,45.0
2.65,10.19167374953946,19.076053,72.8777795,45.0
2.66,10.19972961150133,19.0760532,72.8777798,45.0
2.67,10.207783061189966,19.0760534,72.87778010000001,45.0
2.68,10.215834089773779,19.0760536,72.8777804,45.0
2.69,10.223882688423826,19.0760538,72.8777807,45.0
2.7,10.231928848313835,19.076054,72.877781,45.0
2.71,10.2399725606202,19.0760542,72.87778130000001,45.0
2.72,10.248013816522008,19.0760544,72.8777816,45.0
2.73,10.256052607201035,19.0760546,72.8777819,45.0
2.74,10.264088923841761,19.0760548,72.8777822,45.0
2.75,10.272122757631381,19.076055,72.87778250000001,45.0
2.7600000000000002,10.280154099759809,19.0760552,72.8777828,45.0
2.77,10.288182941419695,19.0760554,72.8777831,45.0
2.7800000000000002,10.29620927380643,19.0760556,72.8777834,45.0
2.79,10.304233088118153,19.0760558,72.87778370000001,45.0
2.8000000000000003,10.312254375555773,19.076056,72.877784,45.0
2.81,10.320273127322961,19.0760562,72.8777843,45.0
2.82,10.328289334626174,19.0760564,72.8777846,45.0
2.83,10.336302988674658,19.0760566,72.87778490000001,45.0
2.84,10.344314080680459,19.0760568,72.8777852,45.0
2.85,10.352322601858432,19.076057000000002,72.8777855,45.0
2.86,10.36032854342625,19.0760572,72.8777858,45.0
2.87,10.368331896604419,19.0760574,72.87778610000001,45.0
2.88,10.376332652616279,19.076057600000002,72.8777864,45.0
2.89,10.384330802688021,19.0760578,72.8777867,45.0
2.9,10.392326338048694,19.076058,72.877787,45.0
2.91,10.40031924993021,19.076058200000002,72.87778730000001,45.0
2.92,10.408309529567363,19.0760584,72.8777876,45.0
2.93,10.416297168197833,19.0760586,72.8777879,45.0
2.94,10.42428215706219,19.076058800000002,72.8777882,45.0
2.95,10.432264487403923,19.076059,72.87778850000001,45.0
2.96,10.44024415046942,19.0760592,72.8777888,45.0
2.97,10.448221137508007,19.076059400000002,72.8777891,45.0
2.98,10.456195439771935,19.0760596,72.8777894,45.0
2.99,10.464167048516408,19.0760598,72.87778970000001,45.0
3.0,10.47213595499958,19.076060000000002,72.87779,45.0
3.0100000000000002,10.480102150482566,19.0760602,72.8777903,45.0
3.02,10.488065626229453,19.0760604,72.8777906,45.0
3.0300000000000002,10.49602637350732,19.0760606,72.87779090000001,45.0
3.04,10.503984383586225,19.0760608,72.8777912,45.0
3.0500000000000003,10.51193964773924,19.076061,72.8777915,45.0
3.06,10.519892157242438,19.0760612,72.87779180000001,45.0
3.0700000000000003,10.52784190337492,19.0760614,72.87779210000001,45.0
3.08,10.535788877418813,19.0760616,72.8777924,45.0
3.09,10.543733070659288,19.0760618,72.8777927,45.0
3.1,10.55167447438456,19.076062,72.87779300000001,45.0
3.11,10.559613079885906,19.0760622,72.87779330000001,45.0
3.12,10.567548878457675,19.0760624,72.8777936,45.0
3.13,10.57548186139729,19.0760626,72.8777939,45.0
3.14,10.58341202000526,19.0760628,72.87779420000001,45.0
3.15,10.591339345585194,19.076063,72.87779450000001,45.0
3.16,10.599263829443812,19.0760632,72.8777948,45.0
3.17,10.607185462890941,19.0760634,72.8777951,45.0
3.18,10.615104237239539,19.0760636,72.87779540000001,45.0
3.19,10.623020143805702,19.0760638,72.87779570000001,45.0
3.2,10.630933173908666,19.076064,72.877796,45.0
3.21,10.638843318870823,19.0760642,72.8777963,45.0
3.22,10.64675057001773,19.0760644,72.87779660000001,45.0
3.23,10.654654918678116,19.076064600000002,72.8777969,45.0
3.24,10.662556356183893,19.0760648,72.8777972,45.0
3.25,10.670454873870167,19.076065,72.8777975,45.0
3.2600000000000002,10.678350463075246,19.076065200000002,72.87779780000001,45.0
3.27,10.686243115140645,19.0760654,72.8777981,45.0
3.2800000000000002,10.694132821411106,19.0760656,72.8777984,45.0
3.29,10.702019573234598,19.076065800000002,72.8777987,45.0
3.3000000000000003,10.709903361962331,19.076066,72.87779900000001,45.0
3.31,10.717784178948763,19.0760662,72.8777993,45.0
3.3200000000000003,10.725662015551613,19.076066400000002,72.8777996,45.0
3.33,10.733536863131866,19.0760666,72.8777999,45.0
3.34,10.741408713053787,19.0760668,72.87780020000001,45.0
3.35,10.749277556684929,19.076067000000002,72.8778005,45.0
3.36,10.757143385396137,19.0760672,72.8778008,45.0
3.37,10.765006190561566,19.0760674,72.8778011,45.0
3.38,10.772865963558688,19.076067600000002,72.87780140000001,45.0
3.39,10.780722695768297,19.0760678,72.8778017,45.0
3.4,10.788576378574522,19.076068,72.877802,45.0
3.41,10.796427003364837,19.0760682,72.8778023,45.0
3.42,10.804274561530072,19.0760684,72.87780260000001,45.0
3.43,10.812119044464415,19.0760686,72.8778029,45.0
3.44,10.819960443565428,19.0760688,72.8778032,45.0
3.45,10.827798750234058,19.076069,72.8778035,45.0
3.46,10.835633955874638,19.0760692,72.87780380000001,45.0
3.47,10.843466051894904,19.0760694,72.8778041,45.0
3.48,10.851295029706005,19.0760696,72.8778044,45.0
3.49,10.859120880722507,19.0760698,72.8778047,45.0
3.5,10.866943596362402,19.07607,72.87780500000001,45.0
3.5100000000000002,10.874763168047126,19.0760702,72.8778053,45.0
3.52,10.882579587201558,19.0760704,72.8778056,45.0
3.5300000000000002,10.890392845254036,19.0760706,72.8778059,45.0
3.54,10.898202933636366,19.0760708,72.87780620000001,45.0
3.5500000000000003,10.906009843783828,19.076071,72.8778065,45.0
3.56,10.913813567135186,19.0760712,72.8778068,45.0
3.5700000000000003,10.921614095132703,19.0760714,72.8778071,45.0
3.58,10.929411419222141,19.0760716,72.87780740000001,45.0
3.59,10.937205530852783,19.0760718,72.8778077,45.0
3.6,10.944996421477423,19.076072,72.877808,45.0
3.61,10.9527840825524,19.076072200000002,72.8778083,45.0
3.62,10.960568505537587,19.0760724,72.87780860000001,45.0
3.63,10.968349681896408,19.0760726,72.8778089,45.0
3.64,10.97612760309585,19.076072800000002,72.8778092,45.0
3.65,10.98390226060647,19.076073,72.8778095,45.0
3.66,10.991673645902404,19.0760732,72.87780980000001,45.0
3.67,10.99944175046137,19.076073400000002,72.8778101,45.0
3.68,11.007206565764694,19.0760736,72.8778104,45.0
3.69,11.014968083297301,19.0760738,72.8778107,45.0
3.7,11.022726294547738,19.076074000000002,72.87781100000001,45.0
3.71,11.030481191008171,19.0760742,72.8778113,45.0
3.72,11.03823276417441,19.0760744,72.8778116,45.0
3.73,11.0459810055459,19.076074600000002,72.8778119,45.0
3.74,11.053725906625747,19.0760748,72.87781220000001,45.0
3.75,11.061467458920717,19.076075,72.8778125,45.0
3.7600000000000002,11.06920565394125,19.076075200000002,72.8778128,45.0
3.77,11.076940483201465,19.0760754,72.8778131,45.0
3.7800000000000002,11.084671938219172,19.0760756,72.87781340000001,45.0
3.79,11.092400010515885,19.0760758,72.8778137,45.0
3.8000000000000003,11.100124691616823,19.076076,72.877814,45.0
3.81,11.107845973050928,19.0760762,72.87781430000001,45.0
3.8200000000000003,11.115563846350868,19.0760764,72.87781460000001,45.0
3.83,11.123278303053047,19.0760766,72.8778149,45.0
3.84,11.130989334697619,19.0760768,72.8778152,45.0
3.85,11.138696932828491,19.076077,72.87781550000001,45.0
3.86,11.146401088993338,19.0760772,72.87781580000001,45.0
3.87,11.154101794743607,19.0760774,72.8778161,45.0
3.88,11.16179904163453,19.0760776,72.8778164,45.0
3.89,11.169492821225134,19.0760778,72.87781670000001,45.0
3.9,11.177183125078244,19.076078,72.87781700000001,45.0
3.91,11.1848699447605,19.0760782,72.8778173,45.0
3.92,11.192553271842362,19.0760784,72.8778176,45.0
3.93,11.200233097898119,19.0760786,72.87781790000001,45.0
3.94,11.207909414505899,19.0760788,72.87781820000001,45.0
3.95,11.215582213247682,19.076079,72.8778185,45.0
3.96,11.223251485709302,19.0760792,72.8778188,45.0
3.97,11.23091722348046,19.0760794,72.87781910000001,45.0
3.98,11.238579418154739,19.0760796,72.8778194,45.0
3.99,11.2462380613296,19.076079800000002,72.8778197,45.0
4.0,11.253893144606401,19.07608,72.87782,45.0
4.01,11.261544659590406,19.0760802,72.87782030000001,45.0
4.0200000000000005,11.269192597890793,19.076080400000002,72.8778206,45.0
4.03,11.276836951120655,19.0760806,72.8778209,45.0
4.04,11.284477710897024,19.0760808,72.8778212,45.0
4.05,11.29211486884087,19.076081000000002,72.87782150000001,45.0
4.0600000000000005,11.299748416577113,19.0760812,72.8778218,45.0
4.07,11.307378345734632,19.0760814,72.8778221,45.0
4.08,11.315004647946273,19.076081600000002,72.8778224,45.0
4.09,11.322627314848862,19.0760818,72.87782270000001,45.0
4.1,11.330246338083208,19.076082,72.877823,45.0
4.11,11.337861709294122,19.076082200000002,72.8778233,45.0
4.12,11.345473420130412,19.0760824,72.8778236,45.0
4.13,11.353081462244905,19.0760826,72.87782390000001,45.0
4.14,11.36068582729445,19.076082800000002,72.8778242,45.0
4.15,11.368286506939928,19.076083,72.8778245,45.0
4.16,11.375883492846263,19.0760832,72.8778248,45.0
4.17,11.383476776682427,19.0760834,72.87782510000001,45.0
4.18,11.391066350121452,19.0760836,72.8778254,45.0
4.19,11.398652204840445,19.0760838,72.8778257,45.0
4.2,11.406234332520581,19.076084,72.877826,45.0
4.21,11.41381272484713,19.0760842,72.87782630000001,45.0
4.22,11.421387373509456,19.0760844,72.8778266,45.0
4.23,11.428958270201028,19.0760846,72.8778269,45.0
4.24,11.436525406619426,19.0760848,72.8778272,45.0
4.25,11.444088774466362,19.076085,72.87782750000001,45.0
4.26,11.45164836544767,19.0760852,72.8778278,45.0
4.2700000000000005,11.45920417127334,19.0760854,72.8778281,45.0
4.28,11.466756183657496,19.0760856,72.8778284,45.0
4.29,11.474304394318438,19.0760858,72.87782870000001,45.0
4.3,11.481848794978621,19.076086,72.877829,45.0
4.3100000000000005,11.489389377364688,19.0760862,72.8778293,45.0
4.32,11.496926133207463,19.0760864,72.8778296,45.0
4.33,11.504459054241973,19.0760866,72.87782990000001,45.0
4.34,11.511988132207446,19.0760868,72.8778302,45.0
4.3500000000000005,11.519513358847322,19.076087,72.8778305,45.0
4.36,11.527034725909267,19.0760872,72.8778308,45.0
4.37,11.534552225145186,19.076087400000002,72.87783110000001,45.0
4.38,11.542065848311212,19.0760876,72.8778314,45.0
4.39,11.54957558716774,19.0760878,72.8778317,45.0
4.4,11.55708143347942,19.076088000000002,72.877832,45.0
4.41,11.56458337901517,19.0760882,72.87783230000001,45.0
4.42,11.572081415548189,19.0760884,72.8778326,45.0
4.43,11.579575534855957,19.076088600000002,72.8778329,45.0
4.44,11.587065728720258,19.0760888,72.8778332,45.0
4.45,11.594551988927172,19.076089,72.87783350000001,45.0
4.46,11.6020343072671,19.076089200000002,72.8778338,45.0
4.47,11.60951267553476,19.0760894,72.8778341,45.0
4.48,11.616987085529207,19.0760896,72.8778344,45.0
4.49,11.62445752905383,19.076089800000002,72.87783470000001,45.0
4.5,11.631923997916374,19.07609,72.877835,45.0
4.51,11.639386483928941,19.0760902,72.8778353,45.0
4.5200000000000005,11.646844978908,19.076090400000002,72.8778356,45.0
4.53,11.654299474674396,19.0760906,72.87783590000001,45.0
4.54,11.66174996305336,19.0760908,72.8778362,45.0
4.55,11.669196435874518,19.076091,72.8778365,45.0
4.5600000000000005,11.676638884971902,19.0760912,72.87783680000001,45.0
4.57,11.684077302183953,19.0760914,72.87783710000001,45.0
4.58,11.691511679353532,19.0760916,72.8778374,45.0
4.59,11.698942008327935,19.0760918,72.8778377,45.0
4.6000000000000005,11.706368280958895,19.076092,72.87783800000001,45.0
4.61,11.713790489102593,19.0760922,72.87783830000001,45.0
4.62,11.721208624619667,19.0760924,72.8778386,45.0
4.63,11.728622679375224,19.0760926,72.8778389,45.0
4.64,11.736032645238842,19.0760928,72.87783920000001,45.0
4.65,11.743438514084588,19.076093,72.87783950000001,45.0
4.66,11.750840277791013,19.0760932,72.8778398,45.0
4.67,11.758237928241183,19.0760934,72.8778401,45.0
4.68,11.765631457322659,19.0760936,72.87784040000001,45.0
4.69,11.773020856927538,19.0760938,72.87784070000001,45.0
4.7,11.780406118952431,19.076094,72.877841,45.0
4.71,11.787787235298497,19.0760942,72.8778413,45.0
4.72,11.795164197871435,19.0760944,72.87784160000001,45.0
4.73,11.8025369985815,19.0760946,72.8778419,45.0
4.74,11.809905629343513,19.0760948,72.8778422,45.0
4.75,11.817270082076867,19.076095000000002,72.8778425,45.0
4.76,11.824630348705536,19.0760952,72.87784280000001,45.0
4.7700000000000005,11.831986421158089,19.0760954,72.8778431,45.0
4.78,11.839338291367685,19.076095600000002,72.8778434,45.0
4.79,11.8466859512721,19.0760958,72.8778437,45.0
4.8,11.854029392813722,19.076096,72.87784400000001,45.0
4.8100000000000005,11.86136860793957,19.076096200000002,72.8778443,45.0
4.82,11.868703588601292,19.0760964,72.8778446,45.0
4.83,11.876034326755184,19.0760966,72.8778449,45.0
4.84,11.883360814362192,19.076096800000002,72.87784520000001,45.0
4.8500000000000005,11.890683043387924,19.076097,72.8778455,45.0
4.86,11.898001005802659,19.0760972,72.8778458,45.0
4.87,11.905314693581353,19.076097400000002,72.8778461,45.0
4.88,11.912624098703649,19.0760976,72.87784640000001,45.0
4.89,11.919929213153893,19.0760978,72.8778467,45.0
4.9,11.927230028921127,19.076098,72.877847,45.0
4.91,11.934526537999112,19.0760982,72.8778473,45.0
4.92,11.941818732386333,19.0760984,72.87784760000001,45.0
4.93,11.949106604086001,19.0760986,72.8778479,45.0
4.94,11.956390145106077,19.0760988,72.8778482,45.0
4.95,11.96366934745926,19.076099,72.8778485,45.0
4.96,11.970944203163015,19.0760992,72.87784880000001,45.0
4.97,11.97821470423957,19.0760994,72.8778491,45.0
4.98,11.985480842715926,19.0760996,72.8778494,45.0
4.99,11.992742610623877,19.0760998,72.8778497,45.0
5.0,12.0,19.0761,72.87785000000001,45.0
5.01,12.00725300288568,19.0761002,72.8778503,45.0
5.0200000000000005,12.014501611327107,19.0761004,72.8778506,45.0
5.03,12.021745817375297,19.0761006,72.8778509,45.0
5.04,12.028985613086085,19.0761008,72.87785120000001,45.0
5.05,12.036220990520153,19.076101,72.8778515,45.0
5.0600000000000005,12.043451941743019,19.0761012,72.8778518,45.0
5.07,12.050678458825061,19.0761014,72.8778521,45.0
5.08,12.057900533841512,19.0761016,72.87785240000001,45.0
5.09,12.065118158872487,19.0761018,72.8778527,45.0
5.1000000000000005,12.07233132600297,19.076102,72.877853,45.0
5.11,12.079540027322842,19.0761022,72.8778533,45.0
5.12,12.086744254926879,19.0761024,72.87785360000001,45.0
5.13,12.09394400091476,19.076102600000002,72.8778539,45.0
5.14,12.101139257391079,19.0761028,72.8778542,45.0
5.15,12.108330016465361,19.076103,72.8778545,45.0
5.16,12.115516270252051,19.076103200000002,72.87785480000001,45.0
5.17,12.122698010870543,19.0761034,72.8778551,45.0
5.18,12.12987523044518,19.0761036,72.8778554,45.0
5.19,12.137047921105257,19.076103800000002,72.8778557,45.0
5.2,12.144216074985042,19.076104,72.87785600000001,45.0
5.21,12.151379684223773,19.0761042,72.8778563,45.0
5.22,12.158538740965675,19.076104400000002,72.8778566,45.0
5.23,12.165693237359967,19.0761046,72.8778569,45.0
5.24,12.172843165560863,19.0761048,72.87785720000001,45.0
5.25,12.17998851772759,19.076105000000002,72.8778575,45.0
5.26,12.187129286024398,19.0761052,72.8778578,45.0
5.2700000000000005,12.194265462620553,19.0761054,72.8778581,45.0
5.28,12.201397039690367,19.0761056,72.87785840000001,45.0
5.29,12.208524009413185,19.0761058,72.8778587,45.0
5.3,12.21564636397342,19.076106,72.877859,45.0
5.3100000000000005,12.222764095560532,19.0761062,72.87785930000001,45.0
5.32,12.229877196369054,19.0761064,72.87785960000001,45.0
5.33,12.236985658598602,19.0761066,72.8778599,45.0
5.34,12.244089474453872,19.0761068,72.8778602,45.0
5.3500000000000005,12.251188636144665,19.076107,72.87786050000001,45.0
5.36,12.258283135885872,19.0761072,72.87786080000001,45.0
5.37,12.265372965897509,19.0761074,72.8778611,45.0
5.38,12.272458118404707,19.0761076,72.8778614,45.0
5.39,12.279538585637729,19.0761078,72.87786170000001,45.0
5.4,12.286614359831972,19.076108,72.87786200000001,45.0
5.41,12.293685433227985,19.0761082,72.8778623,45.0
5.42,12.300751798071467,19.0761084,72.8778626,45.0
5.43,12.307813446613281,19.0761086,72.87786290000001,45.0
5.44,12.314870371109468,19.0761088,72.87786320000001,45.0
5.45,12.32192256382124,19.076109,72.8778635,45.0
5.46,12.328970017015006,19.0761092,72.8778638,45.0
5.47,12.33601272296237,19.0761094,72.87786410000001,45.0
5.48,12.34305067394014,19.0761096,72.8778644,45.0
5.49,12.350083862230338,19.0761098,72.8778647,45.0
5.5,12.357112280120216,19.07611,72.877865,45.0
5.51,12.364135919902248,19.076110200000002,72.87786530000001,45.0
5.5200000000000005,12.371154773874153,19.0761104,72.8778656,45.0
5.53,12.378168834338895,19.0761106,72.8778659,45.0
5.54,12.3851780936047,19.076110800000002,72.8778662,45.0
5.55,12.392182543985054,19.076111,72.87786650000001,45.0
5.5600000000000005,12.399182177798718,19.0761112,72.8778668,45.0
5.57,12.406176987369737,19.076111400000002,72.8778671,45.0
5.58,12.413166965027441,19.0761116,72.8778674,45.0
5.59,12.420152103106467,19.0761118,72.87786770000001,45.0
5.6000000000000005,12.427132393946753,19.076112000000002,72.877868,45.0
5.61,12.434107829893552,19.0761122,72.8778683,45.0
5.62,12.441078403297446,19.0761124,72.8778686,45.0
5.63,12.448044106514347,19.076112600000002,72.87786890000001,45.0
5.64,12.455004931905503,19.0761128,72.8778692,45.0
5.65,12.461960871837523,19.076113,72.8778695,45.0
5.66,12.468911918682355,19.0761132,72.8778698,45.0
5.67,12.475858064817336,19.0761134,72.87787010000001,45.0
5.68,12.482799302625157,19.0761136,72.8778704,45.0
5.69,12.489735624493903,19.0761138,72.8778707,45.0
5.7,12.496667022817045,19.076114,72.877871,45.0
5.71,12.503593489993456,19.0761142,72.87787130000001,45.0
5.72,12.510515018427414,19.0761144,72.8778716,45.0
5.73,12.517431600528617,19.0761146,72.8778719,45.0
5.74,12.524343228712182,19.0761148,72.8778722,45.0
5.75,12.531249895398663,19.076115,72.87787250000001,45.0
5.76,12.538151593014053,19.0761152,72.8778728,45.0
5.7700000000000005,12.545048313989792,19.0761154,72.8778731,45.0
5.78,12.551940050762783,19.0761156,72.8778734,45.0
5.79,12.558826795775389,19.0761158,72.87787370000001,45.0
5.8,12.565708541475452,19.076116,72.877874,45.0
5.8100000000000005,12.572585280316295,19.0761162,72.8778743,45.0
5.82,12.579457004756726,19.0761164,72.8778746,45.0
5.83,12.586323707261062,19.0761166,72.87787490000001,45.0
5.84,12.593185380299117,19.0761168,72.8778752,45.0
5.8500000000000005,12.60004201634623,19.076117,72.8778755,45.0
5.86,12.606893607883254,19.0761172,72.8778758,45.0
5.87,12.61374014739658,19.0761174,72.87787610000001,45.0
5.88,12.62058162737814,19.0761176,72.8778764,45.0
5.89,12.627418040325413,19.076117800000002,72.8778767,45.0
5.9,12.63424937874143,19.076118,72.877877,45.0
5.91,12.641075635134795,19.0761182,72.87787730000001,45.0
5.92,12.647896802019678,19.076118400000002,72.8778776,45.0
5.93,12.654712871915834,19.0761186,72.8778779,45.0
5.94,12.661523837348609,19.0761188,72.8778782,45.0
5.95,12.668329690848939,19.076119000000002,72.87787850000001,45.0
5.96,12.675130424953377,19.0761192,72.8778788,45.0
5.97,12.68192603220408,19.0761194,72.8778791,45.0
5.98,12.688716505148834,19.076119600000002,72.8778794,45.0
5.99,12.695501836341052,19.0761198,72.87787970000001,45.0
6.0,12.702282018339785,19.07612,72.87788,45.0
6.01,12.709057043709734,19.076120200000002,72.8778803,45.0
6.0200000000000005,12.715826905021252,19.0761204,72.8778806,45.0
6.03,12.722591594850357,19.0761206,72.87788090000001,45.0
6.04,12.729351105778735,19.0761208,72.8778812,45.0
6.05,12.736105430393756,19.076121,72.8778815,45.0
6.0600000000000005,12.742854561288475,19.0761212,72.8778818,45.0
6.07,12.74959849106164,19.0761214,72.87788210000001,45.0
6.08,12.756337212317705,19.0761216,72.8778824,45.0
6.09,12.763070717666839,19.0761218,72.8778827,45.0
6.1000000000000005,12.769798999724927,19.076122,72.87788300000001,45.0
6.11,12.77652205111358,19.0761222,72.87788330000001,45.0
6.12,12.78323986446015,19.0761224,72.8778836,45.0
6.13,12.789952432397731,19.0761226,72.8778839,45.0
6.140000000000001,12.79665974756517,19.0761228,72.87788420000001,45.0
6.15,12.803361802607073,19.076123,72.87788450000001,45.0
6.16,12.810058590173814,19.0761232,72.8778848,45.0
6.17,12.816750102921542,19.0761234,72.8778851,45.0
6.18,12.823436333512198,19.0761236,72.87788540000001,45.0
6.19,12.830117274613507,19.0761238,72.87788570000001,45.0
6.2,12.836792918898999,19.076124,72.877886,45.0
6.21,12.843463259048011,19.0761242,72.8778863,45.0
6.22,12.850128287745697,19.0761244,72.87788660000001,45.0
6.23,12.856787997683039,19.0761246,72.87788690000001,45.0
6.24,12.863442381556844,19.0761248,72.8778872,45.0
6.25,12.870091432069765,19.076125,72.8778875,45.0
6.26,12.876735141930304,19.0761252,72.87788780000001,45.0
6.2700000000000005,12.88337350385282,19.076125400000002,72.8778881,45.0
6.28,12.890006510557534,19.0761256,72.8778884,45.0
6.29,12.896634154770538,19.0761258,72.8778887,45.0
6.3,12.903256429223811,19.076126000000002,72.87788900000001,45.0
6.3100000000000005,12.909873326655216,19.0761262,72.8778893,45.0
6.32,12.916484839808515,19.0761264,72.8778896,45.0
6.33,12.92309096143337,19.076126600000002,72.8778899,45.0
6.34,12.929691684285363,19.0761268,72.87789020000001,45.0
6.3500000000000005,12.93628700112599,19.076127,72.8778905,45.0
6.36,12.942876904722674,19.076127200000002,72.8778908,45.0
6.37,12.949461387848782,19.0761274,72.8778911,45.0
6.38,12.956040443283621,19.0761276,72.87789140000001,45.0
6.390000000000001,12.962614063812449,19.076127800000002,72.8778917,45.0
6.4,12.969182242226482,19.076128,72.877892,45.0
6.41,12.975744971322914,19.0761282,72.8778923,45.0
6.42,12.9823022439049,19.0761284,72.87789260000001,45.0
6.43,12.98885405278159,19.0761286,72.8778929,45.0
6.44,12.995400390768127,19.0761288,72.8778932,45.0
6.45,13.001941250685642,19.076129,72.8778935,45.0
6.46,13.008476625361283,19.0761292,72.87789380000001,45.0
6.47,13.015006507628208,19.0761294,72.8778941,45.0
6.48,13.021530890325604,19.0761296,72.8778944,45.0
6.49,13.028049766298682,19.0761298,72.8778947,45.0
6.5,13.0345631283987,19.07613,72.87789500000001,45.0
6.51,13.041070969482952,19.0761302,72.8778953,45.0
6.5200000000000005,13.047573282414797,19.0761304,72.8778956,45.0
6.53,13.054070060063648,19.0761306,72.8778959,45.0
6.54,13.060561295304996,19.0761308,72.87789620000001,45.0
6.55,13.0670469810204,19.076131,72.8778965,45.0
6.5600000000000005,13.073527110097515,19.0761312,72.8778968,45.0
6.57,13.080001675430086,19.0761314,72.8778971,45.0
6.58,13.086470669917952,19.0761316,72.87789740000001,45.0
6.59,13.092934086467071,19.0761318,72.8778977,45.0
6.6000000000000005,13.099391917989518,19.076132,72.877898,45.0
6.61,13.105844157403482,19.0761322,72.8778983,45.0
6.62,13.112290797633296,19.0761324,72.87789860000001,45.0
6.63,13.118731831609427,19.0761326,72.8778989,45.0
6.640000000000001,13.125167252268493,19.0761328,72.8778992,45.0
6.65,13.131597052553262,19.076133000000002,72.8778995,45.0
6.66,13.138021225412675,19.0761332,72.87789980000001,45.0
6.67,13.144439763801834,19.0761334,72.8779001,45.0
6.68,13.15085266068203,19.076133600000002,72.8779004,45.0
6.69,13.15725990902073,19.0761338,72.8779007,45.0
6.7,13.163661501791605,19.076134,72.87790100000001,45.0
6.71,13.17005743197452,19.076134200000002,72.8779013,45.0
6.72,13.176447692555554,19.0761344,72.8779016,45.0
6.73,13.182832276527005,19.0761346,72.8779019,45.0
6.74,13.189211176887392,19.076134800000002,72.87790220000001,45.0
6.75,13.19558438664147,19.076135,72.8779025,45.0
6.76,13.201951898800232,19.0761352,72.8779028,45.0
6.7700000000000005,13.208313706380919,19.076135400000002,72.8779031,45.0
6.78,13.21466980240703,19.0761356,72.87790340000001,45.0
6.79,13.221020179908328,19.0761358,72.8779037,45.0
6.8,13.227364831920843,19.076136,72.877904,45.0
6.8100000000000005,13.233703751486889,19.0761362,72.8779043,45.0
6.82,13.24003693165506,19.0761364,72.87790460000001,45.0
6.83,13.24636436548025,19.0761366,72.8779049,45.0
6.84,13.252686046023651,19.0761368,72.8779052,45.0
6.8500000000000005,13.259001966352766,19.076137,72.87790550000001,45.0
6.86,13.265312119541413,19.0761372,72.87790580000001,45.0
6.87,13.271616498669736,19.0761374,72.8779061,45.0
6.88,13.27791509682421,19.0761376,72.8779064,45.0
6.890000000000001,13.284207907097649,19.0761378,72.87790670000001,45.0
6.9,13.290494922589215,19.076138,72.87790700000001,45.0
6.91,13.296776136404425,19.0761382,72.8779073,45.0
6.92,13.303051541655162,19.0761384,72.8779076,45.0
6.93,13.309321131459667,19.0761386,72.87790790000001,45.0
6.94,13.315584898942571,19.0761388,72.87790820000001,45.0
6.95,13.321842837234886,19.076139,72.8779085,45.0
6.96,13.328094939474013,19.0761392,72.8779088,45.0
6.97,13.334341198803756,19.0761394,72.87790910000001,45.0
6.98,13.340581608374324,19.0761396,72.87790940000001,45.0
6.99,13.346816161342344,19.0761398,72.8779097,45.0
7.0,13.353044850870866,19.07614,72.87791,45.0
7.01,13.359267670129366,19.0761402,72.87791030000001,45.0
7.0200000000000005,13.365484612293761,19.0761404,72.8779106,45.0
7.03,13.37169567054641,19.076140600000002,72.8779109,45.0
7.04,13.377900838076126,19.0761408,72.8779112,45.0
7.05,13.384100108078187,19.076141,72.87791150000001,45.0
7.0600000000000005,13.390293473754326,19.076141200000002,72.8779118,45.0
7.07,13.396480928312764,19.0761414,72.8779121,45.0
7.08,13.402662464968195,19.0761416,72.8779124,45.0
7.09,13.408838076941809,19.076141800000002,72.87791270000001,45.0
7.1000000000000005,13.415007757461286,19.076142,72.877913,45.0
7.11,13.421171499760817,19.0761422,72.8779133,45.0
7.12,13.427329297081105,19.076142400000002,72.8779136,45.0
7.13,13.433481142669368,19.0761426,72.87791390000001,45.0
7.140000000000001,13.439627029779352,19.0761428,72.8779142,45.0
7.15,13.445766951671342,19.076143000000002,72.8779145,45.0
7.16,13.451900901612158,19.0761432,72.8779148,45.0
7.17,13.458028872875172,19.0761434,72.87791510000001,45.0
7.18,13.464150858740311,19.0761436,72.8779154,45.0
7.19,13.47026685249407,19.0761438,72.8779157,45.0
7.2,13.47637684742951,19.076144,72.877916,45.0
7.21,13.482480836846271,19.0761442,72.87791630000001,45.0
7.22,13.488578814050584,19.0761444,72.8779166,45.0
7.23,13.494670772355267,19.0761446,72.8779169,45.0
7.24,13.50075670507974,19.0761448,72.8779172,45.0
7.25,13.506836605550031,19.076145,72.87791750000001,45.0
7.26,13.512910467098788,19.0761452,72.8779178,45.0
7.2700000000000005,13.518978283065273,19.0761454,72.8779181,45.0
7.28,13.525040046795382,19.0761456,72.8779184,45.0
7.29,13.53109575164165,19.0761458,72.87791870000001,45.0
7.3,13.537145390963254,19.076146,72.877919,45.0
7.3100000000000005,13.54318895812602,19.0761462,72.8779193,45.0
7.32,13.54922644650244,19.0761464,72.8779196,45.0
7.33,13.555257849471662,19.0761466,72.87791990000001,45.0
7.34,13.561283160419519,19.0761468,72.8779202,45.0
7.3500000000000005,13.567302372738514,19.076147,72.8779205,45.0
7.36,13.573315479827846,19.0761472,72.8779208,45.0
7.37,13.579322475093402,19.0761474,72.87792110000001,45.0
7.38,13.585323351947782,19.0761476,72.8779214,45.0
7.390000000000001,13.59131810381028,19.0761478,72.8779217,45.0
7.4,13.597306724106922,19.076148,72.877922,45.0
7.41,13.60328920627045,19.076148200000002,72.87792230000001,45.0
7.42,13.609265543740339,19.0761484,72.8779226,45.0
7.43,13.615235729962798,19.0761486,72.8779229,45.0
7.44,13.621199758390794,19.076148800000002,72.8779232,45.0
7.45,13.627157622484031,19.076149,72.87792350000001,45.0
7.46,13.633109315708984,19.0761492,72.8779238,45.0
7.47,13.63905483153889,19.076149400000002,72.8779241,45.0
7.48,13.644994163453765,19.0761496,72.8779244,45.0
7.49,13.6509273049404,19.0761498,72.87792470000001,45.0
7.5,13.65685424949238,19.076150000000002,72.877925,45.0
7.51,13.662774990610082,19.0761502,72.8779253,45.0
7.5200000000000005,13.66868952180069,19.0761504,72.8779256,45.0
7.53,13.67459783657819,19.076150600000002,72.87792590000001,45.0
7.54,13.680499928463398,19.0761508,72.8779262,45.0
7.55,13.68639579098394,19.076151,72.8779265,45.0
7.5600000000000005,13.692285417674283,19.0761512,72.8779268,45.0
7.57,13.698168802075728,19.0761514,72.87792710000001,45.0
7.58,13.704045937736424,19.0761516,72.8779274,45.0
7.59,13.70991681821137,19.0761518,72.8779277,45.0
7.6000000000000005,13.715781437062427,19.076152,72.87792800000001,45.0
7.61,13.72163978785832,19.0761522,72.87792830000001,45.0
7.62,13.727491864174649,19.0761524,72.8779286,45.0
7.63,13.733337659593897,19.0761526,72.8779289,45.0
7.640000000000001,13.739177167705428,19.0761528,72.87792920000001,45.0
7.65,13.74501038210551,19.076153,72.87792950000001,45.0
7.66,13.750837296397307,19.0761532,72.8779298,45.0
7.67,13.756657904190892,19.0761534,72.8779301,45.0
7.68,13.762472199103254,19.0761536,72.87793040000001,45.0
7.69,13.76828017475831,19.0761538,72.87793070000001,45.0
7.7,13.774081824786897,19.076154,72.877931,45.0
7.71,13.779877142826798,19.0761542,72.8779313,45.0
7.72,13.785666122522734,19.0761544,72.87793160000001,45.0
7.73,13.791448757526384,19.0761546,72.87793190000001,45.0
7.74,13.797225041496372,19.0761548,72.8779322,45.0
7.75,13.8029949680983,19.076155,72.8779325,45.0
7.76,13.808758531004734,19.0761552,72.87793280000001,45.0
7.7700000000000005,13.814515723895223,19.0761554,72.8779331,45.0
7.78,13.820266540456295,19.0761556,72.8779334,45.0
7.79,13.826010974381477,19.076155800000002,72.8779337,45.0
7.8,13.831749019371292,19.076156,72.87793400000001,45.0
7.8100000000000005,13.83748066913327,19.0761562,72.8779343,45.0
7.82,13.843205917381958,19.076156400000002,72.8779346,45.0
7.83,13.848924757838912,19.0761566,72.8779349,45.0
7.84,13.854637184232729,19.0761568,72.87793520000001,45.0
7.8500000000000005,13.86034319029903,19.076157000000002,72.8779355,45.0
7.86,13.866042769780481,19.0761572,72.8779358,45.0
7.87,13.871735916426791,19.0761574,72.8779361,45.0
7.88,13.87742262399473,19.076157600000002,72.87793640000001,45.0
7.890000000000001,13.883102886248126,19.0761578,72.8779367,45.0
7.9,13.888776696957875,19.076158,72.877937,45.0
7.91,13.894444049901946,19.076158200000002,72.8779373,45.0
7.92,13.900104938865391,19.0761584,72.87793760000001,45.0
7.930000000000001,13.905759357640354,19.0761586,72.8779379,45.0
7.94,13.91140730002607,19.0761588,72.8779382,45.0
7.95,13.917048759828877,19.076159,72.8779385,45.0
7.96,13.922683730862225,19.0761592,72.87793880000001,45.0
7.97,13.928312206946675,19.0761594,72.8779391,45.0
7.98,13.933934181909914,19.0761596,72.8779394,45.0
7.99,13.939549649586755,19.0761598,72.8779397,45.0
8.0,13.945158603819152,19.07616,72.87794000000001,45.0
8.01,13.9507610384562,19.0761602,72.8779403,45.0
8.02,13.956356947354138,19.0761604,72.8779406,45.0
8.03,13.96194632437637,19.0761606,72.8779409,45.0
8.040000000000001,13.967529163393458,19.0761608,72.87794120000001,45.0
8.05,13.97310545828313,19.076161,72.8779415,45.0
8.06,13.978675202930301,19.0761612,72.8779418,45.0
8.07,13.98423839122706,19.0761614,72.8779421,45.0
8.08,13.989795017072689,19.0761616,72.87794240000001,45.0
8.09,13.995345074373667,19.0761618,72.8779427,45.0
8.1,14.000888557043677,19.076162,72.877943,45.0
8.11,14.006425459003609,19.0761622,72.8779433,45.0
8.120000000000001,14.011955774181569,19.0761624,72.87794360000001,45.0
8.13,14.017479496512891,19.0761626,72.8779439,45.0
8.14,14.022996619940137,19.0761628,72.8779442,45.0
8.15,14.028507138413104,19.076163,72.8779445,45.0
8.16,14.03401104588883,19.0761632,72.87794480000001,45.0
8.17,14.03950833633161,19.076163400000002,72.8779451,45.0
8.18,14.044999003712988,19.0761636,72.8779454,45.0
8.19,14.050483042011775,19.0761638,72.8779457,45.0
8.2,14.055960445214051,19.076164000000002,72.87794600000001,45.0
8.21,14.061431207313172,19.0761642,72.8779463,45.0
8.22,14.066895322309776,19.0761644,72.8779466,45.0
8.23,14.072352784211787,19.076164600000002,72.8779469,45.0
8.24,14.077803587034438,19.0761648,72.87794720000001,45.0
8.25,14.083247724800248,19.076165,72.8779475,45.0
8.26,14.088685191539053,19.076165200000002,72.8779478,45.0
8.27,14.094115981288008,19.0761654,72.8779481,45.0
8.28,14.099540088091583,19.0761656,72.87794840000001,45.0
8.290000000000001,14.10495750600158,19.076165800000002,72.8779487,45.0
8.3,14.110368229077137,19.076166,72.877949,45.0
8.31,14.115772251384733,19.0761662,72.8779493,45.0
8.32,14.121169566998194,19.0761664,72.87794960000001,45.0
8.33,14.126560169998701,19.0761666,72.8779499,45.0
8.34,14.131944054474799,19.0761668,72.8779502,45.0
8.35,14.137321214522396,19.076167,72.87795050000001,45.0
8.36,14.14269164424478,19.0761672,72.87795080000001,45.0
8.370000000000001,14.148055337752613,19.0761674,72.8779511,45.0
8.38,14.153412289163949,19.0761676,72.8779514,45.0
8.39,14.158762492604234,19.0761678,72.87795170000001,45.0
8.4,14.164105942206314,19.076168,72.87795200000001,45.0
8.41,14.16944263211044,19.0761682,72.8779523,45.0
8.42,14.17477255646428,19.0761684,72.8779526,45.0
8.43,14.180095709422915,19.0761686,72.87795290000001,45.0
8.44,14.185412085148858,19.0761688,72.87795320000001,45.0
8.45,14.19072167781205,19.076169,72.8779535,45.0
8.46,14.19602448158987,19.0761692,72.8779538,45.0
8.47,14.201320490667147,19.0761694,72.87795410000001,45.0
8.48,14.206609699236154,19.0761696,72.87795440000001,45.0
8.49,14.211892101496629,19.0761698,72.8779547,45.0
8.5,14.217167691655767,19.07617,72.877955,45.0
8.51,14.222436463928238,19.0761702,72.87795530000001,45.0
8.52,14.227698412536187,19.0761704,72.8779556,45.0
8.53,14.232953531709242,19.0761706,72.8779559,45.0
8.540000000000001,14.238201815684523,19.0761708,72.8779562,45.0
8.55,14.243443258706638,19.076171000000002,72.87795650000001,45.0
8.56,14.248677855027704,19.0761712,72.8779568,45.0
8.57,14.253905598907348,19.0761714,72.8779571,45.0
8.58,14.259126484612704,19.076171600000002,72.8779574,45.0
8.59,14.264340506418431,19.0761718,72.87795770000001,45.0
8.6,14.269547658606719,19.076172,72.877958,45.0
8.61,14.27474793546728,19.076172200000002,72.8779583,45.0
8.620000000000001,14.27994133129738,19.0761724,72.8779586,45.0
8.63,14.285127840401817,19.0761726,72.87795890000001,45.0
8.64,14.29030745709295,19.076172800000002,72.8779592,45.0
8.65,14.295480175690699,19.076173,72.8779595,45.0
8.66,14.300645990522538,19.0761732,72.8779598,45.0
8.67,14.30580489592352,19.076173400000002,72.87796010000001,45.0
8.68,14.310956886236273,19.0761736,72.8779604,45.0
8.69,14.316101955811007,19.0761738,72.8779607,45.0
8.700000000000001,14.321240099005523,19.076174,72.877961,45.0
8.71,14.326371310185216,19.0761742,72.87796130000001,45.0
8.72,14.331495583723086,19.0761744,72.8779616,45.0
8.73,14.336612913999737,19.0761746,72.8779619,45.0
8.74,14.341723295403387,19.0761748,72.8779622,45.0
8.75,14.346826722329881,19.076175,72.87796250000001,45.0
8.76,14.351923189182681,19.0761752,72.8779628,45.0
8.77,14.35701269037289,19.0761754,72.8779631,45.0
8.78,14.362095220319244,19.0761756,72.8779634,45.0
8.790000000000001,14.367170773448127,19.0761758,72.87796370000001,45.0
8.8,14.37223934419357,19.076176,72.877964,45.0
8.81,14.377300926997266,19.0761762,72.8779643,45.0
8.82,14.382355516308568,19.0761764,72.8779646,45.0
8.83,14.3874031065845,19.0761766,72.87796490000001,45.0
8.84,14.392443692289756,19.0761768,72.8779652,45.0
8.85,14.397477267896724,19.076177,72.8779655,45.0
8.86,14.402503827885464,19.0761772,72.8779658,45.0
8.870000000000001,14.407523366743742,19.0761774,72.87796610000001,45.0
8.88,14.412535878967013,19.0761776,72.8779664,45.0
8.89,14.417541359058445,19.0761778,72.8779667,45.0
8.9,14.422539801528917,19.076178,72.877967,45.0
8.91,14.427531200897022,19.0761782,72.87796730000001,45.0
8.92,14.432515551689079,19.0761784,72.8779676,45.0
8.93,14.437492848439135,19.076178600000002,72.8779679,45.0
8.94,14.442463085688974,19.0761788,72.8779682,45.0
8.950000000000001,14.447426257988127,19.076179,72.87796850000001,45.0
8.96,14.45238235989386,19.076179200000002,72.8779688,45.0
8.97,14.457331385971202,19.0761794,72.8779691,45.0
8.98,14.46227333079294,19.0761796,72.8779694,45.0
8.99,14.467208188939626,19.076179800000002,72.87796970000001,45.0
9.0,14.47213595499958,19.07618,72.87797,45.0
9.01,14.477056623568902,19.0761802,72.8779703,45.0
9.02,14.481970189251482,19.076180400000002,72.8779706,45.0
9.03,14.486876646658988,19.0761806,72.87797090000001,45.0
9.040000000000001,14.491775990410886,19.0761808,72.8779712,45.0
9.05,14.496668215134449,19.076181000000002,72.8779715,45.0
9.06,14.50155331546475,19.0761812,72.8779718,45.0
9.07,14.50643128604468,19.0761814,72.87797210000001,45.0
9.08,14.511302121524945,19.0761816,72.8779724,45.0
9.09,14.516165816564076,19.0761818,72.8779727,45.0
9.1,14.521022365828433,19.076182,72.87797300000001,45.0
9.11,14.525871763992217,19.0761822,72.87797330000001,45.0
9.120000000000001,14.530714005737472,19.0761824,72.8779736,45.0
9.13,14.53554908575408,19.0761826,72.8779739,45.0
9.14,14.540376998739784,19.0761828,72.87797420000001,45.0
9.15,14.545197739400187,19.076183,72.87797450000001,45.0
9.16,14.550011302448755,19.0761832,72.8779748,45.0
9.17,14.554817682606828,19.0761834,72.8779751,45.0
9.18,14.55961687460362,19.0761836,72.87797540000001,45.0
9.19,14.564408873176225,19.0761838,72.87797570000001,45.0
9.200000000000001,14.569193673069634,19.076184,72.877976,45.0
9.21,14.573971269036722,19.0761842,72.8779763,45.0
9.22,14.578741655838275,19.0761844,72.87797660000001,45.0
9.23,14.583504828242974,19.0761846,72.87797690000001,45.0
9.24,14.588260781027419,19.0761848,72.8779772,45.0
9.25,14.593009508976126,19.076185,72.8779775,45.0
9.26,14.597751006881529,19.0761852,72.87797780000001,45.0
9.27,14.602485269543996,19.0761854,72.8779781,45.0
9.28,14.607212291771829,19.0761856,72.8779784,45.0
9.290000000000001,14.611932068381266,19.0761858,72.8779787,45.0
9.3,14.616644594196494,19.076186,72.87797900000001,45.0
9.31,14.621349864049652,19.076186200000002,72.8779793,45.0
9.32,14.626047872780834,19.0761864,72.8779796,45.0
9.33,14.630738615238094,19.0761866,72.8779799,45.0
9.34,14.635422086277465,19.076186800000002,72.87798020000001,45.0
9.35,14.640098280762938,19.076187,72.8779805,45.0
9.36,14.644767193566501,19.0761872,72.8779808,45.0
9.370000000000001,14.649428819568113,19.076187400000002,72.8779811,45.0
9.38,14.654083153655732,19.0761876,72.87798140000001,45.0
9.39,14.658730190725308,19.0761878,72.8779817,45.0
9.4,14.663369925680795,19.076188000000002,72.877982,45.0
9.41,14.668002353434158,19.0761882,72.8779823,45.0
9.42,14.672627468905368,19.0761884,72.87798260000001,45.0
9.43,14.677245267022423,19.076188600000002,72.8779829,45.0
9.44,14.68185574272134,19.0761888,72.8779832,45.0
9.450000000000001,14.686458890946163,19.076189,72.8779835,45.0
9.46,14.691054706648979,19.0761892,72.87798380000001,45.0
9.47,14.695643184789912,19.0761894,72.8779841,45.0
9.48,14.700224320337135,19.0761896,72.8779844,45.0
9.49,14.704798108266868,19.0761898,72.8779847,45.0
9.5,14.709364543563392,19.07619,72.87798500000001,45.0
9.51,14.713923621219053,19.0761902,72.8779853,45.0
9.52,14.718475336234263,19.0761904,72.8779856,45.0
9.53,14.723019683617508,19.0761906,72.8779859,45.0
9.540000000000001,14.727556658385353,19.0761908,72.87798620000001,45.0
9.55,14.73208625556245,19.076191,72.8779865,45.0
9.56,14.736608470181539,19.0761912,72.8779868,45.0
9.57,14.741123297283458,19.0761914,72.8779871,45.0
9.58,14.745630731917146,19.0761916,72.87798740000001,45.0
9.59,14.750130769139648,19.0761918,72.8779877,45.0
9.6,14.75462340401612,19.076192,72.877988,45.0
9.61,14.759108631619839,19.0761922,72.8779883,45.0
9.620000000000001,14.763586447032203,19.0761924,72.87798860000001,45.0
9.63,14.768056845342738,19.0761926,72.8779889,45.0
9.64,14.772519821649102,19.0761928,72.8779892,45.0
9.65,14.776975371057098,19.076193,72.8779895,45.0
9.66,14.781423488680666,19.0761932,72.87798980000001,45.0
9.67,14.785864169641902,19.0761934,72.8779901,45.0
9.68,14.790297409071055,19.0761936,72.8779904,45.0
9.69,14.794723202106532,19.076193800000002,72.8779907,45.0
9.700000000000001,14.799141543894912,19.076194,72.87799100000001,45.0
9.71,14.803552429590937,19.0761942,72.8779913,45.0
9.72,14.807955854357534,19.076194400000002,72.8779916,45.0
9.73,14.812351813365808,19.0761946,72.8779919,45.0
9.74,14.816740301795047,19.0761948,72.87799220000001,45.0
9.75,14.821121314832737,19.076195000000002,72.8779925,45.0
9.76,14.825494847674562,19.0761952,72.8779928,45.0
9.77,14.829860895524405,19.0761954,72.8779931,45.0
9.78,14.834219453594361,19.076195600000002,72.87799340000001,45.0
9.790000000000001,14.838570517104735,19.0761958,72.8779937,45.0
9.8,14.842914081284054,19.076196,72.877994,45.0
9.81,14.847250141369063,19.076196200000002,72.8779943,45.0
9.82,14.851578692604747,19.0761964,72.87799460000001,45.0
9.83,14.855899730244314,19.0761966,72.8779949,45.0
9.84,14.860213249549219,19.0761968,72.8779952,45.0
9.85,14.864519245789158,19.076197,72.8779955,45.0
9.86,14.868817714242075,19.0761972,72.87799580000001,45.0
9.870000000000001,14.87310865019418,19.0761974,72.8779961,45.0
9.88,14.877392048939928,19.0761976,72.8779964,45.0
9.89,14.881667905782052,19.0761978,72.87799670000001,45.0
9.9,14.88593621603155,19.076198,72.87799700000001,45.0
9.91,14.890196975007694,19.0761982,72.8779973,45.0
9.92,14.89445017803804,19.0761984,72.8779976,45.0
9.93,14.898695820458432,19.0761986,72.87799790000001,45.0
9.94,14.902933897613,19.0761988,72.87799820000001,45.0
9.950000000000001,14.907164404854173,19.076199,72.8779985,45.0
9.96,14.911387337542683,19.0761992,72.8779988,45.0
9.97,14.915602691047564,19.0761994,72.87799910000001,45.0
9.98,14.919810460746167,19.0761996,72.87799940000001,45.0
9.99,14.924010642024152,19.0761998,72.8779997,45.0
10.0,14.928203230275509,19.0762,72.878,45.0
10.01,14.93238822090255,19.0762002,72.87800030000001,45.0
10.02,14.93656560931592,19.0762004,72.87800060000001,45.0
10.03,14.9407353909346,19.0762006,72.8780009,45.0
10.040000000000001,14.944897561185915,19.0762008,72.8780012,45.0
10.05,14.94905211550553,19.076201,72.87800150000001,45.0
10.06,14.95319904933747,19.0762012,72.8780018,45.0
10.07,14.957338358134116,19.076201400000002,72.8780021,45.0
10.08,14.961470037356204,19.0762016,72.8780024,45.0
10.09,14.965594082472844,19.0762018,72.87800270000001,45.0
10.1,14.969710488961514,19.076202000000002,72.878003,45.0
10.11,14.973819252308072,19.0762022,72.8780033,45.0
10.120000000000001,14.97792036800675,19.0762024,72.8780036,45.0
10.13,14.982013831560174,19.076202600000002,72.87800390000001,45.0
10.14,14.986099638479361,19.0762028,72.8780042,45.0
10.15,14.990177784283722,19.076203,72.8780045,45.0
10.16,14.994248264501069,19.076203200000002,72.8780048,45.0
10.17,14.998311074667622,19.0762034,72.87800510000001,45.0
10.18,15.002366210328013,19.0762036,72.8780054,45.0
10.19,15.006413667035286,19.076203800000002,72.8780057,45.0
10.200000000000001,15.01045344035091,19.076204,72.878006,45.0
10.21,15.014485525844776,19.0762042,72.87800630000001,45.0
10.22,15.018509919095212,19.0762044,72.8780066,45.0
10.23,15.022526615688975,19.0762046,72.8780069,45.0
10.24,15.026535611221263,19.0762048,72.8780072,45.0
10.25,15.030536901295722,19.076205,72.87800750000001,45.0
10.26,15.034530481524449,19.0762052,72.8780078,45.0
10.27,15.038516347527992,19.0762054,72.8780081,45.0
10.28,15.042494494935362,19.0762056,72.8780084,45.0
10.290000000000001,15.046464919384029,19.0762058,72.87800870000001,45.0
10.3,15.050427616519938,19.076206,72.878009,45.0
10.31,15.054382581997505,19.0762062,72.8780093,45.0
10.32,15.058329811479627,19.0762064,72.8780096,45.0
10.33,15.06226930063768,19.0762066,72.87800990000001,45.0
10.34,15.066201045151534,19.0762068,72.8780102,45.0
10.35,15.070125040709547,19.076207,72.8780105,45.0
10.36,15.07404128300858,19.0762072,72.8780108,45.0
10.370000000000001,15.077949767753989,19.0762074,72.87801110000001,45.0
10.38,15.081850490659642,19.0762076,72.8780114,45.0
10.39,15.08574344744792,19.0762078,72.8780117,45.0
10.4,15.089628633849717,19.076208,72.878012,45.0
10.41,15.093506045604453,19.0762082,72.87801230000001,45.0
10.42,15.097375678460065,19.076208400000002,72.8780126,45.0
10.43,15.10123752817303,19.0762086,72.8780129,45.0
10.44,15.105091590508355,19.0762088,72.8780132,45.0
10.450000000000001,15.10893786123959,19.076209000000002,72.87801350000001,45.0
10.46,15.112776336148826,19.0762092,72.8780138,45.0
10.47,15.116607011026705,19.0762094,72.8780141,45.0
10.48,15.120429881672418,19.076209600000002,72.8780144,45.0
10.49,15.124244943893729,19.0762098,72.87801470000001,45.0
10.5,15.128052193506942,19.07621,72.878015,45.0
10.51,15.13185162633695,19.076210200000002,72.8780153,45.0
10.52,15.135643238217206,19.0762104,72.8780156,45.0
10.53,15.139427024989743,19.0762106,72.87801590000001,45.0
10.540000000000001,15.143202982505175,19.076210800000002,72.8780162,45.0
10.55,15.1469711066227,19.076211,72.8780165,45.0
10.56,15.15073139321011,19.0762112,72.8780168,45.0
10.57,15.15448383814379,19.076211400000002,72.87801710000001,45.0
10.58,15.15822843730872,19.0762116,72.8780174,45.0
10.59,15.161965186598493,19.0762118,72.8780177,45.0
10.6,15.165694081915301,19.076212,72.878018,45.0
10.61,15.169415119169958,19.0762122,72.87801830000001,45.0
10.620000000000001,15.173128294281886,19.0762124,72.8780186,45.0
10.63,15.176833603179137,19.0762126,72.8780189,45.0
10.64,15.180531041798382,19.0762128,72.87801920000001,45.0
10.65,15.184220606084924,19.076213,72.87801950000001,45.0
10.66,15.18790229199271,19.0762132,72.8780198,45.0
10.67,15.191576095484317,19.0762134,72.8780201,45.0
10.68,15.195242012530969,19.0762136,72.87802040000001,45.0
10.69,15.198900039112537,19.0762138,72.87802070000001,45.0
10.700000000000001,15.202550171217549,19.076214,72.878021,45.0
10.71,15.206192404843184,19.0762142,72.8780213,45.0
10.72,15.209826735995291,19.0762144,72.87802160000001,45.0
10.73,15.213453160688378,19.0762146,72.87802190000001,45.0
10.74,15.217071674945622,19.0762148,72.8780222,45.0
10.75,15.220682274798884,19.076215,72.8780225,45.0
10.76,15.224284956288699,19.0762152,72.87802280000001,45.0
10.77,15.227879715464278,19.0762154,72.87802310000001,45.0
10.78,15.231466548383533,19.0762156,72.8780234,45.0
10.790000000000001,15.235045451113063,19.0762158,72.8780237,45.0
10.8,15.238616419728157,19.076216000000002,72.87802400000001,45.0
10.81,15.242179450312811,19.0762162,72.8780243,45.0
10.82,15.24573453895973,19.0762164,72.8780246,45.0
10.83,15.249281681770318,19.076216600000002,72.8780249,45.0
10.84,15.252820874854702,19.0762168,72.87802520000001,45.0
10.85,15.256352114331719,19.076217,72.8780255,45.0
10.86,15.259875396328935,19.076217200000002,72.8780258,45.0
10.870000000000001,15.263390716982638,19.0762174,72.8780261,45.0
10.88,15.266898072437849,19.0762176,72.87802640000001,45.0
10.89,15.27039745884832,19.076217800000002,72.8780267,45.0
10.9,15.27388887237655,19.076218,72.878027,45.0
10.91,15.277372309193769,19.0762182,72.8780273,45.0
10.92,15.280847765479965,19.076218400000002,72.87802760000001,45.0
10.93,15.284315237423876,19.0762186,72.8780279,45.0
10.94,15.287774721222991,19.0762188,72.8780282,45.0
10.950000000000001,15.291226213083561,19.076219000000002,72.8780285,45.0
10.96,15.294669709220607,19.0762192,72.87802880000001,45.0
10.97,15.298105205857908,19.0762194,72.8780291,45.0
10.98,15.301532699228023,19.0762196,72.8780294,45.0
10.99,15.304952185572285,19.0762198,72.8780297,45.0
11.0,15.308363661140806,19.07622,72.87803000000001,45.0
11.01,15.311767122192489,19.0762202,72.8780303,45.0
11.02,15.315162564995019,19.0762204,72.8780306,45.0
11.03,15.318549985824877,19.0762206,72.8780309,45.0
11.040000000000001,15.32192938096734,19.0762208,72.87803120000001,45.0
11.05,15.32530074671649,19.076221,72.8780315,45.0
11.06,15.328664079375205,19.0762212,72.8780318,45.0
11.07,15.332019375255184,19.0762214,72.8780321,45.0
11.08,15.33536663067693,19.0762216,72.87803240000001,45.0
11.09,15.33870584196977,19.0762218,72.8780327,45.0
11.1,15.342037005471848,19.076222,72.878033,45.0
11.11,15.345360117530136,19.0762222,72.8780333,45.0
11.120000000000001,15.348675174500432,19.0762224,72.87803360000001,45.0
11.13,15.35198217274737,19.0762226,72.8780339,45.0
11.14,15.355281108644423,19.0762228,72.8780342,45.0
11.15,15.3585719785739,19.076223,72.8780345,45.0
11.16,15.361854778926961,19.0762232,72.87803480000001,45.0
11.17,15.365129506103614,19.0762234,72.8780351,45.0
11.18,15.368396156512716,19.076223600000002,72.8780354,45.0
11.19,15.371654726571986,19.0762238,72.8780357,45.0
11.200000000000001,15.374905212708004,19.076224,72.87803600000001,45.0
11.21,15.37814761135621,19.076224200000002,72.8780363,45.0
11.22,15.381381918960919,19.0762244,72.8780366,45.0
11.23,15.384608131975314,19.0762246,72.8780369,45.0
11.24,15.387826246861458,19.076224800000002,72.87803720000001,45.0
11.25,15.391036260090294,19.076225,72.8780375,45.0
11.26,15.394238168141648,19.0762252,72.8780378,45.0
11.27,15.397431967504236,19.076225400000002,72.8780381,45.0
11.28,15.400617654675663,19.0762256,72.87803840000001,45.0
11.290000000000001,15.403795226162437,19.0762258,72.8780387,45.0
11.3,15.406964678479959,19.076226000000002,72.878039,45.0
11.31,15.410126008152533,19.0762262,72.8780393,45.0
11.32,15.413279211713377,19.0762264,72.87803960000001,45.0
11.33,15.416424285704615,19.076226600000002,72.8780399,45.0
11.34,15.419561226677292,19.0762268,72.8780402,45.0
11.35,15.422690031191358,19.076227,72.8780405,45.0
11.36,15.425810695815706,19.0762272,72.87804080000001,45.0
11.370000000000001,15.428923217128139,19.0762274,72.8780411,45.0
11.38,15.432027591715396,19.0762276,72.8780414,45.0
11.39,15.43512381617315,19.0762278,72.87804170000001,45.0
11.4,15.43821188710601,19.076228,72.87804200000001,45.0
11.41,15.44129180112753,19.0762282,72.8780423,45.0
11.42,15.444363554860209,19.0762284,72.8780426,45.0
11.43,15.447427144935485,19.0762286,72.87804290000001,45.0
11.44,15.450482567993761,19.0762288,72.87804320000001,45.0
11.450000000000001,15.453529820684391,19.076229,72.8780435,45.0
11.46,15.456568899665688,19.0762292,72.8780438,45.0
11.47,15.459599801604927,19.0762294,72.87804410000001,45.0
11.48,15.462622523178357,19.0762296,72.87804440000001,45.0
11.49,15.465637061071188,19.0762298,72.8780447,45.0
11.5,15.468643411977613,19.07623,72.878045,45.0
11.51,15.4716415726008,19.0762302,72.87804530000001,45.0
11.52,15.474631539652897,19.0762304,72.87804560000001,45.0
11.53,15.477613309855037,19.0762306,72.8780459,45.0
11.540000000000001,15.480586879937345,19.0762308,72.8780462,45.0
11.55,15.483552246638938,19.076231,72.87804650000001,45.0
11.56,15.486509406707928,19.076231200000002,72.8780468,45.0
11.57,15.489458356901423,19.0762314,72.8780471,45.0
11.58,15.492399093985538,19.0762316,72.8780474,45.0
11.59,15.495331614735399,19.076231800000002,72.87804770000001,45.0
11.6,15.498255915935133,19.076232,72.878048,45.0
11.61,15.501171994377884,19.0762322,72.8780483,45.0
11.620000000000001,15.504079846865821,19.076232400000002,72.8780486,45.0
11.63,15.506979470210121,19.0762326,72.87804890000001,45.0
11.64,15.509870861230993,19.0762328,72.8780492,45.0
11.65,15.512754016757672,19.076233000000002,72.8780495,45.0
11.66,15.515628933628427,19.0762332,72.8780498,45.0
11.67,15.518495608690557,19.0762334,72.87805010000001,45.0
11.68,15.521354038800402,19.076233600000002,72.8780504,45.0
11.69,15.524204220823343,19.0762338,72.8780507,45.0
11.700000000000001,15.527046151633805,19.076234,72.878051,45.0
11.71,15.529879828115263,19.076234200000002,72.87805130000001,45.0
11.72,15.53270524716024,19.0762344,72.8780516,45.0
11.73,15.535522405670324,19.0762346,72.8780519,45.0
11.74,15.538331300556152,19.0762348,72.8780522,45.0
11.75,15.541131928737428,19.076235,72.87805250000001,45.0
11.76,15.543924287142914,19.0762352,72.8780528,45.0
11.77,15.546708372710455,19.0762354,72.8780531,45.0
11.78,15.549484182386955,19.0762356,72.8780534,45.0
11.790000000000001,15.552251713128399,19.0762358,72.87805370000001,45.0
11.8,15.55501096189985,19.076236,72.878054,45.0
11.81,15.55776192567545,19.0762362,72.8780543,45.0
11.82,15.560504601438438,19.0762364,72.8780546,45.0
11.83,15.56323898618113,19.0762366,72.87805490000001,45.0
11.84,15.565965076904934,19.0762368,72.8780552,45.0
11.85,15.568682870620362,19.076237,72.8780555,45.0
11.86,15.57139236434702,19.0762372,72.8780558,45.0
11.870000000000001,15.574093555113611,19.0762374,72.87805610000001,45.0
11.88,15.576786439957955,19.0762376,72.8780564,45.0
11.89,15.579471015926968,19.0762378,72.8780567,45.0
11.9,15.582147280076686,19.076238,72.878057,45.0
11.91,15.584815229472255,19.0762382,72.87805730000001,45.0
11.92,15.587474861187946,19.0762384,72.8780576,45.0
11.93,15.59012617230714,19.0762386,72.8780579,45.0
11.94,15.592769159922357,19.076238800000002,72.8780582,45.0
11.950000000000001,15.595403821135232,19.076239,72.87805850000001,45.0
11.96,15.598030153056534,19.0762392,72.8780588,45.0
11.97,15.600648152806173,19.076239400000002,72.8780591,45.0
11.98,15.60325781751319,19.0762396,72.8780594,45.0
11.99,15.605859144315765,19.0762398,72.87805970000001,45.0
12.0,15.60845213036123,19.076240000000002,72.87806,45.0
12.01,15.611036772806049,19.0762402,72.8780603,45.0
12.02,15.613613068815852,19.0762404,72.8780606,45.0
12.030000000000001,15.616181015565413,19.076240600000002,72.87806090000001,45.0
12.040000000000001,15.618740610238662,19.0762408,72.8780612,45.0
12.05,15.62129185002869,19.076241,72.8780615,45.0
12.06,15.623834732137752,19.076241200000002,72.8780618,45.0
12.07,15.626369253777261,19.0762414,72.87806210000001,45.0
12.08,15.628895412167807,19.0762416,72.8780624,45.0
12.09,15.631413204539149,19.076241800000002,72.8780627,45.0
12.1,15.633922628130215,19.076242,72.878063,45.0
12.11,15.636423680189116,19.0762422,72.87806330000001,45.0
12.120000000000001,15.638916357973144,19.0762424,72.8780636,45.0
12.13,15.641400658748768,19.0762426,72.8780639,45.0
12.14,15.643876579791652,19.0762428,72.87806420000001,45.0
12.15,15.64634411838664,19.076243,72.87806450000001,45.0
12.16,15.648803271827777,19.0762432,72.8780648,45.0
12.17,15.651254037418301,19.0762434,72.8780651,45.0
12.18,15.653696412470644,19.0762436,72.87806540000001,45.0
12.19,15.656130394306443,19.0762438,72.87806570000001,45.0
12.200000000000001,15.658555980256537,19.076244,72.878066,45.0
12.21,15.660973167660977,19.0762442,72.8780663,45.0
12.22,15.66338195386902,19.0762444,72.87806660000001,45.0
12.23,15.665782336239133,19.0762446,72.87806690000001,45.0
12.24,15.668174312139007,19.0762448,72.8780672,45.0
12.25,15.670557878945544,19.076245,72.8780675,45.0
12.26,15.672933034044872,19.0762452,72.87806780000001,45.0
12.27,15.675299774832343,19.0762454,72.87806810000001,45.0
12.280000000000001,15.677658098712534,19.0762456,72.8780684,45.0
12.290000000000001,15.680008003099253,19.0762458,72.8780687,45.0
12.3,15.682349485415546,19.076246,72.87806900000001,45.0
12.31,15.684682543093684,19.0762462,72.8780693,45.0
12.32,15.68700717357519,19.076246400000002,72.8780696,45.0
12.33,15.689323374310815,19.0762466,72.8780699,45.0
12.34,15.691631142760567,19.0762468,72.87807020000001,45.0
12.35,15.69393047639369,19.076247000000002,72.8780705,45.0
12.36,15.696221372688687,19.0762472,72.8780708,45.0
12.370000000000001,15.698503829133307,19.0762474,72.8780711,45.0
12.38,15.700777843224557,19.076247600000002,72.87807140000001,45.0
12.39,15.7030434124687,19.0762478,72.8780717,45.0
12.4,15.705300534381266,19.076248,72.878072,45.0
12.41,15.70754920648704,19.076248200000002,72.8780723,45.0
12.42,15.709789426320079,19.0762484,72.87807260000001,45.0
12.43,15.712021191423705,19.0762486,72.8780729,45.0
12.44,15.714244499350517,19.076248800000002,72.8780732,45.0
12.450000000000001,15.716459347662385,19.076249,72.8780735,45.0
12.46,15.718665733930454,19.0762492,72.87807380000001,45.0
12.47,15.720863655735155,19.076249400000002,72.8780741,45.0
12.48,15.723053110666191,19.0762496,72.8780744,45.0
12.49,15.725234096322561,19.0762498,72.8780747,45.0
12.5,15.727406610312546,19.07625,72.87807500000001,45.0
12.51,15.729570650253716,19.0762502,72.8780753,45.0
12.52,15.73172621377294,19.0762504,72.8780756,45.0
12.530000000000001,15.733873298506376,19.0762506,72.8780759,45.0
12.540000000000001,15.73601190209948,19.0762508,72.87807620000001,45.0
12.55,15.738142022207015,19.076251,72.8780765,45.0
12.56,15.74026365649304,19.0762512,72.8780768,45.0
12.57,15.742376802630924,19.0762514,72.8780771,45.0
12.58,15.744481458303344,19.0762516,72.87807740000001,45.0
12.59,15.746577621202285,19.0762518,72.8780777,45.0
12.6,15.748665289029049,19.076252,72.878078,45.0
12.61,15.750744459494252,19.0762522,72.8780783,45.0
12.620000000000001,15.752815130317828,19.0762524,72.87807860000001,45.0
12.63,15.754877299229033,19.0762526,72.8780789,45.0
12.64,15.756930963966447,19.0762528,72.8780792,45.0
12.65,15.758976122277975,19.076253,72.8780795,45.0
12.66,15.761012771920846,19.0762532,72.87807980000001,45.0
12.67,15.76304091066163,19.0762534,72.8780801,45.0
12.68,15.765060536276218,19.0762536,72.8780804,45.0
12.69,15.767071646549848,19.0762538,72.8780807,45.0
12.700000000000001,15.769074239277089,19.076254000000002,72.87808100000001,45.0
12.71,15.771068312261852,19.0762542,72.8780813,45.0
12.72,15.77305386331739,19.0762544,72.8780816,45.0
12.73,15.775030890266308,19.076254600000002,72.8780819,45.0
12.74,15.77699939094055,19.0762548,72.87808220000001,45.0
12.75,15.778959363181412,19.076255,72.8780825,45.0
12.76,15.780910804839548,19.076255200000002,72.8780828,45.0
12.77,15.78285371377496,19.0762554,72.8780831,45.0
12.780000000000001,15.784788087857013,19.0762556,72.87808340000001,45.0
12.790000000000001,15.786713924964426,19.076255800000002,72.8780837,45.0
12.8,15.78863122298528,19.076256,72.878084,45.0
12.81,15.79053997981703,19.0762562,72.8780843,45.0
12.82,15.792440193366486,19.076256400000002,72.87808460000001,45.0
12.83,15.79433186154983,19.0762566,72.8780849,45.0
12.84,15.796214982292618,19.0762568,72.8780852,45.0
12.85,15.798089553529774,19.076257000000002,72.8780855,45.0
12.86,15.799955573205605,19.0762572,72.87808580000001,45.0
12.870000000000001,15.801813039273787,19.0762574,72.8780861,45.0
12.88,15.803661949697386,19.0762576,72.8780864,45.0
12.89,15.80550230244884,19.0762578,72.87808670000001,45.0
12.9,15.80733409550998,19.076258,72.87808700000001,45.0
12.91,15.809157326872018,19.0762582,72.8780873,45.0
12.92,15.81097199453556,19.0762584,72.8780876,45.0
12.93,15.812778096510597,19.0762586,72.87808790000001,45.0
12.94,15.814575630816519,19.0762588,72.87808820000001,45.0
12.950000000000001,15.81636459548211,19.076259,72.8780885,45.0
12.96,15.818144988545548,19.0762592,72.8780888,45.0
12.97,15.819916808054415,19.0762594,72.87808910000001,45.0
12.98,15.821680052065695,19.0762596,72.87808940000001,45.0
12.99,15.823434718645775,19.0762598,72.8780897,45.0
13.0,15.825180805870446,19.07626,72.87809,45.0
13.01,15.826918311824908,19.0762602,72.87809030000001,45.0
13.02,15.828647234603777,19.0762604,72.87809060000001,45.0
13.030000000000001,15.830367572311074,19.0762606,72.8780909,45.0
13.040000000000001,15.832079323060238,19.0762608,72.8780912,45.0
13.05,15.833782484974126,19.076261,72.87809150000001,45.0
13.06,15.835477056185011,19.0762612,72.8780918,45.0
13.07,15.837163034834589,19.0762614,72.8780921,45.0
13.08,15.838840419073975,19.076261600000002,72.8780924,45.0
13.09,15.840509207063715,19.0762618,72.87809270000001,45.0
13.1,15.842169396973775,19.076262,72.878093,45.0
13.11,15.843820986983555,19.076262200000002,72.8780933,45.0
13.120000000000001,15.845463975281884,19.0762624,72.8780936,45.0
13.13,15.847098360067026,19.0762626,72.87809390000001,45.0
13.14,15.848724139546672,19.076262800000002,72.8780942,45.0
13.15,15.85034131193796,19.076263,72.8780945,45.0
13.16,15.851949875467463,19.0762632,72.8780948,45.0
13.17,15.853549828371191,19.076263400000002,72.87809510000001,45.0
13.18,15.855141168894601,19.0762636,72.8780954,45.0
13.19,15.85672389529259,19.0762638,72.8780957,45.0
13.200000000000001,15.858298005829509,19.076264000000002,72.878096,45.0
13.21,15.859863498779152,19.0762642,72.87809630000001,45.0
13.22,15.86142037242476,19.0762644,72.8780966,45.0
13.23,15.862968625059034,19.076264600000002,72.8780969,45.0
13.24,15.864508254984123,19.0762648,72.8780972,45.0
13.25,15.866039260511638,19.076265,72.87809750000001,45.0
13.26,15.867561639962638,19.0762652,72.8780978,45.0
13.27,15.86907539166765,19.0762654,72.8780981,45.0
13.280000000000001,15.870580513966662,19.0762656,72.8780984,45.0
13.290000000000001,15.872077005209118,19.0762658,72.87809870000001,45.0
13.3,15.873564863753934,19.076266,72.878099,45.0
13.31,15.875044087969494,19.0762662,72.8780993,45.0
13.32,15.876514676233644,19.0762664,72.8780996,45.0
13.33,15.877976626933702,19.0762666,72.87809990000001,45.0
13.34,15.879429938466462,19.0762668,72.8781002,45.0
13.35,15.880874609238191,19.076267,72.8781005,45.0
13.36,15.882310637664627,19.0762672,72.8781008,45.0
13.370000000000001,15.883738022170995,19.0762674,72.87810110000001,45.0
13.38,15.885156761191984,19.0762676,72.8781014,45.0
13.39,15.886566853171779,19.0762678,72.8781017,45.0
13.4,15.88796829656404,19.076268,72.878102,45.0
13.41,15.889361089831912,19.0762682,72.87810230000001,45.0
13.42,15.890745231448024,19.0762684,72.8781026,45.0
13.43,15.8921207198945,19.0762686,72.8781029,45.0
13.44,15.893487553662943,19.0762688,72.8781032,45.0
13.450000000000001,15.894845731254458,19.076269,72.87810350000001,45.0
13.46,15.896195251179634,19.076269200000002,72.8781038,45.0
13.47,15.897536111958553,19.0762694,72.8781041,45.0
13.48,15.898868312120804,19.0762696,72.8781044,45.0
13.49,15.90019185020546,19.076269800000002,72.87810470000001,45.0
13.5,15.901506724761102,19.07627,72.878105,45.0
13.51,15.902812934345809,19.0762702,72.8781053,45.0
13.52,15.904110477527162,19.076270400000002,72.8781056,45.0
13.530000000000001,15.905399352882245,19.0762706,72.87810590000001,45.0
13.540000000000001,15.906679558997649,19.0762708,72.8781062,45.0
13.55,15.907951094469468,19.076271000000002,72.8781065,45.0
13.56,15.909213957903312,19.0762712,72.8781068,45.0
13.57,15.910468147914294,19.0762714,72.87810710000001,45.0
13.58,15.911713663127042,19.076271600000002,72.8781074,45.0
13.59,15.912950502175693,19.0762718,72.8781077,45.0
13.6,15.914178663703908,19.076272,72.878108,45.0
13.61,15.915398146364847,19.076272200000002,72.87810830000001,45.0
13.620000000000001,15.916608948821207,19.0762724,72.8781086,45.0
13.63,15.917811069745191,19.0762726,72.8781089,45.0
13.64,15.919004507818526,19.0762728,72.87810920000001,45.0
13.65,15.92018926173246,19.076273,72.87810950000001,45.0
13.66,15.921365330187768,19.0762732,72.8781098,45.0
13.67,15.922532711894743,19.0762734,72.8781101,45.0
13.68,15.923691405573209,19.0762736,72.87811040000001,45.0
13.69,15.924841409952519,19.0762738,72.87811070000001,45.0
13.700000000000001,15.925982723771549,19.076274,72.878111,45.0
13.71,15.92711534577871,19.0762742,72.8781113,45.0
13.72,15.928239274731942,19.0762744,72.87811160000001,45.0
13.73,15.92935450939872,19.0762746,72.87811190000001,45.0
13.74,15.930461048556053,19.0762748,72.8781122,45.0
13.75,15.931558890990484,19.076275,72.8781125,45.0
13.76,15.932648035498094,19.0762752,72.87811280000001,45.0
13.77,15.933728480884504,19.0762754,72.87811310000001,45.0
13.780000000000001,15.934800225964871,19.0762756,72.8781134,45.0
13.790000000000001,15.935863269563896,19.0762758,72.8781137,45.0
13.8,15.936917610515824,19.076276,72.87811400000001,45.0
13.81,15.937963247664435,19.0762762,72.87811430000001,45.0
13.82,15.939000179863065,19.0762764,72.8781146,45.0
13.83,15.94002840597459,19.0762766,72.8781149,45.0
13.84,15.941047924871432,19.076276800000002,72.87811520000001,45.0
13.85,15.942058735435564,19.076277,72.8781155,45.0
13.86,15.943060836558509,19.0762772,72.8781158,45.0
13.870000000000001,15.94405422714134,19.076277400000002,72.8781161,45.0
13.88,15.945038906094682,19.0762776,72.87811640000001,45.0
13.89,15.946014872338715,19.0762778,72.8781167,45.0
13.9,15.94698212480317,19.076278000000002,72.878117,45.0
13.91,15.947940662427339,19.0762782,72.8781173,45.0
13.92,15.948890484160067,19.0762784,72.87811760000001,45.0
13.93,15.949831588959757,19.076278600000002,72.8781179,45.0
13.94,15.950763975794374,19.0762788,72.8781182,45.0
13.950000000000001,15.951687643641439,19.076279,72.8781185,45.0
13.96,15.952602591488038,19.076279200000002,72.87811880000001,45.0
13.97,15.953508818330818,19.0762794,72.8781191,45.0
13.98,15.954406323175991,19.0762796,72.8781194,45.0
13.99,15.955295105039333,19.076279800000002,72.8781197,45.0
14.0,15.956175162946186,19.07628,72.87812000000001,45.0
14.01,15.957046495931458,19.0762802,72.8781203,45.0
14.02,15.957909103039626,19.0762804,72.8781206,45.0
14.030000000000001,15.958762983324736,19.0762806,72.8781209,45.0
14.040000000000001,15.959608135850402,19.0762808,72.87812120000001,45.0
14.05,15.96044455968981,19.076281,72.8781215,45.0
14.06,15.96127225392572,19.0762812,72.8781218,45.0
14.07,15.962091217650467,19.0762814,72.8781221,45.0
14.08,15.962901449965951,19.0762816,72.87812240000001,45.0
14.09,15.963702949983656,19.0762818,72.8781227,45.0
14.1,15.96449571682464,19.076282,72.878123,45.0
14.11,15.965279749619533,19.0762822,72.8781233,45.0
14.120000000000001,15.966055047508554,19.0762824,72.87812360000001,45.0
14.13,15.966821609641485,19.0762826,72.8781239,45.0
14.14,15.967579435177703,19.0762828,72.8781242,45.0
14.15,15.968328523286157,19.076283,72.8781245,45.0
14.16,15.96906887314538,19.0762832,72.87812480000001,45.0
14.17,15.969800483943487,19.0762834,72.8781251,45.0
14.18,15.97052335487818,19.0762836,72.8781254,45.0
14.19,15.971237485156738,19.0762838,72.8781257,45.0
14.200000000000001,15.971942873996035,19.076284,72.87812600000001,45.0
14.21,15.972639520622522,19.0762842,72.8781263,45.0
14.22,15.973327424272238,19.076284400000002,72.8781266,45.0
14.23,15.974006584190818,19.0762846,72.8781269,45.0
14.24,15.974676999633477,19.0762848,72.87812720000001,45.0
14.25,15.975338669865025,19.076285000000002,72.8781275,45.0
14.26,15.975991594159854,19.0762852,72.8781278,45.0
14.27,15.976635771801956,19.0762854,72.8781281,45.0
14.280000000000001,15.97727120208491,19.076285600000002,72.87812840000001,45.0
14.290000000000001,15.977897884311894,19.0762858,72.8781287,45.0
14.3,15.978515817795664,19.076286,72.878129,45.0
14.31,15.97912500185859,19.076286200000002,72.8781293,45.0
14.32,15.97972543583262,19.0762864,72.87812960000001,45.0
14.33,15.98031711905931,19.0762866,72.8781299,45.0
14.34,15.980900050889801,19.076286800000002,72.8781302,45.0
14.35,15.981474230684842,19.076287,72.8781305,45.0
14.36,15.982039657814772,19.0762872,72.87813080000001,45.0
14.370000000000001,15.982596331659533,19.076287400000002,72.8781311,45.0
14.38,15.983144251608659,19.0762876,72.8781314,45.0
14.39,15.983683417061293,19.0762878,72.8781317,45.0
14.4,15.984213827426172,19.076288,72.87813200000001,45.0
14.41,15.984735482121637,19.0762882,72.8781323,45.0
14.42,15.98524838057563,19.0762884,72.8781326,45.0
14.43,15.985752522225695,19.0762886,72.87813290000001,45.0
14.44,15.986247906518976,19.0762888,72.87813320000001,45.0
14.450000000000001,15.986734532912227,19.076289,72.8781335,45.0
14.46,15.987212400871801,19.0762892,72.8781338,45.0
14.47,15.987681509873656,19.0762894,72.87813410000001,45.0
14.48,15.98814185940336,19.0762896,72.87813440000001,45.0
14.49,15.988593448956077,19.0762898,72.8781347,45.0
14.5,15.98903627803659,19.07629,72.878135,45.0
14.51,15.989470346159282,19.0762902,72.87813530000001,45.0
14.52,15.98989565284814,19.0762904,72.87813560000001,45.0
14.530000000000001,15.990312197636765,19.0762906,72.8781359,45.0
14.540000000000001,15.990719980068366,19.0762908,72.8781362,45.0
14.55,15.991118999695761,19.076291,72.87813650000001,45.0
14.56,15.99150925608137,19.0762912,72.87813680000001,45.0
14.57,15.991890748797234,19.0762914,72.8781371,45.0
14.58,15.992263477424999,19.0762916,72.8781374,45.0
14.59,15.99262744155592,19.0762918,72.87813770000001,45.0
14.6,15.992982640790867,19.076292000000002,72.878138,45.0
14.61,15.99332907474032,19.0762922,72.8781383,45.0
14.620000000000001,15.993666743024374,19.0762924,72.8781386,45.0
14.63,15.993995645272733,19.076292600000002,72.87813890000001,45.0
14.64,15.994315781124714,19.0762928,72.8781392,45.0
14.65,15.994627150229249,19.076293,72.8781395,45.0
14.66,15.994929752244886,19.076293200000002,72.8781398,45.0
14.67,15.995223586839783,19.0762934,72.87814010000001,45.0
14.68,15.995508653691715,19.0762936,72.8781404,45.0
14.69,15.99578495248807,19.076293800000002,72.8781407,45.0
14.700000000000001,15.996052482925853,19.076294,72.878141,45.0
14.71,15.996311244711684,19.0762942,72.87814130000001,45.0
14.72,15.9965612375618,19.076294400000002,72.8781416,45.0
14.73,15.996802461202051,19.0762946,72.8781419,45.0
14.74,15.997034915367909,19.0762948,72.8781422,45.0
14.75,15.997258599804457,19.076295000000002,72.87814250000001,45.0
14.76,15.9974735142664,19.0762952,72.8781428,45.0
14.77,15.997679658518056,19.0762954,72.8781431,45.0
14.780000000000001,15.99787703233336,19.0762956,72.8781434,45.0
14.790000000000001,15.998065635495873,19.0762958,72.87814370000001,45.0
14.8,15.998245467798764,19.076296,72.878144,45.0
14.81,15.998416529044828,19.0762962,72.8781443,45.0
14.82,15.998578819046472,19.0762964,72.8781446,45.0
14.83,15.998732337625729,19.0762966,72.87814490000001,45.0
14.84,15.998877084614243,19.0762968,72.8781452,45.0
14.85,15.999013059853285,19.076297,72.8781455,45.0
14.86,15.99914026319374,19.0762972,72.8781458,45.0
14.870000000000001,15.999258694496111,19.0762974,72.87814610000001,45.0
14.88,15.99936835363053,19.0762976,72.8781464,45.0
14.89,15.999469240476735,19.0762978,72.8781467,45.0
14.9,15.999561354924097,19.076298,72.878147,45.0
14.91,15.999644696871599,19.0762982,72.87814730000001,45.0
14.92,15.999719266227846,19.0762984,72.8781476,45.0
14.93,15.999785062911062,19.0762986,72.8781479,45.0
14.94,15.999842086849096,19.0762988,72.8781482,45.0
14.950000000000001,15.999890337979414,19.076299,72.87814850000001,45.0
14.96,15.9999298162491,19.0762992,72.8781488,45.0
14.97,15.999960521614867,19.0762994,72.8781491,45.0
14.98,15.999982454043035,19.076299600000002,72.8781494,45.0
14.99,15.999995613509556,19.0762998,72.87814970000001,45.0
15.0,16.0,19.0763,72.87815,45.0
15.01,15.999995613509556,19.076300200000002,72.8781503,45.0
15.02,15.999982454043035,19.0763004,72.8781506,45.0
15.030000000000001,15.999960521614867,19.0763006,72.87815090000001,45.0
15.040000000000001,15.9999298162491,19.076300800000002,72.8781512,45.0
15.05,15.999890337979414,19.076301,72.8781515,45.0
15.06,15.999842086849096,19.0763012,72.8781518,45.0
15.07,15.999785062911062,19.076301400000002,72.87815210000001,45.0
15.08,15.999719266227846,19.0763016,72.8781524,45.0
15.09,15.999644696871599,19.0763018,72.8781527,45.0
15.1,15.999561354924097,19.076302000000002,72.878153,45.0
15.11,15.999469240476735,19.0763022,72.87815330000001,45.0
15.120000000000001,15.99936835363053,19.0763024,72.8781536,45.0
15.13,15.999258694496111,19.0763026,72.8781539,45.0
15.14,15.99914026319374,19.0763028,72.8781542,45.0
15.15,15.999013059853285,19.076303,72.87815450000001,45.0
15.16,15.998877084614243,19.0763032,72.8781548,45.0
15.17,15.998732337625729,19.0763034,72.8781551,45.0
15.18,15.998578819046472,19.0763036,72.87815540000001,45.0
15.19,15.998416529044828,19.0763038,72.87815570000001,45.0
15.200000000000001,15.998245467798764,19.076304,72.878156,45.0
15.21,15.998065635495873,19.0763042,72.8781563,45.0
15.22,15.99787703233336,19.0763044,72.87815660000001,45.0
15.23,15.997679658518056,19.0763046,72.87815690000001,45.0
15.24,15.9974735142664,19.0763048,72.8781572,45.0
15.25,15.997258599804457,19.076305,72.8781575,45.0
15.26,15.997034915367909,19.0763052,72.87815780000001,45.0
15.27,15.996802461202051,19.0763054,72.87815810000001,45.0
15.280000000000001,15.9965612375618,19.0763056,72.8781584,45.0
15.290000000000001,15.996311244711684,19.0763058,72.8781587,45.0
15.3,15.996052482925853,19.076306,72.87815900000001,45.0
15.31,15.99578495248807,19.0763062,72.87815930000001,45.0
15.32,15.995508653691715,19.0763064,72.8781596,45.0
15.33,15.995223586839783,19.0763066,72.8781599,45.0
15.34,15.994929752244886,19.0763068,72.87816020000001,45.0
15.35,15.994627150229249,19.076307,72.8781605,45.0
15.36,15.994315781124714,19.076307200000002,72.8781608,45.0
15.370000000000001,15.993995645272733,19.0763074,72.8781611,45.0
15.38,15.993666743024374,19.0763076,72.87816140000001,45.0
15.39,15.99332907474032,19.076307800000002,72.8781617,45.0
15.4,15.992982640790867,19.076308,72.878162,45.0
15.41,15.99262744155592,19.0763082,72.8781623,45.0
15.42,15.992263477424999,19.076308400000002,72.87816260000001,45.0
15.43,15.991890748797234,19.0763086,72.8781629,45.0
15.44,15.99150925608137,19.0763088,72.8781632,45.0
15.450000000000001,15.991118999695761,19.076309000000002,72.8781635,45.0
15.46,15.990719980068366,19.0763092,72.87816380000001,45.0
15.47,15.990312197636765,19.0763094,72.8781641,45.0
15.48,15.98989565284814,19.076309600000002,72.8781644,45.0
15.49,15.989470346159282,19.0763098,72.8781647,45.0
15.5,15.98903627803659,19.07631,72.87816500000001,45.0
15.51,15.988593448956077,19.0763102,72.8781653,45.0
15.52,15.98814185940336,19.0763104,72.8781656,45.0
15.530000000000001,15.987681509873656,19.0763106,72.8781659,45.0
15.540000000000001,15.987212400871801,19.0763108,72.87816620000001,45.0
15.55,15.986734532912227,19.076311,72.8781665,45.0
15.56,15.986247906518976,19.0763112,72.8781668,45.0
15.57,15.985752522225695,19.0763114,72.8781671,45.0
15.58,15.98524838057563,19.0763116,72.87816740000001,45.0
15.59,15.984735482121637,19.0763118,72.8781677,45.0
15.6,15.984213827426172,19.076312,72.878168,45.0
15.610000000000001,15.983683417061293,19.0763122,72.8781683,45.0
15.620000000000001,15.983144251608659,19.0763124,72.87816860000001,45.0
15.63,15.982596331659533,19.0763126,72.8781689,45.0
15.64,15.982039657814774,19.0763128,72.8781692,45.0
15.65,15.981474230684842,19.076313,72.8781695,45.0
15.66,15.980900050889801,19.0763132,72.87816980000001,45.0
15.67,15.98031711905931,19.0763134,72.8781701,45.0
15.68,15.97972543583262,19.0763136,72.8781704,45.0
15.69,15.97912500185859,19.0763138,72.8781707,45.0
15.700000000000001,15.978515817795664,19.076314,72.87817100000001,45.0
15.71,15.977897884311894,19.0763142,72.8781713,45.0
15.72,15.97727120208491,19.0763144,72.8781716,45.0
15.73,15.976635771801956,19.0763146,72.8781719,45.0
15.74,15.975991594159854,19.076314800000002,72.87817220000001,45.0
15.75,15.975338669865025,19.076315,72.8781725,45.0
15.76,15.974676999633477,19.0763152,72.8781728,45.0
15.77,15.974006584190818,19.076315400000002,72.8781731,45.0
15.780000000000001,15.973327424272238,19.0763156,72.87817340000001,45.0
15.790000000000001,15.972639520622522,19.0763158,72.8781737,45.0
15.8,15.971942873996035,19.076316000000002,72.878174,45.0
15.81,15.971237485156738,19.0763162,72.8781743,45.0
15.82,15.97052335487818,19.0763164,72.87817460000001,45.0
15.83,15.969800483943487,19.076316600000002,72.8781749,45.0
15.84,15.96906887314538,19.0763168,72.8781752,45.0
15.85,15.968328523286157,19.076317,72.8781755,45.0
15.860000000000001,15.967579435177703,19.076317200000002,72.87817580000001,45.0
15.870000000000001,15.966821609641485,19.0763174,72.8781761,45.0
15.88,15.966055047508554,19.0763176,72.8781764,45.0
15.89,15.965279749619535,19.0763178,72.8781767,45.0
15.9,15.96449571682464,19.076318,72.87817700000001,45.0
15.91,15.963702949983656,19.0763182,72.8781773,45.0
15.92,15.962901449965951,19.0763184,72.8781776,45.0
15.93,15.962091217650467,19.0763186,72.87817790000001,45.0
15.94,15.96127225392572,19.0763188,72.87817820000001,45.0
15.950000000000001,15.96044455968981,19.076319,72.8781785,45.0
15.96,15.959608135850402,19.0763192,72.8781788,45.0
15.97,15.958762983324736,19.0763194,72.87817910000001,45.0
15.98,15.957909103039626,19.0763196,72.87817940000001,45.0
15.99,15.957046495931458,19.0763198,72.8781797,45.0
16.0,15.956175162946188,19.07632,72.87818,45.0
16.01,15.955295105039333,19.0763202,72.87818030000001,45.0
16.02,15.954406323175991,19.0763204,72.87818060000001,45.0
16.03,15.953508818330818,19.0763206,72.8781809,45.0
16.04,15.952602591488038,19.0763208,72.8781812,45.0
16.05,15.951687643641439,19.076321,72.87818150000001,45.0
16.06,15.950763975794374,19.0763212,72.87818180000001,45.0
16.07,15.949831588959757,19.0763214,72.8781821,45.0
16.080000000000002,15.948890484160067,19.0763216,72.8781824,45.0
16.09,15.94794066242734,19.0763218,72.87818270000001,45.0
16.1,15.94698212480317,19.076322,72.878183,45.0
16.11,15.946014872338715,19.0763222,72.8781833,45.0
16.12,15.945038906094682,19.076322400000002,72.8781836,45.0
16.13,15.94405422714134,19.0763226,72.87818390000001,45.0
16.14,15.943060836558509,19.0763228,72.8781842,45.0
16.15,15.942058735435564,19.076323000000002,72.8781845,45.0
16.16,15.941047924871432,19.0763232,72.8781848,45.0
16.17,15.94002840597459,19.0763234,72.87818510000001,45.0
16.18,15.939000179863065,19.076323600000002,72.8781854,45.0
16.19,15.937963247664435,19.0763238,72.8781857,45.0
16.2,15.936917610515824,19.076324,72.878186,45.0
16.21,15.935863269563896,19.076324200000002,72.87818630000001,45.0
16.22,15.934800225964871,19.0763244,72.8781866,45.0
16.23,15.933728480884504,19.0763246,72.8781869,45.0
16.240000000000002,15.932648035498094,19.076324800000002,72.8781872,45.0
16.25,15.931558890990484,19.076325,72.87818750000001,45.0
16.26,15.930461048556053,19.0763252,72.8781878,45.0
16.27,15.92935450939872,19.0763254,72.8781881,45.0
16.28,15.928239274731942,19.0763256,72.8781884,45.0
16.29,15.92711534577871,19.0763258,72.87818870000001,45.0
16.3,15.925982723771549,19.076326,72.878189,45.0
16.31,15.924841409952519,19.0763262,72.8781893,45.0
16.32,15.923691405573209,19.0763264,72.8781896,45.0
16.330000000000002,15.922532711894743,19.0763266,72.87818990000001,45.0
16.34,15.921365330187768,19.0763268,72.8781902,45.0
16.35,15.92018926173246,19.076327,72.8781905,45.0
16.36,15.919004507818526,19.0763272,72.8781908,45.0
16.37,15.917811069745191,19.0763274,72.87819110000001,45.0
16.38,15.916608948821208,19.0763276,72.8781914,45.0
16.39,15.915398146364849,19.0763278,72.8781917,45.0
16.4,15.914178663703908,19.076328,72.878192,45.0
16.41,15.912950502175693,19.0763282,72.87819230000001,45.0
16.42,15.911713663127042,19.0763284,72.8781926,45.0
16.43,15.910468147914294,19.0763286,72.8781929,45.0
16.44,15.909213957903312,19.0763288,72.8781932,45.0
16.45,15.907951094469468,19.076329,72.87819350000001,45.0
16.46,15.906679558997649,19.0763292,72.8781938,45.0
16.47,15.905399352882245,19.0763294,72.8781941,45.0
16.48,15.904110477527162,19.0763296,72.8781944,45.0
16.490000000000002,15.902812934345809,19.0763298,72.87819470000001,45.0
16.5,15.901506724761102,19.076330000000002,72.878195,45.0
16.51,15.90019185020546,19.0763302,72.8781953,45.0
16.52,15.898868312120804,19.0763304,72.8781956,45.0
16.53,15.897536111958553,19.076330600000002,72.87819590000001,45.0
16.54,15.896195251179634,19.0763308,72.8781962,45.0
16.55,15.894845731254458,19.076331,72.8781965,45.0
16.56,15.893487553662945,19.076331200000002,72.8781968,45.0
16.57,15.8921207198945,19.0763314,72.87819710000001,45.0
16.580000000000002,15.890745231448024,19.0763316,72.8781974,45.0
16.59,15.889361089831912,19.076331800000002,72.8781977,45.0
16.6,15.88796829656404,19.076332,72.878198,45.0
16.61,15.886566853171779,19.0763322,72.87819830000001,45.0
16.62,15.885156761191984,19.076332400000002,72.8781986,45.0
16.63,15.883738022170995,19.0763326,72.8781989,45.0
16.64,15.882310637664627,19.0763328,72.8781992,45.0
16.65,15.880874609238191,19.076333,72.87819950000001,45.0
16.66,15.879429938466462,19.0763332,72.8781998,45.0
16.67,15.877976626933702,19.0763334,72.8782001,45.0
16.68,15.876514676233644,19.0763336,72.87820040000001,45.0
16.69,15.875044087969494,19.0763338,72.87820070000001,45.0
16.7,15.873564863753936,19.076334,72.878201,45.0
16.71,15.872077005209118,19.0763342,72.8782013,45.0
16.72,15.870580513966662,19.0763344,72.87820160000001,45.0
16.73,15.86907539166765,19.0763346,72.87820190000001,45.0
16.740000000000002,15.867561639962638,19.0763348,72.8782022,45.0
16.75,15.866039260511638,19.076335,72.8782025,45.0
16.76,15.864508254984123,19.0763352,72.87820280000001,45.0
16.77,15.862968625059034,19.0763354,72.87820310000001,45.0
16.78,15.86142037242476,19.0763356,72.8782034,45.0
16.79,15.859863498779152,19.0763358,72.8782037,45.0
16.8,15.85829800582951,19.076336,72.87820400000001,45.0
16.81,15.856723895292593,19.0763362,72.87820430000001,45.0
16.82,15.855141168894601,19.0763364,72.8782046,45.0
16.830000000000002,15.853549828371191,19.0763366,72.8782049,45.0
16.84,15.851949875467463,19.0763368,72.87820520000001,45.0
16.85,15.85034131193796,19.076337,72.8782055,45.0
16.86,15.848724139546672,19.0763372,72.8782058,45.0
16.87,15.847098360067026,19.0763374,72.8782061,45.0
16.88,15.845463975281884,19.076337600000002,72.87820640000001,45.0
16.89,15.843820986983555,19.0763378,72.8782067,45.0
16.9,15.842169396973775,19.076338,72.878207,45.0
16.91,15.840509207063715,19.076338200000002,72.8782073,45.0
16.92,15.838840419073975,19.0763384,72.87820760000001,45.0
16.93,15.837163034834589,19.0763386,72.8782079,45.0
16.94,15.835477056185011,19.076338800000002,72.8782082,45.0
16.95,15.833782484974126,19.076339,72.8782085,45.0
16.96,15.832079323060238,19.0763392,72.87820880000001,45.0
16.97,15.830367572311074,19.076339400000002,72.8782091,45.0
16.98,15.828647234603777,19.0763396,72.8782094,45.0
16.990000000000002,15.826918311824908,19.0763398,72.8782097,45.0
17.0,15.825180805870446,19.076340000000002,72.87821000000001,45.0
17.01,15.823434718645775,19.0763402,72.8782103,45.0
17.02,15.821680052065696,19.0763404,72.8782106,45.0
17.03,15.819916808054415,19.0763406,72.8782109,45.0
17.04,15.818144988545548,19.0763408,72.87821120000001,45.0
17.05,15.81636459548211,19.076341,72.8782115,45.0
17.06,15.81457563081652,19.0763412,72.8782118,45.0
17.07,15.812778096510597,19.0763414,72.8782121,45.0
17.080000000000002,15.810971994535558,19.0763416,72.87821240000001,45.0
17.09,15.809157326872018,19.0763418,72.8782127,45.0
17.1,15.80733409550998,19.076342,72.878213,45.0
17.11,15.80550230244884,19.0763422,72.8782133,45.0
17.12,15.803661949697386,19.0763424,72.87821360000001,45.0
17.13,15.801813039273789,19.0763426,72.8782139,45.0
17.14,15.799955573205605,19.0763428,72.8782142,45.0
17.150000000000002,15.798089553529774,19.076343,72.8782145,45.0
17.16,15.796214982292618,19.0763432,72.87821480000001,45.0
17.17,15.79433186154983,19.0763434,72.8782151,45.0
17.18,15.792440193366486,19.0763436,72.8782154,45.0
17.19,15.79053997981703,19.0763438,72.8782157,45.0
17.2,15.788631222985282,19.076344,72.87821600000001,45.0
17.21,15.786713924964424,19.0763442,72.8782163,45.0
17.22,15.784788087857013,19.0763444,72.8782166,45.0
17.23,15.78285371377496,19.0763446,72.8782169,45.0
17.240000000000002,15.780910804839547,19.0763448,72.87821720000001,45.0
17.25,15.778959363181414,19.076345,72.8782175,45.0
17.26,15.77699939094055,19.076345200000002,72.8782178,45.0
17.27,15.775030890266308,19.0763454,72.8782181,45.0
17.28,15.77305386331739,19.0763456,72.87821840000001,45.0
17.29,15.771068312261852,19.076345800000002,72.8782187,45.0
17.3,15.769074239277089,19.076346,72.878219,45.0
17.31,15.767071646549848,19.0763462,72.8782193,45.0
17.32,15.76506053627622,19.076346400000002,72.87821960000001,45.0
17.330000000000002,15.76304091066163,19.0763466,72.8782199,45.0
17.34,15.761012771920846,19.0763468,72.8782202,45.0
17.35,15.758976122277975,19.076347000000002,72.8782205,45.0
17.36,15.756930963966449,19.0763472,72.87822080000001,45.0
17.37,15.754877299229033,19.0763474,72.8782211,45.0
17.38,15.752815130317828,19.076347600000002,72.8782214,45.0
17.39,15.750744459494253,19.0763478,72.8782217,45.0
17.400000000000002,15.748665289029049,19.076348,72.87822200000001,45.0
17.41,15.746577621202285,19.0763482,72.8782223,45.0
17.42,15.744481458303344,19.0763484,72.8782226,45.0
17.43,15.742376802630924,19.0763486,72.87822290000001,45.0
17.44,15.740263656493038,19.0763488,72.87822320000001,45.0
17.45,15.738142022207015,19.076349,72.8782235,45.0
17.46,15.73601190209948,19.0763492,72.8782238,45.0
17.47,15.733873298506376,19.0763494,72.87822410000001,45.0
17.48,15.73172621377294,19.0763496,72.87822440000001,45.0
17.490000000000002,15.729570650253716,19.0763498,72.8782247,45.0
17.5,15.727406610312546,19.07635,72.878225,45.0
17.51,15.725234096322561,19.0763502,72.87822530000001,45.0
17.52,15.723053110666191,19.0763504,72.87822560000001,45.0
17.53,15.720863655735153,19.0763506,72.8782259,45.0
17.54,15.718665733930454,19.0763508,72.8782262,45.0
17.55,15.716459347662385,19.076351,72.87822650000001,45.0
17.56,15.714244499350517,19.0763512,72.87822680000001,45.0
17.57,15.712021191423705,19.0763514,72.8782271,45.0
17.580000000000002,15.709789426320079,19.0763516,72.8782274,45.0
17.59,15.70754920648704,19.0763518,72.87822770000001,45.0
17.6,15.705300534381266,19.076352,72.87822800000001,45.0
17.61,15.703043412468702,19.0763522,72.8782283,45.0
17.62,15.700777843224557,19.0763524,72.8782286,45.0
17.63,15.698503829133308,19.0763526,72.87822890000001,45.0
17.64,15.696221372688687,19.076352800000002,72.8782292,45.0
17.650000000000002,15.69393047639369,19.076353,72.8782295,45.0
17.66,15.691631142760567,19.0763532,72.8782298,45.0
17.67,15.689323374310815,19.076353400000002,72.87823010000001,45.0
17.68,15.68700717357519,19.0763536,72.8782304,45.0
17.69,15.684682543093682,19.0763538,72.8782307,45.0
17.7,15.682349485415546,19.076354000000002,72.878231,45.0
17.71,15.680008003099253,19.0763542,72.87823130000001,45.0
17.72,15.677658098712534,19.0763544,72.8782316,45.0
17.73,15.675299774832343,19.076354600000002,72.8782319,45.0
17.740000000000002,15.672933034044872,19.0763548,72.8782322,45.0
17.75,15.670557878945544,19.076355,72.87823250000001,45.0
17.76,15.668174312139007,19.076355200000002,72.8782328,45.0
17.77,15.665782336239134,19.0763554,72.8782331,45.0
17.78,15.66338195386902,19.0763556,72.8782334,45.0
17.79,15.660973167660979,19.0763558,72.87823370000001,45.0
17.8,15.658555980256537,19.076356,72.878234,45.0
17.81,15.656130394306443,19.0763562,72.8782343,45.0
17.82,15.653696412470644,19.0763564,72.8782346,45.0
17.830000000000002,15.651254037418301,19.0763566,72.87823490000001,45.0
17.84,15.648803271827777,19.0763568,72.8782352,45.0
17.85,15.64634411838664,19.076357,72.8782355,45.0
17.86,15.643876579791652,19.0763572,72.8782358,45.0
17.87,15.641400658748768,19.0763574,72.87823610000001,45.0
17.88,15.638916357973144,19.0763576,72.8782364,45.0
17.89,15.636423680189118,19.0763578,72.8782367,45.0
17.900000000000002,15.633922628130215,19.076358,72.878237,45.0
17.91,15.631413204539149,19.0763582,72.87823730000001,45.0
17.92,15.628895412167807,19.0763584,72.8782376,45.0
17.93,15.626369253777263,19.0763586,72.8782379,45.0
17.94,15.62383473213775,19.0763588,72.8782382,45.0
17.95,15.62129185002869,19.076359,72.87823850000001,45.0
17.96,15.618740610238662,19.0763592,72.8782388,45.0
17.97,15.616181015565413,19.0763594,72.8782391,45.0
17.98,15.613613068815852,19.0763596,72.8782394,45.0
17.990000000000002,15.611036772806049,19.0763598,72.87823970000001,45.0
18.0,15.60845213036123,19.07636,72.87824,45.0
18.01,15.605859144315765,19.0763602,72.8782403,45.0
18.02,15.60325781751319,19.076360400000002,72.8782406,45.0
18.03,15.600648152806173,19.0763606,72.87824090000001,45.0
18.04,15.598030153056534,19.0763608,72.8782412,45.0
18.05,15.595403821135232,19.076361000000002,72.8782415,45.0
18.06,15.592769159922359,19.0763612,72.8782418,45.0
18.07,15.59012617230714,19.0763614,72.87824210000001,45.0
18.080000000000002,15.587474861187946,19.076361600000002,72.8782424,45.0
18.09,15.584815229472255,19.0763618,72.8782427,45.0
18.1,15.582147280076686,19.076362,72.878243,45.0
18.11,15.579471015926968,19.076362200000002,72.87824330000001,45.0
18.12,15.576786439957953,19.0763624,72.8782436,45.0
18.13,15.574093555113613,19.0763626,72.8782439,45.0
18.14,15.57139236434702,19.076362800000002,72.8782442,45.0
18.150000000000002,15.56868287062036,19.076363,72.87824450000001,45.0
18.16,15.565965076904934,19.0763632,72.8782448,45.0
18.17,15.56323898618113,19.0763634,72.8782451,45.0
18.18,15.560504601438438,19.0763636,72.8782454,45.0
18.19,15.557761925675452,19.0763638,72.87824570000001,45.0
18.2,15.55501096189985,19.076364,72.878246,45.0
18.21,15.552251713128397,19.0763642,72.8782463,45.0
18.22,15.549484182386955,19.0763644,72.87824660000001,45.0
18.23,15.546708372710455,19.0763646,72.87824690000001,45.0
18.240000000000002,15.543924287142916,19.0763648,72.8782472,45.0
18.25,15.541131928737428,19.076365,72.8782475,45.0
18.26,15.538331300556152,19.0763652,72.87824780000001,45.0
18.27,15.535522405670324,19.0763654,72.87824810000001,45.0
18.28,15.53270524716024,19.0763656,72.8782484,45.0
18.29,15.529879828115263,19.0763658,72.8782487,45.0
18.3,15.527046151633805,19.076366,72.87824900000001,45.0
18.31,15.524204220823343,19.0763662,72.87824930000001,45.0
18.32,15.521354038800402,19.0763664,72.8782496,45.0
18.330000000000002,15.518495608690557,19.0763666,72.8782499,45.0
18.34,15.515628933628427,19.0763668,72.87825020000001,45.0
18.35,15.512754016757672,19.076367,72.87825050000001,45.0
18.36,15.509870861230993,19.0763672,72.8782508,45.0
18.37,15.50697947021012,19.0763674,72.8782511,45.0
18.38,15.504079846865821,19.0763676,72.87825140000001,45.0
18.39,15.501171994377884,19.0763678,72.8782517,45.0
18.400000000000002,15.498255915935133,19.076368000000002,72.878252,45.0
18.41,15.495331614735399,19.0763682,72.8782523,45.0
18.42,15.492399093985538,19.0763684,72.87825260000001,45.0
18.43,15.489458356901423,19.076368600000002,72.8782529,45.0
18.44,15.486509406707928,19.0763688,72.8782532,45.0
18.45,15.48355224663894,19.076369,72.8782535,45.0
18.46,15.480586879937345,19.076369200000002,72.87825380000001,45.0
18.47,15.477613309855037,19.0763694,72.8782541,45.0
18.48,15.474631539652897,19.0763696,72.8782544,45.0
18.490000000000002,15.471641572600799,19.076369800000002,72.8782547,45.0
18.5,15.468643411977613,19.07637,72.87825500000001,45.0
18.51,15.465637061071188,19.0763702,72.8782553,45.0
18.52,15.462622523178357,19.076370400000002,72.8782556,45.0
18.53,15.459599801604927,19.0763706,72.8782559,45.0
18.54,15.456568899665688,19.0763708,72.87825620000001,45.0
18.55,15.453529820684391,19.076371,72.8782565,45.0
18.56,15.450482567993763,19.0763712,72.8782568,45.0
18.57,15.447427144935485,19.0763714,72.8782571,45.0
18.580000000000002,15.444363554860207,19.0763716,72.87825740000001,45.0
18.59,15.441291801127532,19.0763718,72.8782577,45.0
18.6,15.43821188710601,19.076372,72.878258,45.0
18.61,15.43512381617315,19.0763722,72.8782583,45.0
18.62,15.432027591715396,19.0763724,72.87825860000001,45.0
18.63,15.428923217128139,19.0763726,72.8782589,45.0
18.64,15.425810695815706,19.0763728,72.8782592,45.0
18.650000000000002,15.422690031191358,19.076373,72.8782595,45.0
18.66,15.419561226677292,19.0763732,72.87825980000001,45.0
18.67,15.416424285704615,19.0763734,72.8782601,45.0
18.68,15.413279211713377,19.0763736,72.8782604,45.0
18.69,15.410126008152533,19.0763738,72.8782607,45.0
18.7,15.406964678479959,19.076374,72.87826100000001,45.0
18.71,15.403795226162437,19.0763742,72.8782613,45.0
18.72,15.400617654675665,19.0763744,72.8782616,45.0
18.73,15.397431967504236,19.0763746,72.8782619,45.0
18.740000000000002,15.394238168141648,19.0763748,72.87826220000001,45.0
18.75,15.391036260090294,19.076375,72.8782625,45.0
18.76,15.387826246861458,19.0763752,72.8782628,45.0
18.77,15.384608131975314,19.0763754,72.8782631,45.0
18.78,15.381381918960919,19.076375600000002,72.87826340000001,45.0
18.79,15.378147611356212,19.0763758,72.8782637,45.0
18.8,15.374905212708004,19.076376,72.878264,45.0
18.81,15.37165472657199,19.076376200000002,72.8782643,45.0
18.82,15.368396156512716,19.0763764,72.87826460000001,45.0
18.830000000000002,15.365129506103614,19.0763766,72.8782649,45.0
18.84,15.361854778926963,19.076376800000002,72.8782652,45.0
18.85,15.3585719785739,19.076377,72.8782655,45.0
18.86,15.355281108644423,19.0763772,72.87826580000001,45.0
18.87,15.35198217274737,19.076377400000002,72.8782661,45.0
18.88,15.348675174500432,19.0763776,72.8782664,45.0
18.89,15.345360117530136,19.0763778,72.8782667,45.0
18.900000000000002,15.342037005471848,19.076378000000002,72.87826700000001,45.0
18.91,15.338705841969771,19.0763782,72.8782673,45.0
18.92,15.33536663067693,19.0763784,72.8782676,45.0
18.93,15.332019375255184,19.0763786,72.8782679,45.0
18.94,15.328664079375205,19.0763788,72.87826820000001,45.0
18.95,15.32530074671649,19.076379,72.8782685,45.0
18.96,15.32192938096734,19.0763792,72.8782688,45.0
18.97,15.318549985824877,19.0763794,72.87826910000001,45.0
18.98,15.31516256499502,19.0763796,72.87826940000001,45.0
18.990000000000002,15.311767122192489,19.0763798,72.8782697,45.0
19.0,15.308363661140808,19.07638,72.87827,45.0
19.01,15.304952185572285,19.0763802,72.87827030000001,45.0
19.02,15.301532699228023,19.0763804,72.87827060000001,45.0
19.03,15.298105205857908,19.0763806,72.8782709,45.0
19.04,15.294669709220607,19.0763808,72.8782712,45.0
19.05,15.291226213083561,19.076381,72.87827150000001,45.0
19.06,15.287774721222991,19.0763812,72.87827180000001,45.0
19.07,15.284315237423876,19.0763814,72.8782721,45.0
19.080000000000002,15.280847765479965,19.0763816,72.8782724,45.0
19.09,15.277372309193769,19.0763818,72.87827270000001,45.0
19.1,15.273888872376547,19.076382,72.87827300000001,45.0
19.11,15.270397458848322,19.0763822,72.8782733,45.0
19.12,15.266898072437847,19.0763824,72.8782736,45.0
19.13,15.26339071698264,19.0763826,72.87827390000001,45.0
19.14,15.259875396328935,19.0763828,72.8782742,45.0
19.150000000000002,15.256352114331719,19.076383,72.8782745,45.0
19.16,15.252820874854702,19.076383200000002,72.8782748,45.0
19.17,15.24928168177032,19.0763834,72.87827510000001,45.0
19.18,15.24573453895973,19.0763836,72.8782754,45.0
19.19,15.242179450312811,19.076383800000002,72.8782757,45.0
19.2,15.238616419728157,19.076384,72.878276,45.0
19.21,15.235045451113063,19.0763842,72.87827630000001,45.0
19.22,15.231466548383533,19.076384400000002,72.8782766,45.0
19.23,15.22787971546428,19.0763846,72.8782769,45.0
19.240000000000002,15.224284956288697,19.0763848,72.8782772,45.0
19.25,15.220682274798886,19.076385000000002,72.87827750000001,45.0
19.26,15.217071674945622,19.0763852,72.8782778,45.0
19.27,15.213453160688378,19.0763854,72.8782781,45.0
19.28,15.20982673599529,19.076385600000002,72.8782784,45.0
19.29,15.206192404843184,19.0763858,72.87827870000001,45.0
19.3,15.202550171217549,19.076386,72.878279,45.0
19.31,15.198900039112537,19.0763862,72.8782793,45.0
19.32,15.195242012530969,19.0763864,72.8782796,45.0
19.330000000000002,15.191576095484317,19.0763866,72.87827990000001,45.0
19.34,15.18790229199271,19.0763868,72.8782802,45.0
19.35,15.184220606084924,19.076387,72.8782805,45.0
19.36,15.18053104179838,19.0763872,72.8782808,45.0
19.37,15.176833603179135,19.0763874,72.87828110000001,45.0
19.38,15.173128294281888,19.0763876,72.8782814,45.0
19.39,15.169415119169958,19.0763878,72.8782817,45.0
19.400000000000002,15.165694081915301,19.076388,72.878282,45.0
19.41,15.161965186598493,19.0763882,72.87828230000001,45.0
19.42,15.158228437308722,19.0763884,72.8782826,45.0
19.43,15.15448383814379,19.0763886,72.8782829,45.0
19.44,15.150731393210112,19.0763888,72.8782832,45.0
19.45,15.1469711066227,19.076389,72.87828350000001,45.0
19.46,15.143202982505173,19.0763892,72.8782838,45.0
19.47,15.139427024989743,19.0763894,72.8782841,45.0
19.48,15.135643238217206,19.0763896,72.8782844,45.0
19.490000000000002,15.13185162633695,19.0763898,72.87828470000001,45.0
19.5,15.128052193506942,19.07639,72.878285,45.0
19.51,15.124244943893725,19.0763902,72.8782853,45.0
19.52,15.12042988167242,19.0763904,72.8782856,45.0
19.53,15.116607011026703,19.0763906,72.87828590000001,45.0
19.54,15.112776336148826,19.076390800000002,72.8782862,45.0
19.55,15.108937861239589,19.076391,72.8782865,45.0
19.56,15.105091590508358,19.0763912,72.8782868,45.0
19.57,15.10123752817303,19.076391400000002,72.87828710000001,45.0
19.580000000000002,15.097375678460065,19.0763916,72.8782874,45.0
19.59,15.093506045604453,19.0763918,72.8782877,45.0
19.6,15.089628633849717,19.076392000000002,72.878288,45.0
19.61,15.08574344744792,19.0763922,72.87828830000001,45.0
19.62,15.081850490659642,19.0763924,72.8782886,45.0
19.63,15.077949767753989,19.076392600000002,72.8782889,45.0
19.64,15.07404128300858,19.0763928,72.8782892,45.0
19.650000000000002,15.070125040709545,19.076393,72.87828950000001,45.0
19.66,15.066201045151534,19.076393200000002,72.8782898,45.0
19.67,15.06226930063768,19.0763934,72.8782901,45.0
19.68,15.058329811479627,19.0763936,72.8782904,45.0
19.69,15.054382581997505,19.0763938,72.87829070000001,45.0
19.7,15.050427616519938,19.076394,72.878291,45.0
19.71,15.046464919384029,19.0763942,72.8782913,45.0
19.72,15.042494494935362,19.0763944,72.87829160000001,45.0
19.73,15.038516347527995,19.0763946,72.87829190000001,45.0
19.740000000000002,15.034530481524449,19.0763948,72.8782922,45.0
19.75,15.030536901295722,19.076395,72.8782925,45.0
19.76,15.026535611221263,19.0763952,72.87829280000001,45.0
19.77,15.022526615688975,19.0763954,72.87829310000001,45.0
19.78,15.018509919095212,19.0763956,72.8782934,45.0
19.79,15.014485525844776,19.0763958,72.8782937,45.0
19.8,15.010453440350908,19.076396,72.87829400000001,45.0
19.81,15.006413667035286,19.0763962,72.87829430000001,45.0
19.82,15.002366210328013,19.0763964,72.8782946,45.0
19.830000000000002,14.998311074667622,19.0763966,72.8782949,45.0
19.84,14.994248264501069,19.0763968,72.87829520000001,45.0
19.85,14.990177784283723,19.076397,72.87829550000001,45.0
19.86,14.986099638479363,19.0763972,72.8782958,45.0
19.87,14.982013831560176,19.0763974,72.8782961,45.0
19.88,14.97792036800675,19.0763976,72.87829640000001,45.0
19.89,14.973819252308072,19.0763978,72.8782967,45.0
19.900000000000002,14.969710488961516,19.076398,72.878297,45.0
19.91,14.965594082472846,19.0763982,72.8782973,45.0
19.92,14.961470037356204,19.076398400000002,72.87829760000001,45.0
19.93,14.957338358134116,19.0763986,72.8782979,45.0
19.94,14.95319904933747,19.0763988,72.8782982,45.0
19.95,14.94905211550553,19.076399000000002,72.8782985,45.0
19.96,14.944897561185915,19.0763992,72.87829880000001,45.0
19.97,14.9407353909346,19.0763994,72.8782991,45.0
19.98,14.93656560931592,19.076399600000002,72.8782994,45.0
19.990000000000002,14.93238822090255,19.0763998,72.8782997,45.0
20.0,14.92820323027551,19.0764,72.87830000000001,45.0
20.01,14.92401064202415,19.076400200000002,72.8783003,45.0
20.02,14.919810460746167,19.0764004,72.8783006,45.0
20.03,14.915602691047564,19.0764006,72.8783009,45.0
20.04,14.911387337542683,19.076400800000002,72.87830120000001,45.0
20.05,14.907164404854175,19.076401,72.8783015,45.0
20.06,14.902933897613,19.0764012,72.8783018,45.0
20.07,14.898695820458432,19.0764014,72.8783021,45.0
20.080000000000002,14.894450178038039,19.0764016,72.87830240000001,45.0
20.09,14.890196975007694,19.0764018,72.8783027,45.0
20.1,14.88593621603155,19.076402,72.878303,45.0
20.11,14.881667905782052,19.0764022,72.8783033,45.0
20.12,14.877392048939928,19.0764024,72.87830360000001,45.0
20.13,14.87310865019418,19.0764026,72.8783039,45.0
20.14,14.868817714242077,19.0764028,72.8783042,45.0
20.150000000000002,14.864519245789156,19.076403,72.8783045,45.0
20.16,14.860213249549219,19.0764032,72.87830480000001,45.0
20.17,14.855899730244314,19.0764034,72.8783051,45.0
20.18,14.851578692604747,19.0764036,72.8783054,45.0
20.19,14.847250141369065,19.0764038,72.8783057,45.0
20.2,14.842914081284054,19.076404,72.87830600000001,45.0
20.21,14.838570517104735,19.0764042,72.8783063,45.0
20.22,14.834219453594361,19.0764044,72.8783066,45.0
20.23,14.829860895524405,19.0764046,72.8783069,45.0
20.240000000000002,14.825494847674562,19.0764048,72.87830720000001,45.0
20.25,14.821121314832737,19.076405,72.8783075,45.0
20.26,14.816740301795045,19.0764052,72.8783078,45.0
20.27,14.812351813365808,19.0764054,72.8783081,45.0
20.28,14.807955854357534,19.0764056,72.87830840000001,45.0
20.29,14.80355242959094,19.0764058,72.8783087,45.0
20.3,14.799141543894912,19.076406000000002,72.878309,45.0
20.31,14.794723202106535,19.0764062,72.8783093,45.0
20.32,14.790297409071055,19.0764064,72.87830960000001,45.0
20.330000000000002,14.785864169641902,19.076406600000002,72.8783099,45.0
20.34,14.781423488680666,19.0764068,72.8783102,45.0
20.35,14.776975371057096,19.076407,72.8783105,45.0
20.36,14.772519821649102,19.076407200000002,72.87831080000001,45.0
20.37,14.768056845342738,19.0764074,72.8783111,45.0
20.38,14.763586447032203,19.0764076,72.8783114,45.0
20.39,14.75910863161984,19.076407800000002,72.8783117,45.0
20.400000000000002,14.754623404016119,19.076408,72.87831200000001,45.0
20.41,14.750130769139648,19.0764082,72.8783123,45.0
20.42,14.745630731917146,19.076408400000002,72.8783126,45.0
20.43,14.741123297283458,19.0764086,72.8783129,45.0
20.44,14.736608470181539,19.0764088,72.87831320000001,45.0
20.45,14.73208625556245,19.076409,72.8783135,45.0
20.46,14.727556658385353,19.0764092,72.8783138,45.0
20.47,14.72301968361751,19.0764094,72.87831410000001,45.0
20.48,14.718475336234263,19.0764096,72.87831440000001,45.0
20.490000000000002,14.713923621219053,19.0764098,72.8783147,45.0
20.5,14.709364543563394,19.07641,72.878315,45.0
20.51,14.704798108266864,19.0764102,72.87831530000001,45.0
20.52,14.700224320337135,19.0764104,72.87831560000001,45.0
20.53,14.695643184789912,19.0764106,72.8783159,45.0
20.54,14.69105470664898,19.0764108,72.8783162,45.0
20.55,14.686458890946161,19.076411,72.87831650000001,45.0
20.56,14.68185574272134,19.0764112,72.87831680000001,45.0
20.57,14.677245267022423,19.0764114,72.8783171,45.0
20.580000000000002,14.672627468905368,19.0764116,72.8783174,45.0
20.59,14.668002353434158,19.0764118,72.87831770000001,45.0
20.6,14.663369925680794,19.076412,72.87831800000001,45.0
20.61,14.658730190725308,19.0764122,72.8783183,45.0
20.62,14.654083153655733,19.0764124,72.8783186,45.0
20.63,14.649428819568111,19.0764126,72.87831890000001,45.0
20.64,14.644767193566501,19.0764128,72.8783192,45.0
20.650000000000002,14.64009828076294,19.076413000000002,72.8783195,45.0
20.66,14.635422086277465,19.0764132,72.8783198,45.0
20.67,14.630738615238094,19.0764134,72.87832010000001,45.0
20.68,14.626047872780834,19.076413600000002,72.8783204,45.0
20.69,14.621349864049652,19.0764138,72.8783207,45.0
20.7,14.616644594196497,19.076414,72.878321,45.0
20.71,14.611932068381265,19.076414200000002,72.87832130000001,45.0
20.72,14.607212291771829,19.0764144,72.8783216,45.0
20.73,14.602485269543998,19.0764146,72.8783219,45.0
20.740000000000002,14.597751006881527,19.076414800000002,72.8783222,45.0
20.75,14.593009508976124,19.076415,72.87832250000001,45.0
20.76,14.588260781027419,19.0764152,72.8783228,45.0
20.77,14.583504828242976,19.076415400000002,72.8783231,45.0
20.78,14.578741655838273,19.0764156,72.8783234,45.0
20.79,14.573971269036722,19.0764158,72.87832370000001,45.0
20.8,14.569193673069634,19.076416000000002,72.878324,45.0
20.81,14.564408873176227,19.0764162,72.8783243,45.0
20.82,14.559616874603616,19.0764164,72.8783246,45.0
20.830000000000002,14.554817682606828,19.0764166,72.87832490000001,45.0
20.84,14.550011302448755,19.0764168,72.8783252,45.0
20.85,14.545197739400187,19.076417,72.8783255,45.0
20.86,14.540376998739784,19.0764172,72.8783258,45.0
20.87,14.53554908575408,19.0764174,72.87832610000001,45.0
20.88,14.530714005737472,19.0764176,72.8783264,45.0
20.89,14.525871763992221,19.0764178,72.8783267,45.0
20.900000000000002,14.521022365828433,19.076418,72.878327,45.0
20.91,14.516165816564076,19.0764182,72.87832730000001,45.0
20.92,14.511302121524945,19.0764184,72.8783276,45.0
20.93,14.506431286044684,19.0764186,72.8783279,45.0
20.94,14.50155331546475,19.0764188,72.8783282,45.0
20.95,14.49666821513445,19.076419,72.87832850000001,45.0
20.96,14.491775990410888,19.0764192,72.8783288,45.0
20.97,14.486876646658988,19.0764194,72.8783291,45.0
20.98,14.481970189251482,19.0764196,72.8783294,45.0
20.990000000000002,14.477056623568904,19.0764198,72.87832970000001,45.0
21.0,14.47213595499958,19.07642,72.87833,45.0
21.01,14.467208188939622,19.0764202,72.8783303,45.0
21.02,14.462273330792941,19.0764204,72.8783306,45.0
21.03,14.457331385971202,19.076420600000002,72.87833090000001,45.0
21.04,14.45238235989386,19.0764208,72.8783312,45.0
21.05,14.447426257988127,19.076421,72.8783315,45.0
21.06,14.442463085688976,19.076421200000002,72.8783318,45.0
21.07,14.437492848439135,19.0764214,72.87833210000001,45.0
21.080000000000002,14.432515551689079,19.0764216,72.8783324,45.0
21.09,14.42753120089702,19.076421800000002,72.8783327,45.0
21.1,14.422539801528917,19.076422,72.878333,45.0
21.11,14.417541359058447,19.0764222,72.87833330000001,45.0
21.12,14.412535878967013,19.076422400000002,72.8783336,45.0
21.13,14.407523366743742,19.0764226,72.8783339,45.0
21.14,14.402503827885464,19.0764228,72.8783342,45.0
21.150000000000002,14.397477267896722,19.076423000000002,72.87833450000001,45.0
21.16,14.39244369228976,19.0764232,72.8783348,45.0
21.17,14.387403106584499,19.0764234,72.8783351,45.0
21.18,14.382355516308568,19.076423600000002,72.8783354,45.0
21.19,14.377300926997265,19.0764238,72.87833570000001,45.0
21.2,14.372239344193574,19.076424,72.878336,45.0
21.21,14.367170773448125,19.0764242,72.8783363,45.0
21.22,14.362095220319246,19.0764244,72.87833660000001,45.0
21.23,14.357012690372892,19.0764246,72.87833690000001,45.0
21.240000000000002,14.351923189182685,19.0764248,72.8783372,45.0
21.25,14.346826722329881,19.076425,72.8783375,45.0
21.26,14.341723295403387,19.0764252,72.87833780000001,45.0
21.27,14.336612913999737,19.0764254,72.87833810000001,45.0
21.28,14.331495583723084,19.0764256,72.8783384,45.0
21.29,14.326371310185218,19.0764258,72.8783387,45.0
21.3,14.321240099005522,19.076426,72.87833900000001,45.0
21.31,14.316101955811009,19.0764262,72.87833930000001,45.0
21.32,14.310956886236273,19.0764264,72.8783396,45.0
21.330000000000002,14.30580489592352,19.0764266,72.8783399,45.0
21.34,14.300645990522538,19.0764268,72.87834020000001,45.0
21.35,14.295480175690699,19.076427,72.87834050000001,45.0
21.36,14.29030745709295,19.0764272,72.8783408,45.0
21.37,14.285127840401815,19.0764274,72.8783411,45.0
21.38,14.27994133129738,19.0764276,72.87834140000001,45.0
21.39,14.274747935467282,19.0764278,72.87834170000001,45.0
21.400000000000002,14.269547658606715,19.076428,72.878342,45.0
21.41,14.264340506418433,19.076428200000002,72.8783423,45.0
21.42,14.259126484612706,19.0764284,72.87834260000001,45.0
21.43,14.25390559890735,19.0764286,72.8783429,45.0
21.44,14.248677855027704,19.076428800000002,72.8783432,45.0
21.45,14.243443258706638,19.076429,72.8783435,45.0
21.46,14.238201815684523,19.0764292,72.87834380000001,45.0
21.47,14.232953531709246,19.076429400000002,72.8783441,45.0
21.48,14.227698412536188,19.0764296,72.8783444,45.0
21.490000000000002,14.222436463928236,19.0764298,72.8783447,45.0
21.5,14.217167691655767,19.076430000000002,72.87834500000001,45.0
21.51,14.21189210149663,19.0764302,72.8783453,45.0
21.52,14.206609699236154,19.0764304,72.8783456,45.0
21.53,14.201320490667147,19.076430600000002,72.8783459,45.0
21.54,14.196024481589873,19.0764308,72.87834620000001,45.0
21.55,14.190721677812048,19.076431,72.8783465,45.0
21.56,14.185412085148858,19.076431200000002,72.8783468,45.0
21.57,14.180095709422917,19.0764314,72.8783471,45.0
21.580000000000002,14.17477255646428,19.0764316,72.87834740000001,45.0
21.59,14.16944263211044,19.0764318,72.8783477,45.0
21.6,14.164105942206314,19.076432,72.878348,45.0
21.61,14.158762492604234,19.0764322,72.8783483,45.0
21.62,14.153412289163949,19.0764324,72.87834860000001,45.0
21.63,14.148055337752613,19.0764326,72.8783489,45.0
21.64,14.142691644244778,19.0764328,72.8783492,45.0
21.650000000000002,14.137321214522396,19.076433,72.8783495,45.0
21.66,14.1319440544748,19.0764332,72.87834980000001,45.0
21.67,14.1265601699987,19.0764334,72.8783501,45.0
21.68,14.121169566998194,19.0764336,72.8783504,45.0
21.69,14.115772251384733,19.0764338,72.8783507,45.0
21.7,14.110368229077139,19.076434,72.87835100000001,45.0
21.71,14.104957506001579,19.0764342,72.8783513,45.0
21.72,14.099540088091585,19.0764344,72.8783516,45.0
21.73,14.094115981288008,19.0764346,72.8783519,45.0
21.740000000000002,14.088685191539053,19.0764348,72.87835220000001,45.0
21.75,14.083247724800248,19.076435,72.8783525,45.0
21.76,14.077803587034436,19.0764352,72.8783528,45.0
21.77,14.072352784211791,19.0764354,72.8783531,45.0
21.78,14.066895322309776,19.0764356,72.87835340000001,45.0
21.79,14.06143120731317,19.076435800000002,72.8783537,45.0
21.8,14.055960445214051,19.076436,72.878354,45.0
21.81,14.050483042011777,19.0764362,72.8783543,45.0
21.82,14.044999003712986,19.076436400000002,72.87835460000001,45.0
21.830000000000002,14.039508336331608,19.0764366,72.8783549,45.0
21.84,14.034011045888832,19.0764368,72.8783552,45.0
21.85,14.028507138413103,19.076437000000002,72.8783555,45.0
21.86,14.022996619940137,19.0764372,72.87835580000001,45.0
21.87,14.017479496512891,19.0764374,72.8783561,45.0
21.88,14.011955774181569,19.076437600000002,72.8783564,45.0
21.89,14.006425459003609,19.0764378,72.8783567,45.0
21.900000000000002,14.000888557043675,19.076438,72.87835700000001,45.0
21.91,13.995345074373667,19.076438200000002,72.8783573,45.0
21.92,13.989795017072687,19.0764384,72.8783576,45.0
21.93,13.984238391227063,19.0764386,72.8783579,45.0
21.94,13.978675202930301,19.076438800000002,72.87835820000001,45.0
21.95,13.97310545828313,19.076439,72.8783585,45.0
21.96,13.967529163393458,19.0764392,72.8783588,45.0
21.97,13.96194632437637,19.0764394,72.8783591,45.0
21.98,13.956356947354138,19.0764396,72.87835940000001,45.0
21.990000000000002,13.9507610384562,19.0764398,72.8783597,45.0
22.0,13.945158603819156,19.07644,72.87836,45.0
22.01,13.939549649586755,19.0764402,72.87836030000001,45.0
22.02,13.933934181909915,19.0764404,72.87836060000001,45.0
22.03,13.928312206946675,19.0764406,72.8783609,45.0
22.04,13.922683730862225,19.0764408,72.8783612,45.0
22.05,13.91704875982888,19.076441,72.87836150000001,45.0
22.06,13.91140730002607,19.0764412,72.87836180000001,45.0
22.07,13.905759357640353,19.0764414,72.8783621,45.0
22.080000000000002,13.900104938865391,19.0764416,72.8783624,45.0
22.09,13.89444404990195,19.0764418,72.87836270000001,45.0
22.1,13.888776696957873,19.076442,72.87836300000001,45.0
22.11,13.883102886248128,19.0764422,72.8783633,45.0
22.12,13.877422623994732,19.0764424,72.8783636,45.0
22.13,13.871735916426791,19.0764426,72.87836390000001,45.0
22.14,13.86604276978048,19.0764428,72.87836420000001,45.0
22.150000000000002,13.86034319029903,19.076443,72.8783645,45.0
22.16,13.854637184232729,19.0764432,72.8783648,45.0
22.17,13.848924757838912,19.076443400000002,72.87836510000001,45.0
22.18,13.843205917381958,19.0764436,72.8783654,45.0
22.19,13.83748066913327,19.0764438,72.8783657,45.0
22.2,13.831749019371294,19.076444000000002,72.878366,45.0
22.21,13.826010974381477,19.0764442,72.87836630000001,45.0
22.22,13.820266540456295,19.0764444,72.8783666,45.0
22.23,13.814515723895223,19.076444600000002,72.8783669,45.0
22.240000000000002,13.808758531004736,19.0764448,72.8783672,45.0
22.25,13.8029949680983,19.076445,72.87836750000001,45.0
22.26,13.797225041496372,19.076445200000002,72.8783678,45.0
22.27,13.791448757526386,19.0764454,72.8783681,45.0
22.28,13.785666122522736,19.0764456,72.8783684,45.0
22.29,13.779877142826798,19.076445800000002,72.87836870000001,45.0
22.3,13.774081824786897,19.076446,72.878369,45.0
22.31,13.76828017475831,19.0764462,72.8783693,45.0
22.32,13.762472199103257,19.076446400000002,72.8783696,45.0
22.330000000000002,13.756657904190892,19.0764466,72.87836990000001,45.0
22.34,13.750837296397307,19.0764468,72.8783702,45.0
22.35,13.74501038210551,19.076447,72.8783705,45.0
22.36,13.739177167705432,19.0764472,72.8783708,45.0
22.37,13.733337659593895,19.0764474,72.87837110000001,45.0
22.38,13.72749186417465,19.0764476,72.8783714,45.0
22.39,13.721639787858322,19.0764478,72.8783717,45.0
22.400000000000002,13.715781437062425,19.076448,72.878372,45.0
22.41,13.70991681821137,19.0764482,72.87837230000001,45.0
22.42,13.704045937736424,19.0764484,72.8783726,45.0
22.43,13.69816880207573,19.0764486,72.8783729,45.0
22.44,13.692285417674281,19.0764488,72.8783732,45.0
22.45,13.68639579098394,19.076449,72.87837350000001,45.0
22.46,13.680499928463396,19.0764492,72.8783738,45.0
22.47,13.674597836578194,19.0764494,72.8783741,45.0
22.48,13.668689521800689,19.0764496,72.8783744,45.0
22.490000000000002,13.662774990610082,19.0764498,72.87837470000001,45.0
22.5,13.65685424949238,19.07645,72.878375,45.0
22.51,13.650927304940401,19.0764502,72.8783753,45.0
22.52,13.644994163453763,19.0764504,72.8783756,45.0
22.53,13.63905483153889,19.0764506,72.87837590000001,45.0
22.54,13.633109315708985,19.0764508,72.8783762,45.0
22.55,13.627157622484035,19.076451000000002,72.8783765,45.0
22.56,13.621199758390794,19.0764512,72.8783768,45.0
22.57,13.615235729962802,19.0764514,72.87837710000001,45.0
22.580000000000002,13.609265543740339,19.076451600000002,72.8783774,45.0
22.59,13.603289206270453,19.0764518,72.8783777,45.0
22.6,13.597306724106922,19.076452,72.878378,45.0
22.61,13.59131810381028,19.076452200000002,72.87837830000001,45.0
22.62,13.585323351947782,19.0764524,72.8783786,45.0
22.63,13.579322475093406,19.0764526,72.8783789,45.0
22.64,13.573315479827848,19.076452800000002,72.8783792,45.0
22.650000000000002,13.567302372738514,19.076453,72.87837950000001,45.0
22.66,13.56128316041952,19.0764532,72.8783798,45.0
22.67,13.555257849471662,19.076453400000002,72.8783801,45.0
22.68,13.54922644650244,19.0764536,72.8783804,45.0
22.69,13.54318895812602,19.0764538,72.87838070000001,45.0
22.7,13.537145390963257,19.076454000000002,72.878381,45.0
22.71,13.531095751641649,19.0764542,72.8783813,45.0
22.72,13.525040046795384,19.0764544,72.8783816,45.0
22.73,13.518978283065273,19.0764546,72.87838190000001,45.0
22.740000000000002,13.512910467098788,19.0764548,72.8783822,45.0
22.75,13.506836605550031,19.076455,72.8783825,45.0
22.76,13.50075670507974,19.0764552,72.87838280000001,45.0
22.77,13.494670772355267,19.0764554,72.87838310000001,45.0
22.78,13.488578814050584,19.0764556,72.8783834,45.0
22.79,13.482480836846273,19.0764558,72.8783837,45.0
22.8,13.476376847429508,19.076456,72.87838400000001,45.0
22.81,13.47026685249407,19.0764562,72.87838430000001,45.0
22.82,13.464150858740314,19.0764564,72.8783846,45.0
22.830000000000002,13.458028872875168,19.0764566,72.8783849,45.0
22.84,13.45190090161216,19.0764568,72.87838520000001,45.0
22.85,13.445766951671343,19.076457,72.87838550000001,45.0
22.86,13.439627029779356,19.0764572,72.8783858,45.0
22.87,13.433481142669368,19.0764574,72.8783861,45.0
22.88,13.427329297081108,19.0764576,72.87838640000001,45.0
22.89,13.421171499760817,19.0764578,72.87838670000001,45.0
22.900000000000002,13.415007757461282,19.076458,72.878387,45.0
22.91,13.408838076941809,19.0764582,72.8783873,45.0
22.92,13.402662464968195,19.0764584,72.87838760000001,45.0
22.93,13.396480928312766,19.076458600000002,72.8783879,45.0
22.94,13.390293473754326,19.0764588,72.8783882,45.0
22.95,13.384100108078187,19.076459,72.8783885,45.0
22.96,13.377900838076128,19.076459200000002,72.87838880000001,45.0
22.97,13.371695670546412,19.0764594,72.8783891,45.0
22.98,13.36548461229376,19.0764596,72.8783894,45.0
22.990000000000002,13.359267670129364,19.076459800000002,72.8783897,45.0
23.0,13.353044850870866,19.07646,72.87839000000001,45.0
23.01,13.346816161342346,19.0764602,72.8783903,45.0
23.02,13.340581608374322,19.076460400000002,72.8783906,45.0
23.03,13.334341198803756,19.0764606,72.8783909,45.0
23.04,13.328094939474013,19.0764608,72.87839120000001,45.0
23.05,13.321842837234888,19.076461000000002,72.8783915,45.0
23.06,13.315584898942575,19.0764612,72.8783918,45.0
23.07,13.309321131459667,19.0764614,72.8783921,45.0
23.080000000000002,13.303051541655162,19.076461600000002,72.87839240000001,45.0
23.09,13.296776136404429,19.0764618,72.8783927,45.0
23.1,13.290494922589215,19.076462,72.878393,45.0
23.11,13.284207907097649,19.0764622,72.8783933,45.0
23.12,13.27791509682421,19.0764624,72.87839360000001,45.0
23.13,13.271616498669736,19.0764626,72.8783939,45.0
23.14,13.265312119541413,19.0764628,72.8783942,45.0
23.150000000000002,13.259001966352766,19.076463,72.8783945,45.0
23.16,13.252686046023655,19.0764632,72.87839480000001,45.0
23.17,13.246364365480247,19.0764634,72.8783951,45.0
23.18,13.24003693165506,19.0764636,72.8783954,45.0
23.19,13.233703751486889,19.0764638,72.8783957,45.0
23.2,13.227364831920845,19.076464,72.87839600000001,45.0
23.21,13.221020179908326,19.0764642,72.8783963,45.0
23.22,13.21466980240703,19.0764644,72.8783966,45.0
23.23,13.208313706380917,19.0764646,72.8783969,45.0
23.240000000000002,13.201951898800232,19.0764648,72.87839720000001,45.0
23.25,13.195584386641471,19.076465,72.8783975,45.0
23.26,13.18921117688739,19.0764652,72.8783978,45.0
23.27,13.182832276527007,19.0764654,72.8783981,45.0
23.28,13.176447692555556,19.0764656,72.87839840000001,45.0
23.29,13.17005743197452,19.0764658,72.8783987,45.0
23.3,13.163661501791605,19.076466,72.878399,45.0
23.31,13.157259909020734,19.076466200000002,72.8783993,45.0
23.32,13.15085266068203,19.0764664,72.87839960000001,45.0
23.330000000000002,13.144439763801834,19.0764666,72.8783999,45.0
23.34,13.138021225412675,19.076466800000002,72.8784002,45.0
23.35,13.131597052553262,19.076467,72.8784005,45.0
23.36,13.125167252268493,19.0764672,72.87840080000001,45.0
23.37,13.118731831609427,19.076467400000002,72.8784011,45.0
23.38,13.112290797633296,19.0764676,72.8784014,45.0
23.39,13.105844157403483,19.0764678,72.8784017,45.0
23.400000000000002,13.099391917989518,19.076468000000002,72.87840200000001,45.0
23.41,13.092934086467071,19.0764682,72.8784023,45.0
23.42,13.08647066991795,19.0764684,72.8784026,45.0
23.43,13.080001675430086,19.076468600000002,72.8784029,45.0
23.44,13.073527110097514,19.0764688,72.87840320000001,45.0
23.45,13.067046981020402,19.076469,72.8784035,45.0
23.46,13.060561295304996,19.076469200000002,72.8784038,45.0
23.47,13.054070060063651,19.0764694,72.8784041,45.0
23.48,13.047573282414795,19.0764696,72.87840440000001,45.0
23.490000000000002,13.041070969482952,19.0764698,72.8784047,45.0
23.5,13.034563128398698,19.07647,72.878405,45.0
23.51,13.028049766298682,19.0764702,72.87840530000001,45.0
23.52,13.021530890325604,19.0764704,72.87840560000001,45.0
23.53,13.015006507628208,19.0764706,72.8784059,45.0
23.54,13.008476625361283,19.0764708,72.8784062,45.0
23.55,13.001941250685643,19.076471,72.87840650000001,45.0
23.56,12.995400390768125,19.0764712,72.87840680000001,45.0
23.57,12.98885405278159,19.0764714,72.8784071,45.0
23.580000000000002,12.9823022439049,19.0764716,72.8784074,45.0
23.59,12.975744971322914,19.0764718,72.87840770000001,45.0
23.6,12.96918224222648,19.076472,72.87840800000001,45.0
23.61,12.962614063812449,19.0764722,72.8784083,45.0
23.62,12.956040443283623,19.0764724,72.8784086,45.0
23.63,12.949461387848785,19.0764726,72.87840890000001,45.0
23.64,12.942876904722674,19.0764728,72.87840920000001,45.0
23.650000000000002,12.93628700112599,19.076473,72.8784095,45.0
23.66,12.929691684285364,19.0764732,72.8784098,45.0
23.67,12.923090961433374,19.0764734,72.87841010000001,45.0
23.68,12.916484839808515,19.0764736,72.8784104,45.0
23.69,12.909873326655216,19.076473800000002,72.8784107,45.0
23.7,12.903256429223815,19.076474,72.878411,45.0
23.71,12.896634154770542,19.0764742,72.87841130000001,45.0
23.72,12.890006510557534,19.076474400000002,72.8784116,45.0
23.73,12.88337350385282,19.0764746,72.8784119,45.0
23.740000000000002,12.876735141930306,19.0764748,72.8784122,45.0
23.75,12.870091432069763,19.076475000000002,72.87841250000001,45.0
23.76,12.863442381556842,19.0764752,72.8784128,45.0
23.77,12.85678799768304,19.0764754,72.8784131,45.0
23.78,12.850128287745697,19.076475600000002,72.8784134,45.0
23.79,12.843463259048011,19.0764758,72.87841370000001,45.0
23.8,12.836792918899,19.076476,72.878414,45.0
23.81,12.830117274613508,19.076476200000002,72.8784143,45.0
23.82,12.823436333512198,19.0764764,72.8784146,45.0
23.830000000000002,12.816750102921542,19.0764766,72.87841490000001,45.0
23.84,12.810058590173812,19.076476800000002,72.8784152,45.0
23.85,12.803361802607071,19.076477,72.8784155,45.0
23.86,12.796659747565174,19.0764772,72.8784158,45.0
23.87,12.78995243239773,19.0764774,72.87841610000001,45.0
23.88,12.783239864460153,19.0764776,72.8784164,45.0
23.89,12.77652205111358,19.0764778,72.8784167,45.0
23.900000000000002,12.769798999724927,19.076478,72.878417,45.0
23.91,12.763070717666839,19.0764782,72.87841730000001,45.0
23.92,12.756337212317707,19.0764784,72.8784176,45.0
23.93,12.74959849106164,19.0764786,72.8784179,45.0
23.94,12.742854561288475,19.0764788,72.8784182,45.0
23.95,12.736105430393756,19.076479,72.87841850000001,45.0
23.96,12.729351105778735,19.0764792,72.8784188,45.0
23.97,12.722591594850359,19.0764794,72.8784191,45.0
23.98,12.715826905021254,19.0764796,72.8784194,45.0
23.990000000000002,12.70905704370973,19.0764798,72.87841970000001,45.0
24.0,12.702282018339787,19.07648,72.87842,45.0
24.01,12.695501836341052,19.0764802,72.8784203,45.0
24.02,12.688716505148832,19.0764804,72.8784206,45.0
24.03,12.68192603220408,19.0764806,72.87842090000001,45.0
24.04,12.67513042495338,19.0764808,72.8784212,45.0
24.05,12.668329690848939,19.076481,72.8784215,45.0
24.060000000000002,12.661523837348605,19.0764812,72.8784218,45.0
24.07,12.654712871915835,19.076481400000002,72.87842210000001,45.0
24.080000000000002,12.647896802019677,19.0764816,72.8784224,45.0
24.09,12.641075635134797,19.0764818,72.8784227,45.0
24.1,12.63424937874143,19.076482000000002,72.878423,45.0
24.11,12.627418040325413,19.0764822,72.87842330000001,45.0
24.12,12.62058162737814,19.0764824,72.8784236,45.0
24.13,12.613740147396584,19.076482600000002,72.8784239,45.0
24.14,12.60689360788325,19.0764828,72.8784242,45.0
24.150000000000002,12.600042016346226,19.076483,72.87842450000001,45.0
24.16,12.593185380299118,19.076483200000002,72.8784248,45.0
24.17,12.586323707261064,19.0764834,72.8784251,45.0
24.18,12.579457004756726,19.0764836,72.8784254,45.0
24.19,12.572585280316295,19.076483800000002,72.87842570000001,45.0
24.2,12.565708541475454,19.076484,72.878426,45.0
24.21,12.558826795775392,19.0764842,72.8784263,45.0
24.22,12.551940050762784,19.076484400000002,72.8784266,45.0
24.23,12.545048313989792,19.0764846,72.87842690000001,45.0
24.240000000000002,12.538151593014051,19.0764848,72.8784272,45.0
24.25,12.531249895398666,19.076485,72.8784275,45.0
24.26,12.524343228712182,19.0764852,72.87842780000001,45.0
24.27,12.517431600528617,19.0764854,72.87842810000001,45.0
24.28,12.510515018427416,19.0764856,72.8784284,45.0
24.29,12.503593489993454,19.0764858,72.8784287,45.0
24.3,12.496667022817043,19.076486,72.87842900000001,45.0
24.310000000000002,12.489735624493902,19.0764862,72.87842930000001,45.0
24.32,12.48279930262516,19.0764864,72.8784296,45.0
24.330000000000002,12.475858064817333,19.0764866,72.8784299,45.0
24.34,12.468911918682357,19.0764868,72.87843020000001,45.0
24.35,12.461960871837523,19.076487,72.87843050000001,45.0
24.36,12.455004931905506,19.0764872,72.8784308,45.0
24.37,12.448044106514345,19.0764874,72.8784311,45.0
24.38,12.441078403297446,19.0764876,72.87843140000001,45.0
24.39,12.434107829893552,19.0764878,72.87843170000001,45.0
24.400000000000002,12.427132393946753,19.076488,72.878432,45.0
24.41,12.420152103106467,19.0764882,72.8784323,45.0
24.42,12.41316696502744,19.0764884,72.87843260000001,45.0
24.43,12.406176987369738,19.0764886,72.8784329,45.0
24.44,12.399182177798721,19.0764888,72.8784332,45.0
24.45,12.392182543985054,19.076489000000002,72.8784335,45.0
24.46,12.3851780936047,19.0764892,72.87843380000001,45.0
24.47,12.378168834338899,19.0764894,72.8784341,45.0
24.48,12.371154773874153,19.076489600000002,72.8784344,45.0
24.490000000000002,12.364135919902246,19.0764898,72.8784347,45.0
24.5,12.35711228012022,19.07649,72.87843500000001,45.0
24.51,12.350083862230338,19.076490200000002,72.8784353,45.0
24.52,12.343050673940143,19.0764904,72.8784356,45.0
24.53,12.33601272296237,19.0764906,72.8784359,45.0
24.54,12.328970017015006,19.076490800000002,72.87843620000001,45.0
24.55,12.321922563821241,19.076491,72.8784365,45.0
24.560000000000002,12.314870371109466,19.0764912,72.8784368,45.0
24.57,12.307813446613281,19.076491400000002,72.8784371,45.0
24.580000000000002,12.300751798071467,19.0764916,72.87843740000001,45.0
24.59,12.293685433227989,19.0764918,72.8784377,45.0
24.6,12.286614359831969,19.076492000000002,72.878438,45.0
24.61,12.27953858563773,19.0764922,72.8784383,45.0
24.62,12.272458118404709,19.0764924,72.87843860000001,45.0
24.63,12.26537296589751,19.0764926,72.8784389,45.0
24.64,12.25828313588587,19.0764928,72.8784392,45.0
24.650000000000002,12.251188636144661,19.076493,72.8784395,45.0
24.66,12.244089474453872,19.0764932,72.87843980000001,45.0
24.67,12.236985658598602,19.0764934,72.8784401,45.0
24.68,12.229877196369054,19.0764936,72.8784404,45.0
24.69,12.222764095560528,19.0764938,72.8784407,45.0
24.7,12.215646363973422,19.076494,72.87844100000001,45.0
24.71,12.208524009413189,19.0764942,72.8784413,45.0
24.72,12.201397039690365,19.0764944,72.8784416,45.0
24.73,12.194265462620553,19.0764946,72.8784419,45.0
24.740000000000002,12.187129286024398,19.0764948,72.87844220000001,45.0
24.75,12.17998851772759,19.076495,72.8784425,45.0
24.76,12.17284316556086,19.0764952,72.8784428,45.0
24.77,12.165693237359967,19.0764954,72.8784431,45.0
24.78,12.158538740965678,19.0764956,72.87844340000001,45.0
24.79,12.151379684223777,19.0764958,72.8784437,45.0
24.8,12.144216074985042,19.076496,72.878444,45.0
24.810000000000002,12.137047921105257,19.0764962,72.8784443,45.0
24.82,12.129875230445181,19.0764964,72.87844460000001,45.0
24.830000000000002,12.122698010870543,19.076496600000002,72.8784449,45.0
24.84,12.115516270252051,19.0764968,72.8784452,45.0
24.85,12.10833001646536,19.076497,72.8784455,45.0
24.86,12.101139257391083,19.076497200000002,72.87844580000001,45.0
24.87,12.09394400091476,19.0764974,72.8784461,45.0
24.88,12.086744254926879,19.0764976,72.8784464,45.0
24.89,12.079540027322844,19.076497800000002,72.8784467,45.0
24.900000000000002,12.07233132600297,19.076498,72.87844700000001,45.0
24.91,12.065118158872485,19.0764982,72.8784473,45.0
24.92,12.057900533841512,19.076498400000002,72.8784476,45.0
24.93,12.050678458825063,19.0764986,72.8784479,45.0
24.94,12.043451941743019,19.0764988,72.87844820000001,45.0
24.95,12.036220990520155,19.076499000000002,72.8784485,45.0
24.96,12.028985613086087,19.0764992,72.8784488,45.0
24.97,12.021745817375297,19.0764994,72.8784491,45.0
24.98,12.014501611327109,19.076499600000002,72.87844940000001,45.0
24.990000000000002,12.00725300288568,19.0764998,72.8784497,45.0
25.0,12.0,19.0765,72.87845,45.0
25.01,11.992742610623877,19.0765002,72.87845030000001,45.0
25.02,11.98548084271593,19.0765004,72.87845060000001,45.0
25.03,11.978214704239566,19.0765006,72.8784509,45.0
25.04,11.970944203163016,19.0765008,72.8784512,45.0
25.05,11.963669347459263,19.076501,72.87845150000001,45.0
25.060000000000002,11.956390145106074,19.0765012,72.87845180000001,45.0
25.07,11.949106604086001,19.0765014,72.8784521,45.0
25.080000000000002,11.941818732386333,19.0765016,72.8784524,45.0
25.09,11.934526537999112,19.0765018,72.87845270000001,45.0
25.1,11.927230028921125,19.076502,72.87845300000001,45.0
25.11,11.919929213153894,19.0765022,72.8784533,45.0
25.12,11.912624098703649,19.0765024,72.8784536,45.0
25.13,11.905314693581355,19.0765026,72.87845390000001,45.0
25.14,11.898001005802659,19.0765028,72.87845420000001,45.0
25.150000000000002,11.89068304338792,19.076503,72.8784545,45.0
25.16,11.883360814362192,19.0765032,72.8784548,45.0
25.17,11.876034326755185,19.0765034,72.87845510000001,45.0
25.18,11.86870358860129,19.0765036,72.8784554,45.0
25.19,11.861368607939568,19.0765038,72.8784557,45.0
25.2,11.854029392813725,19.076504,72.878456,45.0
25.21,11.8466859512721,19.076504200000002,72.87845630000001,45.0
25.22,11.839338291367685,19.0765044,72.8784566,45.0
25.23,11.831986421158089,19.0765046,72.8784569,45.0
25.240000000000002,11.824630348705538,19.076504800000002,72.8784572,45.0
25.25,11.817270082076869,19.076505,72.87845750000001,45.0
25.26,11.809905629343511,19.0765052,72.8784578,45.0
25.27,11.802536998581498,19.076505400000002,72.8784581,45.0
25.28,11.795164197871435,19.0765056,72.8784584,45.0
25.29,11.7877872352985,19.0765058,72.87845870000001,45.0
25.3,11.78040611895243,19.076506000000002,72.878459,45.0
25.310000000000002,11.773020856927536,19.0765062,72.8784593,45.0
25.32,11.765631457322662,19.0765064,72.8784596,45.0
25.330000000000002,11.758237928241185,19.076506600000002,72.87845990000001,45.0
25.34,11.750840277791013,19.0765068,72.8784602,45.0
25.35,11.743438514084588,19.076507,72.8784605,45.0
25.36,11.736032645238843,19.0765072,72.8784608,45.0
25.37,11.72862267937522,19.0765074,72.87846110000001,45.0
25.38,11.721208624619669,19.0765076,72.8784614,45.0
25.39,11.713790489102594,19.0765078,72.8784617,45.0
25.400000000000002,11.706368280958893,19.076508,72.878462,45.0
25.41,11.698942008327935,19.0765082,72.87846230000001,45.0
25.42,11.691511679353532,19.0765084,72.8784626,45.0
25.43,11.684077302183953,19.0765086,72.8784629,45.0
25.44,11.676638884971904,19.0765088,72.8784632,45.0
25.45,11.669196435874518,19.076509,72.87846350000001,45.0
25.46,11.66174996305336,19.0765092,72.8784638,45.0
25.47,11.6542994746744,19.0765094,72.8784641,45.0
25.48,11.646844978908003,19.0765096,72.8784644,45.0
25.490000000000002,11.639386483928938,19.0765098,72.87846470000001,45.0
25.5,11.631923997916374,19.07651,72.878465,45.0
25.51,11.624457529053831,19.0765102,72.8784653,45.0
25.52,11.616987085529207,19.0765104,72.8784656,45.0
25.53,11.60951267553476,19.0765106,72.87846590000001,45.0
25.54,11.602034307267102,19.0765108,72.8784662,45.0
25.55,11.594551988927172,19.076511,72.8784665,45.0
25.560000000000002,11.587065728720258,19.0765112,72.8784668,45.0
25.57,11.579575534855959,19.0765114,72.87846710000001,45.0
25.580000000000002,11.572081415548187,19.0765116,72.8784674,45.0
25.59,11.564583379015172,19.076511800000002,72.8784677,45.0
25.6,11.557081433479421,19.076512,72.878468,45.0
25.61,11.54957558716774,19.0765122,72.87846830000001,45.0
25.62,11.542065848311212,19.076512400000002,72.8784686,45.0
25.63,11.53455222514519,19.0765126,72.8784689,45.0
25.64,11.527034725909266,19.0765128,72.8784692,45.0
25.650000000000002,11.51951335884732,19.076513000000002,72.87846950000001,45.0
25.66,11.511988132207447,19.0765132,72.8784698,45.0
25.67,11.504459054241973,19.0765134,72.8784701,45.0
25.68,11.496926133207463,19.076513600000002,72.8784704,45.0
25.69,11.489389377364686,19.0765138,72.87847070000001,45.0
25.7,11.481848794978621,19.076514,72.878471,45.0
25.71,11.474304394318438,19.076514200000002,72.8784713,45.0
25.72,11.466756183657498,19.0765144,72.8784716,45.0
25.73,11.459204171273338,19.0765146,72.87847190000001,45.0
25.740000000000002,11.45164836544767,19.0765148,72.8784722,45.0
25.75,11.444088774466364,19.076515,72.8784725,45.0
25.76,11.436525406619424,19.0765152,72.8784728,45.0
25.77,11.428958270201028,19.0765154,72.87847310000001,45.0
25.78,11.421387373509457,19.0765156,72.8784734,45.0
25.79,11.413812724847132,19.0765158,72.8784737,45.0
25.8,11.40623433252058,19.076516,72.87847400000001,45.0
25.810000000000002,11.398652204840444,19.0765162,72.87847430000001,45.0
25.82,11.391066350121452,19.0765164,72.8784746,45.0
25.830000000000002,11.383476776682427,19.0765166,72.8784749,45.0
25.84,11.375883492846263,19.0765168,72.87847520000001,45.0
25.85,11.368286506939926,19.076517,72.87847550000001,45.0
25.86,11.360685827294452,19.0765172,72.8784758,45.0
25.87,11.353081462244907,19.0765174,72.8784761,45.0
25.88,11.34547342013041,19.0765176,72.87847640000001,45.0
25.89,11.337861709294122,19.0765178,72.87847670000001,45.0
25.900000000000002,11.33024633808321,19.076518,72.878477,45.0
25.91,11.322627314848859,19.0765182,72.8784773,45.0
25.92,11.315004647946271,19.0765184,72.87847760000001,45.0
25.93,11.307378345734634,19.0765186,72.87847790000001,45.0
25.94,11.299748416577115,19.0765188,72.8784782,45.0
25.95,11.29211486884087,19.076519,72.8784785,45.0
25.96,11.284477710897024,19.0765192,72.87847880000001,45.0
25.97,11.276836951120655,19.076519400000002,72.8784791,45.0
25.98,11.269192597890793,19.0765196,72.8784794,45.0
25.990000000000002,11.261544659590406,19.0765198,72.8784797,45.0
26.0,11.253893144606401,19.076520000000002,72.87848000000001,45.0
26.01,11.2462380613296,19.0765202,72.8784803,45.0
26.02,11.238579418154742,19.0765204,72.8784806,45.0
26.03,11.23091722348046,19.076520600000002,72.8784809,45.0
26.04,11.223251485709302,19.0765208,72.87848120000001,45.0
26.05,11.215582213247682,19.076521,72.8784815,45.0
26.060000000000002,11.2079094145059,19.076521200000002,72.8784818,45.0
26.07,11.200233097898117,19.0765214,72.8784821,45.0
26.080000000000002,11.19255327184236,19.0765216,72.87848240000001,45.0
26.09,11.184869944760504,19.076521800000002,72.8784827,45.0
26.1,11.177183125078244,19.076522,72.878483,45.0
26.11,11.169492821225136,19.0765222,72.8784833,45.0
26.12,11.161799041634533,19.0765224,72.87848360000001,45.0
26.13,11.15410179474361,19.0765226,72.8784839,45.0
26.14,11.14640108899334,19.0765228,72.8784842,45.0
26.150000000000002,11.138696932828491,19.076523,72.8784845,45.0
26.16,11.130989334697619,19.0765232,72.87848480000001,45.0
26.17,11.123278303053048,19.0765234,72.8784851,45.0
26.18,11.115563846350872,19.0765236,72.8784854,45.0
26.19,11.107845973050926,19.0765238,72.8784857,45.0
26.2,11.100124691616825,19.076524,72.87848600000001,45.0
26.21,11.092400010515888,19.0765242,72.8784863,45.0
26.22,11.084671938219172,19.0765244,72.8784866,45.0
26.23,11.076940483201465,19.0765246,72.8784869,45.0
26.240000000000002,11.06920565394125,19.0765248,72.87848720000001,45.0
26.25,11.061467458920719,19.076525,72.8784875,45.0
26.26,11.053725906625745,19.0765252,72.8784878,45.0
26.27,11.045981005545901,19.0765254,72.8784881,45.0
26.28,11.038232764174408,19.0765256,72.87848840000001,45.0
26.29,11.030481191008175,19.0765258,72.8784887,45.0
26.3,11.022726294547738,19.076526,72.878489,45.0
26.310000000000002,11.014968083297298,19.0765262,72.8784893,45.0
26.32,11.007206565764696,19.0765264,72.87848960000001,45.0
26.330000000000002,10.999441750461372,19.0765266,72.8784899,45.0
26.34,10.991673645902402,19.0765268,72.8784902,45.0
26.35,10.98390226060647,19.076527000000002,72.8784905,45.0
26.36,10.976127603095854,19.0765272,72.87849080000001,45.0
26.37,10.968349681896408,19.0765274,72.8784911,45.0
26.38,10.960568505537587,19.076527600000002,72.8784914,45.0
26.39,10.952784082552402,19.0765278,72.8784917,45.0
26.400000000000002,10.944996421477425,19.076528,72.87849200000001,45.0
26.41,10.937205530852784,19.076528200000002,72.8784923,45.0
26.42,10.929411419222141,19.0765284,72.8784926,45.0
26.43,10.921614095132702,19.0765286,72.8784929,45.0
26.44,10.913813567135186,19.076528800000002,72.87849320000001,45.0
26.45,10.906009843783831,19.076529,72.8784935,45.0
26.46,10.898202933636362,19.0765292,72.8784938,45.0
26.47,10.890392845254038,19.076529400000002,72.8784941,45.0
26.48,10.882579587201558,19.0765296,72.87849440000001,45.0
26.490000000000002,10.874763168047124,19.0765298,72.8784947,45.0
26.5,10.866943596362402,19.07653,72.878495,45.0
26.51,10.859120880722507,19.0765302,72.8784953,45.0
26.52,10.851295029706007,19.0765304,72.87849560000001,45.0
26.53,10.843466051894902,19.0765306,72.8784959,45.0
26.54,10.835633955874638,19.0765308,72.8784962,45.0
26.55,10.82779875023406,19.076531,72.87849650000001,45.0
26.560000000000002,10.819960443565428,19.0765312,72.87849680000001,45.0
26.57,10.812119044464414,19.0765314,72.8784971,45.0
26.580000000000002,10.804274561530072,19.0765316,72.8784974,45.0
26.59,10.796427003364839,19.0765318,72.87849770000001,45.0
26.6,10.788576378574522,19.076532,72.87849800000001,45.0
26.61,10.780722695768295,19.0765322,72.8784983,45.0
26.62,10.772865963558687,19.0765324,72.8784986,45.0
26.63,10.765006190561568,19.0765326,72.87849890000001,45.0
26.64,10.75714338539614,19.0765328,72.87849920000001,45.0
26.650000000000002,10.749277556684925,19.076533,72.8784995,45.0
26.66,10.741408713053788,19.0765332,72.8784998,45.0
26.67,10.733536863131867,19.0765334,72.87850010000001,45.0
26.68,10.725662015551615,19.0765336,72.87850040000001,45.0
26.69,10.717784178948762,19.0765338,72.8785007,45.0
26.7,10.709903361962335,19.076534,72.878501,45.0
26.71,10.702019573234598,19.0765342,72.87850130000001,45.0
26.72,10.69413282141111,19.0765344,72.8785016,45.0
26.73,10.686243115140647,19.076534600000002,72.8785019,45.0
26.740000000000002,10.678350463075244,19.0765348,72.8785022,45.0
26.75,10.67045487387017,19.076535,72.87850250000001,45.0
26.76,10.662556356183892,19.076535200000002,72.8785028,45.0
26.77,10.654654918678116,19.0765354,72.8785031,45.0
26.78,10.64675057001773,19.0765356,72.8785034,45.0
26.79,10.638843318870826,19.076535800000002,72.87850370000001,45.0
26.8,10.630933173908664,19.076536,72.878504,45.0
26.810000000000002,10.6230201438057,19.0765362,72.8785043,45.0
26.82,10.615104237239542,19.076536400000002,72.8785046,45.0
26.830000000000002,10.60718546289094,19.0765366,72.87850490000001,45.0
26.84,10.59926382944381,19.0765368,72.8785052,45.0
26.85,10.591339345585196,19.076537000000002,72.8785055,45.0
26.86,10.58341202000526,19.0765372,72.8785058,45.0
26.87,10.575481861397291,19.0765374,72.87850610000001,45.0
26.88,10.567548878457679,19.0765376,72.8785064,45.0
26.89,10.559613079885906,19.0765378,72.8785067,45.0
26.900000000000002,10.551674474384559,19.076538,72.878507,45.0
26.91,10.543733070659291,19.0765382,72.87850730000001,45.0
26.92,10.53578887741881,19.0765384,72.8785076,45.0
26.93,10.52784190337492,19.0765386,72.8785079,45.0
26.94,10.51989215724244,19.0765388,72.8785082,45.0
26.95,10.511939647739242,19.076539,72.87850850000001,45.0
26.96,10.503984383586225,19.0765392,72.8785088,45.0
26.97,10.496026373507322,19.0765394,72.8785091,45.0
26.98,10.488065626229453,19.0765396,72.8785094,45.0
26.990000000000002,10.480102150482562,19.0765398,72.87850970000001,45.0
27.0,10.47213595499958,19.07654,72.87851,45.0
27.01,10.46416704851641,19.0765402,72.8785103,45.0
27.02,10.456195439771937,19.0765404,72.8785106,45.0
27.03,10.448221137508005,19.0765406,72.87851090000001,45.0
27.04,10.44024415046942,19.0765408,72.8785112,45.0
27.05,10.432264487403922,19.076541,72.8785115,45.0
27.060000000000002,10.424282157062192,19.0765412,72.8785118,45.0
27.07,10.41629716819783,19.0765414,72.87851210000001,45.0
27.080000000000002,10.408309529567362,19.0765416,72.8785124,45.0
27.09,10.400319249930211,19.0765418,72.8785127,45.0
27.1,10.392326338048695,19.076542,72.878513,45.0
27.11,10.384330802688021,19.076542200000002,72.87851330000001,45.0
27.12,10.376332652616279,19.0765424,72.8785136,45.0
27.13,10.36833189660442,19.0765426,72.8785139,45.0
27.14,10.360328543426252,19.076542800000002,72.8785142,45.0
27.150000000000002,10.352322601858429,19.076543,72.87851450000001,45.0
27.16,10.344314080680462,19.0765432,72.8785148,45.0
27.17,10.336302988674658,19.076543400000002,72.8785151,45.0
27.18,10.328289334626177,19.0765436,72.8785154,45.0
27.19,10.320273127322961,19.0765438,72.87851570000001,45.0
27.2,10.312254375555774,19.076544000000002,72.878516,45.0
27.21,10.304233088118155,19.0765442,72.8785163,45.0
27.22,10.296209273806431,19.0765444,72.8785166,45.0
27.23,10.288182941419693,19.076544600000002,72.87851690000001,45.0
27.240000000000002,10.280154099759809,19.0765448,72.8785172,45.0
27.25,10.272122757631385,19.076545,72.8785175,45.0
27.26,10.264088923841758,19.0765452,72.8785178,45.0
27.27,10.256052607201037,19.0765454,72.87851810000001,45.0
27.28,10.24801381652201,19.0765456,72.8785184,45.0
27.29,10.239972560620203,19.0765458,72.8785187,45.0
27.3,10.231928848313833,19.076546,72.87851900000001,45.0
27.310000000000002,10.223882688423826,19.0765462,72.87851930000001,45.0
27.32,10.215834089773779,19.0765464,72.8785196,45.0
27.330000000000002,10.207783061189966,19.0765466,72.8785199,45.0
27.34,10.19972961150133,19.0765468,72.87852020000001,45.0
27.35,10.191673749539458,19.076547,72.87852050000001,45.0
27.36,10.183615484138603,19.0765472,72.8785208,45.0
27.37,10.175554824135633,19.0765474,72.8785211,45.0
27.38,10.167491778370046,19.0765476,72.87852140000001,45.0
27.39,10.159426355683971,19.0765478,72.87852170000001,45.0
27.400000000000002,10.151358564922127,19.076548,72.878522,45.0
27.41,10.143288414931835,19.0765482,72.8785223,45.0
27.42,10.135215914563002,19.0765484,72.87852260000001,45.0
27.43,10.127141072668126,19.0765486,72.87852290000001,45.0
27.44,10.119063898102244,19.0765488,72.8785232,45.0
27.45,10.110984399722986,19.076549,72.8785235,45.0
27.46,10.102902586390496,19.0765492,72.87852380000001,45.0
27.47,10.094818466967485,19.0765494,72.8785241,45.0
27.48,10.086732050319176,19.0765496,72.8785244,45.0
27.490000000000002,10.078643345313319,19.076549800000002,72.8785247,45.0
27.5,10.070552360820164,19.07655,72.87852500000001,45.0
27.51,10.062459105712477,19.0765502,72.8785253,45.0
27.52,10.054363588865506,19.076550400000002,72.8785256,45.0
27.53,10.04626581915696,19.0765506,72.8785259,45.0
27.54,10.038165805467058,19.0765508,72.87852620000001,45.0
27.55,10.030063556678446,19.076551000000002,72.8785265,45.0
27.560000000000002,10.021959081676236,19.0765512,72.8785268,45.0
27.57,10.013852389347974,19.0765514,72.8785271,45.0
27.580000000000002,10.005743488583652,19.076551600000002,72.87852740000001,45.0
27.59,9.997632388275669,19.0765518,72.8785277,45.0
27.6,9.989519097318839,19.076552,72.878528,45.0
27.61,9.981403624610381,19.076552200000002,72.8785283,45.0
27.62,9.973285979049908,19.0765524,72.87852860000001,45.0
27.63,9.965166169539412,19.0765526,72.8785289,45.0
27.64,9.95704420498326,19.0765528,72.8785292,45.0
27.650000000000002,9.94892009428818,19.076553,72.8785295,45.0
27.66,9.94079384636326,19.0765532,72.87852980000001,45.0
27.67,9.932665470119924,19.0765534,72.8785301,45.0
27.68,9.924534974471934,19.0765536,72.8785304,45.0
27.69,9.916402368335373,19.0765538,72.8785307,45.0
27.7,9.908267660628649,19.076554,72.87853100000001,45.0
27.71,9.900130860272457,19.0765542,72.8785313,45.0
27.72,9.8919919761898,19.0765544,72.8785316,45.0
27.73,9.88385101730596,19.0765546,72.8785319,45.0
27.740000000000002,9.875707992548499,19.0765548,72.87853220000001,45.0
27.75,9.867562910847244,19.076555,72.8785325,45.0
27.76,9.859415781134274,19.0765552,72.8785328,45.0
27.77,9.851266612343913,19.0765554,72.8785331,45.0
27.78,9.843115413412724,19.0765556,72.87853340000001,45.0
27.79,9.834962193279503,19.0765558,72.8785337,45.0
27.8,9.82680696088525,19.076556,72.878534,45.0
27.810000000000002,9.818649725173168,19.0765562,72.8785343,45.0
27.82,9.810490495088688,19.0765564,72.87853460000001,45.0
27.830000000000002,9.80232927957939,19.0765566,72.8785349,45.0
27.84,9.794166087595048,19.0765568,72.8785352,45.0
27.85,9.78600092808761,19.076557,72.8785355,45.0
27.86,9.777833810011174,19.0765572,72.87853580000001,45.0
27.87,9.769664742321977,19.076557400000002,72.8785361,45.0
27.88,9.761493733978412,19.0765576,72.8785364,45.0
27.89,9.753320793940992,19.0765578,72.8785367,45.0
27.900000000000002,9.745145931172338,19.076558000000002,72.87853700000001,45.0
27.91,9.736969154637205,19.0765582,72.8785373,45.0
27.92,9.728790473302416,19.0765584,72.8785376,45.0
27.93,9.720609896136907,19.076558600000002,72.8785379,45.0
27.94,9.712427432111681,19.0765588,72.87853820000001,45.0
27.95,9.704243090199817,19.076559,72.8785385,45.0
27.96,9.696056879376435,19.076559200000002,72.8785388,45.0
27.97,9.68786880861874,19.0765594,72.8785391,45.0
27.98,9.679678886905942,19.0765596,72.87853940000001,45.0
27.990000000000002,9.671487123219293,19.076559800000002,72.8785397,45.0
28.0,9.663293526542075,19.07656,72.87854,45.0
28.01,9.655098105859565,19.0765602,72.8785403,45.0
28.02,9.646900870159051,19.0765604,72.87854060000001,45.0
28.03,9.638701828429804,19.0765606,72.8785409,45.0
28.04,9.63050098966308,19.0765608,72.8785412,45.0
28.05,9.6222983628521,19.076561,72.87854150000001,45.0
28.060000000000002,9.614093956992054,19.0765612,72.87854180000001,45.0
28.07,9.605887781080085,19.0765614,72.8785421,45.0
28.080000000000002,9.597679844115254,19.0765616,72.8785424,45.0
28.09,9.589470155098589,19.0765618,72.87854270000001,45.0
28.1,9.581258723033011,19.076562,72.87854300000001,45.0
28.11,9.57304555692336,19.0765622,72.8785433,45.0
28.12,9.564830665776384,19.0765624,72.8785436,45.0
28.13,9.556614058600724,19.0765626,72.87854390000001,45.0
28.14,9.548395744406882,19.0765628,72.87854420000001,45.0
28.150000000000002,9.540175732207256,19.076563,72.8785445,45.0
28.16,9.531954031016106,19.0765632,72.8785448,45.0
28.17,9.52373064984952,19.0765634,72.87854510000001,45.0
28.18,9.515505597725452,19.0765636,72.87854540000001,45.0
28.19,9.507278883663675,19.0765638,72.8785457,45.0
28.2,9.499050516685797,19.076564,72.878546,45.0
28.21,9.490820505815226,19.0765642,72.87854630000001,45.0
28.22,9.482588860077184,19.0765644,72.8785466,45.0
28.23,9.474355588498664,19.0765646,72.8785469,45.0
28.240000000000002,9.466120700108476,19.0765648,72.8785472,45.0
28.25,9.457884203937182,19.076565000000002,72.87854750000001,45.0
28.26,9.4496461090171,19.0765652,72.8785478,45.0
28.27,9.441406424382317,19.0765654,72.8785481,45.0
28.28,9.433165159068658,19.076565600000002,72.8785484,45.0
28.29,9.424922322113682,19.0765658,72.87854870000001,45.0
28.3,9.416677922556667,19.076566,72.878549,45.0
28.310000000000002,9.408431969438608,19.076566200000002,72.8785493,45.0
28.32,9.400184471802211,19.0765664,72.8785496,45.0
28.330000000000002,9.391935438691856,19.0765666,72.87854990000001,45.0
28.34,9.383684879153632,19.076566800000002,72.8785502,45.0
28.35,9.375432802235277,19.076567,72.8785505,45.0
28.36,9.367179216986214,19.0765672,72.8785508,45.0
28.37,9.358924132457508,19.076567400000002,72.87855110000001,45.0
28.38,9.350667557701868,19.0765676,72.8785514,45.0
28.39,9.34240950177365,19.0765678,72.8785517,45.0
28.400000000000002,9.334149973728817,19.076568,72.878552,45.0
28.41,9.32588898262496,19.0765682,72.87855230000001,45.0
28.42,9.317626537521257,19.0765684,72.8785526,45.0
28.43,9.309362647478508,19.0765686,72.8785529,45.0
28.44,9.30109732155907,19.0765688,72.8785532,45.0
28.45,9.292830568826892,19.076569,72.87855350000001,45.0
28.46,9.284562398347475,19.0765692,72.8785538,45.0
28.47,9.276292819187894,19.0765694,72.8785541,45.0
28.48,9.268021840416742,19.0765696,72.8785544,45.0
28.490000000000002,9.259749471104172,19.0765698,72.87855470000001,45.0
28.5,9.251475720321848,19.07657,72.878555,45.0
28.51,9.243200597142948,19.0765702,72.8785553,45.0
28.52,9.23492411064217,19.0765704,72.8785556,45.0
28.53,9.226646269895687,19.0765706,72.87855590000001,45.0
28.54,9.218367083981166,19.0765708,72.8785562,45.0
28.55,9.210086561977754,19.076571,72.8785565,45.0
28.560000000000002,9.201804712966057,19.0765712,72.8785568,45.0
28.57,9.193521546028137,19.0765714,72.87855710000001,45.0
28.580000000000002,9.185237070247501,19.0765716,72.8785574,45.0
28.59,9.1769512947091,19.0765718,72.8785577,45.0
28.6,9.168664228499292,19.076572,72.878558,45.0
28.61,9.160375880705873,19.0765722,72.87855830000001,45.0
28.62,9.152086260418017,19.0765724,72.8785586,45.0
28.63,9.143795376726324,19.076572600000002,72.8785589,45.0
28.64,9.135503238722755,19.0765728,72.8785592,45.0
28.650000000000002,9.12720985550066,19.076573,72.87855950000001,45.0
28.66,9.118915236154752,19.076573200000002,72.8785598,45.0
28.67,9.110619389781096,19.0765734,72.8785601,45.0
28.68,9.102322325477108,19.0765736,72.8785604,45.0
28.69,9.094024052341522,19.076573800000002,72.87856070000001,45.0
28.7,9.085724579474435,19.076574,72.878561,45.0
28.71,9.077423915977223,19.0765742,72.8785613,45.0
28.72,9.06912207095258,19.076574400000002,72.8785616,45.0
28.73,9.060819053504499,19.0765746,72.87856190000001,45.0
28.740000000000002,9.052514872738259,19.0765748,72.8785622,45.0
28.75,9.044209537760413,19.076575000000002,72.8785625,45.0
28.76,9.035903057678777,19.0765752,72.8785628,45.0
28.77,9.027595441602424,19.0765754,72.87856310000001,45.0
28.78,9.019286698641675,19.0765756,72.8785634,45.0
28.79,9.010976837908085,19.0765758,72.8785637,45.0
28.8,9.002665868514436,19.076576,72.87856400000001,45.0
28.810000000000002,8.994353799574721,19.0765762,72.87856430000001,45.0
28.82,8.986040640204148,19.0765764,72.8785646,45.0
28.830000000000002,8.977726399519115,19.0765766,72.8785649,45.0
28.84,8.969411086637205,19.0765768,72.87856520000001,45.0
28.85,8.961094710677175,19.076577,72.87856550000001,45.0
28.86,8.95277728075896,19.0765772,72.8785658,45.0
28.87,8.944458806003633,19.0765774,72.8785661,45.0
28.88,8.936139295533422,19.0765776,72.87856640000001,45.0
28.89,8.927818758471691,19.0765778,72.87856670000001,45.0
28.900000000000002,8.919497203942933,19.076578,72.878567,45.0
28.91,8.911174641072751,19.0765782,72.8785673,45.0
28.92,8.902851078987851,19.0765784,72.87856760000001,45.0
28.93,8.894526526816051,19.0765786,72.87856790000001,45.0
28.94,8.886200993686229,19.0765788,72.8785682,45.0
28.95,8.877874488728365,19.076579,72.8785685,45.0
28.96,8.869547021073481,19.0765792,72.87856880000001,45.0
28.97,8.861218599853675,19.0765794,72.8785691,45.0
28.98,8.852889234202081,19.0765796,72.8785694,45.0
28.990000000000002,8.844558933252866,19.0765798,72.8785697,45.0
29.0,8.836227706141226,19.07658,72.87857000000001,45.0
29.01,8.827895562003379,19.076580200000002,72.8785703,45.0
29.02,8.819562509976542,19.0765804,72.8785706,45.0
29.03,8.81122855919892,19.0765806,72.8785709,45.0
29.04,8.80289371880972,19.076580800000002,72.87857120000001,45.0
29.05,8.794557997949113,19.076581,72.8785715,45.0
29.060000000000002,8.786221405758237,19.0765812,72.8785718,45.0
29.07,8.777883951379197,19.076581400000002,72.8785721,45.0
29.080000000000002,8.76954564395502,19.0765816,72.87857240000001,45.0
29.09,8.761206492629693,19.0765818,72.8785727,45.0
29.1,8.752866506548115,19.076582000000002,72.878573,45.0
29.11,8.744525694856106,19.0765822,72.8785733,45.0
29.12,8.736184066700375,19.0765824,72.87857360000001,45.0
29.13,8.72784163122856,19.076582600000002,72.8785739,45.0
29.14,8.719498397589154,19.0765828,72.8785742,45.0
29.150000000000002,8.711154374931528,19.076583,72.8785745,45.0
29.16,8.702809572405945,19.0765832,72.87857480000001,45.0
29.17,8.69446399916349,19.0765834,72.8785751,45.0
29.18,8.686117664356113,19.0765836,72.8785754,45.0
29.19,8.677770577136585,19.0765838,72.8785757,45.0
29.2,8.669422746658526,19.076584,72.87857600000001,45.0
29.21,8.661074182076339,19.0765842,72.8785763,45.0
29.22,8.652724892545264,19.0765844,72.8785766,45.0
29.23,8.644374887221305,19.0765846,72.8785769,45.0
29.240000000000002,8.636024175261278,19.0765848,72.87857720000001,45.0
29.25,8.62767276582276,19.076585,72.8785775,45.0
29.26,8.619320668064095,19.0765852,72.8785778,45.0
29.27,8.610967891144378,19.0765854,72.8785781,45.0
29.28,8.60261444422346,19.0765856,72.87857840000001,45.0
29.29,8.594260336461922,19.0765858,72.8785787,45.0
29.3,8.585905577021054,19.076586,72.878579,45.0
29.310000000000002,8.577550175062882,19.0765862,72.8785793,45.0
29.32,8.569194139750136,19.0765864,72.87857960000001,45.0
29.330000000000002,8.560837480246223,19.0765866,72.8785799,45.0
29.34,8.552480205715248,19.0765868,72.8785802,45.0
29.35,8.544122325321984,19.076587,72.8785805,45.0
29.36,8.535763848231879,19.0765872,72.87858080000001,45.0
29.37,8.527404783611022,19.0765874,72.8785811,45.0
29.38,8.51904514062616,19.0765876,72.8785814,45.0
29.39,8.510684928444652,19.076587800000002,72.8785817,45.0
29.400000000000002,8.502324156234504,19.076588,72.87858200000001,45.0
29.41,8.493962833164337,19.0765882,72.8785823,45.0
29.42,8.485600968403354,19.076588400000002,72.8785826,45.0
29.43,8.477238571121365,19.0765886,72.8785829,45.0
29.44,8.468875650488773,19.0765888,72.87858320000001,45.0
29.45,8.46051221567654,19.076589000000002,72.8785835,45.0
29.46,8.452148275856194,19.0765892,72.8785838,45.0
29.47,8.443783840199833,19.0765894,72.8785841,45.0
29.48,8.435418917880074,19.076589600000002,72.87858440000001,45.0
29.490000000000002,8.427053518070084,19.0765898,72.8785847,45.0
29.5,8.41868764994355,19.07659,72.878585,45.0
29.51,8.410321322674674,19.076590200000002,72.8785853,45.0
29.52,8.401954545438157,19.0765904,72.87858560000001,45.0
29.53,8.393587327409197,19.0765906,72.8785859,45.0
29.54,8.385219677763475,19.0765908,72.8785862,45.0
29.55,8.37685160567714,19.076591,72.8785865,45.0
29.560000000000002,8.368483120326816,19.0765912,72.87858680000001,45.0
29.57,8.360114230889575,19.0765914,72.8785871,45.0
29.580000000000002,8.351744946542915,19.0765916,72.8785874,45.0
29.59,8.343375276464805,19.0765918,72.87858770000001,45.0
29.6,8.335005229833598,19.076592,72.87858800000001,45.0
29.61,8.326634815828083,19.0765922,72.8785883,45.0
29.62,8.318264043627437,19.0765924,72.8785886,45.0
29.63,8.309892922411253,19.0765926,72.87858890000001,45.0
29.64,8.301521461359476,19.0765928,72.87858920000001,45.0
29.650000000000002,8.29314966965245,19.076593,72.8785895,45.0
29.66,8.28477755647087,19.0765932,72.8785898,45.0
29.67,8.276405130995776,19.0765934,72.87859010000001,45.0
29.68,8.268032402408574,19.0765936,72.87859040000001,45.0
29.69,8.259659379890975,19.0765938,72.8785907,45.0
29.7,8.251286072625026,19.076594,72.878591,45.0
29.71,8.242912489793092,19.0765942,72.87859130000001,45.0
29.72,8.234538640577831,19.0765944,72.87859160000001,45.0
29.73,8.226164534162184,19.0765946,72.8785919,45.0
29.740000000000002,8.217790179729402,19.0765948,72.8785922,45.0
29.75,8.209415586462987,19.076595,72.87859250000001,45.0
29.76,8.201040763546699,19.0765952,72.8785928,45.0
29.77,8.192665720164568,19.076595400000002,72.8785931,45.0
29.78,8.18429046550085,19.0765956,72.8785934,45.0
29.79,8.175915008740041,19.0765958,72.87859370000001,45.0
29.8,8.167539359066858,19.076596000000002,72.878594,45.0
29.810000000000002,8.15916352566622,19.0765962,72.8785943,45.0
29.82,8.150787517723264,19.0765964,72.8785946,45.0
29.830000000000002,8.142411344423307,19.076596600000002,72.87859490000001,45.0
29.84,8.134035014951854,19.0765968,72.8785952,45.0
29.85,8.125658538494562,19.076597,72.8785955,45.0
29.86,8.117281924237286,19.076597200000002,72.8785958,45.0
29.87,8.108905181365996,19.0765974,72.87859610000001,45.0
29.88,8.100528319066823,19.0765976,72.8785964,45.0
29.89,8.092151346526018,19.076597800000002,72.8785967,45.0
29.900000000000002,8.083774272929965,19.076598,72.878597,45.0
29.91,8.075397107465152,19.0765982,72.87859730000001,45.0
29.92,8.067019859318165,19.0765984,72.8785976,45.0
29.93,8.058642537675686,19.0765986,72.8785979,45.0
29.94,8.050265151724473,19.0765988,72.8785982,45.0
29.95,8.041887710651359,19.076599,72.87859850000001,45.0
29.96,8.033510223643233,19.0765992,72.8785988,45.0
29.97,8.025132699887036,19.0765994,72.8785991,45.0
29.98,8.016755148569755,19.0765996,72.8785994,45.0
29.990000000000002,8.008377578878399,19.0765998,72.87859970000001,45.0
30.0,8.000000000000005,19.0766,72.8786,45.0
30.01,7.991622421121599,19.0766002,72.8786003,45.0
30.02,7.983244851430247,19.0766004,72.8786006,45.0
30.03,7.974867300112966,19.0766006,72.87860090000001,45.0
30.04,7.966489776356768,19.0766008,72.8786012,45.0
30.05,7.958112289348644,19.076601,72.8786015,45.0
30.060000000000002,7.949734848275529,19.0766012,72.8786018,45.0
30.07,7.941357462324317,19.0766014,72.87860210000001,45.0
30.080000000000002,7.932980140681833,19.0766016,72.8786024,45.0
30.09,7.92460289253485,19.0766018,72.8786027,45.0
30.1,7.9162257270700325,19.076602,72.878603,45.0
30.11,7.907848653473985,19.0766022,72.87860330000001,45.0
30.12,7.899471680933179,19.0766024,72.8786036,45.0
30.13,7.891094818634006,19.0766026,72.8786039,45.0
30.14,7.882718075762716,19.0766028,72.8786042,45.0
30.150000000000002,7.874341461505436,19.076603000000002,72.87860450000001,45.0
30.16,7.865964985048148,19.0766032,72.8786048,45.0
30.17,7.8575886555766905,19.0766034,72.8786051,45.0
30.18,7.849212482276738,19.076603600000002,72.8786054,45.0
30.19,7.840836474333779,19.0766038,72.87860570000001,45.0
30.2,7.832460640933145,19.076604,72.878606,45.0
30.21,7.82408499125996,19.076604200000002,72.8786063,45.0
30.22,7.815709534499152,19.0766044,72.8786066,45.0
30.23,7.807334279835435,19.0766046,72.87860690000001,45.0
30.240000000000002,7.7989592364533,19.076604800000002,72.8786072,45.0
30.25,7.790584413537014,19.076605,72.8786075,45.0
30.26,7.782209820270597,19.0766052,72.8786078,45.0
30.27,7.773835465837818,19.076605400000002,72.87860810000001,45.0
30.28,7.765461359422171,19.0766056,72.8786084,45.0
30.29,7.757087510206911,19.0766058,72.8786087,45.0
30.3,7.748713927374976,19.076606,72.878609,45.0
30.310000000000002,7.7403406201090235,19.0766062,72.87860930000001,45.0
30.32,7.731967597591428,19.0766064,72.8786096,45.0
30.330000000000002,7.723594869004223,19.0766066,72.8786099,45.0
30.34,7.715222443529133,19.0766068,72.87861020000001,45.0
30.35,7.706850330347548,19.076607,72.87861050000001,45.0
30.36,7.698478538640526,19.0766072,72.8786108,45.0
30.37,7.690107077588749,19.0766074,72.8786111,45.0
30.38,7.681735956372565,19.0766076,72.87861140000001,45.0
30.39,7.67336518417192,19.0766078,72.87861170000001,45.0
30.400000000000002,7.664994770166404,19.076608,72.878612,45.0
30.41,7.656624723535197,19.0766082,72.8786123,45.0
30.42,7.648255053457082,19.0766084,72.87861260000001,45.0
30.43,7.639885769110426,19.0766086,72.87861290000001,45.0
30.44,7.631516879673182,19.0766088,72.8786132,45.0
30.45,7.623148394322862,19.076609,72.8786135,45.0
30.46,7.614780322236527,19.0766092,72.87861380000001,45.0
30.47,7.606412672590804,19.0766094,72.87861410000001,45.0
30.48,7.598045454561845,19.0766096,72.8786144,45.0
30.490000000000002,7.5896786773253275,19.0766098,72.8786147,45.0
30.5,7.581312350056452,19.076610000000002,72.87861500000001,45.0
30.51,7.5729464819299155,19.0766102,72.8786153,45.0
30.52,7.564581082119926,19.0766104,72.8786156,45.0
30.53,7.556216159800169,19.076610600000002,72.8786159,45.0
30.54,7.547851724143808,19.0766108,72.87861620000001,45.0
30.55,7.539487784323463,19.076611,72.8786165,45.0
30.560000000000002,7.531124349511226,19.076611200000002,72.8786168,45.0
30.57,7.522761428878637,19.0766114,72.8786171,45.0
30.580000000000002,7.514399031596648,19.0766116,72.87861740000001,45.0
30.59,7.5060371668356645,19.076611800000002,72.8786177,45.0
30.6,7.497675843765493,19.076612,72.878618,45.0
30.61,7.48931507155535,19.0766122,72.8786183,45.0
30.62,7.480954859373842,19.076612400000002,72.87861860000001,45.0
30.63,7.472595216388979,19.0766126,72.8786189,45.0
30.64,7.464236151768123,19.0766128,72.8786192,45.0
30.650000000000002,7.455877674678014,19.076613000000002,72.8786195,45.0
30.66,7.447519794284753,19.0766132,72.87861980000001,45.0
30.67,7.439162519753778,19.0766134,72.8786201,45.0
30.68,7.4308058602498654,19.0766136,72.8786204,45.0
30.69,7.422449824937116,19.0766138,72.8786207,45.0
30.7,7.414094422978948,19.076614,72.87862100000001,45.0
30.71,7.40573966353808,19.0766142,72.8786213,45.0
30.72,7.397385555776541,19.0766144,72.8786216,45.0
30.73,7.3890321088556234,19.0766146,72.8786219,45.0
30.740000000000002,7.380679331935903,19.0766148,72.87862220000001,45.0
30.75,7.3723272341772415,19.076615,72.8786225,45.0
30.76,7.3639758247387235,19.0766152,72.8786228,45.0
30.77,7.355625112778697,19.0766154,72.8786231,45.0
30.78,7.347275107454738,19.0766156,72.87862340000001,45.0
30.79,7.338925817923663,19.0766158,72.8786237,45.0
30.8,7.330577253341476,19.076616,72.878624,45.0
30.810000000000002,7.322229422863409,19.0766162,72.8786243,45.0
30.82,7.31388233564389,19.0766164,72.87862460000001,45.0
30.830000000000002,7.305536000836508,19.0766166,72.8786249,45.0
30.84,7.297190427594057,19.0766168,72.8786252,45.0
30.85,7.288845625068467,19.076617,72.8786255,45.0
30.86,7.280501602410848,19.0766172,72.87862580000001,45.0
30.87,7.272158368771441,19.0766174,72.8786261,45.0
30.88,7.263815933299627,19.076617600000002,72.8786264,45.0
30.89,7.255474305143896,19.0766178,72.8786267,45.0
30.900000000000002,7.247133493451884,19.076618,72.87862700000001,45.0
30.91,7.238793507370309,19.076618200000002,72.8786273,45.0
30.92,7.230454356044978,19.0766184,72.8786276,45.0
30.93,7.222116048620805,19.0766186,72.8786279,45.0
30.94,7.213778594241761,19.076618800000002,72.87862820000001,45.0
30.95,7.205442002050889,19.076619,72.8786285,45.0
30.96,7.197106281190282,19.0766192,72.8786288,45.0
30.970000000000002,7.188771440801078,19.076619400000002,72.8786291,45.0
30.98,7.180437490023459,19.0766196,72.87862940000001,45.0
30.990000000000002,7.1721044379966195,19.0766198,72.8786297,45.0
31.0,7.163772293858775,19.076620000000002,72.87863,45.0
31.01,7.1554410667471355,19.0766202,72.8786303,45.0
31.02,7.147110765797922,19.0766204,72.87863060000001,45.0
31.03,7.138781400146327,19.076620600000002,72.8786309,45.0
31.04,7.130452978926521,19.0766208,72.8786312,45.0
31.05,7.122125511271637,19.076621,72.8786315,45.0
31.060000000000002,7.11379900631377,19.0766212,72.87863180000001,45.0
31.07,7.105473473183951,19.0766214,72.8786321,45.0
31.080000000000002,7.097148921012144,19.0766216,72.8786324,45.0
31.09,7.0888253589272505,19.0766218,72.87863270000001,45.0
31.1,7.080502796057068,19.076622,72.87863300000001,45.0
31.11,7.072181241528311,19.0766222,72.8786333,45.0
31.12,7.063860704466579,19.0766224,72.8786336,45.0
31.13,7.05554119399637,19.0766226,72.87863390000001,45.0
31.14,7.047222719241042,19.0766228,72.87863420000001,45.0
31.150000000000002,7.038905289322824,19.076623,72.8786345,45.0
31.16,7.030588913362797,19.0766232,72.8786348,45.0
31.17,7.022273600480883,19.0766234,72.87863510000001,45.0
31.18,7.0139593597958525,19.0766236,72.87863540000001,45.0
31.19,7.005646200425281,19.0766238,72.8786357,45.0
31.2,6.997334131485566,19.076624,72.878636,45.0
31.21,6.989023162091916,19.0766242,72.87863630000001,45.0
31.220000000000002,6.980713301358327,19.0766244,72.87863660000001,45.0
31.23,6.972404558397578,19.0766246,72.8786369,45.0
31.240000000000002,6.9640969423212224,19.0766248,72.8786372,45.0
31.25,6.955790462239589,19.076625,72.87863750000001,45.0
31.26,6.947485127261739,19.076625200000002,72.8786378,45.0
31.27,6.939180946495504,19.0766254,72.8786381,45.0
31.28,6.930877929047422,19.0766256,72.8786384,45.0
31.29,6.92257608402278,19.076625800000002,72.87863870000001,45.0
31.3,6.914275420525566,19.076626,72.878639,45.0
31.310000000000002,6.905975947658476,19.0766262,72.8786393,45.0
31.32,6.897677674522894,19.076626400000002,72.8786396,45.0
31.330000000000002,6.889380610218903,19.0766266,72.87863990000001,45.0
31.34,6.881084763845251,19.0766268,72.8786402,45.0
31.35,6.872790144499335,19.076627000000002,72.8786405,45.0
31.36,6.864496761277246,19.0766272,72.8786408,45.0
31.37,6.856204623273679,19.0766274,72.87864110000001,45.0
31.38,6.847913739581984,19.076627600000002,72.8786414,45.0
31.39,6.83962411929413,19.0766278,72.8786417,45.0
31.400000000000002,6.831335771500706,19.076628,72.878642,45.0
31.41,6.823048705290901,19.076628200000002,72.87864230000001,45.0
31.42,6.814762929752497,19.0766284,72.8786426,45.0
31.43,6.806478453971864,19.0766286,72.8786429,45.0
31.44,6.798195287033941,19.0766288,72.8786432,45.0
31.45,6.789913438022248,19.076629,72.87864350000001,45.0
31.46,6.781632916018837,19.0766292,72.8786438,45.0
31.470000000000002,6.773353730104315,19.0766294,72.8786441,45.0
31.48,6.765075889357831,19.0766296,72.8786444,45.0
31.490000000000002,6.75679940285705,19.0766298,72.87864470000001,45.0
31.5,6.748524279678154,19.07663,72.878645,45.0
31.51,6.740250528895826,19.0766302,72.8786453,45.0
31.52,6.73197815958326,19.0766304,72.8786456,45.0
31.53,6.7237071808121085,19.0766306,72.87864590000001,45.0
31.54,6.7154376016525275,19.0766308,72.8786462,45.0
31.55,6.707169431173111,19.076631,72.8786465,45.0
31.560000000000002,6.698902678440932,19.0766312,72.8786468,45.0
31.57,6.690637352521494,19.0766314,72.87864710000001,45.0
31.580000000000002,6.6823734624787425,19.0766316,72.8786474,45.0
31.59,6.674111017375041,19.0766318,72.8786477,45.0
31.6,6.6658500262711815,19.076632,72.878648,45.0
31.61,6.657590498226352,19.0766322,72.87864830000001,45.0
31.62,6.649332442298133,19.0766324,72.8786486,45.0
31.63,6.641075867542494,19.0766326,72.8786489,45.0
31.64,6.632820783013788,19.076632800000002,72.8786492,45.0
31.650000000000002,6.624567197764725,19.076633,72.87864950000001,45.0
31.66,6.6163151208463695,19.0766332,72.8786498,45.0
31.67,6.608064561308143,19.076633400000002,72.8786501,45.0
31.68,6.599815528197791,19.0766336,72.8786504,45.0
31.69,6.591568030561391,19.0766338,72.87865070000001,45.0
31.7,6.583322077443334,19.076634000000002,72.878651,45.0
31.71,6.57507767788632,19.0766342,72.8786513,45.0
31.720000000000002,6.56683484093134,19.0766344,72.8786516,45.0
31.73,6.558593575617685,19.076634600000002,72.87865190000001,45.0
31.740000000000002,6.5503538909829,19.0766348,72.8786522,45.0
31.75,6.54211579606282,19.076635,72.8786525,45.0
31.76,6.533879299891522,19.076635200000002,72.8786528,45.0
31.77,6.525644411501338,19.0766354,72.87865310000001,45.0
31.78,6.517411139922818,19.0766356,72.8786534,45.0
31.79,6.509179494184775,19.076635800000002,72.8786537,45.0
31.8,6.500949483314205,19.076636,72.878654,45.0
31.810000000000002,6.492721116336323,19.0766362,72.87865430000001,45.0
31.82,6.484494402274549,19.0766364,72.8786546,45.0
31.830000000000002,6.476269350150481,19.0766366,72.8786549,45.0
31.84,6.468045968983897,19.0766368,72.87865520000001,45.0
31.85,6.459824267792742,19.076637,72.87865550000001,45.0
31.86,6.45160425559312,19.0766372,72.8786558,45.0
31.87,6.443385941399279,19.0766374,72.8786561,45.0
31.88,6.435169334223618,19.0766376,72.87865640000001,45.0
31.89,6.426954443076643,19.0766378,72.87865670000001,45.0
31.900000000000002,6.418741276966988,19.076638,72.878657,45.0
31.91,6.410529844901412,19.0766382,72.8786573,45.0
31.92,6.402320155884746,19.0766384,72.87865760000001,45.0
31.93,6.394112218919917,19.0766386,72.87865790000001,45.0
31.94,6.385906043007944,19.0766388,72.8786582,45.0
31.95,6.377701637147903,19.076639,72.8786585,45.0
31.96,6.369499010336923,19.0766392,72.87865880000001,45.0
31.970000000000002,6.361298171570194,19.0766394,72.87865910000001,45.0
31.98,6.353099129840951,19.0766396,72.8786594,45.0
31.990000000000002,6.344901894140433,19.0766398,72.8786597,45.0
32.0,6.3367064734579275,19.07664,72.87866000000001,45.0
32.01,6.328512876780709,19.0766402,72.8786603,45.0
32.02,6.32032111309406,19.076640400000002,72.8786606,45.0
32.03,6.312131191381262,19.0766406,72.8786609,45.0
32.04,6.3039431206235665,19.0766408,72.87866120000001,45.0
32.05,6.295756909800189,19.076641000000002,72.8786615,45.0
32.06,6.287572567888318,19.0766412,72.8786618,45.0
32.07,6.279390103863095,19.0766414,72.8786621,45.0
32.08,6.271209526697586,19.076641600000002,72.87866240000001,45.0
32.09,6.263030845362793,19.0766418,72.8786627,45.0
32.1,6.25485406882766,19.076642,72.878663,45.0
32.11,6.246679206059011,19.076642200000002,72.8786633,45.0
32.12,6.238506266021592,19.0766424,72.87866360000001,45.0
32.13,6.230335257678021,19.0766426,72.8786639,45.0
32.14,6.222166189988828,19.076642800000002,72.8786642,45.0
32.15,6.213999071912392,19.076643,72.8786645,45.0
32.160000000000004,6.205833912404946,19.0766432,72.87866480000001,45.0
32.17,6.1976707204206125,19.076643400000002,72.8786651,45.0
32.18,6.189509504911314,19.0766436,72.8786654,45.0
32.19,6.181350274826833,19.0766438,72.8786657,45.0
32.2,6.173193039114753,19.076644,72.87866600000001,45.0
32.21,6.165037806720498,19.0766442,72.8786663,45.0
32.22,6.156884586587278,19.0766444,72.8786666,45.0
32.230000000000004,6.148733387656089,19.0766446,72.8786669,45.0
32.24,6.140584218865725,19.0766448,72.87866720000001,45.0
32.25,6.1324370891527575,19.076645,72.8786675,45.0
32.26,6.124292007451502,19.0766452,72.8786678,45.0
32.27,6.116148982694039,19.0766454,72.8786681,45.0
32.28,6.108008023810202,19.0766456,72.87866840000001,45.0
32.29,6.099869139727545,19.0766458,72.8786687,45.0
32.3,6.091732339371356,19.076646,72.878669,45.0
32.31,6.083597631664626,19.0766462,72.8786693,45.0
32.32,6.075465025528068,19.0766464,72.87866960000001,45.0
32.33,6.067334529880078,19.0766466,72.8786699,45.0
32.34,6.059206153636739,19.0766468,72.8786702,45.0
32.35,6.0510799057118225,19.076647,72.8786705,45.0
32.36,6.042955795016741,19.0766472,72.87867080000001,45.0
32.37,6.034833830460593,19.0766474,72.8786711,45.0
32.38,6.026714020950093,19.0766476,72.8786714,45.0
32.39,6.01859637538962,19.0766478,72.8786717,45.0
32.4,6.010480902681163,19.076648000000002,72.87867200000001,45.0
32.410000000000004,6.00236761172433,19.0766482,72.8786723,45.0
32.42,5.994256511416346,19.0766484,72.8786726,45.0
32.43,5.986147610652027,19.076648600000002,72.8786729,45.0
32.44,5.9780409183237655,19.0766488,72.87867320000001,45.0
32.45,5.9699364433215525,19.076649,72.8786735,45.0
32.46,5.961834194532944,19.076649200000002,72.8786738,45.0
32.47,5.953734180843043,19.0766494,72.8786741,45.0
32.480000000000004,5.945636411134497,19.0766496,72.87867440000001,45.0
32.49,5.937540894287521,19.076649800000002,72.8786747,45.0
32.5,5.929447639179838,19.07665,72.878675,45.0
32.51,5.921356654686683,19.0766502,72.8786753,45.0
32.52,5.913267949680822,19.076650400000002,72.87867560000001,45.0
32.53,5.905181533032517,19.0766506,72.8786759,45.0
32.54,5.897097413609506,19.0766508,72.8786762,45.0
32.55,5.88901560027702,19.076651000000002,72.8786765,45.0
32.56,5.8809361018977535,19.0766512,72.87867680000001,45.0
32.57,5.872858927331876,19.0766514,72.8786771,45.0
32.58,5.864784085437,19.0766516,72.8786774,45.0
32.59,5.8567115850681635,19.0766518,72.87867770000001,45.0
32.6,5.848641435077873,19.076652,72.87867800000001,45.0
32.61,5.840573644316031,19.0766522,72.8786783,45.0
32.62,5.832508221629959,19.0766524,72.8786786,45.0
32.63,5.824445175864369,19.0766526,72.87867890000001,45.0
32.64,5.816384515861398,19.0766528,72.87867920000001,45.0
32.65,5.808326250460544,19.076653,72.8786795,45.0
32.660000000000004,5.800270388498673,19.0766532,72.8786798,45.0
32.67,5.792216938810032,19.0766534,72.87868010000001,45.0
32.68,5.784165910226223,19.0766536,72.87868040000001,45.0
32.69,5.776117311576176,19.0766538,72.8786807,45.0
32.7,5.768071151686162,19.076654,72.878681,45.0
32.71,5.7600274393798,19.0766542,72.87868130000001,45.0
32.72,5.751986183477992,19.0766544,72.87868160000001,45.0
32.730000000000004,5.743947392798962,19.0766546,72.8786819,45.0
32.74,5.735911076158237,19.0766548,72.8786822,45.0
32.75,5.727877242368618,19.076655,72.87868250000001,45.0
32.76,5.719845900240194,19.0766552,72.8786828,45.0
32.77,5.711817058580305,19.0766554,72.8786831,45.0
32.78,5.703790726193572,19.076655600000002,72.8786834,45.0
32.79,5.695766911881847,19.0766558,72.87868370000001,45.0
32.8,5.687745624444232,19.076656,72.878684,45.0
32.81,5.6797268726770405,19.076656200000002,72.8786843,45.0
32.82,5.6717106653738245,19.0766564,72.8786846,45.0
32.83,5.663697011325343,19.0766566,72.87868490000001,45.0
32.84,5.655685919319541,19.076656800000002,72.8786852,45.0
32.85,5.647677398141569,19.076657,72.8786855,45.0
32.86,5.639671456573751,19.0766572,72.8786858,45.0
32.87,5.631668103395582,19.076657400000002,72.87868610000001,45.0
32.88,5.623667347383719,19.0766576,72.8786864,45.0
32.89,5.6156691973119806,19.0766578,72.8786867,45.0
32.9,5.607673661951306,19.076658000000002,72.878687,45.0
32.910000000000004,5.599680750069787,19.0766582,72.87868730000001,45.0
32.92,5.591690470432637,19.0766584,72.8786876,45.0
32.93,5.583702831802172,19.076658600000002,72.8786879,45.0
32.94,5.575717842937809,19.0766588,72.8786882,45.0
32.95,5.567735512596077,19.076659,72.87868850000001,45.0
32.96,5.559755849530582,19.0766592,72.8786888,45.0
32.97,5.551778862491997,19.0766594,72.8786891,45.0
32.980000000000004,5.543804560228061,19.0766596,72.8786894,45.0
32.99,5.535832951483592,19.0766598,72.87868970000001,45.0
33.0,5.527864045000422,19.07666,72.87869,45.0
33.01,5.519897849517441,19.0766602,72.8786903,45.0
33.02,5.511934373770545,19.0766604,72.8786906,45.0
33.03,5.50397362649268,19.0766606,72.87869090000001,45.0
33.04,5.496015616413778,19.0766608,72.8786912,45.0
33.05,5.48806035226076,19.076661,72.8786915,45.0
33.06,5.480107842757558,19.0766612,72.8786918,45.0
33.07,5.472158096625081,19.0766614,72.87869210000001,45.0
33.08,5.464211122581191,19.0766616,72.8786924,45.0
33.09,5.456266929340711,19.0766618,72.8786927,45.0
33.1,5.44832552561544,19.076662,72.878693,45.0
33.11,5.440386920114095,19.0766622,72.87869330000001,45.0
33.12,5.432451121542328,19.0766624,72.8786936,45.0
33.13,5.424518138602708,19.0766626,72.8786939,45.0
33.14,5.416587979994741,19.0766628,72.8786942,45.0
33.15,5.408660654414806,19.076663,72.87869450000001,45.0
33.160000000000004,5.400736170556187,19.076663200000002,72.8786948,45.0
33.17,5.392814537109059,19.0766634,72.8786951,45.0
33.18,5.3848957627604594,19.0766636,72.8786954,45.0
33.19,5.376979856194302,19.076663800000002,72.87869570000001,45.0
33.2,5.369066826091335,19.076664,72.878696,45.0
33.21,5.3611566811291755,19.0766642,72.8786963,45.0
33.22,5.353249429982272,19.076664400000002,72.8786966,45.0
33.230000000000004,5.3453450813218835,19.0766646,72.87869690000001,45.0
33.24,5.33744364381611,19.0766648,72.8786972,45.0
33.25,5.329545126129832,19.076665000000002,72.8786975,45.0
33.26,5.321649536924758,19.0766652,72.8786978,45.0
33.27,5.313756884859355,19.0766654,72.87869810000001,45.0
33.28,5.305867178588892,19.076665600000002,72.8786984,45.0
33.29,5.297980426765403,19.0766658,72.8786987,45.0
33.3,5.290096638037671,19.076666,72.878699,45.0
33.31,5.282215821051237,19.076666200000002,72.87869930000001,45.0
33.32,5.274337984448387,19.0766664,72.8786996,45.0
33.33,5.2664631368681345,19.0766666,72.8786999,45.0
33.34,5.25859128694621,19.0766668,72.8787002,45.0
33.35,5.250722443315073,19.076667,72.87870050000001,45.0
33.36,5.242856614603863,19.0766672,72.8787008,45.0
33.37,5.234993809438436,19.0766674,72.8787011,45.0
33.38,5.227134036441312,19.0766676,72.87870140000001,45.0
33.39,5.219277304231707,19.0766678,72.87870170000001,45.0
33.4,5.211423621425479,19.076668,72.878702,45.0
33.410000000000004,5.20357299663516,19.0766682,72.8787023,45.0
33.42,5.19572543846993,19.0766684,72.87870260000001,45.0
33.43,5.187880955535587,19.0766686,72.87870290000001,45.0
33.44,5.180039556434574,19.0766688,72.8787032,45.0
33.45,5.172201249765942,19.076669,72.8787035,45.0
33.46,5.164366044125363,19.0766692,72.87870380000001,45.0
33.47,5.1565339481051,19.0766694,72.87870410000001,45.0
33.480000000000004,5.148704970293992,19.0766696,72.8787044,45.0
33.49,5.140879119277492,19.0766698,72.8787047,45.0
33.5,5.1330564036376,19.07667,72.87870500000001,45.0
33.51,5.125236831952877,19.0766702,72.87870530000001,45.0
33.52,5.117420412798439,19.0766704,72.8787056,45.0
33.53,5.109607154745964,19.0766706,72.8787059,45.0
33.54,5.1017970663636385,19.076670800000002,72.87870620000001,45.0
33.55,5.093990156216178,19.076671,72.8787065,45.0
33.56,5.086186432864813,19.0766712,72.8787068,45.0
33.57,5.0783859048673,19.076671400000002,72.8787071,45.0
33.58,5.07058858077786,19.0766716,72.87870740000001,45.0
33.59,5.062794469147215,19.0766718,72.8787077,45.0
33.6,5.055003578522577,19.076672000000002,72.878708,45.0
33.61,5.0472159174476,19.0766722,72.8787083,45.0
33.62,5.039431494462418,19.0766724,72.87870860000001,45.0
33.63,5.0316503181035905,19.076672600000002,72.8787089,45.0
33.64,5.023872396904148,19.0766728,72.8787092,45.0
33.65,5.0160977393935315,19.076673,72.8787095,45.0
33.660000000000004,5.008326354097596,19.076673200000002,72.87870980000001,45.0
33.67,5.000558249538626,19.0766734,72.8787101,45.0
33.68,4.992793434235307,19.0766736,72.8787104,45.0
33.69,4.985031916702703,19.076673800000002,72.8787107,45.0
33.7,4.977273705452262,19.076674,72.87871100000001,45.0
33.71,4.969518808991828,19.0766742,72.8787113,45.0
33.72,4.961767235825594,19.0766744,72.8787116,45.0
33.730000000000004,4.9540189944541,19.0766746,72.8787119,45.0
33.74,4.946274093374253,19.0766748,72.87871220000001,45.0
33.75,4.938532541079283,19.076675,72.8787125,45.0
33.76,4.930794346058751,19.0766752,72.8787128,45.0
33.77,4.923059516798534,19.0766754,72.8787131,45.0
33.78,4.91532806178083,19.0766756,72.87871340000001,45.0
33.79,4.9075999894841145,19.0766758,72.8787137,45.0
33.8,4.89987530838318,19.076676,72.878714,45.0
33.81,4.892154026949072,19.0766762,72.8787143,45.0
33.82,4.88443615364913,19.0766764,72.87871460000001,45.0
33.83,4.876721696946954,19.0766766,72.8787149,45.0
33.84,4.86901066530238,19.0766768,72.8787152,45.0
33.85,4.861303067171507,19.076677,72.8787155,45.0
33.86,4.853598911006661,19.0766772,72.87871580000001,45.0
33.87,4.845898205256395,19.0766774,72.8787161,45.0
33.88,4.838200958365469,19.0766776,72.8787164,45.0
33.89,4.830507178774866,19.0766778,72.8787167,45.0
33.9,4.822816874921757,19.076678,72.87871700000001,45.0
33.910000000000004,4.815130055239498,19.0766782,72.8787173,45.0
33.92,4.807446728157638,19.076678400000002,72.8787176,45.0
33.93,4.799766902101885,19.0766786,72.8787179,45.0
33.94,4.792090585494101,19.0766788,72.87871820000001,45.0
33.95,4.784417786752316,19.076679000000002,72.8787185,45.0
33.96,4.7767485142907,19.0766792,72.8787188,45.0
33.97,4.769082776519541,19.0766794,72.8787191,45.0
33.980000000000004,4.761420581845257,19.076679600000002,72.87871940000001,45.0
33.99,4.753761938670399,19.0766798,72.8787197,45.0
34.0,4.746106855393599,19.07668,72.87872,45.0
34.01,4.738455340409596,19.076680200000002,72.8787203,45.0
34.02,4.730807402109205,19.0766804,72.87872060000001,45.0
34.03,4.723163048879346,19.0766806,72.8787209,45.0
34.04,4.715522289102978,19.076680800000002,72.8787212,45.0
34.05,4.707885131159135,19.076681,72.8787215,45.0
34.06,4.700251583422887,19.0766812,72.87872180000001,45.0
34.07,4.692621654265368,19.076681400000002,72.8787221,45.0
34.08,4.684995352053731,19.0766816,72.8787224,45.0
34.09,4.677372685151136,19.0766818,72.8787227,45.0
34.1,4.669753661916789,19.076682,72.87872300000001,45.0
34.11,4.6621382907058795,19.0766822,72.8787233,45.0
34.12,4.65452657986959,19.0766824,72.8787236,45.0
34.13,4.6469185377550914,19.0766826,72.87872390000001,45.0
34.14,4.63931417270555,19.0766828,72.87872420000001,45.0
34.15,4.631713493060076,19.076683,72.8787245,45.0
34.160000000000004,4.624116507153735,19.0766832,72.8787248,45.0
34.17,4.616523223317572,19.0766834,72.87872510000001,45.0
34.18,4.60893364987855,19.0766836,72.87872540000001,45.0
34.19,4.601347795159558,19.0766838,72.8787257,45.0
34.2,4.593765667479419,19.076684,72.878726,45.0
34.21,4.58618727515287,19.0766842,72.87872630000001,45.0
34.22,4.5786126264905445,19.0766844,72.87872660000001,45.0
34.230000000000004,4.571041729798971,19.0766846,72.8787269,45.0
34.24,4.563474593380576,19.0766848,72.8787272,45.0
34.25,4.555911225533638,19.076685,72.87872750000001,45.0
34.26,4.548351634552331,19.0766852,72.87872780000001,45.0
34.27,4.54079582872666,19.0766854,72.8787281,45.0
34.28,4.5332438163425035,19.0766856,72.8787284,45.0
34.29,4.525695605681564,19.0766858,72.87872870000001,45.0
34.300000000000004,4.518151205021378,19.076686000000002,72.878729,45.0
34.31,4.510610622635312,19.0766862,72.8787293,45.0
34.32,4.503073866792539,19.0766864,72.8787296,45.0
34.33,4.495540945758029,19.076686600000002,72.87872990000001,45.0
34.34,4.4880118677925545,19.0766868,72.8787302,45.0
34.35,4.480486641152679,19.076687,72.8787305,45.0
34.36,4.472965274090736,19.076687200000002,72.8787308,45.0
34.37,4.465447774854816,19.0766874,72.87873110000001,45.0
34.38,4.457934151688786,19.0766876,72.8787314,45.0
34.39,4.4504244128322625,19.076687800000002,72.8787317,45.0
34.4,4.4429185665205795,19.076688,72.878732,45.0
34.410000000000004,4.435416620984826,19.0766882,72.87873230000001,45.0
34.42,4.427918584451811,19.076688400000002,72.8787326,45.0
34.43,4.420424465144043,19.0766886,72.8787329,45.0
34.44,4.4129342712797435,19.0766888,72.8787332,45.0
34.45,4.405448011072826,19.076689000000002,72.87873350000001,45.0
34.46,4.3979656927329,19.0766892,72.8787338,45.0
34.47,4.3904873244652425,19.0766894,72.8787341,45.0
34.480000000000004,4.383012914470791,19.0766896,72.8787344,45.0
34.49,4.37554247094617,19.0766898,72.87873470000001,45.0
34.5,4.368076002083627,19.07669,72.878735,45.0
34.51,4.360613516071063,19.0766902,72.8787353,45.0
34.52,4.3531550210919985,19.0766904,72.8787356,45.0
34.53,4.345700525325603,19.0766906,72.87873590000001,45.0
34.54,4.338250036946643,19.0766908,72.8787362,45.0
34.550000000000004,4.33080356412548,19.076691,72.8787365,45.0
34.56,4.323361115028095,19.0766912,72.8787368,45.0
34.57,4.315922697816049,19.0766914,72.87873710000001,45.0
34.58,4.30848832064647,19.0766916,72.8787374,45.0
34.59,4.301057991672062,19.0766918,72.8787377,45.0
34.6,4.293631719041105,19.076692,72.878738,45.0
34.61,4.286209510897407,19.0766922,72.87873830000001,45.0
34.62,4.278791375380337,19.0766924,72.8787386,45.0
34.63,4.271377320624774,19.0766926,72.8787389,45.0
34.64,4.263967354761158,19.0766928,72.8787392,45.0
34.65,4.256561485915414,19.076693,72.87873950000001,45.0
34.660000000000004,4.249159722208985,19.0766932,72.8787398,45.0
34.67,4.241762071758817,19.0766934,72.8787401,45.0
34.68,4.234368542677339,19.076693600000002,72.8787404,45.0
34.69,4.226979143072466,19.0766938,72.87874070000001,45.0
34.7,4.219593881047569,19.076694,72.878741,45.0
34.71,4.212212764701501,19.076694200000002,72.8787413,45.0
34.72,4.204835802128567,19.0766944,72.8787416,45.0
34.730000000000004,4.1974630014185,19.0766946,72.87874190000001,45.0
34.74,4.190094370656487,19.076694800000002,72.8787422,45.0
34.75,4.182729917923133,19.076695,72.8787425,45.0
34.76,4.175369651294464,19.0766952,72.8787428,45.0
34.77,4.16801357884191,19.076695400000002,72.87874310000001,45.0
34.78,4.1606617086323165,19.0766956,72.8787434,45.0
34.79,4.1533140487279026,19.0766958,72.8787437,45.0
34.800000000000004,4.1459706071862765,19.076696000000002,72.878744,45.0
34.81,4.1386313920604305,19.0766962,72.87874430000001,45.0
34.82,4.131296411398711,19.0766964,72.8787446,45.0
34.83,4.123965673244816,19.076696600000002,72.8787449,45.0
34.84,4.116639185637807,19.0766968,72.8787452,45.0
34.85,4.109316956612077,19.076697,72.87874550000001,45.0
34.86,4.101998994197343,19.0766972,72.8787458,45.0
34.87,4.094685306418651,19.0766974,72.8787461,45.0
34.88,4.087375901296349,19.0766976,72.87874640000001,45.0
34.89,4.0800707868461075,19.0766978,72.87874670000001,45.0
34.9,4.072769971078877,19.076698,72.878747,45.0
34.910000000000004,4.065473462000886,19.0766982,72.8787473,45.0
34.92,4.058181267613666,19.0766984,72.87874760000001,45.0
34.93,4.050893395914,19.0766986,72.87874790000001,45.0
34.94,4.043609854893928,19.0766988,72.8787482,45.0
34.95,4.036330652540739,19.076699,72.8787485,45.0
34.96,4.029055796836985,19.0766992,72.87874880000001,45.0
34.97,4.021785295760435,19.0766994,72.87874910000001,45.0
34.980000000000004,4.014519157284072,19.0766996,72.8787494,45.0
34.99,4.007257389376122,19.0766998,72.8787497,45.0
35.0,4.000000000000002,19.0767,72.87875000000001,45.0
35.01,3.992746997114323,19.0767002,72.87875030000001,45.0
35.02,3.985498388672889,19.0767004,72.8787506,45.0
35.03,3.9782541826247035,19.0767006,72.8787509,45.0
35.04,3.9710143869139145,19.0767008,72.87875120000001,45.0
35.050000000000004,3.963779009479844,19.076701,72.8787515,45.0
35.06,3.9565480582569785,19.076701200000002,72.8787518,45.0
35.07,3.949321541174939,19.0767014,72.8787521,45.0
35.08,3.9420994661584903,19.0767016,72.87875240000001,45.0
35.09,3.9348818411275133,19.076701800000002,72.8787527,45.0
35.1,3.9276686739970303,19.076702,72.878753,45.0
35.11,3.9204599726771576,19.0767022,72.8787533,45.0
35.12,3.9132557450731253,19.076702400000002,72.87875360000001,45.0
35.13,3.9060559990852424,19.0767026,72.8787539,45.0
35.14,3.8988607426089184,19.0767028,72.8787542,45.0
35.15,3.8916699835346416,19.076703000000002,72.8787545,45.0
35.160000000000004,3.8844837297479486,19.0767032,72.87875480000001,45.0
35.17,3.877301989129453,19.0767034,72.8787551,45.0
35.18,3.8701247695548204,19.076703600000002,72.8787554,45.0
35.19,3.862952078894744,19.0767038,72.8787557,45.0
35.2,3.855783925014957,19.076704,72.87875600000001,45.0
35.21,3.848620315776226,19.076704200000002,72.8787563,45.0
35.22,3.8414612590343236,19.0767044,72.8787566,45.0
35.230000000000004,3.834306762640031,19.0767046,72.8787569,45.0
35.24,3.827156834439138,19.0767048,72.87875720000001,45.0
35.25,3.8200114822724105,19.076705,72.8787575,45.0
35.26,3.812870713975604,19.0767052,72.8787578,45.0
35.27,3.805734537379446,19.0767054,72.8787581,45.0
35.28,3.798602960309637,19.0767056,72.87875840000001,45.0
35.29,3.7914759905868127,19.0767058,72.8787587,45.0
35.300000000000004,3.7843536360265766,19.076706,72.878759,45.0
35.31,3.777235904439469,19.0767062,72.8787593,45.0
35.32,3.7701228036309473,19.0767064,72.87875960000001,45.0
35.33,3.7630143414014006,19.0767066,72.8787599,45.0
35.34,3.7559105255461267,19.0767068,72.8787602,45.0
35.35,3.748811363855336,19.076707,72.8787605,45.0
35.36,3.7417168641141316,19.0767072,72.87876080000001,45.0
35.37,3.734627034102491,19.0767074,72.8787611,45.0
35.38,3.7275418815952897,19.0767076,72.8787614,45.0
35.39,3.720461414362272,19.0767078,72.8787617,45.0
35.4,3.713385640168032,19.076708,72.87876200000001,45.0
35.410000000000004,3.706314566772014,19.0767082,72.8787623,45.0
35.42,3.6992482019285333,19.0767084,72.8787626,45.0
35.43,3.6921865533867217,19.0767086,72.8787629,45.0
35.44,3.685129628890536,19.076708800000002,72.87876320000001,45.0
35.45,3.678077436178757,19.076709,72.8787635,45.0
35.46,3.6710299829849946,19.0767092,72.8787638,45.0
35.47,3.6639872770376316,19.076709400000002,72.8787641,45.0
35.480000000000004,3.6569493260598565,19.0767096,72.87876440000001,45.0
35.49,3.64991613776966,19.0767098,72.8787647,45.0
35.5,3.6428877198797833,19.076710000000002,72.878765,45.0
35.51,3.635864080097755,19.0767102,72.8787653,45.0
35.52,3.6288452261258453,19.0767104,72.87876560000001,45.0
35.53,3.621831165661103,19.076710600000002,72.8787659,45.0
35.54,3.614821906395301,19.0767108,72.8787662,45.0
35.550000000000004,3.6078174560149456,19.076711,72.8787665,45.0
35.56,3.6008178222012814,19.076711200000002,72.87876680000001,45.0
35.57,3.5938230126302635,19.0767114,72.8787671,45.0
35.58,3.5868330349725612,19.0767116,72.8787674,45.0
35.59,3.5798478968935337,19.0767118,72.8787677,45.0
35.6,3.5728676060532454,19.076712,72.87876800000001,45.0
35.61,3.5658921701064497,19.0767122,72.8787683,45.0
35.62,3.5589215967025556,19.0767124,72.8787686,45.0
35.63,3.551955893485653,19.0767126,72.87876890000001,45.0
35.64,3.5449950680944964,19.0767128,72.87876920000001,45.0
35.65,3.5380391281624792,19.076713,72.8787695,45.0
35.660000000000004,3.531088081317641,19.0767132,72.8787698,45.0
35.67,3.5241419351826657,19.0767134,72.87877010000001,45.0
35.68,3.517200697374842,19.0767136,72.87877040000001,45.0
35.69,3.5102643755060994,19.0767138,72.8787707,45.0
35.7,3.5033329771829553,19.076714,72.878771,45.0
35.71,3.4964065100065476,19.0767142,72.87877130000001,45.0
35.72,3.489484981572587,19.0767144,72.87877160000001,45.0
35.730000000000004,3.482568399471382,19.0767146,72.8787719,45.0
35.74,3.4756567712878192,19.0767148,72.8787722,45.0
35.75,3.4687501046013365,19.076715,72.87877250000001,45.0
35.76,3.4618484069859505,19.0767152,72.87877280000001,45.0
35.77,3.454951686010208,19.0767154,72.8787731,45.0
35.78,3.4480599492372175,19.0767156,72.8787734,45.0
35.79,3.4411732042246106,19.0767158,72.87877370000001,45.0
35.800000000000004,3.4342914585245445,19.076716,72.878774,45.0
35.81,3.4274147196837035,19.0767162,72.8787743,45.0
35.82,3.4205429952432747,19.076716400000002,72.8787746,45.0
35.83,3.4136762927389377,19.0767166,72.87877490000001,45.0
35.84,3.4068146197008797,19.0767168,72.8787752,45.0
35.85,3.3999579836537723,19.076717000000002,72.8787755,45.0
35.86,3.393106392116751,19.0767172,72.8787758,45.0
35.87,3.3862598526034207,19.0767174,72.87877610000001,45.0
35.88,3.379418372621858,19.076717600000002,72.8787764,45.0
35.89,3.37258195967459,19.0767178,72.8787767,45.0
35.9,3.365750621258572,19.076718,72.878777,45.0
35.910000000000004,3.358924364865202,19.076718200000002,72.87877730000001,45.0
35.92,3.3521031979803224,19.0767184,72.8787776,45.0
35.93,3.3452871280841663,19.0767186,72.8787779,45.0
35.94,3.3384761626513955,19.076718800000002,72.8787782,45.0
35.95,3.3316703091510584,19.076719,72.87877850000001,45.0
35.96,3.3248695750466224,19.0767192,72.8787788,45.0
35.97,3.3180739677959217,19.0767194,72.8787791,45.0
35.980000000000004,3.311283494851163,19.0767196,72.8787794,45.0
35.99,3.3044981636589466,19.0767198,72.87877970000001,45.0
36.0,3.297717981660216,19.07672,72.87878,45.0
36.01,3.2909429562902703,19.0767202,72.8787803,45.0
36.02,3.2841730949787467,19.0767204,72.8787806,45.0
36.03,3.277408405149643,19.0767206,72.87878090000001,45.0
36.04,3.2706488942212673,19.0767208,72.8787812,45.0
36.050000000000004,3.2638945696062436,19.076721,72.8787815,45.0
36.06,3.2571454387115235,19.0767212,72.8787818,45.0
36.07,3.2504015089383618,19.0767214,72.87878210000001,45.0
36.08,3.243662787682296,19.0767216,72.8787824,45.0
36.09,3.2369292823331595,19.0767218,72.8787827,45.0
36.1,3.2302010002750734,19.076722,72.878783,45.0
36.11,3.223477948886419,19.0767222,72.87878330000001,45.0
36.12,3.216760135539852,19.0767224,72.8787836,45.0
36.13,3.2100475676022686,19.0767226,72.8787839,45.0
36.14,3.2033402524348276,19.0767228,72.8787842,45.0
36.15,3.1966381973929288,19.076723,72.87878450000001,45.0
36.160000000000004,3.1899414098261865,19.0767232,72.8787848,45.0
36.17,3.1832498970784604,19.0767234,72.8787851,45.0
36.18,3.1765636664878025,19.0767236,72.8787854,45.0
36.19,3.169882725386496,19.0767238,72.87878570000001,45.0
36.2,3.1632070811010022,19.076724000000002,72.878786,45.0
36.21,3.1565367409519904,19.0767242,72.8787863,45.0
36.22,3.1498717122543036,19.0767244,72.8787866,45.0
36.230000000000004,3.143212002316961,19.076724600000002,72.87878690000001,45.0
36.24,3.136557618443156,19.0767248,72.8787872,45.0
36.25,3.1299085679302374,19.076725,72.8787875,45.0
36.26,3.123264858069695,19.076725200000002,72.8787878,45.0
36.27,3.1166264961471777,19.0767254,72.87878810000001,45.0
36.28,3.109993489442468,19.0767256,72.8787884,45.0
36.29,3.10336584522946,19.076725800000002,72.8787887,45.0
36.300000000000004,3.0967435707761846,19.076726,72.878789,45.0
36.31,3.0901266733447823,19.0767262,72.87878930000001,45.0
36.32,3.083515160191487,19.076726400000002,72.8787896,45.0
36.33,3.0769090385666287,19.0767266,72.8787899,45.0
36.34,3.0703083157146347,19.0767268,72.8787902,45.0
36.35,3.0637129988740117,19.076727,72.87879050000001,45.0
36.36,3.057123095277327,19.0767272,72.8787908,45.0
36.37,3.050538612151219,19.0767274,72.8787911,45.0
36.38,3.043959556716379,19.0767276,72.87879140000001,45.0
36.39,3.037385936187552,19.0767278,72.87879170000001,45.0
36.4,3.0308177577735202,19.076728,72.878792,45.0
36.410000000000004,3.0242550286770857,19.0767282,72.8787923,45.0
36.42,3.0176977560950986,19.0767284,72.87879260000001,45.0
36.43,3.0111459472184094,19.0767286,72.87879290000001,45.0
36.44,3.0045996092318754,19.0767288,72.8787932,45.0
36.45,2.998058749314356,19.076729,72.8787935,45.0
36.46,2.991523374638718,19.0767292,72.87879380000001,45.0
36.47,2.984993492371795,19.0767294,72.87879410000001,45.0
36.480000000000004,2.978469109674397,19.0767296,72.8787944,45.0
36.49,2.9719502337013157,19.0767298,72.8787947,45.0
36.5,2.9654368716013018,19.07673,72.87879500000001,45.0
36.51,2.9589290305170497,19.0767302,72.87879530000001,45.0
36.52,2.9524267175852,19.0767304,72.8787956,45.0
36.53,2.9459299399363514,19.0767306,72.8787959,45.0
36.54,2.9394387046950046,19.0767308,72.87879620000001,45.0
36.550000000000004,2.932953018979597,19.076731,72.8787965,45.0
36.56,2.926472889902482,19.0767312,72.8787968,45.0
36.57,2.9199983245699137,19.0767314,72.8787971,45.0
36.58,2.91352933008205,19.076731600000002,72.87879740000001,45.0
36.59,2.907065913532927,19.0767318,72.8787977,45.0
36.6,2.9006080820104803,19.076732,72.878798,45.0
36.61,2.8941558425965184,19.076732200000002,72.8787983,45.0
36.62,2.8877092023667075,19.0767324,72.87879860000001,45.0
36.63,2.881268168390574,19.0767326,72.8787989,45.0
36.64,2.8748327477315074,19.076732800000002,72.8787992,45.0
36.65,2.8684029474467394,19.076733,72.8787995,45.0
36.660000000000004,2.8619787745873246,19.0767332,72.87879980000001,45.0
36.67,2.8555602361981647,19.076733400000002,72.8788001,45.0
36.68,2.8491473393179705,19.0767336,72.8788004,45.0
36.69,2.8427400909792704,19.0767338,72.8788007,45.0
36.7,2.836338498208394,19.076734000000002,72.87880100000001,45.0
36.71,2.8299425680254826,19.0767342,72.8788013,45.0
36.72,2.8235523074444453,19.0767344,72.8788016,45.0
36.730000000000004,2.817167723472992,19.0767346,72.8788019,45.0
36.74,2.810788823112609,19.0767348,72.87880220000001,45.0
36.75,2.8044156133585316,19.076735,72.8788025,45.0
36.76,2.798048101199771,19.0767352,72.8788028,45.0
36.77,2.7916862936190805,19.0767354,72.8788031,45.0
36.78,2.7853301975929723,19.0767356,72.87880340000001,45.0
36.79,2.778979820091675,19.0767358,72.8788037,45.0
36.800000000000004,2.7726351680791543,19.076736,72.878804,45.0
36.81,2.766296248513112,19.0767362,72.8788043,45.0
36.82,2.7599630683449403,19.0767364,72.87880460000001,45.0
36.83,2.753635634519754,19.0767366,72.8788049,45.0
36.84,2.747313953976348,19.0767368,72.8788052,45.0
36.85,2.7409980336472337,19.076737,72.8788055,45.0
36.86,2.7346878804585897,19.0767372,72.87880580000001,45.0
36.87,2.7283835013302653,19.0767374,72.8788061,45.0
36.88,2.722084903175789,19.0767376,72.8788064,45.0
36.89,2.715792092902353,19.0767378,72.8788067,45.0
36.9,2.7095050774107863,19.076738,72.87880700000001,45.0
36.910000000000004,2.7032238635955697,19.0767382,72.8788073,45.0
36.92,2.6969484583448384,19.0767384,72.8788076,45.0
36.93,2.690678868540335,19.0767386,72.8788079,45.0
36.94,2.6844151010574304,19.0767388,72.87880820000001,45.0
36.95,2.6781571627651113,19.076739,72.8788085,45.0
36.96,2.6719050605259884,19.076739200000002,72.8788088,45.0
36.97,2.6656588011962468,19.0767394,72.8788091,45.0
36.980000000000004,2.6594183916256755,19.0767396,72.87880940000001,45.0
36.99,2.6531838386576556,19.076739800000002,72.8788097,45.0
37.0,2.646955149129134,19.07674,72.87881,45.0
37.01,2.6407323298706373,19.0767402,72.8788103,45.0
37.02,2.634515387706241,19.076740400000002,72.87881060000001,45.0
37.03,2.628304329453589,19.0767406,72.8788109,45.0
37.04,2.622099161923874,19.0767408,72.8788112,45.0
37.050000000000004,2.6158998919218126,19.076741000000002,72.8788115,45.0
37.06,2.6097065262456702,19.0767412,72.87881180000001,45.0
37.07,2.603519071687236,19.0767414,72.8788121,45.0
37.08,2.5973375350318078,19.076741600000002,72.8788124,45.0
37.09,2.591161923058193,19.0767418,72.8788127,45.0
37.1,2.5849922425387124,19.076742,72.87881300000001,45.0
37.11,2.578828500239183,19.0767422,72.8788133,45.0
37.12,2.572670702918897,19.0767424,72.8788136,45.0
37.13,2.5665188573306317,19.0767426,72.8788139,45.0
37.14,2.560372970220647,19.0767428,72.87881420000001,45.0
37.15,2.5542330483286584,19.076743,72.8788145,45.0
37.160000000000004,2.5480990983878407,19.0767432,72.8788148,45.0
37.17,2.54197112712483,19.0767434,72.87881510000001,45.0
37.18,2.5358491412596873,19.0767436,72.87881540000001,45.0
37.19,2.529733147505932,19.0767438,72.8788157,45.0
37.2,2.52362315257049,19.076744,72.878816,45.0
37.21,2.517519163153729,19.0767442,72.87881630000001,45.0
37.22,2.511421185949417,19.0767444,72.87881660000001,45.0
37.230000000000004,2.505329227644733,19.0767446,72.8788169,45.0
37.24,2.4992432949202623,19.0767448,72.8788172,45.0
37.25,2.4931633944499705,19.076745,72.87881750000001,45.0
37.26,2.487089532901215,19.0767452,72.87881780000001,45.0
37.27,2.481021716934727,19.0767454,72.8788181,45.0
37.28,2.4749599532046176,19.0767456,72.8788184,45.0
37.29,2.468904248358352,19.0767458,72.87881870000001,45.0
37.300000000000004,2.4628546090367447,19.076746,72.87881900000001,45.0
37.31,2.4568110418739773,19.0767462,72.8788193,45.0
37.32,2.4507735534975623,19.0767464,72.8788196,45.0
37.33,2.444742150528339,19.0767466,72.87881990000001,45.0
37.34,2.4387168395804784,19.076746800000002,72.8788202,45.0
37.35,2.4326976272614855,19.076747,72.8788205,45.0
37.36,2.426684520172155,19.0767472,72.8788208,45.0
37.37,2.4206775249065995,19.076747400000002,72.87882110000001,45.0
37.38,2.4146766480522173,19.0767476,72.8788214,45.0
37.39,2.4086818961897203,19.0767478,72.8788217,45.0
37.4,2.4026932758930792,19.076748000000002,72.878822,45.0
37.410000000000004,2.3967107937295467,19.0767482,72.87882230000001,45.0
37.42,2.390734456259662,19.0767484,72.8788226,45.0
37.43,2.384764270037201,19.076748600000002,72.8788229,45.0
37.44,2.37880024160921,19.0767488,72.8788232,45.0
37.45,2.372842377515968,19.076749,72.87882350000001,45.0
37.46,2.3668906842910156,19.076749200000002,72.8788238,45.0
37.47,2.360945168461111,19.0767494,72.8788241,45.0
37.480000000000004,2.355005836546235,19.0767496,72.8788244,45.0
37.49,2.349072695059597,19.0767498,72.87882470000001,45.0
37.5,2.3431457505076203,19.07675,72.878825,45.0
37.51,2.337225009389919,19.0767502,72.8788253,45.0
37.52,2.3313104781993097,19.0767504,72.8788256,45.0
37.53,2.325402163421808,19.0767506,72.87882590000001,45.0
37.54,2.3195000715366056,19.0767508,72.8788262,45.0
37.550000000000004,2.3136042090160585,19.076751,72.8788265,45.0
37.56,2.307714582325718,19.0767512,72.8788268,45.0
37.57,2.3018311979242725,19.0767514,72.87882710000001,45.0
37.58,2.2959540622635775,19.0767516,72.8788274,45.0
37.59,2.2900831817886287,19.0767518,72.8788277,45.0
37.6,2.284218562937575,19.076752,72.878828,45.0
37.61,2.2783602121416795,19.0767522,72.87882830000001,45.0
37.62,2.272508135825354,19.0767524,72.8788286,45.0
37.63,2.2666623404061044,19.0767526,72.8788289,45.0
37.64,2.2608228322945694,19.0767528,72.8788292,45.0
37.65,2.2549896178944904,19.076753,72.87882950000001,45.0
37.660000000000004,2.2491627036026927,19.0767532,72.8788298,45.0
37.67,2.2433420958091075,19.0767534,72.8788301,45.0
37.68,2.2375278008967445,19.0767536,72.8788304,45.0
37.69,2.2317198252416937,19.0767538,72.87883070000001,45.0
37.7,2.225918175213101,19.076754,72.878831,45.0
37.71,2.2201228571732026,19.0767542,72.8788313,45.0
37.72,2.214333877477266,19.076754400000002,72.8788316,45.0
37.730000000000004,2.2085512424736162,19.0767546,72.87883190000001,45.0
37.74,2.2027749585036265,19.0767548,72.8788322,45.0
37.75,2.1970050319017016,19.076755000000002,72.8788325,45.0
37.76,2.1912414689952646,19.0767552,72.8788328,45.0
37.77,2.1854842761047752,19.0767554,72.87883310000001,45.0
37.78,2.179733459543706,19.076755600000002,72.8788334,45.0
37.79,2.173989025618525,19.0767558,72.8788337,45.0
37.800000000000004,2.168250980628705,19.076756,72.878834,45.0
37.81,2.1625193308667283,19.076756200000002,72.87883430000001,45.0
37.82,2.1567940826180427,19.0767564,72.8788346,45.0
37.83,2.15107524216109,19.0767566,72.8788349,45.0
37.84,2.1453628157672693,19.076756800000002,72.8788352,45.0
37.85,2.139656809700969,19.076757,72.87883550000001,45.0
37.86,2.1339572302195213,19.0767572,72.8788358,45.0
37.87,2.128264083573213,19.0767574,72.8788361,45.0
37.88,2.1225773760052684,19.0767576,72.8788364,45.0
37.89,2.1168971137518735,19.0767578,72.87883670000001,45.0
37.9,2.111223303042128,19.076758,72.878837,45.0
37.910000000000004,2.1055559500980534,19.0767582,72.8788373,45.0
37.92,2.0998950611346077,19.0767584,72.87883760000001,45.0
37.93,2.0942406423596474,19.0767586,72.87883790000001,45.0
37.94,2.0885926999739324,19.0767588,72.8788382,45.0
37.95,2.08295124017112,19.076759,72.8788385,45.0
37.96,2.077316269137776,19.0767592,72.87883880000001,45.0
37.97,2.071687793053326,19.0767594,72.87883910000001,45.0
37.980000000000004,2.0660658180900846,19.0767596,72.8788394,45.0
37.99,2.0604503504132428,19.0767598,72.8788397,45.0
38.0,2.054841396180848,19.07676,72.87884000000001,45.0
38.01,2.049238961543802,19.0767602,72.87884030000001,45.0
38.02,2.0436430526458604,19.0767604,72.8788406,45.0
38.03,2.0380536756236296,19.0767606,72.8788409,45.0
38.04,2.032470836606543,19.0767608,72.87884120000001,45.0
38.050000000000004,2.0268945417168673,19.076761,72.87884150000001,45.0
38.06,2.0213247970697,19.0767612,72.8788418,45.0
38.07,2.015761608772939,19.0767614,72.8788421,45.0
38.08,2.0102049829273128,19.0767616,72.87884240000001,45.0
38.09,2.0046549256263324,19.0767618,72.8788427,45.0
38.1,1.9991114429563241,19.076762000000002,72.878843,45.0
38.11,1.9935745409963932,19.0767622,72.8788433,45.0
38.12,1.9880442258184328,19.0767624,72.87884360000001,45.0
38.13,1.982520503487108,19.076762600000002,72.8788439,45.0
38.14,1.9770033800598652,19.0767628,72.8788442,45.0
38.15,1.9714928615868992,19.076763,72.8788445,45.0
38.160000000000004,1.9659889541111673,19.076763200000002,72.87884480000001,45.0
38.17,1.9604916636683907,19.0767634,72.8788451,45.0
38.18,1.9550009962870147,19.0767636,72.8788454,45.0
38.19,1.9495169579882257,19.076763800000002,72.8788457,45.0
38.2,1.9440395547859453,19.076764,72.87884600000001,45.0
38.21,1.93856879268683,19.0767642,72.8788463,45.0
38.22,1.9331046776902276,19.076764400000002,72.8788466,45.0
38.230000000000004,1.927647215788209,19.0767646,72.8788469,45.0
38.24,1.9221964129655609,19.0767648,72.87884720000001,45.0
38.25,1.9167522751997508,19.076765,72.8788475,45.0
38.26,1.9113148084609497,19.0767652,72.8788478,45.0
38.27,1.9058840187119914,19.0767654,72.8788481,45.0
38.28,1.900459911908417,19.0767656,72.87884840000001,45.0
38.29,1.8950424939984192,19.0767658,72.8788487,45.0
38.300000000000004,1.889631770922863,19.076766,72.878849,45.0
38.31,1.8842277486152677,19.0767662,72.8788493,45.0
38.32,1.8788304330018075,19.0767664,72.87884960000001,45.0
38.33,1.8734398300013,19.0767666,72.8788499,45.0
38.34,1.868055945525203,19.0767668,72.8788502,45.0
38.35,1.8626787854776055,19.076767,72.8788505,45.0
38.36,1.8573083557552224,19.0767672,72.87885080000001,45.0
38.37,1.8519446622473899,19.0767674,72.8788511,45.0
38.38,1.8465877108360491,19.0767676,72.8788514,45.0
38.39,1.8412375073957694,19.0767678,72.8788517,45.0
38.4,1.835894057793685,19.076768,72.87885200000001,45.0
38.410000000000004,1.8305573678895586,19.0767682,72.8788523,45.0
38.42,1.82522744353572,19.0767684,72.8788526,45.0
38.43,1.8199042905770844,19.0767686,72.8788529,45.0
38.44,1.814587914851142,19.0767688,72.87885320000001,45.0
38.45,1.809278322187951,19.076769,72.8788535,45.0
38.46,1.8039755184101303,19.0767692,72.8788538,45.0
38.47,1.798679509332855,19.0767694,72.8788541,45.0
38.480000000000004,1.7933903007638428,19.076769600000002,72.87885440000001,45.0
38.49,1.7881078985033731,19.0767698,72.8788547,45.0
38.5,1.7828323083442355,19.07677,72.878855,45.0
38.51,1.7775635360717645,19.076770200000002,72.8788553,45.0
38.52,1.7723015874638115,19.0767704,72.87885560000001,45.0
38.53,1.767046468290756,19.0767706,72.8788559,45.0
38.54,1.7617981843154817,19.076770800000002,72.8788562,45.0
38.550000000000004,1.7565567412933616,19.076771,72.8788565,45.0
38.56,1.7513221449722938,19.0767712,72.87885680000001,45.0
38.57,1.746094401092651,19.076771400000002,72.8788571,45.0
38.58,1.7408735153872952,19.0767716,72.8788574,45.0
38.59,1.7356594935815632,19.0767718,72.8788577,45.0
38.6,1.730452341393283,19.076772000000002,72.87885800000001,45.0
38.61,1.7252520645327207,19.0767722,72.8788583,45.0
38.62,1.7200586687026238,19.0767724,72.8788586,45.0
38.63,1.7148721595981815,19.0767726,72.8788589,45.0
38.64,1.7096925429070513,19.0767728,72.87885920000001,45.0
38.65,1.7045198243093038,19.076773,72.8788595,45.0
38.660000000000004,1.6993540094774602,19.0767732,72.8788598,45.0
38.67,1.6941951040764787,19.0767734,72.87886010000001,45.0
38.68,1.6890431137637263,19.0767736,72.87886040000001,45.0
38.69,1.6838980441889966,19.0767738,72.8788607,45.0
38.7,1.6787599009944767,19.076774,72.878861,45.0
38.71,1.6736286898147839,19.0767742,72.87886130000001,45.0
38.72,1.6685044162769147,19.0767744,72.87886160000001,45.0
38.730000000000004,1.6633870860002649,19.0767746,72.8788619,45.0
38.74,1.6582767045966085,19.0767748,72.8788622,45.0
38.75,1.6531732776701205,19.076775,72.87886250000001,45.0
38.76,1.6480768108173196,19.0767752,72.87886280000001,45.0
38.77,1.6429873096271068,19.0767754,72.8788631,45.0
38.78,1.6379047796807527,19.0767756,72.8788634,45.0
38.79,1.632829226551876,19.0767758,72.87886370000001,45.0
38.800000000000004,1.6277606558064281,19.076776,72.87886400000001,45.0
38.81,1.6226990730027326,19.0767762,72.8788643,45.0
38.82,1.6176444836914312,19.0767764,72.8788646,45.0
38.83,1.6125968934155006,19.0767766,72.87886490000001,45.0
38.84,1.607556307710242,19.0767768,72.8788652,45.0
38.85,1.6025227321032762,19.076777,72.8788655,45.0
38.86,1.5974961721145355,19.076777200000002,72.8788658,45.0
38.87,1.5924766332562594,19.0767774,72.87886610000001,45.0
38.88,1.5874641210329887,19.0767776,72.8788664,45.0
38.89,1.5824586409415566,19.076777800000002,72.8788667,45.0
38.9,1.5774601984710852,19.076778,72.878867,45.0
38.910000000000004,1.5724687991029773,19.0767782,72.87886730000001,45.0
38.92,1.5674844483109212,19.076778400000002,72.8788676,45.0
38.93,1.562507151560868,19.0767786,72.8788679,45.0
38.94,1.5575369143110276,19.0767788,72.8788682,45.0
38.95,1.552573742011873,19.076779000000002,72.87886850000001,45.0
38.96,1.5476176401061394,19.0767792,72.8788688,45.0
38.97,1.542668614028802,19.0767794,72.8788691,45.0
38.980000000000004,1.5377266692070597,19.076779600000002,72.8788694,45.0
38.99,1.5327918110603758,19.0767798,72.87886970000001,45.0
39.0,1.5278640450004213,19.07678,72.87887,45.0
39.01,1.5229433764310967,19.0767802,72.8788703,45.0
39.02,1.5180298107485148,19.0767804,72.8788706,45.0
39.03,1.5131233533410136,19.0767806,72.87887090000001,45.0
39.04,1.5082240095891146,19.0767808,72.8788712,45.0
39.050000000000004,1.5033317848655479,19.076781,72.8788715,45.0
39.06,1.4984466845352467,19.0767812,72.8788718,45.0
39.07,1.4935687139553178,19.0767814,72.87887210000001,45.0
39.08,1.4886978784750582,19.0767816,72.8788724,45.0
39.09,1.483834183435924,19.0767818,72.8788727,45.0
39.1,1.4789776341715655,19.076782,72.878873,45.0
39.11,1.4741282360077808,19.0767822,72.87887330000001,45.0
39.12,1.469285994262533,19.0767824,72.8788736,45.0
39.13,1.464450914245921,19.0767826,72.8788739,45.0
39.14,1.4596230012602165,19.0767828,72.8788742,45.0
39.15,1.4548022605998137,19.076783,72.87887450000001,45.0
39.160000000000004,1.4499886975512455,19.0767832,72.8788748,45.0
39.17,1.4451823173931695,19.0767834,72.8788751,45.0
39.18,1.4403831253963837,19.0767836,72.8788754,45.0
39.19,1.4355911268237778,19.0767838,72.87887570000001,45.0
39.2,1.430806326930366,19.076784,72.878876,45.0
39.21,1.426028730963277,19.0767842,72.8788763,45.0
39.22,1.4212583441617257,19.0767844,72.8788766,45.0
39.230000000000004,1.4164951717570258,19.0767846,72.87887690000001,45.0
39.24,1.4117392189725804,19.076784800000002,72.8788772,45.0
39.25,1.4069904910238744,19.076785,72.8788775,45.0
39.26,1.4022489931184712,19.0767852,72.8788778,45.0
39.27,1.3975147304560043,19.076785400000002,72.87887810000001,45.0
39.28,1.3927877082281723,19.0767856,72.8788784,45.0
39.29,1.3880679316187354,19.0767858,72.8788787,45.0
39.300000000000004,1.3833554058035027,19.076786000000002,72.878879,45.0
39.31,1.37865013595035,19.0767862,72.87887930000001,45.0
39.32,1.373952127219165,19.0767864,72.8788796,45.0
39.33,1.3692613847619066,19.076786600000002,72.8788799,45.0
39.34,1.3645779137225347,19.0767868,72.8788802,45.0
39.35,1.359901719237059,19.076787,72.87888050000001,45.0
39.36,1.3552328064334986,19.076787200000002,72.8788808,45.0
39.37,1.3505711804318867,19.0767874,72.8788811,45.0
39.38,1.3459168463442683,19.0767876,72.8788814,45.0
39.39,1.341269809274693,19.0767878,72.87888170000001,45.0
39.4,1.3366300743192046,19.076788,72.878882,45.0
39.410000000000004,1.331997646565843,19.0767882,72.8788823,45.0
39.42,1.3273725310946318,19.0767884,72.87888260000001,45.0
39.43,1.322754732977578,19.0767886,72.87888290000001,45.0
39.44,1.3181442572786635,19.0767888,72.8788832,45.0
39.45,1.313541109053836,19.076789,72.8788835,45.0
39.46,1.308945293351024,19.0767892,72.87888380000001,45.0
39.47,1.3043568152100908,19.0767894,72.87888410000001,45.0
39.480000000000004,1.299775679662865,19.0767896,72.8788844,45.0
39.49,1.2952018917331323,19.0767898,72.8788847,45.0
39.5,1.2906354564366067,19.07679,72.87888500000001,45.0
39.51,1.2860763787809502,19.0767902,72.87888530000001,45.0
39.52,1.2815246637657367,19.0767904,72.8788856,45.0
39.53,1.2769803163824927,19.0767906,72.8788859,45.0
39.54,1.2724433416146477,19.0767908,72.87888620000001,45.0
39.550000000000004,1.2679137444375481,19.076791,72.87888650000001,45.0
39.56,1.2633915298184624,19.0767912,72.8788868,45.0
39.57,1.2588767027165435,19.0767914,72.8788871,45.0
39.58,1.254369268082856,19.0767916,72.87888740000001,45.0
39.59,1.2498692308603507,19.0767918,72.8788877,45.0
39.6,1.2453765959838776,19.076792,72.878888,45.0
39.61,1.2408913683801623,19.0767922,72.8788883,45.0
39.62,1.2364135529677993,19.076792400000002,72.87888860000001,45.0
39.63,1.2319431546572615,19.0767926,72.8788889,45.0
39.64,1.2274801783508975,19.0767928,72.8788892,45.0
39.65,1.2230246289429028,19.076793000000002,72.8788895,45.0
39.660000000000004,1.218576511319334,19.0767932,72.87888980000001,45.0
39.67,1.2141358303580985,19.0767934,72.8788901,45.0
39.68,1.2097025909289467,19.076793600000002,72.8788904,45.0
39.69,1.2052767978934682,19.0767938,72.8788907,45.0
39.7,1.20085845610509,19.076794,72.87889100000001,45.0
39.71,1.1964475704090631,19.076794200000002,72.8788913,45.0
39.72,1.192044145642467,19.0767944,72.8788916,45.0
39.730000000000004,1.187648186634191,19.0767946,72.8788919,45.0
39.74,1.1832596982049557,19.076794800000002,72.87889220000001,45.0
39.75,1.1788786851672608,19.076795,72.8788925,45.0
39.76,1.1745051523254402,19.0767952,72.8788928,45.0
39.77,1.1701391044755933,19.0767954,72.8788931,45.0
39.78,1.1657805464056388,19.0767956,72.87889340000001,45.0
39.79,1.1614294828952643,19.0767958,72.8788937,45.0
39.800000000000004,1.1570859187159472,19.076796,72.878894,45.0
39.81,1.1527498586309362,19.0767962,72.8788943,45.0
39.82,1.148421307395254,19.0767964,72.87889460000001,45.0
39.83,1.144100269755687,19.0767966,72.8788949,45.0
39.84,1.1397867504507797,19.0767968,72.8788952,45.0
39.85,1.1354807542108452,19.076797,72.8788955,45.0
39.86,1.1311822857579257,19.0767972,72.87889580000001,45.0
39.87,1.126891349805823,19.0767974,72.8788961,45.0
39.88,1.1226079510600702,19.0767976,72.8788964,45.0
39.89,1.1183320942179504,19.0767978,72.8788967,45.0
39.9,1.11406378396845,19.076798,72.87889700000001,45.0
39.910000000000004,1.1098030249923063,19.0767982,72.8788973,45.0
39.92,1.1055498219619597,19.0767984,72.8788976,45.0
39.93,1.1013041795415681,19.0767986,72.8788979,45.0
39.94,1.097066102387,19.0767988,72.87889820000001,45.0
39.95,1.0928355951458268,19.076799,72.8788985,45.0
39.96,1.0886126624573187,19.0767992,72.8788988,45.0
39.97,1.084397308952437,19.0767994,72.8788991,45.0
39.980000000000004,1.0801895392538325,19.0767996,72.87889940000001,45.0
39.99,1.0759893579758462,19.0767998,72.8788997,45.0
40.0,1.0717967697244921,19.076800000000002,72.8789,45.0
40.01,0.0,19.0768002,72.8789003,45.0
40.02,0.0,19.0768004,72.87890060000001,45.0
40.03,0.0,19.076800600000002,72.8789009,45.0
40.04,0.0,19.0768008,72.8789012,45.0
40.050000000000004,0.0,19.076801,72.8789015,45.0
40.06,0.0,19.076801200000002,72.87890180000001,45.0
40.07,0.0,19.0768014,72.8789021,45.0
40.08,0.0,19.0768016,72.8789024,45.0
40.09,0.0,19.076801800000002,72.8789027,45.0
40.1,0.0,19.076802,72.87890300000001,45.0
40.11,0.0,19.0768022,72.8789033,45.0
40.12,0.0,19.076802400000002,72.8789036,45.0
40.13,0.0,19.0768026,72.8789039,45.0
40.14,0.0,19.0768028,72.87890420000001,45.0
40.15,0.0,19.076803,72.8789045,45.0
40.160000000000004,0.0,19.0768032,72.8789048,45.0
40.17,0.0,19.0768034,72.87890510000001,45.0
40.18,0.0,19.0768036,72.87890540000001,45.0
40.19,0.0,19.0768038,72.8789057,45.0
40.2,0.0,19.076804,72.878906,45.0
40.21,0.0,19.0768042,72.87890630000001,45.0
40.22,0.0,19.0768044,72.87890660000001,45.0
40.230000000000004,0.0,19.0768046,72.8789069,45.0
40.24,0.0,19.0768048,72.8789072,45.0
40.25,0.0,19.076805,72.87890750000001,45.0
40.26,0.0,19.0768052,72.87890780000001,45.0
40.27,0.0,19.0768054,72.8789081,45.0
40.28,0.0,19.0768056,72.8789084,45.0
40.29,0.0,19.0768058,72.87890870000001,45.0
40.300000000000004,0.0,19.076806,72.87890900000001,45.0
40.31,0.0,19.0768062,72.8789093,45.0
40.32,0.0,19.0768064,72.8789096,45.0
40.33,0.0,19.0768066,72.87890990000001,45.0
40.34,0.0,19.0768068,72.8789102,45.0
40.35,0.0,19.076807,72.8789105,45.0
40.36,0.0,19.0768072,72.8789108,45.0
40.37,0.0,19.0768074,72.87891110000001,45.0
40.38,0.0,19.076807600000002,72.8789114,45.0
40.39,0.0,19.0768078,72.8789117,45.0
40.4,0.0,19.076808,72.878912,45.0
40.410000000000004,0.0,19.076808200000002,72.87891230000001,45.0
40.42,0.0,19.0768084,72.8789126,45.0
40.43,0.0,19.0768086,72.8789129,45.0
40.44,0.0,19.076808800000002,72.8789132,45.0
40.45,0.0,19.076809,72.87891350000001,45.0
40.46,0.0,19.0768092,72.8789138,45.0
40.47,0.0,19.076809400000002,72.8789141,45.0
40.480000000000004,0.0,19.0768096,72.8789144,45.0
40.49,0.0,19.0768098,72.87891470000001,45.0
40.5,0.0,19.076810000000002,72.878915,45.0
40.51,0.0,19.0768102,72.8789153,45.0
40.52,0.0,19.0768104,72.8789156,45.0
40.53,0.0,19.0768106,72.87891590000001,45.0
40.54,0.0,19.0768108,72.8789162,45.0
40.550000000000004,0.0,19.076811,72.8789165,45.0
40.56,0.0,19.0768112,72.8789168,45.0
40.57,0.0,19.0768114,72.87891710000001,45.0
40.58,0.0,19.0768116,72.8789174,45.0
40.59,0.0,19.0768118,72.8789177,45.0
40.6,0.0,19.076812,72.878918,45.0
40.61,0.0,19.0768122,72.87891830000001,45.0
40.62,0.0,19.0768124,72.8789186,45.0
40.63,0.0,19.0768126,72.8789189,45.0
40.64,0.0,19.0768128,72.8789192,45.0
40.65,0.0,19.076813,72.87891950000001,45.0
40.660000000000004,0.0,19.0768132,72.8789198,45.0
40.67,0.0,19.0768134,72.8789201,45.0
40.68,0.0,19.0768136,72.8789204,45.0
40.69,0.0,19.0768138,72.87892070000001,45.0
40.7,0.0,19.076814,72.878921,45.0
40.71,0.0,19.0768142,72.8789213,45.0
40.72,0.0,19.0768144,72.8789216,45.0
40.730000000000004,0.0,19.076814600000002,72.87892190000001,45.0
40.74,0.0,19.0768148,72.8789222,45.0
40.75,0.0,19.076815,72.8789225,45.0
40.76,0.0,19.076815200000002,72.8789228,45.0
40.77,0.0,19.0768154,72.87892310000001,45.0
40.78,0.0,19.0768156,72.8789234,45.0
40.79,0.0,19.076815800000002,72.8789237,45.0
40.800000000000004,0.0,19.076816,72.878924,45.0
40.81,0.0,19.0768162,72.87892430000001,45.0
40.82,0.0,19.076816400000002,72.8789246,45.0
40.83,0.0,19.0768166,72.8789249,45.0
40.84,0.0,19.0768168,72.8789252,45.0
40.85,0.0,19.076817000000002,72.87892550000001,45.0
40.86,0.0,19.0768172,72.8789258,45.0
40.87,0.0,19.0768174,72.8789261,45.0
40.88,0.0,19.076817600000002,72.8789264,45.0
40.89,0.0,19.0768178,72.87892670000001,45.0
40.9,0.0,19.076818,72.878927,45.0
40.910000000000004,0.0,19.0768182,72.8789273,45.0
40.92,0.0,19.0768184,72.87892760000001,45.0
40.93,0.0,19.0768186,72.87892790000001,45.0
40.94,0.0,19.0768188,72.8789282,45.0
40.95,0.0,19.076819,72.8789285,45.0
40.96,0.0,19.0768192,72.87892880000001,45.0
40.97,0.0,19.0768194,72.87892910000001,45.0
40.980000000000004,0.0,19.0768196,72.8789294,45.0
40.99,0.0,19.0768198,72.8789297,45.0
41.0,0.0,19.07682,72.87893000000001,45.0
41.01,0.0,19.0768202,72.87893030000001,45.0
41.02,0.0,19.0768204,72.8789306,45.0
41.03,0.0,19.0768206,72.8789309,45.0
41.04,0.0,19.0768208,72.87893120000001,45.0
41.050000000000004,0.0,19.076821,72.87893150000001,45.0
41.06,0.0,19.0768212,72.8789318,45.0
41.07,0.0,19.0768214,72.8789321,45.0
41.08,0.0,19.0768216,72.87893240000001,45.0
41.09,0.0,19.0768218,72.87893270000001,45.0
41.1,0.0,19.076822,72.878933,45.0
41.11,0.0,19.076822200000002,72.8789333,45.0
41.12,0.0,19.0768224,72.87893360000001,45.0
41.13,0.0,19.0768226,72.8789339,45.0
41.14,0.0,19.076822800000002,72.8789342,45.0
41.15,0.0,19.076823,72.8789345,45.0
41.160000000000004,0.0,19.0768232,72.87893480000001,45.0
41.17,0.0,19.076823400000002,72.8789351,45.0
41.18,0.0,19.0768236,72.8789354,45.0
41.19,0.0,19.0768238,72.8789357,45.0
41.2,0.0,19.076824000000002,72.87893600000001,45.0
41.21,0.0,19.0768242,72.8789363,45.0
41.22,0.0,19.0768244,72.8789366,45.0
41.230000000000004,0.0,19.076824600000002,72.8789369,45.0
41.24,0.0,19.0768248,72.87893720000001,45.0
41.25,0.0,19.076825,72.8789375,45.0
41.26,0.0,19.076825200000002,72.8789378,45.0
41.27,0.0,19.0768254,72.8789381,45.0
41.28,0.0,19.0768256,72.87893840000001,45.0
41.29,0.0,19.0768258,72.8789387,45.0
41.300000000000004,0.0,19.076826,72.878939,45.0
41.31,0.0,19.0768262,72.8789393,45.0
41.32,0.0,19.0768264,72.87893960000001,45.0
41.33,0.0,19.0768266,72.8789399,45.0
41.34,0.0,19.0768268,72.8789402,45.0
41.35,0.0,19.076827,72.8789405,45.0
41.36,0.0,19.0768272,72.87894080000001,45.0
41.37,0.0,19.0768274,72.8789411,45.0
41.38,0.0,19.0768276,72.8789414,45.0
41.39,0.0,19.0768278,72.8789417,45.0
41.4,0.0,19.076828,72.87894200000001,45.0
41.410000000000004,0.0,19.0768282,72.8789423,45.0
41.42,0.0,19.0768284,72.8789426,45.0
41.43,0.0,19.0768286,72.8789429,45.0
41.44,0.0,19.0768288,72.87894320000001,45.0
41.45,0.0,19.076829,72.8789435,45.0
41.46,0.0,19.0768292,72.8789438,45.0
41.47,0.0,19.0768294,72.8789441,45.0
41.480000000000004,0.0,19.0768296,72.87894440000001,45.0
41.49,0.0,19.076829800000002,72.8789447,45.0
41.5,0.0,19.07683,72.878945,45.0
41.51,0.0,19.0768302,72.8789453,45.0
41.52,0.0,19.076830400000002,72.87894560000001,45.0
41.53,0.0,19.0768306,72.8789459,45.0
41.54,0.0,19.0768308,72.8789462,45.0
41.550000000000004,0.0,19.076831000000002,72.8789465,45.0
41.56,0.0,19.0768312,72.87894680000001,45.0
41.57,0.0,19.0768314,72.8789471,45.0
41.58,0.0,19.076831600000002,72.8789474,45.0
41.59,0.0,19.0768318,72.8789477,45.0
41.6,0.0,19.076832,72.87894800000001,45.0
41.61,0.0,19.076832200000002,72.8789483,45.0
41.62,0.0,19.0768324,72.8789486,45.0
41.63,0.0,19.0768326,72.8789489,45.0
41.64,0.0,19.076832800000002,72.87894920000001,45.0
41.65,0.0,19.076833,72.8789495,45.0
41.660000000000004,0.0,19.0768332,72.8789498,45.0
41.67,0.0,19.0768334,72.8789501,45.0
41.68,0.0,19.0768336,72.87895040000001,45.0
41.69,0.0,19.0768338,72.8789507,45.0
41.7,0.0,19.076834,72.878951,45.0
41.71,0.0,19.0768342,72.87895130000001,45.0
41.72,0.0,19.0768344,72.87895160000001,45.0
41.730000000000004,0.0,19.0768346,72.8789519,45.0
41.74,0.0,19.0768348,72.8789522,45.0
41.75,0.0,19.076835,72.87895250000001,45.0
41.76,0.0,19.0768352,72.87895280000001,45.0
41.77,0.0,19.0768354,72.8789531,45.0
41.78,0.0,19.0768356,72.8789534,45.0
41.79,0.0,19.0768358,72.87895370000001,45.0
41.800000000000004,0.0,19.076836,72.87895400000001,45.0
41.81,0.0,19.0768362,72.8789543,45.0
41.82,0.0,19.0768364,72.8789546,45.0
41.83,0.0,19.0768366,72.87895490000001,45.0
41.84,0.0,19.0768368,72.87895520000001,45.0
41.85,0.0,19.076837,72.8789555,45.0
41.86,0.0,19.0768372,72.8789558,45.0
41.87,0.0,19.076837400000002,72.87895610000001,45.0
41.88,0.0,19.0768376,72.8789564,45.0
41.89,0.0,19.0768378,72.8789567,45.0
41.9,0.0,19.076838000000002,72.878957,45.0
41.910000000000004,0.0,19.0768382,72.87895730000001,45.0
41.92,0.0,19.0768384,72.8789576,45.0
41.93,0.0,19.076838600000002,72.8789579,45.0
41.94,0.0,19.0768388,72.8789582,45.0
41.95,0.0,19.076839,72.87895850000001,45.0
41.96,0.0,19.076839200000002,72.8789588,45.0
41.97,0.0,19.0768394,72.8789591,45.0
41.980000000000004,0.0,19.0768396,72.8789594,45.0
41.99,0.0,19.076839800000002,72.87895970000001,45.0
42.0,0.0,19.07684,72.87896,45.0
42.01,0.0,19.0768402,72.8789603,45.0
42.02,0.0,19.076840400000002,72.8789606,45.0
42.03,0.0,19.0768406,72.87896090000001,45.0
42.04,0.0,19.0768408,72.8789612,45.0
42.050000000000004,0.0,19.076841,72.8789615,45.0
42.06,0.0,19.0768412,72.8789618,45.0
42.07,0.0,19.0768414,72.87896210000001,45.0
42.08,0.0,19.0768416,72.8789624,45.0
42.09,0.0,19.0768418,72.8789627,45.0
42.1,0.0,19.076842,72.878963,45.0
42.11,0.0,19.0768422,72.87896330000001,45.0
42.12,0.0,19.0768424,72.8789636,45.0
42.13,0.0,19.0768426,72.8789639,45.0
42.14,0.0,19.0768428,72.8789642,45.0
42.15,0.0,19.076843,72.87896450000001,45.0
42.160000000000004,0.0,19.0768432,72.8789648,45.0
42.17,0.0,19.0768434,72.8789651,45.0
42.18,0.0,19.0768436,72.8789654,45.0
42.19,0.0,19.0768438,72.87896570000001,45.0
42.2,0.0,19.076844,72.878966,45.0
42.21,0.0,19.0768442,72.8789663,45.0
42.22,0.0,19.0768444,72.8789666,45.0
42.230000000000004,0.0,19.0768446,72.87896690000001,45.0
42.24,0.0,19.0768448,72.8789672,45.0
42.25,0.0,19.076845000000002,72.8789675,45.0
42.26,0.0,19.0768452,72.8789678,45.0
42.27,0.0,19.0768454,72.87896810000001,45.0
42.28,0.0,19.076845600000002,72.8789684,45.0
42.29,0.0,19.0768458,72.8789687,45.0
42.300000000000004,0.0,19.076846,72.878969,45.0
42.31,0.0,19.076846200000002,72.87896930000001,45.0
42.32,0.0,19.0768464,72.8789696,45.0
42.33,0.0,19.0768466,72.8789699,45.0
42.34,0.0,19.076846800000002,72.8789702,45.0
42.35,0.0,19.076847,72.87897050000001,45.0
42.36,0.0,19.0768472,72.8789708,45.0
42.37,0.0,19.076847400000002,72.8789711,45.0
42.38,0.0,19.0768476,72.8789714,45.0
42.39,0.0,19.0768478,72.87897170000001,45.0
42.4,0.0,19.076848000000002,72.878972,45.0
42.410000000000004,0.0,19.0768482,72.8789723,45.0
42.42,0.0,19.0768484,72.8789726,45.0
42.43,0.0,19.0768486,72.87897290000001,45.0
42.44,0.0,19.0768488,72.8789732,45.0
42.45,0.0,19.076849,72.8789735,45.0
42.46,0.0,19.0768492,72.87897380000001,45.0
42.47,0.0,19.0768494,72.87897410000001,45.0
42.480000000000004,0.0,19.0768496,72.8789744,45.0
42.49,0.0,19.0768498,72.8789747,45.0
42.5,0.0,19.07685,72.87897500000001,45.0
42.51,0.0,19.0768502,72.87897530000001,45.0
42.52,0.0,19.0768504,72.8789756,45.0
42.53,0.0,19.0768506,72.8789759,45.0
42.54,0.0,19.0768508,72.87897620000001,45.0
42.550000000000004,0.0,19.076851,72.87897650000001,45.0
42.56,0.0,19.0768512,72.8789768,45.0
42.57,0.0,19.0768514,72.8789771,45.0
42.58,0.0,19.0768516,72.87897740000001,45.0
42.59,0.0,19.0768518,72.87897770000001,45.0
42.6,0.0,19.076852,72.878978,45.0
42.61,0.0,19.0768522,72.8789783,45.0
42.62,0.0,19.0768524,72.87897860000001,45.0
42.63,0.0,19.076852600000002,72.8789789,45.0
42.64,0.0,19.0768528,72.8789792,45.0
42.65,0.0,19.076853,72.8789795,45.0
42.660000000000004,0.0,19.076853200000002,72.87897980000001,45.0
42.67,0.0,19.0768534,72.8789801,45.0
42.68,0.0,19.0768536,72.8789804,45.0
42.69,0.0,19.076853800000002,72.8789807,45.0
42.7,0.0,19.076854,72.87898100000001,45.0
42.71,0.0,19.0768542,72.8789813,45.0
42.72,0.0,19.076854400000002,72.8789816,45.0
42.730000000000004,0.0,19.0768546,72.8789819,45.0
42.74,0.0,19.0768548,72.87898220000001,45.0
42.75,0.0,19.076855000000002,72.8789825,45.0
42.76,0.0,19.0768552,72.8789828,45.0
42.77,0.0,19.0768554,72.8789831,45.0
42.78,0.0,19.076855600000002,72.87898340000001,45.0
42.79,0.0,19.0768558,72.8789837,45.0
42.800000000000004,0.0,19.076856,72.878984,45.0
42.81,0.0,19.0768562,72.8789843,45.0
42.82,0.0,19.0768564,72.87898460000001,45.0
42.83,0.0,19.0768566,72.8789849,45.0
42.84,0.0,19.0768568,72.8789852,45.0
42.85,0.0,19.076857,72.8789855,45.0
42.86,0.0,19.0768572,72.87898580000001,45.0
42.87,0.0,19.0768574,72.8789861,45.0
42.88,0.0,19.0768576,72.8789864,45.0
42.89,0.0,19.0768578,72.8789867,45.0
42.9,0.0,19.076858,72.87898700000001,45.0
42.910000000000004,0.0,19.0768582,72.8789873,45.0
42.92,0.0,19.0768584,72.8789876,45.0
42.93,0.0,19.0768586,72.8789879,45.0
42.94,0.0,19.0768588,72.87898820000001,45.0
42.95,0.0,19.076859,72.8789885,45.0
42.96,0.0,19.0768592,72.8789888,45.0
42.97,0.0,19.0768594,72.8789891,45.0
42.980000000000004,0.0,19.0768596,72.87898940000001,45.0
42.99,0.0,19.0768598,72.8789897,45.0
43.0,0.0,19.07686,72.87899,45.0
43.01,0.0,19.076860200000002,72.8789903,45.0
43.02,0.0,19.0768604,72.87899060000001,45.0
43.03,0.0,19.0768606,72.8789909,45.0
43.04,0.0,19.076860800000002,72.8789912,45.0
43.050000000000004,0.0,19.076861,72.8789915,45.0
43.06,0.0,19.0768612,72.87899180000001,45.0
43.07,0.0,19.076861400000002,72.8789921,45.0
43.08,0.0,19.0768616,72.8789924,45.0
43.09,0.0,19.0768618,72.8789927,45.0
43.1,0.0,19.076862000000002,72.87899300000001,45.0
43.11,0.0,19.0768622,72.8789933,45.0
43.12,0.0,19.0768624,72.8789936,45.0
43.13,0.0,19.076862600000002,72.8789939,45.0
43.14,0.0,19.0768628,72.87899420000001,45.0
43.15,0.0,19.076863,72.8789945,45.0
43.160000000000004,0.0,19.076863200000002,72.8789948,45.0
43.17,0.0,19.0768634,72.8789951,45.0
43.18,0.0,19.0768636,72.87899540000001,45.0
43.19,0.0,19.0768638,72.8789957,45.0
43.2,0.0,19.076864,72.878996,45.0
43.21,0.0,19.0768642,72.87899630000001,45.0
43.22,0.0,19.0768644,72.87899660000001,45.0
43.230000000000004,0.0,19.0768646,72.8789969,45.0
43.24,0.0,19.0768648,72.8789972,45.0
43.25,0.0,19.076865,72.87899750000001,45.0
43.26,0.0,19.0768652,72.87899780000001,45.0
43.27,0.0,19.0768654,72.8789981,45.0
43.28,0.0,19.0768656,72.8789984,45.0
43.29,0.0,19.0768658,72.87899870000001,45.0
43.300000000000004,0.0,19.076866,72.87899900000001,45.0
43.31,0.0,19.0768662,72.8789993,45.0
43.32,0.0,19.0768664,72.8789996,45.0
43.33,0.0,19.0768666,72.87899990000001,45.0
43.34,0.0,19.0768668,72.87900020000001,45.0
43.35,0.0,19.076867,72.8790005,45.0
43.36,0.0,19.0768672,72.8790008,45.0
43.37,0.0,19.0768674,72.87900110000001,45.0
43.38,0.0,19.0768676,72.8790014,45.0
43.39,0.0,19.076867800000002,72.8790017,45.0
43.4,0.0,19.076868,72.879002,45.0
43.410000000000004,0.0,19.0768682,72.87900230000001,45.0
43.42,0.0,19.076868400000002,72.8790026,45.0
43.43,0.0,19.0768686,72.8790029,45.0
43.44,0.0,19.0768688,72.8790032,45.0
43.45,0.0,19.076869000000002,72.87900350000001,45.0
43.46,0.0,19.0768692,72.8790038,45.0
43.47,0.0,19.0768694,72.8790041,45.0
43.480000000000004,0.0,19.076869600000002,72.8790044,45.0
43.49,0.0,19.0768698,72.87900470000001,45.0
43.5,0.0,19.07687,72.879005,45.0
43.51,0.0,19.076870200000002,72.8790053,45.0
43.52,0.0,19.0768704,72.8790056,45.0
43.53,0.0,19.0768706,72.87900590000001,45.0
43.54,0.0,19.076870800000002,72.8790062,45.0
43.550000000000004,0.0,19.076871,72.8790065,45.0
43.56,0.0,19.0768712,72.8790068,45.0
43.57,0.0,19.0768714,72.87900710000001,45.0
43.58,0.0,19.0768716,72.8790074,45.0
43.59,0.0,19.0768718,72.8790077,45.0
43.6,0.0,19.076872,72.879008,45.0
43.61,0.0,19.0768722,72.87900830000001,45.0
43.62,0.0,19.0768724,72.8790086,45.0
43.63,0.0,19.0768726,72.8790089,45.0
43.64,0.0,19.0768728,72.8790092,45.0
43.65,0.0,19.076873,72.87900950000001,45.0
43.660000000000004,0.0,19.0768732,72.8790098,45.0
43.67,0.0,19.0768734,72.8790101,45.0
43.68,0.0,19.0768736,72.8790104,45.0
43.69,0.0,19.0768738,72.87901070000001,45.0
43.7,0.0,19.076874,72.879011,45.0
43.71,0.0,19.0768742,72.8790113,45.0
43.72,0.0,19.0768744,72.8790116,45.0
43.730000000000004,0.0,19.0768746,72.87901190000001,45.0
43.74,0.0,19.0768748,72.8790122,45.0
43.75,0.0,19.076875,72.8790125,45.0
43.76,0.0,19.0768752,72.8790128,45.0
43.77,0.0,19.076875400000002,72.87901310000001,45.0
43.78,0.0,19.0768756,72.8790134,45.0
43.79,0.0,19.0768758,72.8790137,45.0
43.800000000000004,0.0,19.076876000000002,72.879014,45.0
43.81,0.0,19.0768762,72.87901430000001,45.0
43.82,0.0,19.0768764,72.8790146,45.0
43.83,0.0,19.076876600000002,72.8790149,45.0
43.84,0.0,19.0768768,72.8790152,45.0
43.85,0.0,19.076877,72.87901550000001,45.0
43.86,0.0,19.076877200000002,72.8790158,45.0
43.87,0.0,19.0768774,72.8790161,45.0
43.88,0.0,19.0768776,72.8790164,45.0
43.89,0.0,19.076877800000002,72.87901670000001,45.0
43.9,0.0,19.076878,72.879017,45.0
43.910000000000004,0.0,19.0768782,72.8790173,45.0
43.92,0.0,19.076878400000002,72.8790176,45.0
43.93,0.0,19.0768786,72.87901790000001,45.0
43.94,0.0,19.0768788,72.8790182,45.0
43.95,0.0,19.076879,72.8790185,45.0
43.96,0.0,19.0768792,72.87901880000001,45.0
43.97,0.0,19.0768794,72.87901910000001,45.0
43.980000000000004,0.0,19.0768796,72.8790194,45.0
43.99,0.0,19.0768798,72.8790197,45.0
44.0,0.0,19.07688,72.87902000000001,45.0
44.01,0.0,19.0768802,72.87902030000001,45.0
44.02,0.0,19.0768804,72.8790206,45.0
44.03,0.0,19.0768806,72.8790209,45.0
44.04,0.0,19.0768808,72.87902120000001,45.0
44.050000000000004,0.0,19.076881,72.87902150000001,45.0
44.06,0.0,19.0768812,72.8790218,45.0
44.07,0.0,19.0768814,72.8790221,45.0
44.08,0.0,19.0768816,72.87902240000001,45.0
44.09,0.0,19.0768818,72.87902270000001,45.0
44.1,0.0,19.076882,72.879023,45.0
44.11,0.0,19.0768822,72.8790233,45.0
44.12,0.0,19.0768824,72.87902360000001,45.0
44.13,0.0,19.0768826,72.8790239,45.0
44.14,0.0,19.0768828,72.8790242,45.0
44.15,0.0,19.076883000000002,72.8790245,45.0
44.160000000000004,0.0,19.0768832,72.87902480000001,45.0
44.17,0.0,19.0768834,72.8790251,45.0
44.18,0.0,19.076883600000002,72.8790254,45.0
44.19,0.0,19.0768838,72.8790257,45.0
44.2,0.0,19.076884,72.87902600000001,45.0
44.21,0.0,19.076884200000002,72.8790263,45.0
44.22,0.0,19.0768844,72.8790266,45.0
44.230000000000004,0.0,19.0768846,72.8790269,45.0
44.24,0.0,19.076884800000002,72.87902720000001,45.0
44.25,0.0,19.076885,72.8790275,45.0
44.26,0.0,19.0768852,72.8790278,45.0
44.27,0.0,19.076885400000002,72.8790281,45.0
44.28,0.0,19.0768856,72.87902840000001,45.0
44.29,0.0,19.0768858,72.8790287,45.0
44.300000000000004,0.0,19.076886000000002,72.879029,45.0
44.31,0.0,19.0768862,72.8790293,45.0
44.32,0.0,19.0768864,72.87902960000001,45.0
44.33,0.0,19.0768866,72.8790299,45.0
44.34,0.0,19.0768868,72.8790302,45.0
44.35,0.0,19.076887,72.8790305,45.0
44.36,0.0,19.0768872,72.87903080000001,45.0
44.37,0.0,19.0768874,72.8790311,45.0
44.38,0.0,19.0768876,72.8790314,45.0
44.39,0.0,19.0768878,72.8790317,45.0
44.4,0.0,19.076888,72.87903200000001,45.0
44.410000000000004,0.0,19.0768882,72.8790323,45.0
44.42,0.0,19.0768884,72.8790326,45.0
44.43,0.0,19.0768886,72.8790329,45.0
44.44,0.0,19.0768888,72.87903320000001,45.0
44.45,0.0,19.076889,72.8790335,45.0
44.46,0.0,19.0768892,72.8790338,45.0
44.47,0.0,19.0768894,72.8790341,45.0
44.480000000000004,0.0,19.0768896,72.87903440000001,45.0
44.49,0.0,19.0768898,72.8790347,45.0
44.5,0.0,19.07689,72.879035,45.0
44.51,0.0,19.0768902,72.8790353,45.0
44.52,0.0,19.0768904,72.87903560000001,45.0
44.53,0.0,19.076890600000002,72.8790359,45.0
44.54,0.0,19.0768908,72.8790362,45.0
44.550000000000004,0.0,19.076891,72.8790365,45.0
44.56,0.0,19.076891200000002,72.87903680000001,45.0
44.57,0.0,19.0768914,72.8790371,45.0
44.58,0.0,19.0768916,72.8790374,45.0
44.59,0.0,19.076891800000002,72.8790377,45.0
44.6,0.0,19.076892,72.87903800000001,45.0
44.61,0.0,19.0768922,72.8790383,45.0
44.62,0.0,19.076892400000002,72.8790386,45.0
44.63,0.0,19.0768926,72.8790389,45.0
44.64,0.0,19.0768928,72.87903920000001,45.0
44.65,0.0,19.076893000000002,72.8790395,45.0
44.660000000000004,0.0,19.0768932,72.8790398,45.0
44.67,0.0,19.0768934,72.8790401,45.0
44.68,0.0,19.076893600000002,72.87904040000001,45.0
44.69,0.0,19.0768938,72.8790407,45.0
44.7,0.0,19.076894,72.879041,45.0
44.71,0.0,19.0768942,72.87904130000001,45.0
44.72,0.0,19.0768944,72.87904160000001,45.0
44.730000000000004,0.0,19.0768946,72.8790419,45.0
44.74,0.0,19.0768948,72.8790422,45.0
44.75,0.0,19.076895,72.87904250000001,45.0
44.76,0.0,19.0768952,72.87904280000001,45.0
44.77,0.0,19.0768954,72.8790431,45.0
44.78,0.0,19.0768956,72.8790434,45.0
44.79,0.0,19.0768958,72.87904370000001,45.0
44.800000000000004,0.0,19.076896,72.87904400000001,45.0
44.81,0.0,19.0768962,72.8790443,45.0
44.82,0.0,19.0768964,72.8790446,45.0
44.83,0.0,19.0768966,72.87904490000001,45.0
44.84,0.0,19.0768968,72.87904520000001,45.0
44.85,0.0,19.076897,72.8790455,45.0
44.86,0.0,19.0768972,72.8790458,45.0
44.87,0.0,19.0768974,72.87904610000001,45.0
44.88,0.0,19.0768976,72.87904640000001,45.0
44.89,0.0,19.0768978,72.8790467,45.0
44.9,0.0,19.076898,72.879047,45.0
44.910000000000004,0.0,19.076898200000002,72.87904730000001,45.0
44.92,0.0,19.0768984,72.8790476,45.0
44.93,0.0,19.0768986,72.8790479,45.0
44.94,0.0,19.076898800000002,72.8790482,45.0
44.95,0.0,19.076899,72.87904850000001,45.0
44.96,0.0,19.0768992,72.8790488,45.0
44.97,0.0,19.076899400000002,72.8790491,45.0
44.980000000000004,0.0,19.0768996,72.8790494,45.0
44.99,0.0,19.0768998,72.87904970000001,45.0
45.0,0.0,19.076900000000002,72.87905,45.0
45.01,0.0,19.0769002,72.8790503,45.0
45.02,0.0,19.0769004,72.8790506,45.0
45.03,0.0,19.076900600000002,72.87905090000001,45.0
45.04,0.0,19.0769008,72.8790512,45.0
45.050000000000004,0.0,19.076901,72.8790515,45.0
45.06,0.0,19.076901200000002,72.8790518,45.0
45.07,0.0,19.0769014,72.87905210000001,45.0
45.08,0.0,19.0769016,72.8790524,45.0
45.09,0.0,19.0769018,72.8790527,45.0
45.1,0.0,19.076902,72.879053,45.0
45.11,0.0,19.0769022,72.87905330000001,45.0
45.12,0.0,19.0769024,72.8790536,45.0
45.13,0.0,19.0769026,72.8790539,45.0
45.14,0.0,19.0769028,72.8790542,45.0
45.15,0.0,19.076903,72.87905450000001,45.0
45.160000000000004,0.0,19.0769032,72.8790548,45.0
45.17,0.0,19.0769034,72.8790551,45.0
45.18,0.0,19.0769036,72.8790554,45.0
45.19,0.0,19.0769038,72.87905570000001,45.0
45.2,0.0,19.076904,72.879056,45.0
45.21,0.0,19.0769042,72.8790563,45.0
45.22,0.0,19.0769044,72.8790566,45.0
45.230000000000004,0.0,19.0769046,72.87905690000001,45.0
45.24,0.0,19.0769048,72.8790572,45.0
45.25,0.0,19.076905,72.8790575,45.0
45.26,0.0,19.0769052,72.8790578,45.0
45.27,0.0,19.0769054,72.87905810000001,45.0
45.28,0.0,19.0769056,72.8790584,45.0
45.29,0.0,19.076905800000002,72.8790587,45.0
45.300000000000004,0.0,19.076906,72.879059,45.0
45.31,0.0,19.0769062,72.87905930000001,45.0
45.32,0.0,19.076906400000002,72.8790596,45.0
45.33,0.0,19.0769066,72.8790599,45.0
45.34,0.0,19.0769068,72.8790602,45.0
45.35,0.0,19.076907000000002,72.87906050000001,45.0
45.36,0.0,19.0769072,72.8790608,45.0
45.37,0.0,19.0769074,72.8790611,45.0
45.38,0.0,19.076907600000002,72.8790614,45.0
45.39,0.0,19.0769078,72.87906170000001,45.0
45.4,0.0,19.076908,72.879062,45.0
45.410000000000004,0.0,19.076908200000002,72.8790623,45.0
45.42,0.0,19.0769084,72.8790626,45.0
45.43,0.0,19.0769086,72.87906290000001,45.0
45.44,0.0,19.0769088,72.8790632,45.0
45.45,0.0,19.076909,72.8790635,45.0
45.46,0.0,19.0769092,72.8790638,45.0
45.47,0.0,19.0769094,72.87906410000001,45.0
45.480000000000004,0.0,19.0769096,72.8790644,45.0
45.49,0.0,19.0769098,72.8790647,45.0
45.5,0.0,19.07691,72.87906500000001,45.0
45.51,0.0,19.0769102,72.87906530000001,45.0
45.52,0.0,19.0769104,72.8790656,45.0
45.53,0.0,19.0769106,72.8790659,45.0
45.54,0.0,19.0769108,72.87906620000001,45.0
45.550000000000004,0.0,19.076911,72.87906650000001,45.0
45.56,0.0,19.0769112,72.8790668,45.0
45.57,0.0,19.0769114,72.8790671,45.0
45.58,0.0,19.0769116,72.87906740000001,45.0
45.59,0.0,19.0769118,72.87906770000001,45.0
45.6,0.0,19.076912,72.879068,45.0
45.61,0.0,19.0769122,72.8790683,45.0
45.62,0.0,19.0769124,72.87906860000001,45.0
45.63,0.0,19.0769126,72.87906890000001,45.0
45.64,0.0,19.0769128,72.8790692,45.0
45.65,0.0,19.076913,72.8790695,45.0
45.660000000000004,0.0,19.0769132,72.87906980000001,45.0
45.67,0.0,19.076913400000002,72.8790701,45.0
45.68,0.0,19.0769136,72.8790704,45.0
45.69,0.0,19.0769138,72.8790707,45.0
45.7,0.0,19.076914000000002,72.87907100000001,45.0
45.71,0.0,19.0769142,72.8790713,45.0
45.72,0.0,19.0769144,72.8790716,45.0
45.730000000000004,0.0,19.076914600000002,72.8790719,45.0
45.74,0.0,19.0769148,72.87907220000001,45.0
45.75,0.0,19.076915,72.8790725,45.0
45.76,0.0,19.076915200000002,72.8790728,45.0
45.77,0.0,19.0769154,72.8790731,45.0
45.78,0.0,19.0769156,72.87907340000001,45.0
45.79,0.0,19.076915800000002,72.8790737,45.0
45.800000000000004,0.0,19.076916,72.879074,45.0
45.81,0.0,19.0769162,72.8790743,45.0
45.82,0.0,19.0769164,72.87907460000001,45.0
45.83,0.0,19.0769166,72.8790749,45.0
45.84,0.0,19.0769168,72.8790752,45.0
45.85,0.0,19.076917,72.8790755,45.0
45.86,0.0,19.0769172,72.87907580000001,45.0
45.87,0.0,19.0769174,72.8790761,45.0
45.88,0.0,19.0769176,72.8790764,45.0
45.89,0.0,19.0769178,72.8790767,45.0
45.9,0.0,19.076918,72.87907700000001,45.0
45.910000000000004,0.0,19.0769182,72.8790773,45.0
45.92,0.0,19.0769184,72.8790776,45.0
45.93,0.0,19.0769186,72.8790779,45.0
45.94,0.0,19.0769188,72.87907820000001,45.0
45.95,0.0,19.076919,72.8790785,45.0
45.96,0.0,19.0769192,72.8790788,45.0
45.97,0.0,19.0769194,72.8790791,45.0
45.980000000000004,0.0,19.0769196,72.87907940000001,45.0
45.99,0.0,19.0769198,72.8790797,45.0
46.0,0.0,19.07692,72.87908,45.0
46.01,0.0,19.0769202,72.8790803,45.0
46.02,0.0,19.0769204,72.87908060000001,45.0
46.03,0.0,19.0769206,72.8790809,45.0
46.04,0.0,19.0769208,72.8790812,45.0
46.050000000000004,0.0,19.076921000000002,72.8790815,45.0
46.06,0.0,19.0769212,72.87908180000001,45.0
46.07,0.0,19.0769214,72.8790821,45.0
46.08,0.0,19.076921600000002,72.8790824,45.0
46.09,0.0,19.0769218,72.8790827,45.0
46.1,0.0,19.076922,72.87908300000001,45.0
46.11,0.0,19.076922200000002,72.8790833,45.0
46.12,0.0,19.0769224,72.8790836,45.0
46.13,0.0,19.0769226,72.8790839,45.0
46.14,0.0,19.076922800000002,72.87908420000001,45.0
46.15,0.0,19.076923,72.8790845,45.0
46.160000000000004,0.0,19.0769232,72.8790848,45.0
46.17,0.0,19.076923400000002,72.8790851,45.0
46.18,0.0,19.0769236,72.87908540000001,45.0
46.19,0.0,19.0769238,72.8790857,45.0
46.2,0.0,19.076924,72.879086,45.0
46.21,0.0,19.0769242,72.8790863,45.0
46.22,0.0,19.0769244,72.87908660000001,45.0
46.230000000000004,0.0,19.0769246,72.8790869,45.0
46.24,0.0,19.0769248,72.8790872,45.0
46.25,0.0,19.076925,72.87908750000001,45.0
46.26,0.0,19.0769252,72.87908780000001,45.0
46.27,0.0,19.0769254,72.8790881,45.0
46.28,0.0,19.0769256,72.8790884,45.0
46.29,0.0,19.0769258,72.87908870000001,45.0
46.300000000000004,0.0,19.076926,72.87908900000001,45.0
46.31,0.0,19.0769262,72.8790893,45.0
46.32,0.0,19.0769264,72.8790896,45.0
46.33,0.0,19.0769266,72.87908990000001,45.0
46.34,0.0,19.0769268,72.87909020000001,45.0
46.35,0.0,19.076927,72.8790905,45.0
46.36,0.0,19.0769272,72.8790908,45.0
46.37,0.0,19.0769274,72.87909110000001,45.0
46.38,0.0,19.0769276,72.87909140000001,45.0
46.39,0.0,19.0769278,72.8790917,45.0
46.4,0.0,19.076928,72.879092,45.0
46.410000000000004,0.0,19.0769282,72.87909230000001,45.0
46.42,0.0,19.0769284,72.8790926,45.0
46.43,0.0,19.076928600000002,72.8790929,45.0
46.44,0.0,19.0769288,72.8790932,45.0
46.45,0.0,19.076929,72.87909350000001,45.0
46.46,0.0,19.076929200000002,72.8790938,45.0
46.47,0.0,19.0769294,72.8790941,45.0
46.480000000000004,0.0,19.0769296,72.8790944,45.0
46.49,0.0,19.076929800000002,72.87909470000001,45.0
46.5,0.0,19.07693,72.879095,45.0
46.51,0.0,19.0769302,72.8790953,45.0
46.52,0.0,19.076930400000002,72.8790956,45.0
46.53,0.0,19.0769306,72.87909590000001,45.0
46.54,0.0,19.0769308,72.8790962,45.0
46.550000000000004,0.0,19.076931000000002,72.8790965,45.0
46.56,0.0,19.0769312,72.8790968,45.0
46.57,0.0,19.0769314,72.87909710000001,45.0
46.58,0.0,19.0769316,72.8790974,45.0
46.59,0.0,19.0769318,72.8790977,45.0
46.6,0.0,19.076932,72.879098,45.0
46.61,0.0,19.0769322,72.87909830000001,45.0
46.62,0.0,19.0769324,72.8790986,45.0
46.63,0.0,19.0769326,72.8790989,45.0
46.64,0.0,19.0769328,72.8790992,45.0
46.65,0.0,19.076933,72.87909950000001,45.0
46.660000000000004,0.0,19.0769332,72.8790998,45.0
46.67,0.0,19.0769334,72.8791001,45.0
46.68,0.0,19.0769336,72.8791004,45.0
46.69,0.0,19.0769338,72.87910070000001,45.0
46.7,0.0,19.076934,72.879101,45.0
46.71,0.0,19.0769342,72.8791013,45.0
46.72,0.0,19.0769344,72.8791016,45.0
46.730000000000004,0.0,19.0769346,72.87910190000001,45.0
46.74,0.0,19.0769348,72.8791022,45.0
46.75,0.0,19.076935,72.8791025,45.0
46.76,0.0,19.0769352,72.8791028,45.0
46.77,0.0,19.0769354,72.87910310000001,45.0
46.78,0.0,19.0769356,72.8791034,45.0
46.79,0.0,19.0769358,72.8791037,45.0
46.800000000000004,0.0,19.076936,72.879104,45.0
46.81,0.0,19.076936200000002,72.87910430000001,45.0
46.82,0.0,19.0769364,72.8791046,45.0
46.83,0.0,19.0769366,72.8791049,45.0
46.84,0.0,19.076936800000002,72.8791052,45.0
46.85,0.0,19.076937,72.87910550000001,45.0
46.86,0.0,19.0769372,72.8791058,45.0
46.87,0.0,19.076937400000002,72.8791061,45.0
46.88,0.0,19.0769376,72.8791064,45.0
46.89,0.0,19.0769378,72.87910670000001,45.0
46.9,0.0,19.076938000000002,72.879107,45.0
46.910000000000004,0.0,19.0769382,72.8791073,45.0
46.92,0.0,19.0769384,72.8791076,45.0
46.93,0.0,19.076938600000002,72.87910790000001,45.0
46.94,0.0,19.0769388,72.8791082,45.0
46.95,0.0,19.076939,72.8791085,45.0
46.96,0.0,19.0769392,72.8791088,45.0
46.97,0.0,19.0769394,72.87910910000001,45.0
46.980000000000004,0.0,19.0769396,72.8791094,45.0
46.99,0.0,19.0769398,72.8791097,45.0
47.0,0.0,19.07694,72.87911000000001,45.0
47.01,0.0,19.0769402,72.87911030000001,45.0
47.02,0.0,19.0769404,72.8791106,45.0
47.03,0.0,19.0769406,72.8791109,45.0
47.04,0.0,19.0769408,72.87911120000001,45.0
47.050000000000004,0.0,19.076941,72.87911150000001,45.0
47.06,0.0,19.0769412,72.8791118,45.0
47.07,0.0,19.0769414,72.8791121,45.0
47.08,0.0,19.0769416,72.87911240000001,45.0
47.09,0.0,19.0769418,72.87911270000001,45.0
47.1,0.0,19.076942,72.879113,45.0
47.11,0.0,19.0769422,72.8791133,45.0
47.12,0.0,19.0769424,72.87911360000001,45.0
47.13,0.0,19.0769426,72.87911390000001,45.0
47.14,0.0,19.0769428,72.8791142,45.0
47.15,0.0,19.076943,72.8791145,45.0
47.160000000000004,0.0,19.0769432,72.87911480000001,45.0
47.17,0.0,19.0769434,72.8791151,45.0
47.18,0.0,19.0769436,72.8791154,45.0
47.19,0.0,19.076943800000002,72.8791157,45.0
47.2,0.0,19.076944,72.87911600000001,45.0
47.21,0.0,19.0769442,72.8791163,45.0
47.22,0.0,19.076944400000002,72.8791166,45.0
47.230000000000004,0.0,19.0769446,72.8791169,45.0
47.24,0.0,19.0769448,72.87911720000001,45.0
47.25,0.0,19.076945000000002,72.8791175,45.0
47.26,0.0,19.0769452,72.8791178,45.0
47.27,0.0,19.0769454,72.8791181,45.0
47.28,0.0,19.076945600000002,72.87911840000001,45.0
47.29,0.0,19.0769458,72.8791187,45.0
47.300000000000004,0.0,19.076946,72.879119,45.0
47.31,0.0,19.076946200000002,72.8791193,45.0
47.32,0.0,19.0769464,72.87911960000001,45.0
47.33,0.0,19.0769466,72.8791199,45.0
47.34,0.0,19.0769468,72.8791202,45.0
47.35,0.0,19.076947,72.8791205,45.0
47.36,0.0,19.0769472,72.87912080000001,45.0
47.37,0.0,19.0769474,72.8791211,45.0
47.38,0.0,19.0769476,72.8791214,45.0
47.39,0.0,19.0769478,72.8791217,45.0
47.4,0.0,19.076948,72.87912200000001,45.0
47.410000000000004,0.0,19.0769482,72.8791223,45.0
47.42,0.0,19.0769484,72.8791226,45.0
47.43,0.0,19.0769486,72.8791229,45.0
47.44,0.0,19.0769488,72.87912320000001,45.0
47.45,0.0,19.076949,72.8791235,45.0
47.46,0.0,19.0769492,72.8791238,45.0
47.47,0.0,19.0769494,72.8791241,45.0
47.480000000000004,0.0,19.0769496,72.87912440000001,45.0
47.49,0.0,19.0769498,72.8791247,45.0
47.5,0.0,19.07695,72.879125,45.0
47.51,0.0,19.0769502,72.8791253,45.0
47.52,0.0,19.0769504,72.87912560000001,45.0
47.53,0.0,19.0769506,72.8791259,45.0
47.54,0.0,19.0769508,72.8791262,45.0
47.550000000000004,0.0,19.076951,72.8791265,45.0
47.56,0.0,19.0769512,72.87912680000001,45.0
47.57,0.0,19.076951400000002,72.8791271,45.0
47.58,0.0,19.0769516,72.8791274,45.0
47.59,0.0,19.0769518,72.8791277,45.0
47.6,0.0,19.076952000000002,72.87912800000001,45.0
47.61,0.0,19.0769522,72.8791283,45.0
47.62,0.0,19.0769524,72.8791286,45.0
47.63,0.0,19.076952600000002,72.8791289,45.0
47.64,0.0,19.0769528,72.87912920000001,45.0
47.65,0.0,19.076953,72.8791295,45.0
47.660000000000004,0.0,19.076953200000002,72.8791298,45.0
47.67,0.0,19.0769534,72.8791301,45.0
47.68,0.0,19.0769536,72.87913040000001,45.0
47.69,0.0,19.076953800000002,72.8791307,45.0
47.7,0.0,19.076954,72.879131,45.0
47.71,0.0,19.0769542,72.8791313,45.0
47.72,0.0,19.0769544,72.87913160000001,45.0
47.730000000000004,0.0,19.0769546,72.8791319,45.0
47.74,0.0,19.0769548,72.8791322,45.0
47.75,0.0,19.076955,72.87913250000001,45.0
47.76,0.0,19.0769552,72.87913280000001,45.0
47.77,0.0,19.0769554,72.8791331,45.0
47.78,0.0,19.0769556,72.8791334,45.0
47.79,0.0,19.0769558,72.87913370000001,45.0
47.800000000000004,0.0,19.076956,72.87913400000001,45.0
47.81,0.0,19.0769562,72.8791343,45.0
47.82,0.0,19.0769564,72.8791346,45.0
47.83,0.0,19.0769566,72.87913490000001,45.0
47.84,0.0,19.0769568,72.87913520000001,45.0
47.85,0.0,19.076957,72.8791355,45.0
47.86,0.0,19.0769572,72.8791358,45.0
47.870000000000005,0.0,19.0769574,72.87913610000001,45.0
47.88,0.0,19.0769576,72.87913640000001,45.0
47.89,0.0,19.0769578,72.8791367,45.0
47.9,0.0,19.076958,72.879137,45.0
47.910000000000004,0.0,19.0769582,72.87913730000001,45.0
47.92,0.0,19.0769584,72.8791376,45.0
47.93,0.0,19.0769586,72.8791379,45.0
47.94,0.0,19.0769588,72.8791382,45.0
47.95,0.0,19.076959000000002,72.87913850000001,45.0
47.96,0.0,19.0769592,72.8791388,45.0
47.97,0.0,19.0769594,72.8791391,45.0
47.980000000000004,0.0,19.076959600000002,72.8791394,45.0
47.99,0.0,19.0769598,72.87913970000001,45.0
48.0,0.0,19.07696,72.87914,45.0
48.01,0.0,19.076960200000002,72.8791403,45.0
48.02,0.0,19.0769604,72.8791406,45.0
48.03,0.0,19.0769606,72.87914090000001,45.0
48.04,0.0,19.076960800000002,72.8791412,45.0
48.050000000000004,0.0,19.076961,72.8791415,45.0
48.06,0.0,19.0769612,72.8791418,45.0
48.07,0.0,19.076961400000002,72.87914210000001,45.0
48.08,0.0,19.0769616,72.8791424,45.0
48.09,0.0,19.0769618,72.8791427,45.0
48.1,0.0,19.076962,72.879143,45.0
48.11,0.0,19.0769622,72.87914330000001,45.0
48.120000000000005,0.0,19.0769624,72.8791436,45.0
48.13,0.0,19.0769626,72.8791439,45.0
48.14,0.0,19.0769628,72.8791442,45.0
48.15,0.0,19.076963,72.87914450000001,45.0
48.160000000000004,0.0,19.0769632,72.8791448,45.0
48.17,0.0,19.0769634,72.8791451,45.0
48.18,0.0,19.0769636,72.8791454,45.0
48.19,0.0,19.0769638,72.87914570000001,45.0
48.2,0.0,19.076964,72.879146,45.0
48.21,0.0,19.0769642,72.8791463,45.0
48.22,0.0,19.0769644,72.8791466,45.0
48.230000000000004,0.0,19.0769646,72.87914690000001,45.0
48.24,0.0,19.0769648,72.8791472,45.0
48.25,0.0,19.076965,72.8791475,45.0
48.26,0.0,19.0769652,72.8791478,45.0
48.27,0.0,19.0769654,72.87914810000001,45.0
48.28,0.0,19.0769656,72.8791484,45.0
48.29,0.0,19.0769658,72.8791487,45.0
48.300000000000004,0.0,19.076966,72.879149,45.0
48.31,0.0,19.0769662,72.87914930000001,45.0
48.32,0.0,19.0769664,72.8791496,45.0
48.33,0.0,19.076966600000002,72.8791499,45.0
48.34,0.0,19.0769668,72.8791502,45.0
48.35,0.0,19.076967,72.87915050000001,45.0
48.36,0.0,19.076967200000002,72.8791508,45.0
48.370000000000005,0.0,19.0769674,72.8791511,45.0
48.38,0.0,19.0769676,72.8791514,45.0
48.39,0.0,19.076967800000002,72.87915170000001,45.0
48.4,0.0,19.076968,72.879152,45.0
48.410000000000004,0.0,19.0769682,72.8791523,45.0
48.42,0.0,19.076968400000002,72.8791526,45.0
48.43,0.0,19.0769686,72.87915290000001,45.0
48.44,0.0,19.0769688,72.8791532,45.0
48.45,0.0,19.076969000000002,72.8791535,45.0
48.46,0.0,19.0769692,72.8791538,45.0
48.47,0.0,19.0769694,72.87915410000001,45.0
48.480000000000004,0.0,19.0769696,72.8791544,45.0
48.49,0.0,19.0769698,72.8791547,45.0
48.5,0.0,19.07697,72.87915500000001,45.0
48.51,0.0,19.0769702,72.87915530000001,45.0
48.52,0.0,19.0769704,72.8791556,45.0
48.53,0.0,19.0769706,72.8791559,45.0
48.54,0.0,19.0769708,72.87915620000001,45.0
48.550000000000004,0.0,19.076971,72.87915650000001,45.0
48.56,0.0,19.0769712,72.8791568,45.0
48.57,0.0,19.0769714,72.8791571,45.0
48.58,0.0,19.0769716,72.87915740000001,45.0
48.59,0.0,19.0769718,72.87915770000001,45.0
48.6,0.0,19.076972,72.879158,45.0
48.61,0.0,19.0769722,72.8791583,45.0
48.620000000000005,0.0,19.0769724,72.87915860000001,45.0
48.63,0.0,19.0769726,72.87915890000001,45.0
48.64,0.0,19.0769728,72.8791592,45.0
48.65,0.0,19.076973,72.8791595,45.0
48.660000000000004,0.0,19.0769732,72.87915980000001,45.0
48.67,0.0,19.0769734,72.8791601,45.0
48.68,0.0,19.0769736,72.8791604,45.0
48.69,0.0,19.0769738,72.8791607,45.0
48.7,0.0,19.076974,72.87916100000001,45.0
48.71,0.0,19.076974200000002,72.8791613,45.0
48.72,0.0,19.0769744,72.8791616,45.0
48.730000000000004,0.0,19.0769746,72.8791619,45.0
48.74,0.0,19.076974800000002,72.87916220000001,45.0
48.75,0.0,19.076975,72.8791625,45.0
48.76,0.0,19.0769752,72.8791628,45.0
48.77,0.0,19.076975400000002,72.8791631,45.0
48.78,0.0,19.0769756,72.87916340000001,45.0
48.79,0.0,19.0769758,72.8791637,45.0
48.800000000000004,0.0,19.076976000000002,72.879164,45.0
48.81,0.0,19.0769762,72.8791643,45.0
48.82,0.0,19.0769764,72.87916460000001,45.0
48.83,0.0,19.076976600000002,72.8791649,45.0
48.84,0.0,19.0769768,72.8791652,45.0
48.85,0.0,19.076977,72.8791655,45.0
48.86,0.0,19.0769772,72.87916580000001,45.0
48.870000000000005,0.0,19.0769774,72.8791661,45.0
48.88,0.0,19.0769776,72.8791664,45.0
48.89,0.0,19.0769778,72.8791667,45.0
48.9,0.0,19.076978,72.87916700000001,45.0
48.910000000000004,0.0,19.0769782,72.8791673,45.0
48.92,0.0,19.0769784,72.8791676,45.0
48.93,0.0,19.0769786,72.8791679,45.0
48.94,0.0,19.0769788,72.87916820000001,45.0
48.95,0.0,19.076979,72.8791685,45.0
48.96,0.0,19.0769792,72.8791688,45.0
48.97,0.0,19.0769794,72.8791691,45.0
48.980000000000004,0.0,19.0769796,72.87916940000001,45.0
48.99,0.0,19.0769798,72.8791697,45.0
49.0,0.0,19.07698,72.87917,45.0
49.01,0.0,19.0769802,72.8791703,45.0
49.02,0.0,19.0769804,72.87917060000001,45.0
49.03,0.0,19.0769806,72.8791709,45.0
49.04,0.0,19.0769808,72.8791712,45.0
49.050000000000004,0.0,19.076981,72.8791715,45.0
49.06,0.0,19.0769812,72.87917180000001,45.0
49.07,0.0,19.0769814,72.8791721,45.0
49.08,0.0,19.0769816,72.8791724,45.0
49.09,0.0,19.076981800000002,72.8791727,45.0
49.1,0.0,19.076982,72.87917300000001,45.0
49.11,0.0,19.0769822,72.8791733,45.0
49.120000000000005,0.0,19.076982400000002,72.8791736,45.0
49.13,0.0,19.0769826,72.8791739,45.0
49.14,0.0,19.0769828,72.87917420000001,45.0
49.15,0.0,19.076983000000002,72.8791745,45.0
49.160000000000004,0.0,19.0769832,72.8791748,45.0
49.17,0.0,19.0769834,72.8791751,45.0
49.18,0.0,19.076983600000002,72.87917540000001,45.0
49.19,0.0,19.0769838,72.8791757,45.0
49.2,0.0,19.076984,72.879176,45.0
49.21,0.0,19.076984200000002,72.8791763,45.0
49.22,0.0,19.0769844,72.87917660000001,45.0
49.230000000000004,0.0,19.0769846,72.8791769,45.0
49.24,0.0,19.0769848,72.8791772,45.0
49.25,0.0,19.076985,72.8791775,45.0
49.26,0.0,19.0769852,72.87917780000001,45.0
49.27,0.0,19.0769854,72.8791781,45.0
49.28,0.0,19.0769856,72.8791784,45.0
49.29,0.0,19.0769858,72.87917870000001,45.0
49.300000000000004,0.0,19.076986,72.87917900000001,45.0
49.31,0.0,19.0769862,72.8791793,45.0
49.32,0.0,19.0769864,72.8791796,45.0
49.33,0.0,19.0769866,72.87917990000001,45.0
49.34,0.0,19.0769868,72.87918020000001,45.0
49.35,0.0,19.076987,72.8791805,45.0
49.36,0.0,19.0769872,72.8791808,45.0
49.370000000000005,0.0,19.0769874,72.87918110000001,45.0
49.38,0.0,19.0769876,72.87918140000001,45.0
49.39,0.0,19.0769878,72.8791817,45.0
49.4,0.0,19.076988,72.879182,45.0
49.410000000000004,0.0,19.0769882,72.87918230000001,45.0
49.42,0.0,19.0769884,72.87918260000001,45.0
49.43,0.0,19.0769886,72.8791829,45.0
49.44,0.0,19.0769888,72.8791832,45.0
49.45,0.0,19.076989,72.87918350000001,45.0
49.46,0.0,19.0769892,72.8791838,45.0
49.47,0.0,19.076989400000002,72.8791841,45.0
49.480000000000004,0.0,19.0769896,72.8791844,45.0
49.49,0.0,19.0769898,72.87918470000001,45.0
49.5,0.0,19.076990000000002,72.879185,45.0
49.51,0.0,19.0769902,72.8791853,45.0
49.52,0.0,19.0769904,72.8791856,45.0
49.53,0.0,19.076990600000002,72.87918590000001,45.0
49.54,0.0,19.0769908,72.8791862,45.0
49.550000000000004,0.0,19.076991,72.8791865,45.0
49.56,0.0,19.076991200000002,72.8791868,45.0
49.57,0.0,19.0769914,72.87918710000001,45.0
49.58,0.0,19.0769916,72.8791874,45.0
49.59,0.0,19.076991800000002,72.8791877,45.0
49.6,0.0,19.076992,72.879188,45.0
49.61,0.0,19.0769922,72.87918830000001,45.0
49.620000000000005,0.0,19.0769924,72.8791886,45.0
49.63,0.0,19.0769926,72.8791889,45.0
49.64,0.0,19.0769928,72.8791892,45.0
49.65,0.0,19.076993,72.87918950000001,45.0
49.660000000000004,0.0,19.0769932,72.8791898,45.0
49.67,0.0,19.0769934,72.8791901,45.0
49.68,0.0,19.0769936,72.8791904,45.0
49.69,0.0,19.0769938,72.87919070000001,45.0
49.7,0.0,19.076994,72.879191,45.0
49.71,0.0,19.0769942,72.8791913,45.0
49.72,0.0,19.0769944,72.8791916,45.0
49.730000000000004,0.0,19.0769946,72.87919190000001,45.0
49.74,0.0,19.0769948,72.8791922,45.0
49.75,0.0,19.076995,72.8791925,45.0
49.76,0.0,19.0769952,72.8791928,45.0
49.77,0.0,19.0769954,72.87919310000001,45.0
49.78,0.0,19.0769956,72.8791934,45.0
49.79,0.0,19.0769958,72.8791937,45.0
49.800000000000004,0.0,19.076996,72.879194,45.0
49.81,0.0,19.0769962,72.87919430000001,45.0
49.82,0.0,19.0769964,72.8791946,45.0
49.83,0.0,19.0769966,72.8791949,45.0
49.84,0.0,19.0769968,72.8791952,45.0
49.85,0.0,19.076997000000002,72.87919550000001,45.0
49.86,0.0,19.0769972,72.8791958,45.0
49.870000000000005,0.0,19.0769974,72.8791961,45.0
49.88,0.0,19.076997600000002,72.8791964,45.0
49.89,0.0,19.0769978,72.87919670000001,45.0
49.9,0.0,19.076998,72.879197,45.0
49.910000000000004,0.0,19.076998200000002,72.8791973,45.0
49.92,0.0,19.0769984,72.8791976,45.0
49.93,0.0,19.0769986,72.87919790000001,45.0
49.94,0.0,19.076998800000002,72.8791982,45.0
49.95,0.0,19.076999,72.8791985,45.0
49.96,0.0,19.0769992,72.8791988,45.0
49.97,0.0,19.076999400000002,72.87919910000001,45.0
49.980000000000004,0.0,19.0769996,72.8791994,45.0
49.99,0.0,19.0769998,72.8791997,45.0
50.0,0.0,19.077,72.8792,45.0
50.01,0.0,19.0770002,72.87920030000001,45.0
50.02,0.0,19.0770004,72.8792006,45.0
50.03,0.0,19.0770006,72.8792009,45.0
50.04,0.0,19.0770008,72.87920120000001,45.0
50.050000000000004,0.0,19.077001,72.87920150000001,45.0
50.06,0.0,19.0770012,72.8792018,45.0
50.07,0.0,19.0770014,72.8792021,45.0
50.08,0.0,19.0770016,72.87920240000001,45.0
50.09,0.0,19.0770018,72.87920270000001,45.0
50.1,0.0,19.077002,72.879203,45.0
50.11,0.0,19.0770022,72.8792033,45.0
50.120000000000005,0.0,19.0770024,72.87920360000001,45.0
50.13,0.0,19.0770026,72.87920390000001,45.0
50.14,0.0,19.0770028,72.8792042,45.0
50.15,0.0,19.077003,72.8792045,45.0
50.160000000000004,0.0,19.0770032,72.87920480000001,45.0
50.17,0.0,19.0770034,72.87920510000001,45.0
50.18,0.0,19.0770036,72.8792054,45.0
50.19,0.0,19.0770038,72.8792057,45.0
50.2,0.0,19.077004,72.87920600000001,45.0
50.21,0.0,19.0770042,72.8792063,45.0
50.22,0.0,19.0770044,72.8792066,45.0
50.230000000000004,0.0,19.077004600000002,72.8792069,45.0
50.24,0.0,19.0770048,72.87920720000001,45.0
50.25,0.0,19.077005,72.8792075,45.0
50.26,0.0,19.077005200000002,72.8792078,45.0
50.27,0.0,19.0770054,72.8792081,45.0
50.28,0.0,19.0770056,72.87920840000001,45.0
50.29,0.0,19.077005800000002,72.8792087,45.0
50.300000000000004,0.0,19.077006,72.879209,45.0
50.31,0.0,19.0770062,72.8792093,45.0
50.32,0.0,19.077006400000002,72.87920960000001,45.0
50.33,0.0,19.0770066,72.8792099,45.0
50.34,0.0,19.0770068,72.8792102,45.0
50.35,0.0,19.077007000000002,72.8792105,45.0
50.36,0.0,19.0770072,72.87921080000001,45.0
50.370000000000005,0.0,19.0770074,72.8792111,45.0
50.38,0.0,19.0770076,72.8792114,45.0
50.39,0.0,19.0770078,72.8792117,45.0
50.4,0.0,19.077008,72.87921200000001,45.0
50.410000000000004,0.0,19.0770082,72.8792123,45.0
50.42,0.0,19.0770084,72.8792126,45.0
50.43,0.0,19.0770086,72.8792129,45.0
50.44,0.0,19.0770088,72.87921320000001,45.0
50.45,0.0,19.077009,72.8792135,45.0
50.46,0.0,19.0770092,72.8792138,45.0
50.47,0.0,19.0770094,72.8792141,45.0
50.480000000000004,0.0,19.0770096,72.87921440000001,45.0
50.49,0.0,19.0770098,72.8792147,45.0
50.5,0.0,19.07701,72.879215,45.0
50.51,0.0,19.0770102,72.8792153,45.0
50.52,0.0,19.0770104,72.87921560000001,45.0
50.53,0.0,19.0770106,72.8792159,45.0
50.54,0.0,19.0770108,72.8792162,45.0
50.550000000000004,0.0,19.077011,72.8792165,45.0
50.56,0.0,19.0770112,72.87921680000001,45.0
50.57,0.0,19.0770114,72.8792171,45.0
50.58,0.0,19.0770116,72.8792174,45.0
50.59,0.0,19.0770118,72.8792177,45.0
50.6,0.0,19.077012,72.87921800000001,45.0
50.61,0.0,19.077012200000002,72.8792183,45.0
50.620000000000005,0.0,19.0770124,72.8792186,45.0
50.63,0.0,19.0770126,72.8792189,45.0
50.64,0.0,19.077012800000002,72.87921920000001,45.0
50.65,0.0,19.077013,72.8792195,45.0
50.660000000000004,0.0,19.0770132,72.8792198,45.0
50.67,0.0,19.077013400000002,72.8792201,45.0
50.68,0.0,19.0770136,72.87922040000001,45.0
50.69,0.0,19.0770138,72.8792207,45.0
50.7,0.0,19.077014000000002,72.879221,45.0
50.71,0.0,19.0770142,72.8792213,45.0
50.72,0.0,19.0770144,72.87922160000001,45.0
50.730000000000004,0.0,19.077014600000002,72.8792219,45.0
50.74,0.0,19.0770148,72.8792222,45.0
50.75,0.0,19.077015,72.8792225,45.0
50.76,0.0,19.0770152,72.87922280000001,45.0
50.77,0.0,19.0770154,72.8792231,45.0
50.78,0.0,19.0770156,72.8792234,45.0
50.79,0.0,19.0770158,72.87922370000001,45.0
50.800000000000004,0.0,19.077016,72.87922400000001,45.0
50.81,0.0,19.0770162,72.8792243,45.0
50.82,0.0,19.0770164,72.8792246,45.0
50.83,0.0,19.0770166,72.87922490000001,45.0
50.84,0.0,19.0770168,72.87922520000001,45.0
50.85,0.0,19.077017,72.8792255,45.0
50.86,0.0,19.0770172,72.8792258,45.0
50.870000000000005,0.0,19.0770174,72.87922610000001,45.0
50.88,0.0,19.0770176,72.87922640000001,45.0
50.89,0.0,19.0770178,72.8792267,45.0
50.9,0.0,19.077018,72.879227,45.0
50.910000000000004,0.0,19.0770182,72.87922730000001,45.0
50.92,0.0,19.0770184,72.87922760000001,45.0
50.93,0.0,19.0770186,72.8792279,45.0
50.94,0.0,19.0770188,72.8792282,45.0
50.95,0.0,19.077019,72.87922850000001,45.0
50.96,0.0,19.077019200000002,72.8792288,45.0
50.97,0.0,19.0770194,72.8792291,45.0
50.980000000000004,0.0,19.0770196,72.8792294,45.0
50.99,0.0,19.077019800000002,72.87922970000001,45.0
51.0,0.0,19.07702,72.87923,45.0
51.01,0.0,19.0770202,72.8792303,45.0
51.02,0.0,19.077020400000002,72.8792306,45.0
51.03,0.0,19.0770206,72.87923090000001,45.0
51.04,0.0,19.0770208,72.8792312,45.0
51.050000000000004,0.0,19.077021000000002,72.8792315,45.0
51.06,0.0,19.0770212,72.8792318,45.0
51.07,0.0,19.0770214,72.87923210000001,45.0
51.08,0.0,19.077021600000002,72.8792324,45.0
51.09,0.0,19.0770218,72.8792327,45.0
51.1,0.0,19.077022,72.879233,45.0
51.11,0.0,19.077022200000002,72.87923330000001,45.0
51.120000000000005,0.0,19.0770224,72.8792336,45.0
51.13,0.0,19.0770226,72.8792339,45.0
51.14,0.0,19.0770228,72.8792342,45.0
51.15,0.0,19.077023,72.87923450000001,45.0
51.160000000000004,0.0,19.0770232,72.8792348,45.0
51.17,0.0,19.0770234,72.8792351,45.0
51.18,0.0,19.0770236,72.8792354,45.0
51.19,0.0,19.0770238,72.87923570000001,45.0
51.2,0.0,19.077024,72.879236,45.0
51.21,0.0,19.0770242,72.8792363,45.0
51.22,0.0,19.0770244,72.8792366,45.0
51.230000000000004,0.0,19.0770246,72.87923690000001,45.0
51.24,0.0,19.0770248,72.8792372,45.0
51.25,0.0,19.077025,72.8792375,45.0
51.26,0.0,19.0770252,72.8792378,45.0
51.27,0.0,19.0770254,72.87923810000001,45.0
51.28,0.0,19.0770256,72.8792384,45.0
51.29,0.0,19.0770258,72.8792387,45.0
51.300000000000004,0.0,19.077026,72.879239,45.0
51.31,0.0,19.0770262,72.87923930000001,45.0
51.32,0.0,19.0770264,72.8792396,45.0
51.33,0.0,19.0770266,72.8792399,45.0
51.34,0.0,19.077026800000002,72.8792402,45.0
51.35,0.0,19.077027,72.87924050000001,45.0
51.36,0.0,19.0770272,72.8792408,45.0
51.370000000000005,0.0,19.077027400000002,72.8792411,45.0
51.38,0.0,19.0770276,72.8792414,45.0
51.39,0.0,19.0770278,72.87924170000001,45.0
51.4,0.0,19.077028000000002,72.879242,45.0
51.410000000000004,0.0,19.0770282,72.8792423,45.0
51.42,0.0,19.0770284,72.8792426,45.0
51.43,0.0,19.077028600000002,72.87924290000001,45.0
51.44,0.0,19.0770288,72.8792432,45.0
51.45,0.0,19.077029,72.8792435,45.0
51.46,0.0,19.077029200000002,72.8792438,45.0
51.47,0.0,19.0770294,72.87924410000001,45.0
51.480000000000004,0.0,19.0770296,72.8792444,45.0
51.49,0.0,19.077029800000002,72.8792447,45.0
51.5,0.0,19.07703,72.879245,45.0
51.51,0.0,19.0770302,72.87924530000001,45.0
51.52,0.0,19.0770304,72.8792456,45.0
51.53,0.0,19.0770306,72.8792459,45.0
51.54,0.0,19.0770308,72.87924620000001,45.0
51.550000000000004,0.0,19.077031,72.87924650000001,45.0
51.56,0.0,19.0770312,72.8792468,45.0
51.57,0.0,19.0770314,72.8792471,45.0
51.58,0.0,19.0770316,72.87924740000001,45.0
51.59,0.0,19.0770318,72.87924770000001,45.0
51.6,0.0,19.077032,72.879248,45.0
51.61,0.0,19.0770322,72.8792483,45.0
51.620000000000005,0.0,19.0770324,72.87924860000001,45.0
51.63,0.0,19.0770326,72.87924890000001,45.0
51.64,0.0,19.0770328,72.8792492,45.0
51.65,0.0,19.077033,72.8792495,45.0
51.660000000000004,0.0,19.0770332,72.87924980000001,45.0
51.67,0.0,19.0770334,72.87925010000001,45.0
51.68,0.0,19.0770336,72.8792504,45.0
51.69,0.0,19.0770338,72.8792507,45.0
51.7,0.0,19.077034,72.87925100000001,45.0
51.71,0.0,19.0770342,72.8792513,45.0
51.72,0.0,19.077034400000002,72.8792516,45.0
51.730000000000004,0.0,19.0770346,72.8792519,45.0
51.74,0.0,19.0770348,72.87925220000001,45.0
51.75,0.0,19.077035000000002,72.8792525,45.0
51.76,0.0,19.0770352,72.8792528,45.0
51.77,0.0,19.0770354,72.8792531,45.0
51.78,0.0,19.077035600000002,72.87925340000001,45.0
51.79,0.0,19.0770358,72.8792537,45.0
51.800000000000004,0.0,19.077036,72.879254,45.0
51.81,0.0,19.077036200000002,72.8792543,45.0
51.82,0.0,19.0770364,72.87925460000001,45.0
51.83,0.0,19.0770366,72.8792549,45.0
51.84,0.0,19.077036800000002,72.8792552,45.0
51.85,0.0,19.077037,72.8792555,45.0
51.86,0.0,19.0770372,72.87925580000001,45.0
51.870000000000005,0.0,19.077037400000002,72.8792561,45.0
51.88,0.0,19.0770376,72.8792564,45.0
51.89,0.0,19.0770378,72.8792567,45.0
51.9,0.0,19.077038,72.87925700000001,45.0
51.910000000000004,0.0,19.0770382,72.8792573,45.0
51.92,0.0,19.0770384,72.8792576,45.0
51.93,0.0,19.0770386,72.8792579,45.0
51.94,0.0,19.0770388,72.87925820000001,45.0
51.95,0.0,19.077039,72.8792585,45.0
51.96,0.0,19.0770392,72.8792588,45.0
51.97,0.0,19.0770394,72.8792591,45.0
51.980000000000004,0.0,19.0770396,72.87925940000001,45.0
51.99,0.0,19.0770398,72.8792597,45.0
52.0,0.0,19.07704,72.87926,45.0
52.01,0.0,19.0770402,72.8792603,45.0
52.02,0.0,19.0770404,72.87926060000001,45.0
52.03,0.0,19.0770406,72.8792609,45.0
52.04,0.0,19.0770408,72.8792612,45.0
52.050000000000004,0.0,19.077041,72.8792615,45.0
52.06,0.0,19.0770412,72.87926180000001,45.0
52.07,0.0,19.0770414,72.8792621,45.0
52.08,0.0,19.0770416,72.8792624,45.0
52.09,0.0,19.0770418,72.8792627,45.0
52.1,0.0,19.077042000000002,72.87926300000001,45.0
52.11,0.0,19.0770422,72.8792633,45.0
52.120000000000005,0.0,19.0770424,72.8792636,45.0
52.13,0.0,19.077042600000002,72.8792639,45.0
52.14,0.0,19.0770428,72.87926420000001,45.0
52.15,0.0,19.077043,72.8792645,45.0
52.160000000000004,0.0,19.077043200000002,72.8792648,45.0
52.17,0.0,19.0770434,72.8792651,45.0
52.18,0.0,19.0770436,72.87926540000001,45.0
52.19,0.0,19.077043800000002,72.8792657,45.0
52.2,0.0,19.077044,72.879266,45.0
52.21,0.0,19.0770442,72.8792663,45.0
52.22,0.0,19.077044400000002,72.87926660000001,45.0
52.230000000000004,0.0,19.0770446,72.8792669,45.0
52.24,0.0,19.0770448,72.8792672,45.0
52.25,0.0,19.077045000000002,72.8792675,45.0
52.26,0.0,19.0770452,72.87926780000001,45.0
52.27,0.0,19.0770454,72.8792681,45.0
52.28,0.0,19.0770456,72.8792684,45.0
52.29,0.0,19.0770458,72.87926870000001,45.0
52.300000000000004,0.0,19.077046,72.87926900000001,45.0
52.31,0.0,19.0770462,72.8792693,45.0
52.32,0.0,19.0770464,72.8792696,45.0
52.33,0.0,19.0770466,72.87926990000001,45.0
52.34,0.0,19.0770468,72.87927020000001,45.0
52.35,0.0,19.077047,72.8792705,45.0
52.36,0.0,19.0770472,72.8792708,45.0
52.370000000000005,0.0,19.0770474,72.87927110000001,45.0
52.38,0.0,19.0770476,72.87927140000001,45.0
52.39,0.0,19.0770478,72.8792717,45.0
52.4,0.0,19.077048,72.879272,45.0
52.410000000000004,0.0,19.0770482,72.87927230000001,45.0
52.42,0.0,19.0770484,72.87927260000001,45.0
52.43,0.0,19.0770486,72.8792729,45.0
52.44,0.0,19.0770488,72.8792732,45.0
52.45,0.0,19.077049,72.87927350000001,45.0
52.46,0.0,19.0770492,72.8792738,45.0
52.47,0.0,19.0770494,72.8792741,45.0
52.480000000000004,0.0,19.077049600000002,72.8792744,45.0
52.49,0.0,19.0770498,72.87927470000001,45.0
52.5,0.0,19.07705,72.879275,45.0
52.51,0.0,19.077050200000002,72.8792753,45.0
52.52,0.0,19.0770504,72.8792756,45.0
52.53,0.0,19.0770506,72.87927590000001,45.0
52.54,0.0,19.077050800000002,72.8792762,45.0
52.550000000000004,0.0,19.077051,72.8792765,45.0
52.56,0.0,19.0770512,72.8792768,45.0
52.57,0.0,19.077051400000002,72.87927710000001,45.0
52.58,0.0,19.0770516,72.8792774,45.0
52.59,0.0,19.0770518,72.8792777,45.0
52.6,0.0,19.077052000000002,72.879278,45.0
52.61,0.0,19.0770522,72.87927830000001,45.0
52.620000000000005,0.0,19.0770524,72.8792786,45.0
52.63,0.0,19.077052600000002,72.8792789,45.0
52.64,0.0,19.0770528,72.8792792,45.0
52.65,0.0,19.077053,72.87927950000001,45.0
52.660000000000004,0.0,19.0770532,72.8792798,45.0
52.67,0.0,19.0770534,72.8792801,45.0
52.68,0.0,19.0770536,72.8792804,45.0
52.69,0.0,19.0770538,72.87928070000001,45.0
52.7,0.0,19.077054,72.879281,45.0
52.71,0.0,19.0770542,72.8792813,45.0
52.72,0.0,19.0770544,72.8792816,45.0
52.730000000000004,0.0,19.0770546,72.87928190000001,45.0
52.74,0.0,19.0770548,72.8792822,45.0
52.75,0.0,19.077055,72.8792825,45.0
52.76,0.0,19.0770552,72.8792828,45.0
52.77,0.0,19.0770554,72.87928310000001,45.0
52.78,0.0,19.0770556,72.8792834,45.0
52.79,0.0,19.0770558,72.8792837,45.0
52.800000000000004,0.0,19.077056,72.879284,45.0
52.81,0.0,19.0770562,72.87928430000001,45.0
52.82,0.0,19.0770564,72.8792846,45.0
52.83,0.0,19.0770566,72.8792849,45.0
52.84,0.0,19.0770568,72.8792852,45.0
52.85,0.0,19.077057,72.87928550000001,45.0
52.86,0.0,19.077057200000002,72.8792858,45.0
52.870000000000005,0.0,19.0770574,72.8792861,45.0
52.88,0.0,19.0770576,72.8792864,45.0
52.89,0.0,19.077057800000002,72.87928670000001,45.0
52.9,0.0,19.077058,72.879287,45.0
52.910000000000004,0.0,19.0770582,72.8792873,45.0
52.92,0.0,19.077058400000002,72.8792876,45.0
52.93,0.0,19.0770586,72.87928790000001,45.0
52.94,0.0,19.0770588,72.8792882,45.0
52.95,0.0,19.077059000000002,72.8792885,45.0
52.96,0.0,19.0770592,72.8792888,45.0
52.97,0.0,19.0770594,72.87928910000001,45.0
52.980000000000004,0.0,19.077059600000002,72.8792894,45.0
52.99,0.0,19.0770598,72.8792897,45.0
53.0,0.0,19.07706,72.87929,45.0
53.01,0.0,19.077060200000002,72.87929030000001,45.0
53.02,0.0,19.0770604,72.8792906,45.0
53.03,0.0,19.0770606,72.8792909,45.0
53.04,0.0,19.0770608,72.8792912,45.0
53.050000000000004,0.0,19.077061,72.87929150000001,45.0
53.06,0.0,19.0770612,72.8792918,45.0
53.07,0.0,19.0770614,72.8792921,45.0
53.08,0.0,19.0770616,72.87929240000001,45.0
53.09,0.0,19.0770618,72.87929270000001,45.0
53.1,0.0,19.077062,72.879293,45.0
53.11,0.0,19.0770622,72.8792933,45.0
53.120000000000005,0.0,19.0770624,72.87929360000001,45.0
53.13,0.0,19.0770626,72.87929390000001,45.0
53.14,0.0,19.0770628,72.8792942,45.0
53.15,0.0,19.077063,72.8792945,45.0
53.160000000000004,0.0,19.0770632,72.87929480000001,45.0
53.17,0.0,19.0770634,72.87929510000001,45.0
53.18,0.0,19.0770636,72.8792954,45.0
53.19,0.0,19.0770638,72.8792957,45.0
53.2,0.0,19.077064,72.87929600000001,45.0
53.21,0.0,19.0770642,72.87929630000001,45.0
53.22,0.0,19.0770644,72.8792966,45.0
53.230000000000004,0.0,19.0770646,72.8792969,45.0
53.24,0.0,19.077064800000002,72.87929720000001,45.0
53.25,0.0,19.077065,72.8792975,45.0
53.26,0.0,19.0770652,72.8792978,45.0
53.27,0.0,19.077065400000002,72.8792981,45.0
53.28,0.0,19.0770656,72.87929840000001,45.0
53.29,0.0,19.0770658,72.8792987,45.0
53.300000000000004,0.0,19.077066000000002,72.879299,45.0
53.31,0.0,19.0770662,72.8792993,45.0
53.32,0.0,19.0770664,72.87929960000001,45.0
53.33,0.0,19.077066600000002,72.8792999,45.0
53.34,0.0,19.0770668,72.8793002,45.0
53.35,0.0,19.077067,72.8793005,45.0
53.36,0.0,19.077067200000002,72.87930080000001,45.0
53.370000000000005,0.0,19.0770674,72.8793011,45.0
53.38,0.0,19.0770676,72.8793014,45.0
53.39,0.0,19.077067800000002,72.8793017,45.0
53.4,0.0,19.077068,72.87930200000001,45.0
53.410000000000004,0.0,19.0770682,72.8793023,45.0
53.42,0.0,19.0770684,72.8793026,45.0
53.43,0.0,19.0770686,72.8793029,45.0
53.44,0.0,19.0770688,72.87930320000001,45.0
53.45,0.0,19.077069,72.8793035,45.0
53.46,0.0,19.0770692,72.8793038,45.0
53.47,0.0,19.0770694,72.8793041,45.0
53.480000000000004,0.0,19.0770696,72.87930440000001,45.0
53.49,0.0,19.0770698,72.8793047,45.0
53.5,0.0,19.07707,72.879305,45.0
53.51,0.0,19.0770702,72.8793053,45.0
53.52,0.0,19.0770704,72.87930560000001,45.0
53.53,0.0,19.0770706,72.8793059,45.0
53.54,0.0,19.0770708,72.8793062,45.0
53.550000000000004,0.0,19.077071,72.8793065,45.0
53.56,0.0,19.0770712,72.87930680000001,45.0
53.57,0.0,19.0770714,72.8793071,45.0
53.58,0.0,19.0770716,72.8793074,45.0
53.59,0.0,19.0770718,72.8793077,45.0
53.6,0.0,19.077072,72.87930800000001,45.0
53.61,0.0,19.0770722,72.8793083,45.0
53.620000000000005,0.0,19.077072400000002,72.8793086,45.0
53.63,0.0,19.0770726,72.8793089,45.0
53.64,0.0,19.0770728,72.87930920000001,45.0
53.65,0.0,19.077073000000002,72.8793095,45.0
53.660000000000004,0.0,19.0770732,72.8793098,45.0
53.67,0.0,19.0770734,72.8793101,45.0
53.68,0.0,19.077073600000002,72.87931040000001,45.0
53.69,0.0,19.0770738,72.8793107,45.0
53.7,0.0,19.077074,72.879311,45.0
53.71,0.0,19.077074200000002,72.8793113,45.0
53.72,0.0,19.0770744,72.87931160000001,45.0
53.730000000000004,0.0,19.0770746,72.8793119,45.0
53.74,0.0,19.077074800000002,72.8793122,45.0
53.75,0.0,19.077075,72.8793125,45.0
53.76,0.0,19.0770752,72.87931280000001,45.0
53.77,0.0,19.077075400000002,72.8793131,45.0
53.78,0.0,19.0770756,72.8793134,45.0
53.79,0.0,19.0770758,72.8793137,45.0
53.800000000000004,0.0,19.077076,72.87931400000001,45.0
53.81,0.0,19.0770762,72.8793143,45.0
53.82,0.0,19.0770764,72.8793146,45.0
53.83,0.0,19.0770766,72.87931490000001,45.0
53.84,0.0,19.0770768,72.87931520000001,45.0
53.85,0.0,19.077077,72.8793155,45.0
53.86,0.0,19.0770772,72.8793158,45.0
53.870000000000005,0.0,19.0770774,72.87931610000001,45.0
53.88,0.0,19.0770776,72.87931640000001,45.0
53.89,0.0,19.0770778,72.8793167,45.0
53.9,0.0,19.077078,72.879317,45.0
53.910000000000004,0.0,19.0770782,72.87931730000001,45.0
53.92,0.0,19.0770784,72.87931760000001,45.0
53.93,0.0,19.0770786,72.8793179,45.0
53.94,0.0,19.0770788,72.8793182,45.0
53.95,0.0,19.077079,72.87931850000001,45.0
53.96,0.0,19.0770792,72.87931880000001,45.0
53.97,0.0,19.0770794,72.8793191,45.0
53.980000000000004,0.0,19.0770796,72.8793194,45.0
53.99,0.0,19.0770798,72.87931970000001,45.0
54.0,0.0,19.077080000000002,72.87932,45.0
54.01,0.0,19.0770802,72.8793203,45.0
54.02,0.0,19.0770804,72.8793206,45.0
54.03,0.0,19.077080600000002,72.87932090000001,45.0
54.04,0.0,19.0770808,72.8793212,45.0
54.050000000000004,0.0,19.077081,72.8793215,45.0
54.06,0.0,19.077081200000002,72.8793218,45.0
54.07,0.0,19.0770814,72.87932210000001,45.0
54.08,0.0,19.0770816,72.8793224,45.0
54.09,0.0,19.077081800000002,72.8793227,45.0
54.1,0.0,19.077082,72.879323,45.0
54.11,0.0,19.0770822,72.87932330000001,45.0
54.120000000000005,0.0,19.077082400000002,72.8793236,45.0
54.13,0.0,19.0770826,72.8793239,45.0
54.14,0.0,19.0770828,72.8793242,45.0
54.15,0.0,19.077083000000002,72.87932450000001,45.0
54.160000000000004,0.0,19.0770832,72.8793248,45.0
54.17,0.0,19.0770834,72.8793251,45.0
54.18,0.0,19.0770836,72.8793254,45.0
54.19,0.0,19.0770838,72.87932570000001,45.0
54.2,0.0,19.077084,72.879326,45.0
54.21,0.0,19.0770842,72.8793263,45.0
54.22,0.0,19.0770844,72.8793266,45.0
54.230000000000004,0.0,19.0770846,72.87932690000001,45.0
54.24,0.0,19.0770848,72.8793272,45.0
54.25,0.0,19.077085,72.8793275,45.0
54.26,0.0,19.0770852,72.8793278,45.0
54.27,0.0,19.0770854,72.87932810000001,45.0
54.28,0.0,19.0770856,72.8793284,45.0
54.29,0.0,19.0770858,72.8793287,45.0
54.300000000000004,0.0,19.077086,72.879329,45.0
54.31,0.0,19.0770862,72.87932930000001,45.0
54.32,0.0,19.0770864,72.8793296,45.0
54.33,0.0,19.0770866,72.8793299,45.0
54.34,0.0,19.0770868,72.8793302,45.0
54.35,0.0,19.077087,72.87933050000001,45.0
54.36,0.0,19.0770872,72.8793308,45.0
54.370000000000005,0.0,19.0770874,72.8793311,45.0
54.38,0.0,19.077087600000002,72.8793314,45.0
54.39,0.0,19.0770878,72.87933170000001,45.0
54.4,0.0,19.077088,72.879332,45.0
54.410000000000004,0.0,19.077088200000002,72.8793323,45.0
54.42,0.0,19.0770884,72.8793326,45.0
54.43,0.0,19.0770886,72.87933290000001,45.0
54.44,0.0,19.077088800000002,72.8793332,45.0
54.45,0.0,19.077089,72.8793335,45.0
54.46,0.0,19.0770892,72.8793338,45.0
54.47,0.0,19.077089400000002,72.87933410000001,45.0
54.480000000000004,0.0,19.0770896,72.8793344,45.0
54.49,0.0,19.0770898,72.8793347,45.0
54.5,0.0,19.077090000000002,72.879335,45.0
54.51,0.0,19.0770902,72.87933530000001,45.0
54.52,0.0,19.0770904,72.8793356,45.0
54.53,0.0,19.077090600000002,72.8793359,45.0
54.54,0.0,19.0770908,72.8793362,45.0
54.550000000000004,0.0,19.077091,72.87933650000001,45.0
54.56,0.0,19.0770912,72.8793368,45.0
54.57,0.0,19.0770914,72.8793371,45.0
54.58,0.0,19.0770916,72.87933740000001,45.0
54.59,0.0,19.0770918,72.87933770000001,45.0
54.6,0.0,19.077092,72.879338,45.0
54.61,0.0,19.0770922,72.8793383,45.0
54.620000000000005,0.0,19.0770924,72.87933860000001,45.0
54.63,0.0,19.0770926,72.87933890000001,45.0
54.64,0.0,19.0770928,72.8793392,45.0
54.65,0.0,19.077093,72.8793395,45.0
54.660000000000004,0.0,19.0770932,72.87933980000001,45.0
54.67,0.0,19.0770934,72.87934010000001,45.0
54.68,0.0,19.0770936,72.8793404,45.0
54.69,0.0,19.0770938,72.8793407,45.0
54.7,0.0,19.077094,72.87934100000001,45.0
54.71,0.0,19.0770942,72.87934130000001,45.0
54.72,0.0,19.0770944,72.8793416,45.0
54.730000000000004,0.0,19.0770946,72.8793419,45.0
54.74,0.0,19.0770948,72.87934220000001,45.0
54.75,0.0,19.077095,72.8793425,45.0
54.76,0.0,19.077095200000002,72.8793428,45.0
54.77,0.0,19.0770954,72.8793431,45.0
54.78,0.0,19.0770956,72.87934340000001,45.0
54.79,0.0,19.077095800000002,72.8793437,45.0
54.800000000000004,0.0,19.077096,72.879344,45.0
54.81,0.0,19.0770962,72.8793443,45.0
54.82,0.0,19.077096400000002,72.87934460000001,45.0
54.83,0.0,19.0770966,72.8793449,45.0
54.84,0.0,19.0770968,72.8793452,45.0
54.85,0.0,19.077097000000002,72.8793455,45.0
54.86,0.0,19.0770972,72.87934580000001,45.0
54.870000000000005,0.0,19.0770974,72.8793461,45.0
54.88,0.0,19.077097600000002,72.8793464,45.0
54.89,0.0,19.0770978,72.8793467,45.0
54.9,0.0,19.077098,72.87934700000001,45.0
54.910000000000004,0.0,19.077098200000002,72.8793473,45.0
54.92,0.0,19.0770984,72.8793476,45.0
54.93,0.0,19.0770986,72.8793479,45.0
54.94,0.0,19.0770988,72.87934820000001,45.0
54.95,0.0,19.077099,72.8793485,45.0
54.96,0.0,19.0770992,72.8793488,45.0
54.97,0.0,19.0770994,72.8793491,45.0
54.980000000000004,0.0,19.0770996,72.87934940000001,45.0
54.99,0.0,19.0770998,72.8793497,45.0
55.0,4.000000000000003,19.0771,72.87935,45.0
55.01,4.00725738937612,19.0771002,72.8793503,45.0
55.02,4.0145191572840755,19.0771004,72.87935060000001,45.0
55.03,4.0217852957604325,19.0771006,72.8793509,45.0
55.04,4.02905579683698,19.0771008,72.8793512,45.0
55.050000000000004,4.03633065254074,19.077101,72.8793515,45.0
55.06,4.043609854893929,19.0771012,72.87935180000001,45.0
55.07,4.050893395913997,19.0771014,72.8793521,45.0
55.08,4.058181267613667,19.0771016,72.8793524,45.0
55.09,4.065473462000886,19.0771018,72.8793527,45.0
55.1,4.072769971078872,19.077102,72.87935300000001,45.0
55.11,4.080070786846105,19.0771022,72.8793533,45.0
55.120000000000005,4.0873759012963475,19.0771024,72.8793536,45.0
55.13,4.094685306418651,19.0771026,72.8793539,45.0
55.14,4.101998994197344,19.077102800000002,72.87935420000001,45.0
55.15,4.109316956612072,19.077103,72.8793545,45.0
55.160000000000004,4.11663918563781,19.0771032,72.8793548,45.0
55.17,4.123965673244811,19.077103400000002,72.8793551,45.0
55.18,4.131296411398709,19.0771036,72.87935540000001,45.0
55.19,4.1386313920604305,19.0771038,72.8793557,45.0
55.2,4.145970607186277,19.077104000000002,72.879356,45.0
55.21,4.1533140487279,19.0771042,72.8793563,45.0
55.22,4.160661708632315,19.0771044,72.87935660000001,45.0
55.230000000000004,4.16801357884191,19.077104600000002,72.8793569,45.0
55.24,4.17536965129446,19.0771048,72.8793572,45.0
55.25,4.18272991792313,19.077105,72.8793575,45.0
55.26,4.1900943706564835,19.077105200000002,72.87935780000001,45.0
55.27,4.1974630014185035,19.0771054,72.8793581,45.0
55.28,4.204835802128562,19.0771056,72.8793584,45.0
55.29,4.212212764701499,19.077105800000002,72.8793587,45.0
55.300000000000004,4.219593881047569,19.077106,72.87935900000001,45.0
55.31,4.226979143072462,19.0771062,72.8793593,45.0
55.32,4.234368542677339,19.0771064,72.8793596,45.0
55.33,4.241762071758812,19.0771066,72.87935990000001,45.0
55.34,4.249159722208986,19.0771068,72.87936020000001,45.0
55.35,4.256561485915412,19.077107,72.8793605,45.0
55.36,4.2639673547611565,19.0771072,72.8793608,45.0
55.370000000000005,4.271377320624781,19.0771074,72.87936110000001,45.0
55.38,4.278791375380337,19.0771076,72.87936140000001,45.0
55.39,4.286209510897406,19.0771078,72.8793617,45.0
55.4,4.2936317190411035,19.077108,72.879362,45.0
55.410000000000004,4.301057991672068,19.0771082,72.87936230000001,45.0
55.42,4.308488320646465,19.0771084,72.87936260000001,45.0
55.43,4.315922697816049,19.0771086,72.8793629,45.0
55.44,4.323361115028092,19.0771088,72.8793632,45.0
55.45,4.330803564125481,19.077109,72.87936350000001,45.0
55.46,4.33825003694664,19.0771092,72.87936380000001,45.0
55.47,4.345700525325597,19.0771094,72.8793641,45.0
55.480000000000004,4.353155021091999,19.0771096,72.8793644,45.0
55.49,4.360613516071064,19.0771098,72.87936470000001,45.0
55.5,4.368076002083624,19.07711,72.879365,45.0
55.51,4.3755424709461685,19.0771102,72.8793653,45.0
55.52,4.383012914470791,19.077110400000002,72.8793656,45.0
55.53,4.390487324465237,19.0771106,72.87936590000001,45.0
55.54,4.397965692732896,19.0771108,72.8793662,45.0
55.550000000000004,4.40544801107283,19.077111000000002,72.8793665,45.0
55.56,4.4129342712797435,19.0771112,72.8793668,45.0
55.57,4.420424465144043,19.0771114,72.87936710000001,45.0
55.58,4.427918584451806,19.077111600000002,72.8793674,45.0
55.59,4.43541662098483,19.0771118,72.8793677,45.0
55.6,4.442918566520573,19.077112,72.879368,45.0
55.61,4.450424412832259,19.077112200000002,72.87936830000001,45.0
55.620000000000005,4.457934151688793,19.0771124,72.8793686,45.0
55.63,4.465447774854813,19.0771126,72.8793689,45.0
55.64,4.47296527409073,19.077112800000002,72.8793692,45.0
55.65,4.480486641152677,19.077113,72.87936950000001,45.0
55.660000000000004,4.488011867792553,19.0771132,72.8793698,45.0
55.67,4.49554094575803,19.0771134,72.8793701,45.0
55.68,4.50307386679254,19.0771136,72.8793704,45.0
55.69,4.510610622635309,19.0771138,72.87937070000001,45.0
55.7,4.518151205021382,19.077114,72.879371,45.0
55.71,4.525695605681558,19.0771142,72.8793713,45.0
55.72,4.533243816342497,19.0771144,72.8793716,45.0
55.730000000000004,4.540795828726661,19.0771146,72.87937190000001,45.0
55.74,4.548351634552328,19.0771148,72.8793722,45.0
55.75,4.555911225533638,19.077115,72.8793725,45.0
55.76,4.5634745933805725,19.0771152,72.8793728,45.0
55.77,4.571041729798972,19.0771154,72.87937310000001,45.0
55.78,4.578612626490542,19.0771156,72.8793734,45.0
55.79,4.5861872751528665,19.0771158,72.8793737,45.0
55.800000000000004,4.593765667479422,19.077116,72.879374,45.0
55.81,4.601347795159558,19.0771162,72.87937430000001,45.0
55.82,4.608933649878543,19.0771164,72.8793746,45.0
55.83,4.61652322331757,19.0771166,72.8793749,45.0
55.84,4.624116507153739,19.0771168,72.8793752,45.0
55.85,4.631713493060073,19.077117,72.87937550000001,45.0
55.86,4.63931417270555,19.0771172,72.8793758,45.0
55.870000000000005,4.646918537755102,19.0771174,72.8793761,45.0
55.88,4.654526579869588,19.0771176,72.8793764,45.0
55.89,4.662138290705877,19.0771178,72.87937670000001,45.0
55.9,4.669753661916783,19.077118000000002,72.879377,45.0
55.910000000000004,4.677372685151136,19.0771182,72.8793773,45.0
55.92,4.684995352053731,19.0771184,72.8793776,45.0
55.93,4.692621654265366,19.077118600000002,72.87937790000001,45.0
55.94,4.700251583422884,19.0771188,72.8793782,45.0
55.95,4.7078851311591325,19.077119,72.8793785,45.0
55.96,4.715522289102972,19.077119200000002,72.8793788,45.0
55.97,4.723163048879347,19.0771194,72.87937910000001,45.0
55.980000000000004,4.730807402109209,19.0771196,72.8793794,45.0
55.99,4.738455340409594,19.077119800000002,72.8793797,45.0
56.0,4.746106855393599,19.07712,72.87938,45.0
56.01,4.753761938670394,19.0771202,72.87938030000001,45.0
56.02,4.76142058184526,19.077120400000002,72.8793806,45.0
56.03,4.769082776519538,19.0771206,72.8793809,45.0
56.04,4.776748514290697,19.0771208,72.8793812,45.0
56.050000000000004,4.784417786752323,19.077121,72.87938150000001,45.0
56.06,4.792090585494099,19.0771212,72.8793818,45.0
56.07,4.799766902101879,19.0771214,72.8793821,45.0
56.08,4.807446728157635,19.0771216,72.87938240000001,45.0
56.09,4.8151300552394956,19.0771218,72.87938270000001,45.0
56.1,4.822816874921758,19.077122,72.879383,45.0
56.11,4.830507178774867,19.0771222,72.8793833,45.0
56.120000000000005,4.838200958365469,19.0771224,72.87938360000001,45.0
56.13,4.845898205256393,19.0771226,72.87938390000001,45.0
56.14,4.853598911006655,19.0771228,72.8793842,45.0
56.15,4.861303067171502,19.077123,72.8793845,45.0
56.160000000000004,4.869010665302387,19.0771232,72.87938480000001,45.0
56.17,4.876721696946952,19.0771234,72.87938510000001,45.0
56.18,4.88443615364913,19.0771236,72.8793854,45.0
56.19,4.892154026949069,19.0771238,72.8793857,45.0
56.2,4.899875308383174,19.077124,72.87938600000001,45.0
56.21,4.907599989484112,19.0771242,72.87938630000001,45.0
56.22,4.915328061780831,19.0771244,72.8793866,45.0
56.230000000000004,4.9230595167985385,19.0771246,72.8793869,45.0
56.24,4.930794346058752,19.0771248,72.87938720000001,45.0
56.25,4.938532541079277,19.077125,72.8793875,45.0
56.26,4.946274093374247,19.0771252,72.8793878,45.0
56.27,4.954018994454101,19.0771254,72.8793881,45.0
56.28,4.961767235825591,19.077125600000002,72.87938840000001,45.0
56.29,4.969518808991829,19.0771258,72.8793887,45.0
56.300000000000004,4.977273705452269,19.077126,72.879389,45.0
56.31,4.985031916702697,19.077126200000002,72.8793893,45.0
56.32,4.992793434235304,19.0771264,72.87938960000001,45.0
56.33,5.000558249538621,19.0771266,72.8793899,45.0
56.34,5.008326354097594,19.077126800000002,72.8793902,45.0
56.35,5.0160977393935315,19.077127,72.8793905,45.0
56.36,5.023872396904145,19.0771272,72.87939080000001,45.0
56.370000000000005,5.031650318103594,19.077127400000002,72.8793911,45.0
56.38,5.0394314944624155,19.0771276,72.8793914,45.0
56.39,5.047215917447595,19.0771278,72.8793917,45.0
56.4,5.055003578522577,19.077128000000002,72.87939200000001,45.0
56.410000000000004,5.062794469147225,19.0771282,72.8793923,45.0
56.42,5.070588580777859,19.0771284,72.8793926,45.0
56.43,5.078385904867297,19.0771286,72.8793929,45.0
56.44,5.086186432864807,19.0771288,72.87939320000001,45.0
56.45,5.093990156216172,19.077129,72.8793935,45.0
56.46,5.101797066363639,19.0771292,72.8793938,45.0
56.47,5.109607154745962,19.0771294,72.8793941,45.0
56.480000000000004,5.117420412798446,19.0771296,72.87939440000001,45.0
56.49,5.125236831952877,19.0771298,72.8793947,45.0
56.5,5.133056403637594,19.07713,72.879395,45.0
56.51,5.140879119277489,19.0771302,72.8793953,45.0
56.52,5.1487049702939895,19.0771304,72.87939560000001,45.0
56.53,5.156533948105096,19.0771306,72.8793959,45.0
56.54,5.164366044125364,19.0771308,72.8793962,45.0
56.550000000000004,5.172201249765943,19.077131,72.8793965,45.0
56.56,5.180039556434572,19.0771312,72.87939680000001,45.0
56.57,5.187880955535585,19.0771314,72.8793971,45.0
56.58,5.1957254384699265,19.0771316,72.8793974,45.0
56.59,5.203572996635167,19.0771318,72.8793977,45.0
56.6,5.211423621425476,19.077132,72.87939800000001,45.0
56.61,5.219277304231701,19.0771322,72.8793983,45.0
56.620000000000005,5.227134036441315,19.0771324,72.8793986,45.0
56.63,5.23499380943843,19.0771326,72.8793989,45.0
56.64,5.242856614603859,19.0771328,72.87939920000001,45.0
56.65,5.250722443315073,19.077133,72.8793995,45.0
56.660000000000004,5.2585912869462135,19.077133200000002,72.8793998,45.0
56.67,5.2664631368681345,19.0771334,72.8794001,45.0
56.68,5.274337984448381,19.0771336,72.87940040000001,45.0
56.69,5.2822158210512296,19.077133800000002,72.8794007,45.0
56.7,5.290096638037669,19.077134,72.879401,45.0
56.71,5.297980426765401,19.0771342,72.8794013,45.0
56.72,5.305867178588892,19.077134400000002,72.87940160000001,45.0
56.730000000000004,5.31375688485936,19.0771346,72.8794019,45.0
56.74,5.3216495369247525,19.0771348,72.8794022,45.0
56.75,5.32954512612983,19.077135000000002,72.8794025,45.0
56.76,5.33744364381611,19.0771352,72.87940280000001,45.0
56.77,5.345345081321888,19.0771354,72.8794031,45.0
56.78,5.353249429982273,19.077135600000002,72.8794034,45.0
56.79,5.361156681129172,19.0771358,72.8794037,45.0
56.800000000000004,5.369066826091336,19.077136,72.87940400000001,45.0
56.81,5.376979856194298,19.0771362,72.8794043,45.0
56.82,5.384895762760454,19.0771364,72.8794046,45.0
56.83,5.392814537109059,19.0771366,72.8794049,45.0
56.84,5.400736170556195,19.0771368,72.87940520000001,45.0
56.85,5.4086606544148035,19.077137,72.8794055,45.0
56.86,5.4165879799947385,19.0771372,72.8794058,45.0
56.870000000000005,5.424518138602709,19.0771374,72.87940610000001,45.0
56.88,5.4324511215423215,19.0771376,72.87940640000001,45.0
56.89,5.440386920114097,19.0771378,72.8794067,45.0
56.9,5.448325525615436,19.077138,72.879407,45.0
56.910000000000004,5.456266929340716,19.0771382,72.87940730000001,45.0
56.92,5.4642111225811885,19.0771384,72.87940760000001,45.0
56.93,5.4721580966250745,19.0771386,72.8794079,45.0
56.94,5.4801078427575565,19.0771388,72.8794082,45.0
56.95,5.488060352260755,19.077139,72.87940850000001,45.0
56.96,5.496015616413775,19.0771392,72.87940880000001,45.0
56.97,5.503973626492681,19.0771394,72.8794091,45.0
56.980000000000004,5.511934373770546,19.0771396,72.8794094,45.0
56.99,5.5198978495174345,19.0771398,72.87940970000001,45.0
57.0,5.527864045000419,19.07714,72.87941000000001,45.0
57.01,5.535832951483589,19.0771402,72.8794103,45.0
57.02,5.543804560228068,19.0771404,72.8794106,45.0
57.03,5.551778862491998,19.0771406,72.87941090000001,45.0
57.04,5.5597558495305766,19.077140800000002,72.8794112,45.0
57.050000000000004,5.56773551259608,19.077141,72.8794115,45.0
57.06,5.575717842937804,19.0771412,72.8794118,45.0
57.07,5.583702831802169,19.077141400000002,72.87941210000001,45.0
57.08,5.591690470432638,19.0771416,72.8794124,45.0
57.09,5.5996807500697905,19.0771418,72.8794127,45.0
57.1,5.607673661951306,19.077142000000002,72.879413,45.0
57.11,5.615669197311978,19.0771422,72.87941330000001,45.0
57.120000000000005,5.623667347383719,19.0771424,72.8794136,45.0
57.13,5.6316681033955795,19.077142600000002,72.8794139,45.0
57.14,5.639671456573748,19.0771428,72.8794142,45.0
57.15,5.647677398141566,19.077143,72.87941450000001,45.0
57.160000000000004,5.655685919319545,19.077143200000002,72.8794148,45.0
57.17,5.663697011325338,19.0771434,72.8794151,45.0
57.18,5.671710665373821,19.0771436,72.8794154,45.0
57.19,5.6797268726770405,19.0771438,72.87941570000001,45.0
57.2,5.687745624444229,19.077144,72.879416,45.0
57.21,5.695766911881847,19.0771442,72.8794163,45.0
57.22,5.703790726193565,19.0771444,72.8794166,45.0
57.230000000000004,5.711817058580305,19.0771446,72.87941690000001,45.0
57.24,5.719845900240191,19.0771448,72.8794172,45.0
57.25,5.727877242368612,19.077145,72.8794175,45.0
57.26,5.735911076158237,19.0771452,72.8794178,45.0
57.27,5.74394739279897,19.0771454,72.87941810000001,45.0
57.28,5.751986183477989,19.0771456,72.8794184,45.0
57.29,5.760027439379797,19.0771458,72.8794187,45.0
57.300000000000004,5.76807115168617,19.077146,72.879419,45.0
57.31,5.77611731157617,19.0771462,72.87941930000001,45.0
57.32,5.784165910226224,19.0771464,72.8794196,45.0
57.33,5.7922169388100295,19.0771466,72.8794199,45.0
57.34,5.800270388498674,19.0771468,72.8794202,45.0
57.35,5.808326250460541,19.077147,72.87942050000001,45.0
57.36,5.816384515861392,19.0771472,72.8794208,45.0
57.370000000000005,5.824445175864369,19.0771474,72.8794211,45.0
57.38,5.8325082216299595,19.0771476,72.8794214,45.0
57.39,5.840573644316029,19.0771478,72.87942170000001,45.0
57.4,5.848641435077873,19.077148,72.879422,45.0
57.410000000000004,5.856711585068164,19.0771482,72.8794223,45.0
57.42,5.864784085436993,19.077148400000002,72.8794226,45.0
57.43,5.872858927331873,19.0771486,72.87942290000001,45.0
57.44,5.880936101897751,19.0771488,72.8794232,45.0
57.45,5.88901560027702,19.077149000000002,72.8794235,45.0
57.46,5.897097413609506,19.0771492,72.8794238,45.0
57.47,5.905181533032511,19.0771494,72.87942410000001,45.0
57.480000000000004,5.913267949680826,19.077149600000002,72.8794244,45.0
57.49,5.921356654686678,19.0771498,72.8794247,45.0
57.5,5.929447639179834,19.07715,72.879425,45.0
57.51,5.937540894287521,19.077150200000002,72.87942530000001,45.0
57.52,5.9456364111344975,19.0771504,72.8794256,45.0
57.53,5.953734180843036,19.0771506,72.8794259,45.0
57.54,5.9618341945329405,19.077150800000002,72.8794262,45.0
57.550000000000004,5.9699364433215525,19.077151,72.87942650000001,45.0
57.56,5.978040918323763,19.0771512,72.8794268,45.0
57.57,5.9861476106520275,19.0771514,72.8794271,45.0
57.58,5.994256511416343,19.0771516,72.8794274,45.0
57.59,6.002367611724335,19.0771518,72.87942770000001,45.0
57.6,6.010480902681158,19.077152,72.879428,45.0
57.61,6.018596375389614,19.0771522,72.8794283,45.0
57.620000000000005,6.026714020950094,19.0771524,72.87942860000001,45.0
57.63,6.03483383046059,19.0771526,72.87942890000001,45.0
57.64,6.042955795016741,19.0771528,72.8794292,45.0
57.65,6.05107990571182,19.077153,72.8794295,45.0
57.660000000000004,6.05920615363674,19.0771532,72.87942980000001,45.0
57.67,6.067334529880076,19.0771534,72.87943010000001,45.0
57.68,6.0754650255280644,19.0771536,72.8794304,45.0
57.69,6.083597631664623,19.0771538,72.8794307,45.0
57.7,6.091732339371357,19.077154,72.87943100000001,45.0
57.71,6.0998691397275415,19.0771542,72.87943130000001,45.0
57.72,6.108008023810199,19.0771544,72.8794316,45.0
57.730000000000004,6.116148982694043,19.0771546,72.8794319,45.0
57.74,6.124292007451496,19.0771548,72.87943220000001,45.0
57.75,6.132437089152758,19.077155,72.87943250000001,45.0
57.76,6.1405842188657225,19.0771552,72.8794328,45.0
57.77,6.1487333876560895,19.0771554,72.8794331,45.0
57.78,6.156884586587275,19.0771556,72.87943340000001,45.0
57.79,6.165037806720491,19.0771558,72.8794337,45.0
57.800000000000004,6.173193039114754,19.077156000000002,72.879434,45.0
57.81,6.181350274826834,19.0771562,72.8794343,45.0
57.82,6.189509504911311,19.0771564,72.87943460000001,45.0
57.83,6.197670720420609,19.077156600000002,72.8794349,45.0
57.84,6.205833912404954,19.0771568,72.8794352,45.0
57.85,6.213999071912386,19.077157,72.8794355,45.0
57.86,6.222166189988824,19.077157200000002,72.87943580000001,45.0
57.870000000000005,6.230335257678019,19.0771574,72.8794361,45.0
57.88,6.23850626602159,19.0771576,72.8794364,45.0
57.89,6.246679206059012,19.077157800000002,72.8794367,45.0
57.9,6.254854068827654,19.077158,72.87943700000001,45.0
57.910000000000004,6.263030845362797,19.0771582,72.8794373,45.0
57.92,6.271209526697583,19.077158400000002,72.8794376,45.0
57.93,6.279390103863093,19.0771586,72.8794379,45.0
57.94,6.2875725678883185,19.0771588,72.87943820000001,45.0
57.95,6.295756909800186,19.077159,72.8794385,45.0
57.96,6.303943120623561,19.0771592,72.8794388,45.0
57.97,6.312131191381259,19.0771594,72.8794391,45.0
57.980000000000004,6.3203211130940575,19.0771596,72.87943940000001,45.0
57.99,6.32851287678071,19.0771598,72.8794397,45.0
58.0,6.336706473457928,19.07716,72.87944,45.0
58.01,6.344901894140429,19.0771602,72.8794403,45.0
58.02,6.353099129840951,19.0771604,72.87944060000001,45.0
58.03,6.3612981715701915,19.0771606,72.8794409,45.0
58.04,6.3694990103369165,19.0771608,72.8794412,45.0
58.050000000000004,6.377701637147901,19.077161,72.8794415,45.0
58.06,6.385906043007944,19.0771612,72.87944180000001,45.0
58.07,6.3941122189199175,19.0771614,72.8794421,45.0
58.08,6.402320155884743,19.0771616,72.8794424,45.0
58.09,6.41052984490141,19.0771618,72.8794427,45.0
58.1,6.418741276966989,19.077162,72.87944300000001,45.0
58.11,6.426954443076644,19.0771622,72.8794433,45.0
58.120000000000005,6.435169334223618,19.0771624,72.8794436,45.0
58.13,6.443385941399282,19.0771626,72.8794439,45.0
58.14,6.4516042555931135,19.0771628,72.87944420000001,45.0
58.15,6.459824267792736,19.077163,72.8794445,45.0
58.160000000000004,6.468045968983898,19.0771632,72.8794448,45.0
58.17,6.476269350150475,19.0771634,72.8794451,45.0
58.18,6.48449440227455,19.077163600000002,72.87944540000001,45.0
58.19,6.492721116336324,19.0771638,72.8794457,45.0
58.2,6.500949483314202,19.077164,72.879446,45.0
58.21,6.509179494184773,19.077164200000002,72.8794463,45.0
58.22,6.517411139922812,19.0771644,72.87944660000001,45.0
58.230000000000004,6.5256444115013315,19.0771646,72.8794469,45.0
58.24,6.5338792998915265,19.077164800000002,72.8794472,45.0
58.25,6.542115796062817,19.077165,72.8794475,45.0
58.26,6.5503538909828976,19.0771652,72.87944780000001,45.0
58.27,6.558593575617686,19.077165400000002,72.8794481,45.0
58.28,6.566834840931337,19.0771656,72.8794484,45.0
58.29,6.575077677886321,19.0771658,72.8794487,45.0
58.300000000000004,6.583322077443342,19.077166000000002,72.87944900000001,45.0
58.31,6.591568030561392,19.0771662,72.8794493,45.0
58.32,6.599815528197792,19.0771664,72.8794496,45.0
58.33,6.608064561308137,19.0771666,72.8794499,45.0
58.34,6.61631512084637,19.0771668,72.87945020000001,45.0
58.35,6.624567197764723,19.077167,72.8794505,45.0
58.36,6.632820783013785,19.0771672,72.8794508,45.0
58.370000000000005,6.641075867542497,19.0771674,72.87945110000001,45.0
58.38,6.6493324422981335,19.0771676,72.87945140000001,45.0
58.39,6.657590498226345,19.0771678,72.8794517,45.0
58.4,6.665850026271178,19.077168,72.879452,45.0
58.410000000000004,6.674111017375038,19.0771682,72.87945230000001,45.0
58.42,6.682373462478743,19.0771684,72.87945260000001,45.0
58.43,6.690637352521495,19.0771686,72.8794529,45.0
58.44,6.698902678440925,19.0771688,72.8794532,45.0
58.45,6.707169431173112,19.077169,72.87945350000001,45.0
58.46,6.715437601652525,19.0771692,72.87945380000001,45.0
58.47,6.723707180812102,19.0771694,72.8794541,45.0
58.480000000000004,6.7319781595832575,19.0771696,72.8794544,45.0
58.49,6.740250528895827,19.0771698,72.87945470000001,45.0
58.5,6.7485242796781515,19.07717,72.87945500000001,45.0
58.51,6.756799402857047,19.0771702,72.8794553,45.0
58.52,6.765075889357828,19.0771704,72.8794556,45.0
58.53,6.773353730104311,19.0771706,72.87945590000001,45.0
58.54,6.781632916018838,19.0771708,72.8794562,45.0
58.550000000000004,6.789913438022249,19.077171,72.8794565,45.0
58.56,6.798195287033946,19.077171200000002,72.8794568,45.0
58.57,6.806478453971858,19.0771714,72.87945710000001,45.0
58.58,6.814762929752491,19.0771716,72.8794574,45.0
58.59,6.823048705290901,19.077171800000002,72.8794577,45.0
58.6,6.831335771500707,19.077172,72.879458,45.0
58.61,6.839624119294131,19.0771722,72.87945830000001,45.0
58.620000000000005,6.847913739581989,19.077172400000002,72.8794586,45.0
58.63,6.856204623273676,19.0771726,72.8794589,45.0
58.64,6.864496761277243,19.0771728,72.8794592,45.0
58.65,6.872790144499329,19.077173000000002,72.87945950000001,45.0
58.660000000000004,6.881084763845244,19.0771732,72.8794598,45.0
58.67,6.8893806102189075,19.0771734,72.8794601,45.0
58.68,6.897677674522892,19.077173600000002,72.8794604,45.0
58.69,6.905975947658469,19.0771738,72.87946070000001,45.0
58.7,6.914275420525566,19.077174,72.879461,45.0
58.71,6.922576084022774,19.0771742,72.8794613,45.0
58.72,6.930877929047423,19.0771744,72.8794616,45.0
58.730000000000004,6.939180946495508,19.0771746,72.87946190000001,45.0
58.74,6.947485127261739,19.0771748,72.8794622,45.0
58.75,6.9557904622395865,19.077175,72.8794625,45.0
58.76,6.964096942321216,19.0771752,72.8794628,45.0
58.77,6.972404558397575,19.0771754,72.87946310000001,45.0
58.78,6.980713301358324,19.0771756,72.8794634,45.0
58.79,6.989023162091914,19.0771758,72.8794637,45.0
58.800000000000004,6.9973341314855695,19.077176,72.879464,45.0
58.81,7.005646200425281,19.0771762,72.87946430000001,45.0
58.82,7.013959359795846,19.0771764,72.8794646,45.0
58.83,7.0222736004808795,19.0771766,72.8794649,45.0
58.84,7.03058891336279,19.0771768,72.8794652,45.0
58.85,7.038905289322824,19.077177,72.87946550000001,45.0
58.86,7.047222719241042,19.0771772,72.8794658,45.0
58.870000000000005,7.055541193996371,19.0771774,72.8794661,45.0
58.88,7.06386070446658,19.0771776,72.8794664,45.0
58.89,7.072181241528308,19.0771778,72.87946670000001,45.0
58.9,7.080502796057066,19.077178,72.879467,45.0
58.910000000000004,7.088825358927255,19.0771782,72.8794673,45.0
58.92,7.097148921012151,19.0771784,72.8794676,45.0
58.93,7.105473473183948,19.0771786,72.87946790000001,45.0
58.94,7.1137990063137675,19.077178800000002,72.8794682,45.0
58.95,7.1221255112716335,19.077179,72.8794685,45.0
58.96,7.130452978926515,19.0771792,72.8794688,45.0
58.97,7.1387814001463274,19.077179400000002,72.87946910000001,45.0
58.980000000000004,7.1471107657979225,19.0771796,72.8794694,45.0
58.99,7.155441066747136,19.0771798,72.8794697,45.0
59.0,7.163772293858773,19.077180000000002,72.87947,45.0
59.01,7.172104437996612,19.0771802,72.87947030000001,45.0
59.02,7.1804374900234595,19.0771804,72.8794706,45.0
59.03,7.188771440801079,19.077180600000002,72.8794709,45.0
59.04,7.19710628119028,19.0771808,72.8794712,45.0
59.050000000000004,7.2054420020508925,19.077181,72.87947150000001,45.0
59.06,7.2137785942417585,19.077181200000002,72.8794718,45.0
59.07,7.222116048620802,19.0771814,72.8794721,45.0
59.08,7.230454356044976,19.0771816,72.8794724,45.0
59.09,7.2387935073703025,19.0771818,72.87947270000001,45.0
59.1,7.247133493451888,19.077182,72.879473,45.0
59.11,7.255474305143893,19.0771822,72.8794733,45.0
59.120000000000005,7.263815933299624,19.0771824,72.87947360000001,45.0
59.13,7.272158368771441,19.0771826,72.87947390000001,45.0
59.14,7.280501602410842,19.0771828,72.8794742,45.0
59.15,7.2888456250684674,19.077183,72.8794745,45.0
59.160000000000004,7.297190427594061,19.0771832,72.87947480000001,45.0
59.17,7.305536000836509,19.0771834,72.87947510000001,45.0
59.18,7.313882335643887,19.0771836,72.8794754,45.0
59.19,7.322229422863403,19.0771838,72.8794757,45.0
59.2,7.330577253341473,19.077184,72.87947600000001,45.0
59.21,7.338925817923664,19.0771842,72.87947630000001,45.0
59.22,7.3472751074547356,19.0771844,72.8794766,45.0
59.230000000000004,7.355625112778697,19.0771846,72.8794769,45.0
59.24,7.363975824738724,19.0771848,72.87947720000001,45.0
59.25,7.372327234177235,19.077185,72.87947750000001,45.0
59.26,7.3806793319359,19.0771852,72.8794778,45.0
59.27,7.389032108855621,19.0771854,72.8794781,45.0
59.28,7.3973855557765384,19.0771856,72.87947840000001,45.0
59.29,7.405739663538081,19.0771858,72.8794787,45.0
59.300000000000004,7.414094422978946,19.077186,72.879479,45.0
59.31,7.422449824937114,19.0771862,72.8794793,45.0
59.32,7.430805860249863,19.077186400000002,72.87947960000001,45.0
59.33,7.439162519753776,19.0771866,72.8794799,45.0
59.34,7.447519794284758,19.0771868,72.8794802,45.0
59.35,7.455877674678018,19.077187000000002,72.8794805,45.0
59.36,7.464236151768117,19.0771872,72.87948080000001,45.0
59.370000000000005,7.47259521638898,19.0771874,72.8794811,45.0
59.38,7.480954859373839,19.077187600000002,72.8794814,45.0
59.39,7.489315071555343,19.0771878,72.8794817,45.0
59.4,7.497675843765494,19.077188,72.87948200000001,45.0
59.410000000000004,7.506037166835665,19.077188200000002,72.8794823,45.0
59.42,7.514399031596649,19.0771884,72.8794826,45.0
59.43,7.522761428878634,19.0771886,72.8794829,45.0
59.44,7.53112434951122,19.077188800000002,72.87948320000001,45.0
59.45,7.53948778432346,19.077189,72.8794835,45.0
59.46,7.547851724143809,19.0771892,72.8794838,45.0
59.47,7.556216159800166,19.0771894,72.8794841,45.0
59.480000000000004,7.564581082119931,19.0771896,72.87948440000001,45.0
59.49,7.572946481929913,19.0771898,72.8794847,45.0
59.5,7.581312350056445,19.07719,72.879485,45.0
59.51,7.589678677325328,19.0771902,72.8794853,45.0
59.52,7.598045454561845,19.0771904,72.87948560000001,45.0
59.53,7.606412672590805,19.0771906,72.8794859,45.0
59.54,7.614780322236528,19.0771908,72.8794862,45.0
59.550000000000004,7.623148394322859,19.077191,72.8794865,45.0
59.56,7.631516879673182,19.0771912,72.87948680000001,45.0
59.57,7.639885769110419,19.0771914,72.8794871,45.0
59.58,7.6482550534570795,19.0771916,72.8794874,45.0
59.59,7.6566247235352005,19.0771918,72.8794877,45.0
59.6,7.664994770166401,19.077192,72.87948800000001,45.0
59.61,7.673365184171917,19.0771922,72.8794883,45.0
59.620000000000005,7.681735956372565,19.0771924,72.8794886,45.0
59.63,7.6901070775887455,19.0771926,72.8794889,45.0
59.64,7.698478538640527,19.0771928,72.87948920000001,45.0
59.65,7.706850330347545,19.077193,72.8794895,45.0
59.660000000000004,7.715222443529133,19.0771932,72.8794898,45.0
59.67,7.723594869004223,19.0771934,72.8794901,45.0
59.68,7.731967597591422,19.0771936,72.87949040000001,45.0
59.69,7.74034062010902,19.0771938,72.8794907,45.0
59.7,7.74871392737498,19.077194000000002,72.879491,45.0
59.71,7.757087510206908,19.0771942,72.8794913,45.0
59.72,7.765461359422172,19.0771944,72.87949160000001,45.0
59.730000000000004,7.773835465837819,19.077194600000002,72.8794919,45.0
59.74,7.782209820270594,19.0771948,72.8794922,45.0
59.75,7.790584413537012,19.077195,72.8794925,45.0
59.76,7.798959236453297,19.077195200000002,72.87949280000001,45.0
59.77,7.807334279835436,19.0771954,72.8794931,45.0
59.78,7.8157095344991525,19.0771956,72.8794934,45.0
59.79,7.824084991259954,19.077195800000002,72.8794937,45.0
59.800000000000004,7.832460640933146,19.077196,72.87949400000001,45.0
59.81,7.84083647433378,19.0771962,72.8794943,45.0
59.82,7.849212482276735,19.077196400000002,72.8794946,45.0
59.83,7.857588655576691,19.0771966,72.8794949,45.0
59.84,7.865964985048149,19.0771968,72.87949520000001,45.0
59.85,7.874341461505433,19.077197,72.8794955,45.0
59.86,7.882718075762713,19.0771972,72.8794958,45.0
59.870000000000005,7.891094818634002,19.0771974,72.87949610000001,45.0
59.88,7.899471680933177,19.0771976,72.87949640000001,45.0
59.89,7.907848653473985,19.0771978,72.8794967,45.0
59.9,7.91622572707003,19.077198,72.879497,45.0
59.910000000000004,7.924602892534851,19.0771982,72.87949730000001,45.0
59.92,7.93298014068183,19.0771984,72.87949760000001,45.0
59.93,7.9413574623243095,19.0771986,72.8794979,45.0
59.94,7.949734848275529,19.0771988,72.8794982,45.0
59.95,7.9581122893486445,19.077199,72.87949850000001,45.0
59.96,7.966489776356769,19.0771992,72.87949880000001,45.0
59.97,7.9748673001129635,19.0771994,72.8794991,45.0
59.980000000000004,7.983244851430244,19.0771996,72.8794994,45.0
59.99,7.9916224211216,19.0771998,72.87949970000001,45.0
60.0,7.999999999999991,19.0772,72.87950000000001,45.0
60.01,8.008377578878397,19.0772002,72.8795003,45.0
60.02,8.016755148569759,19.0772004,72.8795006,45.0
60.03,8.025132699887033,19.0772006,72.87950090000001,45.0
60.04,8.033510223643226,19.0772008,72.8795012,45.0
60.050000000000004,8.041887710651359,19.077201,72.8795015,45.0
60.06,8.050265151724467,19.0772012,72.8795018,45.0
60.07,8.058642537675686,19.0772014,72.87950210000001,45.0
60.08,8.067019859318165,19.077201600000002,72.8795024,45.0
60.09,8.075397107465152,19.0772018,72.8795027,45.0
60.1,8.083774272929967,19.077202,72.879503,45.0
60.11,8.09215134652601,19.077202200000002,72.87950330000001,45.0
60.120000000000005,8.10052831906682,19.0772024,72.8795036,45.0
60.13,8.108905181366001,19.0772026,72.8795039,45.0
60.14,8.117281924237282,19.077202800000002,72.8795042,45.0
60.15,8.125658538494562,19.077203,72.87950450000001,45.0
60.160000000000004,8.134035014951856,19.0772032,72.8795048,45.0
60.17,8.142411344423305,19.077203400000002,72.8795051,45.0
60.18,8.150787517723261,19.0772036,72.8795054,45.0
60.19,8.159163525666216,19.0772038,72.87950570000001,45.0
60.2,8.167539359066858,19.077204000000002,72.879506,45.0
60.21,8.175915008740041,19.0772042,72.8795063,45.0
60.22,8.184290465500844,19.0772044,72.8795066,45.0
60.230000000000004,8.192665720164568,19.0772046,72.87950690000001,45.0
60.24,8.2010407635467,19.0772048,72.8795072,45.0
60.25,8.209415586462985,19.077205,72.8795075,45.0
60.26,8.217790179729402,19.0772052,72.8795078,45.0
60.27,8.22616453416219,19.0772054,72.87950810000001,45.0
60.28,8.234538640577824,19.0772056,72.8795084,45.0
60.29,8.242912489793088,19.0772058,72.8795087,45.0
60.300000000000004,8.251286072625023,19.077206,72.879509,45.0
60.31,8.259659379890977,19.0772062,72.87950930000001,45.0
60.32,8.268032402408574,19.0772064,72.8795096,45.0
60.33,8.276405130995773,19.0772066,72.8795099,45.0
60.34,8.28477755647087,19.0772068,72.8795102,45.0
60.35,8.29314966965245,19.077207,72.87951050000001,45.0
60.36,8.301521461359469,19.0772072,72.8795108,45.0
60.370000000000005,8.309892922411251,19.0772074,72.8795111,45.0
60.38,8.318264043627439,19.0772076,72.8795114,45.0
60.39,8.32663481582808,19.0772078,72.87951170000001,45.0
60.4,8.335005229833596,19.077208,72.879512,45.0
60.410000000000004,8.343375276464803,19.0772082,72.8795123,45.0
60.42,8.351744946542917,19.0772084,72.8795126,45.0
60.43,8.360114230889577,19.0772086,72.87951290000001,45.0
60.44,8.368483120326815,19.0772088,72.8795132,45.0
60.45,8.376851605677144,19.077209,72.8795135,45.0
60.46,8.385219677763468,19.077209200000002,72.8795138,45.0
60.47,8.393587327409191,19.0772094,72.87951410000001,45.0
60.480000000000004,8.401954545438159,19.0772096,72.8795144,45.0
60.49,8.410321322674667,19.077209800000002,72.8795147,45.0
60.5,8.418687649943552,19.07721,72.879515,45.0
60.51,8.427053518070084,19.0772102,72.87951530000001,45.0
60.52,8.435418917880073,19.077210400000002,72.8795156,45.0
60.53,8.44378384019983,19.0772106,72.8795159,45.0
60.54,8.452148275856187,19.0772108,72.8795162,45.0
60.550000000000004,8.460512215676536,19.077211000000002,72.87951650000001,45.0
60.56,8.468875650488776,19.0772112,72.8795168,45.0
60.57,8.477238571121362,19.0772114,72.8795171,45.0
60.58,8.485600968403347,19.077211600000002,72.8795174,45.0
60.59,8.493962833164337,19.0772118,72.87951770000001,45.0
60.6,8.502324156234502,19.077212,72.879518,45.0
60.61,8.510684928444652,19.0772122,72.8795183,45.0
60.620000000000005,8.519045140626163,19.0772124,72.8795186,45.0
60.63,8.527404783611024,19.0772126,72.87951890000001,45.0
60.64,8.535763848231879,19.0772128,72.8795192,45.0
60.65,8.544122325321977,19.077213,72.8795195,45.0
60.660000000000004,8.552480205715245,19.0772132,72.87951980000001,45.0
60.67,8.56083748024622,19.0772134,72.87952010000001,45.0
60.68,8.569194139750133,19.0772136,72.8795204,45.0
60.69,8.577550175062882,19.0772138,72.8795207,45.0
60.7,8.585905577021057,19.077214,72.87952100000001,45.0
60.71,8.594260336461915,19.0772142,72.87952130000001,45.0
60.72,8.602614444223457,19.0772144,72.8795216,45.0
60.730000000000004,8.610967891144375,19.0772146,72.8795219,45.0
60.74,8.619320668064097,19.0772148,72.87952220000001,45.0
60.75,8.62767276582276,19.077215,72.87952250000001,45.0
60.76,8.636024175261273,19.0772152,72.8795228,45.0
60.77,8.644374887221305,19.0772154,72.8795231,45.0
60.78,8.65272489254526,19.0772156,72.87952340000001,45.0
60.79,8.661074182076332,19.0772158,72.87952370000001,45.0
60.800000000000004,8.669422746658523,19.077216,72.879524,45.0
60.81,8.677770577136593,19.0772162,72.8795243,45.0
60.82,8.686117664356109,19.0772164,72.87952460000001,45.0
60.83,8.694463999163489,19.0772166,72.8795249,45.0
60.84,8.702809572405942,19.077216800000002,72.8795252,45.0
60.85,8.711154374931528,19.077217,72.8795255,45.0
60.86,8.719498397589154,19.0772172,72.87952580000001,45.0
60.870000000000005,8.727841631228562,19.077217400000002,72.8795261,45.0
60.88,8.736184066700378,19.0772176,72.8795264,45.0
60.89,8.744525694856103,19.0772178,72.8795267,45.0
60.9,8.752866506548107,19.077218000000002,72.87952700000001,45.0
60.910000000000004,8.761206492629693,19.0772182,72.8795273,45.0
60.92,8.76954564395502,19.0772184,72.8795276,45.0
60.93,8.777883951379193,19.077218600000002,72.8795279,45.0
60.94,8.786221405758237,19.0772188,72.87952820000001,45.0
60.95,8.794557997949111,19.077219,72.8795285,45.0
60.96,8.802893718809717,19.077219200000002,72.8795288,45.0
60.97,8.811228559198916,19.0772194,72.8795291,45.0
60.980000000000004,8.819562509976537,19.0772196,72.87952940000001,45.0
60.99,8.827895562003384,19.0772198,72.8795297,45.0
61.0,8.836227706141223,19.07722,72.87953,45.0
61.01,8.84455893325286,19.0772202,72.8795303,45.0
61.02,8.852889234202081,19.0772204,72.87953060000001,45.0
61.03,8.861218599853668,19.0772206,72.8795309,45.0
61.04,8.869547021073481,19.0772208,72.8795312,45.0
61.050000000000004,8.87787448872837,19.077221,72.8795315,45.0
61.06,8.886200993686229,19.0772212,72.87953180000001,45.0
61.07,8.894526526816048,19.0772214,72.8795321,45.0
61.08,8.902851078987846,19.0772216,72.8795324,45.0
61.09,8.911174641072748,19.0772218,72.8795327,45.0
61.1,8.91949720394293,19.077222,72.87953300000001,45.0
61.11,8.927818758471687,19.0772222,72.8795333,45.0
61.120000000000005,8.936139295533422,19.0772224,72.8795336,45.0
61.13,8.944458806003633,19.0772226,72.8795339,45.0
61.14,8.952777280758953,19.0772228,72.87953420000001,45.0
61.15,8.961094710677171,19.077223,72.8795345,45.0
61.160000000000004,8.969411086637207,19.0772232,72.8795348,45.0
61.17,8.977726399519117,19.0772234,72.8795351,45.0
61.18,8.98604064020415,19.0772236,72.87953540000001,45.0
61.19,8.994353799574714,19.077223800000002,72.8795357,45.0
61.2,9.002665868514434,19.077224,72.879536,45.0
61.21,9.010976837908082,19.0772242,72.8795363,45.0
61.22,9.019286698641672,19.077224400000002,72.87953660000001,45.0
61.230000000000004,9.027595441602427,19.0772246,72.8795369,45.0
61.24,9.03590305767878,19.0772248,72.8795372,45.0
61.25,9.044209537760409,19.077225000000002,72.8795375,45.0
61.26,9.052514872738257,19.0772252,72.87953780000001,45.0
61.27,9.060819053504495,19.0772254,72.8795381,45.0
61.28,9.069122070952574,19.077225600000002,72.8795384,45.0
61.29,9.077423915977223,19.0772258,72.8795387,45.0
61.300000000000004,9.085724579474437,19.077226,72.87953900000001,45.0
61.31,9.094024052341528,19.077226200000002,72.8795393,45.0
61.32,9.102322325477104,19.0772264,72.8795396,45.0
61.33,9.110619389781089,19.0772266,72.8795399,45.0
61.34,9.118915236154752,19.077226800000002,72.87954020000001,45.0
61.35,9.127209855500666,19.077227,72.8795405,45.0
61.36,9.135503238722753,19.0772272,72.8795408,45.0
61.370000000000005,9.143795376726327,19.0772274,72.8795411,45.0
61.38,9.152086260418015,19.0772276,72.87954140000001,45.0
61.39,9.160375880705866,19.0772278,72.8795417,45.0
61.4,9.168664228499289,19.077228,72.879542,45.0
61.410000000000004,9.176951294709095,19.0772282,72.87954230000001,45.0
61.42,9.185237070247506,19.0772284,72.87954260000001,45.0
61.43,9.193521546028139,19.0772286,72.8795429,45.0
61.44,9.20180471296605,19.0772288,72.8795432,45.0
61.45,9.210086561977754,19.077229,72.87954350000001,45.0
61.46,9.218367083981159,19.0772292,72.87954380000001,45.0
61.47,9.226646269895685,19.0772294,72.8795441,45.0
61.480000000000004,9.234924110642176,19.0772296,72.8795444,45.0
61.49,9.243200597142948,19.0772298,72.87954470000001,45.0
61.5,9.251475720321846,19.07723,72.87954500000001,45.0
61.51,9.259749471104168,19.0772302,72.8795453,45.0
61.52,9.268021840416738,19.0772304,72.8795456,45.0
61.53,9.276292819187894,19.0772306,72.87954590000001,45.0
61.54,9.284562398347472,19.0772308,72.87954620000001,45.0
61.550000000000004,9.292830568826892,19.077231,72.8795465,45.0
61.56,9.301097321559071,19.0772312,72.8795468,45.0
61.57,9.309362647478501,19.077231400000002,72.87954710000001,45.0
61.58,9.317626537521253,19.0772316,72.8795474,45.0
61.59,9.325888982624958,19.0772318,72.8795477,45.0
61.6,9.334149973728818,19.077232000000002,72.879548,45.0
61.61,9.34240950177365,19.0772322,72.87954830000001,45.0
61.620000000000005,9.350667557701877,19.0772324,72.8795486,45.0
61.63,9.358924132457506,19.077232600000002,72.8795489,45.0
61.64,9.36717921698621,19.0772328,72.8795492,45.0
61.65,9.375432802235274,19.077233,72.87954950000001,45.0
61.660000000000004,9.383684879153632,19.077233200000002,72.8795498,45.0
61.67,9.39193543869186,19.0772334,72.8795501,45.0
61.68,9.400184471802204,19.0772336,72.8795504,45.0
61.690000000000005,9.408431969438611,19.077233800000002,72.87955070000001,45.0
61.7,9.416677922556667,19.077234,72.879551,45.0
61.71,9.424922322113675,19.0772342,72.8795513,45.0
61.72,9.43316515906866,19.077234400000002,72.8795516,45.0
61.730000000000004,9.441406424382317,19.0772346,72.87955190000001,45.0
61.74,9.449646109017099,19.0772348,72.8795522,45.0
61.75,9.457884203937178,19.077235,72.8795525,45.0
61.76,9.466120700108469,19.0772352,72.8795528,45.0
61.77,9.474355588498664,19.0772354,72.87955310000001,45.0
61.78,9.482588860077184,19.0772356,72.8795534,45.0
61.79,9.490820505815224,19.0772358,72.8795537,45.0
61.800000000000004,9.4990505166858,19.077236,72.879554,45.0
61.81,9.507278883663673,19.0772362,72.87955430000001,45.0
61.82,9.515505597725447,19.0772364,72.8795546,45.0
61.83,9.52373064984952,19.0772366,72.8795549,45.0
61.84,9.531954031016106,19.0772368,72.8795552,45.0
61.85,9.54017573220726,19.077237,72.87955550000001,45.0
61.86,9.548395744406882,19.0772372,72.8795558,45.0
61.870000000000005,9.55661405860072,19.0772374,72.8795561,45.0
61.88,9.564830665776386,19.0772376,72.8795564,45.0
61.89,9.573045556923352,19.0772378,72.87955670000001,45.0
61.9,9.581258723033008,19.077238,72.879557,45.0
61.910000000000004,9.589470155098594,19.0772382,72.8795573,45.0
61.92,9.597679844115254,19.0772384,72.8795576,45.0
61.93,9.605887781080078,19.0772386,72.87955790000001,45.0
61.940000000000005,9.61409395699206,19.0772388,72.8795582,45.0
61.95,9.622298362852096,19.077239000000002,72.8795585,45.0
61.96,9.63050098966308,19.0772392,72.8795588,45.0
61.97,9.638701828429806,19.0772394,72.87955910000001,45.0
61.980000000000004,9.646900870159051,19.077239600000002,72.8795594,45.0
61.99,9.655098105859567,19.0772398,72.8795597,45.0
62.0,9.663293526542068,19.07724,72.87956,45.0
62.01,9.671487123219286,19.077240200000002,72.87956030000001,45.0
62.02,9.679678886905938,19.0772404,72.8795606,45.0
62.03,9.687868808618736,19.0772406,72.8795609,45.0
62.04,9.696056879376435,19.077240800000002,72.8795612,45.0
62.050000000000004,9.704243090199817,19.077241,72.87956150000001,45.0
62.06,9.712427432111678,19.0772412,72.8795618,45.0
62.07,9.720609896136903,19.077241400000002,72.8795621,45.0
62.08,9.728790473302412,19.0772416,72.8795624,45.0
62.09,9.736969154637206,19.0772418,72.87956270000001,45.0
62.1,9.745145931172342,19.077242000000002,72.879563,45.0
62.11,9.753320793940985,19.0772422,72.8795633,45.0
62.120000000000005,9.761493733978414,19.0772424,72.8795636,45.0
62.13,9.769664742321979,19.0772426,72.87956390000001,45.0
62.14,9.777833810011172,19.0772428,72.8795642,45.0
62.15,9.78600092808761,19.077243,72.8795645,45.0
62.160000000000004,9.794166087595055,19.0772432,72.87956480000001,45.0
62.17,9.802329279579387,19.0772434,72.87956510000001,45.0
62.18,9.810490495088684,19.0772436,72.8795654,45.0
62.190000000000005,9.818649725173168,19.0772438,72.8795657,45.0
62.2,9.826806960885243,19.077244,72.87956600000001,45.0
62.21,9.834962193279505,19.0772442,72.87956630000001,45.0
62.22,9.84311541341272,19.0772444,72.8795666,45.0
62.230000000000004,9.851266612343913,19.0772446,72.8795669,45.0
62.24,9.859415781134274,19.0772448,72.87956720000001,45.0
62.25,9.867562910847237,19.077245,72.87956750000001,45.0
62.26,9.8757079925485,19.0772452,72.8795678,45.0
62.27,9.88385101730596,19.0772454,72.8795681,45.0
62.28,9.891991976189797,19.0772456,72.87956840000001,45.0
62.29,9.900130860272455,19.0772458,72.87956870000001,45.0
62.300000000000004,9.908267660628646,19.077246,72.879569,45.0
62.31,9.916402368335373,19.0772462,72.8795693,45.0
62.32,9.924534974471932,19.0772464,72.87956960000001,45.0
62.33,9.932665470119922,19.077246600000002,72.8795699,45.0
62.34,9.940793846363263,19.0772468,72.8795702,45.0
62.35,9.948920094288177,19.077247,72.8795705,45.0
62.36,9.957044204983255,19.077247200000002,72.87957080000001,45.0
62.370000000000005,9.965166169539414,19.0772474,72.8795711,45.0
62.38,9.973285979049901,19.0772476,72.8795714,45.0
62.39,9.981403624610381,19.077247800000002,72.8795717,45.0
62.4,9.989519097318839,19.077248,72.87957200000001,45.0
62.410000000000004,9.997632388275669,19.0772482,72.8795723,45.0
62.42,10.005743488583654,19.077248400000002,72.8795726,45.0
62.43,10.013852389347969,19.0772486,72.8795729,45.0
62.440000000000005,10.021959081676233,19.0772488,72.87957320000001,45.0
62.45,10.03006355667845,19.077249000000002,72.8795735,45.0
62.46,10.038165805467056,19.0772492,72.8795738,45.0
62.47,10.04626581915696,19.0772494,72.8795741,45.0
62.480000000000004,10.054363588865506,19.077249600000002,72.87957440000001,45.0
62.49,10.062459105712476,19.0772498,72.8795747,45.0
62.5,10.070552360820162,19.07725,72.879575,45.0
62.51,10.078643345313319,19.0772502,72.8795753,45.0
62.52,10.086732050319178,19.0772504,72.87957560000001,45.0
62.53,10.094818466967485,19.0772506,72.8795759,45.0
62.54,10.10290258639049,19.0772508,72.8795762,45.0
62.550000000000004,10.110984399722984,19.077251,72.8795765,45.0
62.56,10.119063898102246,19.0772512,72.87957680000001,45.0
62.57,10.127141072668124,19.0772514,72.8795771,45.0
62.58,10.135215914563004,19.0772516,72.8795774,45.0
62.59,10.143288414931838,19.0772518,72.8795777,45.0
62.6,10.151358564922123,19.077252,72.87957800000001,45.0
62.61,10.159426355683967,19.0772522,72.8795783,45.0
62.620000000000005,10.167491778370044,19.0772524,72.8795786,45.0
62.63,10.175554824135627,19.0772526,72.8795789,45.0
62.64,10.183615484138604,19.0772528,72.87957920000001,45.0
62.65,10.191673749539454,19.077253,72.8795795,45.0
62.660000000000004,10.19972961150133,19.0772532,72.8795798,45.0
62.67,10.207783061189968,19.0772534,72.8795801,45.0
62.68,10.215834089773772,19.0772536,72.87958040000001,45.0
62.690000000000005,10.223882688423826,19.0772538,72.8795807,45.0
62.7,10.23192884831384,19.077254,72.879581,45.0
62.71,10.239972560620199,19.077254200000002,72.8795813,45.0
62.72,10.248013816522008,19.0772544,72.87958160000001,45.0
62.730000000000004,10.256052607201033,19.0772546,72.8795819,45.0
62.74,10.26408892384176,19.077254800000002,72.8795822,45.0
62.75,10.272122757631385,19.077255,72.8795825,45.0
62.76,10.280154099759805,19.0772552,72.87958280000001,45.0
62.77,10.288182941419699,19.077255400000002,72.8795831,45.0
62.78,10.296209273806431,19.0772556,72.8795834,45.0
62.79,10.30423308811815,19.0772558,72.8795837,45.0
62.800000000000004,10.312254375555774,19.077256000000002,72.87958400000001,45.0
62.81,10.320273127322956,19.0772562,72.8795843,45.0
62.82,10.328289334626175,19.0772564,72.8795846,45.0
62.83,10.336302988674658,19.077256600000002,72.8795849,45.0
62.84,10.344314080680459,19.0772568,72.87958520000001,45.0
62.85,10.35232260185843,19.077257,72.8795855,45.0
62.86,10.360328543426249,19.077257200000002,72.8795858,45.0
62.870000000000005,10.368331896604417,19.0772574,72.8795861,45.0
62.88,10.376332652616284,19.0772576,72.87958640000001,45.0
62.89,10.384330802688018,19.0772578,72.8795867,45.0
62.9,10.39232633804869,19.077258,72.879587,45.0
62.910000000000004,10.400319249930213,19.0772582,72.87958730000001,45.0
62.92,10.408309529567358,19.0772584,72.87958760000001,45.0
62.93,10.416297168197827,19.0772586,72.8795879,45.0
62.940000000000005,10.424282157062192,19.0772588,72.8795882,45.0
62.95,10.432264487403923,19.077259,72.87958850000001,45.0
62.96,10.44024415046942,19.0772592,72.87958880000001,45.0
62.97,10.448221137507998,19.0772594,72.8795891,45.0
62.980000000000004,10.456195439771935,19.0772596,72.8795894,45.0
62.99,10.464167048516407,19.0772598,72.87958970000001,45.0
63.0,10.472135954999578,19.07726,72.87959000000001,45.0
63.01,10.480102150482562,19.0772602,72.8795903,45.0
63.02,10.488065626229456,19.0772604,72.8795906,45.0
63.03,10.496026373507316,19.0772606,72.87959090000001,45.0
63.04,10.503984383586221,19.0772608,72.87959120000001,45.0
63.050000000000004,10.511939647739242,19.077261,72.8795915,45.0
63.06,10.51989215724244,19.0772612,72.8795918,45.0
63.07,10.527841903374922,19.0772614,72.87959210000001,45.0
63.08,10.535788877418808,19.0772616,72.8795924,45.0
63.09,10.543733070659288,19.077261800000002,72.8795927,45.0
63.1,10.551674474384559,19.077262,72.879593,45.0
63.11,10.5596130798859,19.0772622,72.87959330000001,45.0
63.120000000000005,10.567548878457675,19.077262400000002,72.8795936,45.0
63.13,10.575481861397295,19.0772626,72.8795939,45.0
63.14,10.583412020005257,19.0772628,72.8795942,45.0
63.15,10.591339345585192,19.077263000000002,72.87959450000001,45.0
63.160000000000004,10.599263829443808,19.0772632,72.8795948,45.0
63.17,10.607185462890937,19.0772634,72.8795951,45.0
63.18,10.615104237239542,19.077263600000002,72.8795954,45.0
63.190000000000005,10.623020143805704,19.0772638,72.87959570000001,45.0
63.2,10.630933173908668,19.077264,72.879596,45.0
63.21,10.638843318870824,19.077264200000002,72.8795963,45.0
63.22,10.646750570017723,19.0772644,72.8795966,45.0
63.230000000000004,10.654654918678116,19.0772646,72.87959690000001,45.0
63.24,10.662556356183886,19.077264800000002,72.8795972,45.0
63.25,10.670454873870167,19.077265,72.8795975,45.0
63.26,10.678350463075244,19.0772652,72.8795978,45.0
63.27,10.686243115140643,19.0772654,72.87959810000001,45.0
63.28,10.694132821411104,19.0772656,72.8795984,45.0
63.29,10.702019573234596,19.0772658,72.8795987,45.0
63.300000000000004,10.709903361962327,19.077266,72.879599,45.0
63.31,10.717784178948765,19.0772662,72.87959930000001,45.0
63.32,10.725662015551615,19.0772664,72.8795996,45.0
63.33,10.733536863131862,19.0772666,72.8795999,45.0
63.34,10.74140871305379,19.0772668,72.8796002,45.0
63.35,10.749277556684923,19.077267,72.87960050000001,45.0
63.36,10.757143385396137,19.0772672,72.8796008,45.0
63.370000000000005,10.765006190561573,19.0772674,72.8796011,45.0
63.38,10.772865963558687,19.0772676,72.8796014,45.0
63.39,10.780722695768295,19.0772678,72.87960170000001,45.0
63.4,10.78857637857452,19.077268,72.879602,45.0
63.410000000000004,10.796427003364837,19.0772682,72.8796023,45.0
63.42,10.80427456153007,19.0772684,72.8796026,45.0
63.43,10.812119044464412,19.0772686,72.87960290000001,45.0
63.440000000000005,10.819960443565432,19.0772688,72.8796032,45.0
63.45,10.82779875023406,19.077269,72.8796035,45.0
63.46,10.835633955874632,19.0772692,72.8796038,45.0
63.47,10.8434660518949,19.077269400000002,72.87960410000001,45.0
63.480000000000004,10.851295029706007,19.0772696,72.8796044,45.0
63.49,10.859120880722507,19.0772698,72.8796047,45.0
63.5,10.866943596362402,19.077270000000002,72.879605,45.0
63.51,10.874763168047119,19.0772702,72.87960530000001,45.0
63.52,10.882579587201556,19.0772704,72.8796056,45.0
63.53,10.890392845254034,19.077270600000002,72.8796059,45.0
63.54,10.898202933636357,19.0772708,72.8796062,45.0
63.550000000000004,10.906009843783831,19.077271,72.87960650000001,45.0
63.56,10.91381356713519,19.077271200000002,72.8796068,45.0
63.57,10.9216140951327,19.0772714,72.8796071,45.0
63.58,10.929411419222138,19.0772716,72.8796074,45.0
63.59,10.937205530852784,19.077271800000002,72.87960770000001,45.0
63.6,10.94499642147742,19.077272,72.879608,45.0
63.61,10.952784082552402,19.0772722,72.8796083,45.0
63.620000000000005,10.960568505537587,19.077272400000002,72.8796086,45.0
63.63,10.96834968189641,19.0772726,72.87960890000001,45.0
63.64,10.97612760309585,19.0772728,72.8796092,45.0
63.65,10.983902260606465,19.077273,72.8796095,45.0
63.660000000000004,10.991673645902402,19.0772732,72.87960980000001,45.0
63.67,10.999441750461376,19.0772734,72.87961010000001,45.0
63.68,11.007206565764692,19.0772736,72.8796104,45.0
63.690000000000005,11.014968083297305,19.0772738,72.8796107,45.0
63.7,11.022726294547734,19.077274,72.87961100000001,45.0
63.71,11.030481191008167,19.0772742,72.87961130000001,45.0
63.72,11.038232764174404,19.0772744,72.8796116,45.0
63.730000000000004,11.045981005545896,19.0772746,72.8796119,45.0
63.74,11.05372590662575,19.0772748,72.87961220000001,45.0
63.75,11.06146745892072,19.077275,72.87961250000001,45.0
63.76,11.069205653941244,19.0772752,72.8796128,45.0
63.77,11.076940483201465,19.0772754,72.8796131,45.0
63.78,11.084671938219167,19.0772756,72.87961340000001,45.0
63.79,11.092400010515885,19.0772758,72.87961370000001,45.0
63.800000000000004,11.100124691616829,19.077276,72.879614,45.0
63.81,11.107845973050928,19.0772762,72.8796143,45.0
63.82,11.115563846350867,19.0772764,72.87961460000001,45.0
63.83,11.123278303053045,19.0772766,72.8796149,45.0
63.84,11.130989334697617,19.0772768,72.8796152,45.0
63.85,11.138696932828495,19.077277000000002,72.8796155,45.0
63.86,11.146401088993342,19.0772772,72.87961580000001,45.0
63.870000000000005,11.15410179474361,19.0772774,72.8796161,45.0
63.88,11.161799041634534,19.077277600000002,72.8796164,45.0
63.89,11.16949282122513,19.0772778,72.8796167,45.0
63.9,11.177183125078239,19.077278,72.87961700000001,45.0
63.910000000000004,11.1848699447605,19.077278200000002,72.8796173,45.0
63.92,11.19255327184236,19.0772784,72.8796176,45.0
63.93,11.200233097898117,19.0772786,72.8796179,45.0
63.940000000000005,11.207909414505904,19.077278800000002,72.87961820000001,45.0
63.95,11.215582213247679,19.077279,72.8796185,45.0
63.96,11.2232514857093,19.0772792,72.8796188,45.0
63.97,11.230917223480459,19.077279400000002,72.8796191,45.0
63.980000000000004,11.238579418154742,19.0772796,72.87961940000001,45.0
63.99,11.246238061329603,19.0772798,72.8796197,45.0
64.0,11.253893144606398,19.077280000000002,72.87962,45.0
64.01,11.26154465959041,19.0772802,72.8796203,45.0
64.02,11.269192597890788,19.0772804,72.87962060000001,45.0
64.03,11.27683695112065,19.0772806,72.8796209,45.0
64.04,11.284477710897026,19.0772808,72.8796212,45.0
64.05,11.292114868840864,19.077281,72.8796215,45.0
64.06,11.299748416577113,19.0772812,72.87962180000001,45.0
64.07000000000001,11.307378345734637,19.0772814,72.8796221,45.0
64.08,11.315004647946266,19.0772816,72.8796224,45.0
64.09,11.32262731484886,19.0772818,72.8796227,45.0
64.1,11.330246338083207,19.077282,72.87962300000001,45.0
64.11,11.33786170929412,19.0772822,72.8796233,45.0
64.12,11.345473420130416,19.0772824,72.8796236,45.0
64.13,11.353081462244894,19.0772826,72.8796239,45.0
64.14,11.360685827294446,19.0772828,72.87962420000001,45.0
64.15,11.36828650693993,19.077283,72.8796245,45.0
64.16,11.375883492846256,19.0772832,72.8796248,45.0
64.17,11.383476776682427,19.0772834,72.8796251,45.0
64.18,11.39106635012146,19.0772836,72.87962540000001,45.0
64.19,11.398652204840438,19.0772838,72.8796257,45.0
64.2,11.40623433252058,19.077284,72.879626,45.0
64.21000000000001,11.413812724847135,19.0772842,72.8796263,45.0
64.22,11.421387373509454,19.0772844,72.87962660000001,45.0
64.23,11.428958270201031,19.077284600000002,72.8796269,45.0
64.24,11.436525406619417,19.0772848,72.8796272,45.0
64.25,11.444088774466358,19.077285,72.8796275,45.0
64.26,11.451648365447674,19.077285200000002,72.87962780000001,45.0
64.27,11.459204171273335,19.0772854,72.8796281,45.0
64.28,11.466756183657498,19.0772856,72.8796284,45.0
64.29,11.474304394318445,19.077285800000002,72.8796287,45.0
64.3,11.481848794978614,19.077286,72.87962900000001,45.0
64.31,11.489389377364688,19.0772862,72.8796293,45.0
64.32000000000001,11.49692613320747,19.077286400000002,72.8796296,45.0
64.33,11.504459054241966,19.0772866,72.8796299,45.0
64.34,11.511988132207444,19.0772868,72.87963020000001,45.0
64.35,11.519513358847313,19.077287000000002,72.8796305,45.0
64.36,11.527034725909267,19.0772872,72.8796308,45.0
64.37,11.53455222514519,19.0772874,72.8796311,45.0
64.38,11.542065848311204,19.077287600000002,72.87963140000001,45.0
64.39,11.549575587167737,19.0772878,72.8796317,45.0
64.4,11.557081433479423,19.077288,72.879632,45.0
64.41,11.564583379015167,19.0772882,72.87963230000001,45.0
64.42,11.57208141554819,19.0772884,72.87963260000001,45.0
64.43,11.579575534855959,19.0772886,72.8796329,45.0
64.44,11.587065728720253,19.0772888,72.8796332,45.0
64.45,11.594551988927172,19.077289,72.87963350000001,45.0
64.46000000000001,11.6020343072671,19.0772892,72.87963380000001,45.0
64.47,11.60951267553476,19.0772894,72.8796341,45.0
64.48,11.61698708552921,19.0772896,72.8796344,45.0
64.49,11.62445752905382,19.0772898,72.87963470000001,45.0
64.5,11.631923997916372,19.07729,72.87963500000001,45.0
64.51,11.63938648392894,19.0772902,72.8796353,45.0
64.52,11.646844978907996,19.0772904,72.8796356,45.0
64.53,11.6542994746744,19.0772906,72.87963590000001,45.0
64.54,11.661749963053364,19.0772908,72.87963620000001,45.0
64.55,11.669196435874515,19.077291,72.8796365,45.0
64.56,11.676638884971904,19.0772912,72.8796368,45.0
64.57000000000001,11.684077302183955,19.0772914,72.87963710000001,45.0
64.58,11.691511679353532,19.0772916,72.87963740000001,45.0
64.59,11.69894200832794,19.0772918,72.8796377,45.0
64.6,11.706368280958888,19.077292,72.879638,45.0
64.61,11.71379048910259,19.077292200000002,72.87963830000001,45.0
64.62,11.721208624619665,19.0772924,72.8796386,45.0
64.63,11.728622679375215,19.0772926,72.8796389,45.0
64.64,11.73603264523884,19.077292800000002,72.8796392,45.0
64.65,11.743438514084584,19.077293,72.87963950000001,45.0
64.66,11.750840277791012,19.0772932,72.8796398,45.0
64.67,11.758237928241185,19.077293400000002,72.8796401,45.0
64.68,11.765631457322662,19.0772936,72.8796404,45.0
64.69,11.773020856927534,19.0772938,72.87964070000001,45.0
64.7,11.780406118952428,19.077294000000002,72.879641,45.0
64.71000000000001,11.787787235298499,19.0772942,72.8796413,45.0
64.72,11.795164197871435,19.0772944,72.8796416,45.0
64.73,11.8025369985815,19.077294600000002,72.87964190000001,45.0
64.74,11.809905629343506,19.0772948,72.8796422,45.0
64.75,11.817270082076867,19.077295,72.8796425,45.0
64.76,11.824630348705536,19.077295200000002,72.8796428,45.0
64.77,11.831986421158087,19.0772954,72.87964310000001,45.0
64.78,11.839338291367682,19.0772956,72.8796434,45.0
64.79,11.846685951272104,19.0772958,72.8796437,45.0
64.8,11.854029392813718,19.077296,72.879644,45.0
64.81,11.861368607939566,19.0772962,72.87964430000001,45.0
64.82000000000001,11.868703588601294,19.0772964,72.8796446,45.0
64.83,11.876034326755185,19.0772966,72.8796449,45.0
64.84,11.883360814362193,19.0772968,72.8796452,45.0
64.85,11.890683043387918,19.077297,72.87964550000001,45.0
64.86,11.898001005802653,19.0772972,72.8796458,45.0
64.87,11.905314693581353,19.0772974,72.8796461,45.0
64.88,11.912624098703649,19.0772976,72.8796464,45.0
64.89,11.919929213153893,19.0772978,72.87964670000001,45.0
64.9,11.927230028921132,19.077298,72.879647,45.0
64.91,11.93452653799911,19.0772982,72.8796473,45.0
64.92,11.94181873238633,19.0772984,72.8796476,45.0
64.93,11.949106604086005,19.0772986,72.87964790000001,45.0
64.94,11.956390145106067,19.0772988,72.8796482,45.0
64.95,11.963669347459255,19.077299,72.8796485,45.0
64.96000000000001,11.970944203163016,19.0772992,72.8796488,45.0
64.97,11.978214704239564,19.0772994,72.87964910000001,45.0
64.98,11.985480842715928,19.0772996,72.8796494,45.0
64.99,11.992742610623871,19.077299800000002,72.8796497,45.0
65.0,11.999999999999995,19.0773,72.87965,45.0
65.01,12.00725300288568,19.0773002,72.87965030000001,45.0
65.02,12.014501611327105,19.077300400000002,72.8796506,45.0
65.03,12.021745817375296,19.0773006,72.8796509,45.0
65.04,12.02898561308609,19.0773008,72.8796512,45.0
65.05,12.036220990520146,19.077301000000002,72.87965150000001,45.0
65.06,12.043451941743019,19.0773012,72.8796518,45.0
65.07000000000001,12.050678458825065,19.0773014,72.8796521,45.0
65.08,12.057900533841508,19.077301600000002,72.8796524,45.0
65.09,12.065118158872489,19.0773018,72.87965270000001,45.0
65.1,12.072331326002967,19.077302,72.879653,45.0
65.11,12.079540027322839,19.077302200000002,72.8796533,45.0
65.12,12.08674425492688,19.0773024,72.8796536,45.0
65.13,12.093944000914753,19.0773026,72.87965390000001,45.0
65.14,12.10113925739108,19.077302800000002,72.8796542,45.0
65.15,12.108330016465366,19.077303,72.8796545,45.0
65.16,12.115516270252044,19.0773032,72.8796548,45.0
65.17,12.122698010870543,19.0773034,72.87965510000001,45.0
65.18,12.129875230445185,19.0773036,72.8796554,45.0
65.19,12.137047921105255,19.0773038,72.8796557,45.0
65.2,12.144216074985046,19.077304,72.87965600000001,45.0
65.21000000000001,12.151379684223782,19.0773042,72.87965630000001,45.0
65.22,12.158538740965671,19.0773044,72.8796566,45.0
65.23,12.165693237359967,19.0773046,72.8796569,45.0
65.24,12.172843165560852,19.0773048,72.87965720000001,45.0
65.25,12.179988517727587,19.077305,72.87965750000001,45.0
65.26,12.187129286024398,19.0773052,72.8796578,45.0
65.27,12.194265462620546,19.0773054,72.8796581,45.0
65.28,12.201397039690367,19.0773056,72.87965840000001,45.0
65.29,12.208524009413193,19.0773058,72.87965870000001,45.0
65.3,12.215646363973413,19.077306,72.879659,45.0
65.31,12.22276409556053,19.0773062,72.8796593,45.0
65.32000000000001,12.229877196369053,19.0773064,72.87965960000001,45.0
65.33,12.236985658598599,19.0773066,72.87965990000001,45.0
65.34,12.244089474453876,19.0773068,72.8796602,45.0
65.35,12.251188636144654,19.077307,72.8796605,45.0
65.36,12.258283135885868,19.0773072,72.87966080000001,45.0
65.37,12.26537296589751,19.077307400000002,72.8796611,45.0
65.38,12.272458118404703,19.0773076,72.8796614,45.0
65.39,12.27953858563773,19.0773078,72.8796617,45.0
65.4,12.28661435983198,19.077308000000002,72.87966200000001,45.0
65.41,12.293685433227978,19.0773082,72.8796623,45.0
65.42,12.300751798071467,19.0773084,72.8796626,45.0
65.43,12.307813446613281,19.077308600000002,72.8796629,45.0
65.44,12.314870371109466,19.0773088,72.87966320000001,45.0
65.45,12.321922563821245,19.077309,72.8796635,45.0
65.46000000000001,12.32897001701501,19.077309200000002,72.8796638,45.0
65.47,12.336012722962368,19.0773094,72.8796641,45.0
65.48,12.343050673940143,19.0773096,72.87966440000001,45.0
65.49,12.350083862230337,19.077309800000002,72.8796647,45.0
65.5,12.35711228012022,19.07731,72.879665,45.0
65.51,12.36413591990225,19.0773102,72.8796653,45.0
65.52,12.371154773874148,19.077310400000002,72.87966560000001,45.0
65.53,12.378168834338897,19.0773106,72.8796659,45.0
65.54,12.3851780936047,19.0773108,72.8796662,45.0
65.55,12.392182543985047,19.077311,72.8796665,45.0
65.56,12.399182177798718,19.0773112,72.87966680000001,45.0
65.57000000000001,12.406176987369737,19.0773114,72.8796671,45.0
65.58,12.41316696502744,19.0773116,72.8796674,45.0
65.59,12.420152103106465,19.0773118,72.8796677,45.0
65.6,12.427132393946746,19.077312,72.87966800000001,45.0
65.61,12.43410782989355,19.0773122,72.8796683,45.0
65.62,12.441078403297443,19.0773124,72.8796686,45.0
65.63,12.448044106514342,19.0773126,72.8796689,45.0
65.64,12.455004931905506,19.0773128,72.87966920000001,45.0
65.65,12.461960871837523,19.077313,72.8796695,45.0
65.66,12.468911918682352,19.0773132,72.8796698,45.0
65.67,12.47585806481733,19.0773134,72.8796701,45.0
65.68,12.482799302625157,19.0773136,72.87967040000001,45.0
65.69,12.489735624493903,19.0773138,72.8796707,45.0
65.7,12.496667022817043,19.077314,72.879671,45.0
65.71000000000001,12.50359348999346,19.0773142,72.8796713,45.0
65.72,12.510515018427412,19.0773144,72.87967160000001,45.0
65.73,12.517431600528614,19.0773146,72.8796719,45.0
65.74,12.52434322871218,19.0773148,72.8796722,45.0
65.75,12.531249895398666,19.077315000000002,72.8796725,45.0
65.76,12.538151593014055,19.0773152,72.87967280000001,45.0
65.77,12.545048313989788,19.0773154,72.8796731,45.0
65.78,12.551940050762779,19.077315600000002,72.8796734,45.0
65.79,12.558826795775392,19.0773158,72.8796737,45.0
65.8,12.565708541475455,19.077316,72.87967400000001,45.0
65.81,12.572585280316297,19.077316200000002,72.8796743,45.0
65.82000000000001,12.579457004756733,19.0773164,72.8796746,45.0
65.83,12.586323707261062,19.0773166,72.8796749,45.0
65.84,12.593185380299117,19.077316800000002,72.87967520000001,45.0
65.85,12.600042016346222,19.077317,72.8796755,45.0
65.86,12.606893607883245,19.0773172,72.8796758,45.0
65.87,12.613740147396578,19.077317400000002,72.8796761,45.0
65.88,12.620581627378138,19.0773176,72.87967640000001,45.0
65.89,12.62741804032541,19.0773178,72.8796767,45.0
65.9,12.634249378741433,19.077318,72.879677,45.0
65.91,12.64107563513479,19.0773182,72.8796773,45.0
65.92,12.647896802019673,19.0773184,72.87967760000001,45.0
65.93,12.654712871915837,19.0773186,72.8796779,45.0
65.94,12.661523837348604,19.0773188,72.8796782,45.0
65.95,12.66832969084894,19.077319,72.87967850000001,45.0
65.96000000000001,12.675130424953384,19.0773192,72.87967880000001,45.0
65.97,12.681926032204075,19.0773194,72.8796791,45.0
65.98,12.688716505148832,19.0773196,72.8796794,45.0
65.99,12.69550183634105,19.0773198,72.87967970000001,45.0
66.0,12.702282018339783,19.07732,72.87968000000001,45.0
66.01,12.709057043709738,19.0773202,72.8796803,45.0
66.02,12.715826905021244,19.0773204,72.8796806,45.0
66.03,12.722591594850353,19.0773206,72.87968090000001,45.0
66.04,12.729351105778738,19.0773208,72.87968120000001,45.0
66.05,12.736105430393753,19.077321,72.8796815,45.0
66.06,12.742854561288475,19.0773212,72.8796818,45.0
66.07000000000001,12.749598491061647,19.0773214,72.87968210000001,45.0
66.08,12.7563372123177,19.0773216,72.87968240000001,45.0
66.09,12.763070717666839,19.0773218,72.8796827,45.0
66.1,12.769798999724927,19.077322,72.879683,45.0
66.11,12.77652205111358,19.0773222,72.87968330000001,45.0
66.12,12.783239864460157,19.0773224,72.8796836,45.0
66.13,12.789952432397726,19.077322600000002,72.8796839,45.0
66.14,12.796659747565169,19.0773228,72.8796842,45.0
66.15,12.803361802607075,19.077323,72.87968450000001,45.0
66.16,12.810058590173803,19.077323200000002,72.8796848,45.0
66.17,12.816750102921539,19.0773234,72.8796851,45.0
66.18,12.8234363335122,19.0773236,72.8796854,45.0
66.19,12.830117274613503,19.077323800000002,72.87968570000001,45.0
66.2,12.836792918899,19.077324,72.879686,45.0
66.21000000000001,12.843463259048018,19.0773242,72.8796863,45.0
66.22,12.850128287745694,19.077324400000002,72.8796866,45.0
66.23,12.856787997683039,19.0773246,72.87968690000001,45.0
66.24,12.863442381556837,19.0773248,72.8796872,45.0
66.25,12.870091432069763,19.077325000000002,72.8796875,45.0
66.26,12.87673514193031,19.0773252,72.8796878,45.0
66.27,12.883373503852813,19.0773254,72.87968810000001,45.0
66.28,12.89000651055753,19.0773256,72.8796884,45.0
66.29,12.896634154770542,19.0773258,72.8796887,45.0
66.3,12.90325642922381,19.077326,72.879689,45.0
66.31,12.90987332665522,19.0773262,72.87968930000001,45.0
66.32000000000001,12.916484839808518,19.0773264,72.8796896,45.0
66.33,12.923090961433367,19.0773266,72.8796899,45.0
66.34,12.929691684285364,19.0773268,72.8796902,45.0
66.35,12.936287001125985,19.077327,72.87969050000001,45.0
66.36,12.942876904722675,19.0773272,72.8796908,45.0
66.37,12.949461387848789,19.0773274,72.8796911,45.0
66.38,12.956040443283616,19.0773276,72.8796914,45.0
66.39,12.962614063812447,19.0773278,72.87969170000001,45.0
66.4,12.96918224222648,19.077328,72.879692,45.0
66.41,12.97574497132291,19.0773282,72.8796923,45.0
66.42,12.982302243904904,19.0773284,72.8796926,45.0
66.43,12.988854052781594,19.0773286,72.87969290000001,45.0
66.44,12.995400390768124,19.0773288,72.8796932,45.0
66.45,13.001941250685643,19.077329,72.8796935,45.0
66.46000000000001,13.008476625361283,19.0773292,72.8796938,45.0
66.47,13.015006507628204,19.0773294,72.87969410000001,45.0
66.48,13.0215308903256,19.0773296,72.8796944,45.0
66.49,13.028049766298679,19.0773298,72.8796947,45.0
66.5,13.0345631283987,19.07733,72.879695,45.0
66.51,13.041070969482952,19.077330200000002,72.87969530000001,45.0
66.52,13.047573282414792,19.0773304,72.8796956,45.0
66.53,13.054070060063648,19.0773306,72.8796959,45.0
66.54,13.060561295304995,19.077330800000002,72.8796962,45.0
66.55,13.0670469810204,19.077331,72.87969650000001,45.0
66.56,13.073527110097519,19.0773312,72.8796968,45.0
66.57000000000001,13.080001675430088,19.077331400000002,72.8796971,45.0
66.58,13.086470669917949,19.0773316,72.8796974,45.0
66.59,13.09293408646707,19.0773318,72.87969770000001,45.0
66.6,13.099391917989514,19.077332000000002,72.879698,45.0
66.61,13.105844157403485,19.0773322,72.8796983,45.0
66.62,13.112290797633296,19.0773324,72.8796986,45.0
66.63,13.118731831609423,19.077332600000002,72.87969890000001,45.0
66.64,13.125167252268493,19.0773328,72.8796992,45.0
66.65,13.131597052553262,19.077333,72.8796995,45.0
66.66,13.138021225412675,19.0773332,72.8796998,45.0
66.67,13.144439763801834,19.0773334,72.87970010000001,45.0
66.68,13.150852660682034,19.0773336,72.8797004,45.0
66.69,13.157259909020729,19.0773338,72.8797007,45.0
66.7,13.163661501791601,19.077334,72.87970100000001,45.0
66.71000000000001,13.170057431974522,19.0773342,72.87970130000001,45.0
66.72,13.176447692555556,19.0773344,72.8797016,45.0
66.73,13.182832276527007,19.0773346,72.8797019,45.0
66.74,13.189211176887389,19.0773348,72.87970220000001,45.0
66.75,13.195584386641464,19.077335,72.87970250000001,45.0
66.76,13.201951898800232,19.0773352,72.8797028,45.0
66.77,13.208313706380913,19.0773354,72.8797031,45.0
66.78,13.214669802407023,19.0773356,72.87970340000001,45.0
66.79,13.221020179908328,19.0773358,72.87970370000001,45.0
66.8,13.227364831920843,19.077336,72.879704,45.0
66.81,13.233703751486887,19.0773362,72.8797043,45.0
66.82000000000001,13.240036931655064,19.0773364,72.87970460000001,45.0
66.83,13.246364365480243,19.0773366,72.87970490000001,45.0
66.84,13.252686046023648,19.0773368,72.8797052,45.0
66.85,13.259001966352763,19.077337,72.8797055,45.0
66.86,13.26531211954141,19.0773372,72.87970580000001,45.0
66.87,13.271616498669736,19.0773374,72.8797061,45.0
66.88,13.277915096824206,19.0773376,72.8797064,45.0
66.89,13.284207907097644,19.077337800000002,72.8797067,45.0
66.9,13.290494922589215,19.077338,72.87970700000001,45.0
66.91,13.296776136404427,19.0773382,72.8797073,45.0
66.92,13.303051541655162,19.077338400000002,72.8797076,45.0
66.93,13.309321131459672,19.0773386,72.8797079,45.0
66.94,13.315584898942566,19.0773388,72.87970820000001,45.0
66.95,13.321842837234886,19.077339000000002,72.8797085,45.0
66.96000000000001,13.328094939474017,19.0773392,72.8797088,45.0
66.97,13.334341198803752,19.0773394,72.8797091,45.0
66.98,13.340581608374325,19.077339600000002,72.87970940000001,45.0
66.99,13.34681616134234,19.0773398,72.8797097,45.0
67.0,13.353044850870862,19.07734,72.87971,45.0
67.01,13.359267670129366,19.077340200000002,72.8797103,45.0
67.02,13.365484612293756,19.0773404,72.87971060000001,45.0
67.03,13.37169567054641,19.0773406,72.8797109,45.0
67.04,13.377900838076133,19.0773408,72.8797112,45.0
67.05,13.384100108078181,19.077341,72.8797115,45.0
67.06,13.390293473754326,19.0773412,72.87971180000001,45.0
67.07000000000001,13.39648092831277,19.0773414,72.8797121,45.0
67.08,13.402662464968188,19.0773416,72.8797124,45.0
67.09,13.408838076941805,19.0773418,72.8797127,45.0
67.1,13.415007757461279,19.077342,72.87971300000001,45.0
67.11,13.421171499760817,19.0773422,72.8797133,45.0
67.12,13.427329297081108,19.0773424,72.8797136,45.0
67.13,13.433481142669361,19.0773426,72.8797139,45.0
67.14,13.43962702977935,19.0773428,72.87971420000001,45.0
67.15,13.445766951671343,19.077343,72.8797145,45.0
67.16,13.451900901612154,19.0773432,72.8797148,45.0
67.17,13.458028872875172,19.0773434,72.8797151,45.0
67.18,13.464150858740318,19.0773436,72.87971540000001,45.0
67.19,13.470266852494063,19.0773438,72.8797157,45.0
67.2,13.47637684742951,19.077344,72.879716,45.0
67.21000000000001,13.482480836846271,19.0773442,72.8797163,45.0
67.22,13.488578814050582,19.0773444,72.87971660000001,45.0
67.23,13.49467077235527,19.0773446,72.8797169,45.0
67.24,13.50075670507973,19.0773448,72.8797172,45.0
67.25,13.50683660555003,19.077345,72.8797175,45.0
67.26,13.51291046709879,19.0773452,72.87971780000001,45.0
67.27,13.51897828306527,19.077345400000002,72.8797181,45.0
67.28,13.525040046795384,19.0773456,72.8797184,45.0
67.29,13.531095751641658,19.0773458,72.8797187,45.0
67.3,13.53714539096325,19.077346000000002,72.87971900000001,45.0
67.31,13.543188958126022,19.0773462,72.8797193,45.0
67.32000000000001,13.54922644650244,19.0773464,72.8797196,45.0
67.33,13.555257849471662,19.077346600000002,72.8797199,45.0
67.34,13.561283160419524,19.0773468,72.87972020000001,45.0
67.35,13.567302372738508,19.077347,72.8797205,45.0
67.36,13.573315479827844,19.077347200000002,72.8797208,45.0
67.37,13.579322475093406,19.0773474,72.8797211,45.0
67.38,13.585323351947775,19.0773476,72.87972140000001,45.0
67.39,13.591318103810279,19.077347800000002,72.8797217,45.0
67.4,13.597306724106925,19.077348,72.879722,45.0
67.41,13.603289206270446,19.0773482,72.8797223,45.0
67.42,13.609265543740339,19.0773484,72.87972260000001,45.0
67.43,13.615235729962802,19.0773486,72.8797229,45.0
67.44,13.62119975839079,19.0773488,72.8797232,45.0
67.45,13.627157622484031,19.077349,72.87972350000001,45.0
67.46000000000001,13.633109315708985,19.0773492,72.87972380000001,45.0
67.47,13.63905483153889,19.0773494,72.8797241,45.0
67.48,13.644994163453765,19.0773496,72.8797244,45.0
67.49,13.650927304940394,19.0773498,72.87972470000001,45.0
67.5,13.65685424949238,19.07735,72.87972500000001,45.0
67.51,13.662774990610082,19.0773502,72.8797253,45.05729577951308
67.52,13.668689521800687,19.0773504,72.8797256,45.11459155902617
67.53,13.674597836578194,19.0773506,72.87972590000001,45.17188733853925
67.54,13.680499928463398,19.0773508,72.87972620000001,45.229183118052326
67.55,13.686395790983937,19.077351,72.8797265,45.28647889756541
67.56,13.69228541767428,19.0773512,72.8797268,45.34377467707849
67.57000000000001,13.69816880207573,19.0773514,72.87972710000001,45.401070456591576
67.58,13.704045937736424,19.0773516,72.87972740000001,45.45836623610466
67.59,13.70991681821137,19.0773518,72.8797277,45.51566201561774
67.6,13.715781437062422,19.077352,72.879728,45.572957795130826
67.61,13.721639787858319,19.0773522,72.87972830000001,45.6302535746439
67.62,13.727491864174649,19.0773524,72.8797286,45.687549354156985
67.63,13.733337659593895,19.0773526,72.8797289,45.74484513367007
67.64,13.739177167705432,19.0773528,72.8797292,45.80214091318315
67.65,13.745010382105514,19.077353000000002,72.87972950000001,45.859436692696235
67.66,13.750837296397304,19.0773532,72.8797298,45.91673247220932
67.67,13.756657904190888,19.0773534,72.8797301,45.9740282517224
67.68,13.762472199103257,19.077353600000002,72.8797304,46.031324031235485
67.69,13.768280174758306,19.0773538,72.87973070000001,46.08861981074856
67.7,13.774081824786897,19.077354,72.879731,46.145915590261644
67.71000000000001,13.779877142826805,19.077354200000002,72.8797313,46.20321136977473
67.72,13.785666122522738,19.0773544,72.8797316,46.26050714928781
67.73,13.791448757526384,19.0773546,72.87973190000001,46.317802928800894
67.74,13.797225041496368,19.077354800000002,72.8797322,46.37509870831398
67.75,13.802994968098297,19.077355,72.8797325,46.43239448782706
67.76,13.808758531004734,19.0773552,72.8797328,46.489690267340144
67.77,13.814515723895221,19.077355400000002,72.87973310000001,46.54698604685322
67.78,13.820266540456293,19.0773556,72.8797334,46.604281826366304
67.79,13.826010974381479,19.0773558,72.8797337,46.66157760587939
67.8,13.83174901937129,19.077356,72.879734,46.71887338539247
67.81,13.837480669133267,19.0773562,72.87973430000001,46.77616916490555
67.82000000000001,13.843205917381958,19.0773564,72.8797346,46.83346494441864
67.83,13.848924757838908,19.0773566,72.8797349,46.89076072393172
67.84,13.854637184232729,19.0773568,72.8797352,46.9480565034448
67.85,13.860343190299027,19.077357,72.87973550000001,47.00535228295788
67.86,13.866042769780474,19.0773572,72.8797358,47.06264806247096
67.87,13.871735916426791,19.0773574,72.8797361,47.119943841984046
67.88,13.87742262399473,19.0773576,72.8797364,47.17723962149713
67.89,13.883102886248126,19.0773578,72.87973670000001,47.23453540101021
67.9,13.888776696957878,19.077358,72.879737,47.291831180523296
67.91,13.894444049901939,19.0773582,72.8797373,47.34912696003638
67.92,13.90010493886539,19.0773584,72.8797376,47.406422739549456
67.93,13.905759357640356,19.0773586,72.87973790000001,47.46371851906254
67.94,13.911407300026067,19.0773588,72.8797382,47.52101429857562
67.95,13.91704875982888,19.077359,72.8797385,47.578310078088705
67.96000000000001,13.922683730862232,19.0773592,72.8797388,47.63560585760179
67.97,13.928312206946671,19.0773594,72.87973910000001,47.69290163711487
67.98,13.933934181909915,19.0773596,72.8797394,47.75019741662795
67.99,13.939549649586748,19.0773598,72.8797397,47.80749319614103
68.0,13.945158603819154,19.07736,72.87974,47.864788975654115
68.01,13.950761038456205,19.0773602,72.87974030000001,47.9220847551672
68.02,13.956356947354134,19.0773604,72.8797406,47.97938053468028
68.03,13.96194632437637,19.077360600000002,72.8797409,48.036676314193365
68.04,13.967529163393461,19.0773608,72.8797412,48.09397209370644
68.05,13.973105458283126,19.077361,72.87974150000001,48.151267873219524
68.06,13.9786752029303,19.077361200000002,72.8797418,48.20856365273261
68.07000000000001,13.984238391227063,19.0773614,72.8797421,48.26585943224569
68.08,13.989795017072687,19.0773616,72.8797424,48.323155211758774
68.09,13.99534507437367,19.077361800000002,72.87974270000001,48.38045099127186
68.1,14.000888557043668,19.077362,72.879743,48.43774677078493
68.11,14.006425459003603,19.0773622,72.8797433,48.49504255029802
68.12,14.011955774181569,19.077362400000002,72.8797436,48.5523383298111
68.13,14.017479496512887,19.0773626,72.87974390000001,48.60963410932418
68.14,14.022996619940137,19.0773628,72.8797442,48.66692988883727
68.15,14.028507138413108,19.077363000000002,72.8797445,48.72422566835035
68.16,14.034011045888825,19.0773632,72.8797448,48.781521447863426
68.17,14.039508336331608,19.0773634,72.87974510000001,48.83881722737651
68.18,14.044999003712991,19.0773636,72.8797454,48.89611300688959
68.19,14.050483042011773,19.0773638,72.8797457,48.953408786402676
68.2,14.055960445214055,19.077364,72.87974600000001,49.01070456591576
68.21000000000001,14.061431207313174,19.0773642,72.87974630000001,49.06800034542884
68.22,14.066895322309772,19.0773644,72.8797466,49.125296124941926
68.23,14.072352784211791,19.0773646,72.8797469,49.182591904455
68.24,14.077803587034435,19.0773648,72.87974720000001,49.239887683968085
68.25,14.083247724800248,19.077365,72.87974750000001,49.29718346348117
68.26,14.08868519153906,19.0773652,72.8797478,49.35447924299425
68.27,14.094115981288002,19.0773654,72.8797481,49.411775022507335
68.28,14.099540088091583,19.0773656,72.87974840000001,49.46907080202041
68.29,14.104957506001579,19.0773658,72.87974870000001,49.526366581533495
68.3,14.110368229077132,19.077366,72.879749,49.58366236104658
68.31,14.115772251384737,19.0773662,72.8797493,49.64095814055966
68.32000000000001,14.121169566998198,19.0773664,72.87974960000001,49.698253920072744
68.33,14.1265601699987,19.0773666,72.87974990000001,49.75554969958583
68.34,14.1319440544748,19.0773668,72.8797502,49.81284547909891
68.35000000000001,14.137321214522398,19.077367,72.8797505,49.87014125861199
68.36,14.142691644244778,19.0773672,72.87975080000001,49.92743703812507
68.37,14.14805533775261,19.0773674,72.87975110000001,49.984732817638154
68.38,14.153412289163946,19.0773676,72.8797514,50.04202859715124
68.39,14.158762492604236,19.0773678,72.8797517,50.09932437666432
68.4,14.164105942206314,19.077368,72.87975200000001,50.1566201561774
68.41,14.169442632110435,19.077368200000002,72.8797523,50.21391593569048
68.42,14.17477255646428,19.0773684,72.8797526,50.27121171520356
68.43,14.180095709422915,19.0773686,72.8797529,50.328507494716646
68.44,14.185412085148858,19.077368800000002,72.87975320000001,50.38580327422973
68.45,14.190721677812054,19.077369,72.8797535,50.44309905374281
68.46000000000001,14.196024481589873,19.0773692,72.8797538,50.500394833255896
68.47,14.201320490667145,19.077369400000002,72.8797541,50.55769061276897
68.48,14.206609699236154,19.0773696,72.87975440000001,50.614986392282056
68.49,14.211892101496627,19.0773698,72.8797547,50.67228217179514
68.5,14.217167691655769,19.077370000000002,72.879755,50.72957795130822
68.51,14.22243646392824,19.0773702,72.8797553,50.786873730821306
68.52,14.227698412536185,19.0773704,72.87975560000001,50.84416951033438
68.53,14.232953531709242,19.077370600000002,72.8797559,50.901465289847465
68.54,14.238201815684523,19.0773708,72.8797562,50.95876106936055
68.55,14.243443258706638,19.077371,72.8797565,51.01605684887363
68.56,14.248677855027704,19.0773712,72.87975680000001,51.073352628386715
68.57000000000001,14.253905598907352,19.0773714,72.8797571,51.1306484078998
68.58,14.259126484612704,19.0773716,72.8797574,51.18794418741288
68.59,14.264340506418431,19.0773718,72.8797577,51.24523996692596
68.60000000000001,14.269547658606722,19.077372,72.87975800000001,51.30253574643904
68.61,14.274747935467282,19.0773722,72.8797583,51.359831525952124
68.62,14.27994133129738,19.0773724,72.8797586,51.41712730546521
68.63,14.285127840401813,19.0773726,72.8797589,51.47442308497829
68.64,14.290307457092947,19.0773728,72.87975920000001,51.53171886449137
68.65,14.295480175690699,19.077373,72.8797595,51.58901464400445
68.66,14.300645990522534,19.0773732,72.8797598,51.646310423517534
68.67,14.305804895923515,19.0773734,72.8797601,51.70360620303062
68.68,14.310956886236273,19.0773736,72.87976040000001,51.7609019825437
68.69,14.316101955811007,19.0773738,72.8797607,51.81819776205678
68.7,14.321240099005522,19.077374,72.879761,51.87549354156987
68.71000000000001,14.32637131018522,19.0773742,72.8797613,51.93278932108294
68.72,14.331495583723079,19.0773744,72.87976160000001,51.990085100596026
68.73,14.336612913999735,19.0773746,72.8797619,52.04738088010911
68.74,14.341723295403387,19.0773748,72.8797622,52.10467665962219
68.75,14.34682672232988,19.077375,72.8797625,52.161972439135276
68.76,14.351923189182685,19.0773752,72.87976280000001,52.21926821864836
68.77,14.357012690372889,19.0773754,72.8797631,52.276563998161436
68.78,14.362095220319242,19.0773756,72.8797634,52.33385977767452
68.79,14.367170773448127,19.077375800000002,72.8797637,52.3911555571876
68.8,14.37223934419357,19.077376,72.87976400000001,52.448451336700685
68.81,14.377300926997266,19.0773762,72.8797643,52.50574711621377
68.82000000000001,14.382355516308571,19.077376400000002,72.8797646,52.56304289572685
68.83,14.387403106584495,19.0773766,72.8797649,52.620338675239935
68.84,14.392443692289756,19.0773768,72.87976520000001,52.67763445475301
68.85000000000001,14.397477267896727,19.077377000000002,72.8797655,52.734930234266095
68.86,14.402503827885464,19.0773772,72.8797658,52.79222601377918
68.87,14.407523366743744,19.0773774,72.8797661,52.84952179329226
68.88,14.41253587896701,19.077377600000002,72.87976640000001,52.906817572805345
68.89,14.417541359058443,19.0773778,72.8797667,52.96411335231842
68.9,14.422539801528918,19.077378,72.879767,53.021409131831504
68.91,14.427531200897018,19.077378200000002,72.8797673,53.07870491134459
68.92,14.432515551689079,19.0773784,72.87976760000001,53.13600069085767
68.93,14.437492848439138,19.0773786,72.8797679,53.193296470370754
68.94,14.44246308568897,19.0773788,72.8797682,53.25059224988384
68.95,14.447426257988127,19.077379,72.8797685,53.30788802939692
68.96000000000001,14.452382359893864,19.0773792,72.87976880000001,53.365183808910004
68.97,14.457331385971198,19.0773794,72.8797691,53.42247958842308
68.98,14.46227333079294,19.0773796,72.8797694,53.47977536793616
68.99,14.467208188939619,19.0773798,72.87976970000001,53.53707114744925
69.0,14.472135954999578,19.07738,72.87977000000001,53.59436692696233
69.01,14.477056623568906,19.0773802,72.8797703,53.651662706475406
69.02,14.481970189251477,19.0773804,72.8797706,53.70895848598849
69.03,14.486876646658985,19.0773806,72.87977090000001,53.76625426550157
69.04,14.49177599041089,19.0773808,72.87977120000001,53.823550045014656
69.05,14.496668215134447,19.077381,72.8797715,53.88084582452774
69.06,14.501553315464752,19.0773812,72.8797718,53.93814160404082
69.07000000000001,14.506431286044686,19.0773814,72.87977210000001,53.995437383553906
69.08,14.511302121524942,19.0773816,72.87977240000001,54.05273316306699
69.09,14.516165816564076,19.0773818,72.8797727,54.110028942580065
69.10000000000001,14.521022365828433,19.077382,72.879773,54.16732472209315
69.11,14.525871763992217,19.0773822,72.87977330000001,54.22462050160623
69.12,14.530714005737476,19.0773824,72.87977360000001,54.281916281119315
69.13,14.535549085754074,19.0773826,72.8797739,54.3392120606324
69.14,14.540376998739783,19.0773828,72.8797742,54.39650784014548
69.15,14.54519773940019,19.077383,72.87977450000001,54.453803619658565
69.16,14.550011302448755,19.0773832,72.8797748,54.51109939917165
69.17,14.554817682606831,19.077383400000002,72.8797751,54.56839517868473
69.18,14.559616874603623,19.0773836,72.8797754,54.62569095819781
69.19,14.564408873176221,19.0773838,72.87977570000001,54.6829867377109
69.2,14.569193673069634,19.077384000000002,72.879776,54.740282517223974
69.21000000000001,14.573971269036722,19.0773842,72.8797763,54.79757829673706
69.22,14.578741655838275,19.0773844,72.8797766,54.85487407625014
69.23,14.583504828242978,19.077384600000002,72.87977690000001,54.912169855763224
69.24,14.588260781027415,19.0773848,72.8797772,54.96946563527631
69.25,14.593009508976124,19.077385,72.8797775,55.02676141478939
69.26,14.597751006881532,19.077385200000002,72.8797778,55.084057194302474
69.27,14.60248526954399,19.0773854,72.87977810000001,55.14135297381556
69.28,14.607212291771827,19.0773856,72.8797784,55.19864875332864
69.29,14.611932068381265,19.077385800000002,72.8797787,55.255944532841724
69.3,14.616644594196494,19.077386,72.879779,55.31324031235481
69.31,14.621349864049654,19.0773862,72.87977930000001,55.37053609186789
69.32000000000001,14.626047872780834,19.0773864,72.8797796,55.427831871380974
69.33,14.630738615238092,19.0773866,72.8797799,55.48512765089406
69.34,14.635422086277465,19.0773868,72.8797802,55.54242343040714
69.35000000000001,14.64009828076294,19.077387,72.87978050000001,55.599719209920224
69.36,14.644767193566501,19.0773872,72.8797808,55.65701498943331
69.37,14.649428819568113,19.0773874,72.8797811,55.71431076894639
69.38,14.654083153655726,19.0773876,72.8797814,55.771606548459474
69.39,14.658730190725308,19.0773878,72.87978170000001,55.82890232797256
69.4,14.663369925680794,19.077388,72.879782,55.88619810748564
69.41,14.668002353434158,19.0773882,72.8797823,55.94349388699872
69.42,14.672627468905372,19.0773884,72.8797826,56.00078966651181
69.43,14.677245267022425,19.0773886,72.87978290000001,56.05808544602489
69.44,14.681855742721336,19.0773888,72.8797832,56.11538122553797
69.45,14.68645889094616,19.077389,72.8797835,56.17267700505106
69.46000000000001,14.69105470664898,19.0773892,72.8797838,56.22997278456414
69.47,14.695643184789912,19.0773894,72.87978410000001,56.28726856407722
69.48,14.700224320337135,19.0773896,72.8797844,56.34456434359031
69.49,14.704798108266864,19.0773898,72.8797847,56.40186012310339
69.5,14.709364543563392,19.07739,72.879785,56.45915590261647
69.51,14.713923621219053,19.0773902,72.87978530000001,56.516451682129556
69.52,14.718475336234263,19.0773904,72.8797856,56.57374746164264
69.53,14.723019683617512,19.0773906,72.8797859,56.63104324115572
69.54,14.727556658385357,19.0773908,72.8797862,56.688339020668806
69.55,14.732086255562447,19.077391000000002,72.87978650000001,56.74563480018189
69.56,14.736608470181537,19.0773912,72.8797868,56.80293057969497
69.57000000000001,14.74112329728346,19.0773914,72.8797871,56.860226359208056
69.58,14.745630731917144,19.077391600000002,72.8797874,56.91752213872114
69.59,14.750130769139645,19.0773918,72.87978770000001,56.97481791823422
69.60000000000001,14.754623404016122,19.077392,72.879788,57.032113697747306
69.61,14.75910863161984,19.077392200000002,72.8797883,57.08940947726039
69.62,14.763586447032203,19.0773924,72.8797886,57.14670525677347
69.63,14.768056845342734,19.0773926,72.87978890000001,57.204001036286556
69.64,14.772519821649098,19.077392800000002,72.8797892,57.26129681579964
69.65,14.776975371057098,19.077393,72.8797895,57.31859259531272
69.66,14.781423488680666,19.0773932,72.8797898,57.375888374825806
69.67,14.7858641696419,19.077393400000002,72.87979010000001,57.43318415433889
69.68,14.790297409071057,19.0773936,72.8797904,57.49047993385197
69.69,14.794723202106532,19.0773938,72.8797907,57.547775713365056
69.7,14.79914154389491,19.077394,72.879791,57.60507149287814
69.71000000000001,14.80355242959094,19.0773942,72.87979130000001,57.66236727239122
69.72,14.807955854357534,19.0773944,72.8797916,57.719663051904305
69.73,14.812351813365808,19.0773946,72.8797919,57.77695883141739
69.74,14.816740301795043,19.0773948,72.87979220000001,57.83425461093047
69.75,14.821121314832734,19.077395,72.87979250000001,57.891550390443555
69.76,14.825494847674562,19.0773952,72.8797928,57.94884616995663
69.77,14.829860895524405,19.0773954,72.8797931,58.00614194946972
69.78,14.834219453594361,19.0773956,72.87979340000001,58.0634377289828
69.79,14.838570517104738,19.0773958,72.87979370000001,58.12073350849589
69.8,14.842914081284048,19.077396,72.879794,58.178029288008965
69.81,14.847250141369063,19.0773962,72.8797943,58.23532506752205
69.82000000000001,14.85157869260475,19.0773964,72.87979460000001,58.29262084703513
69.83,14.855899730244312,19.0773966,72.87979490000001,58.349916626548215
69.84,14.86021324954922,19.0773968,72.8797952,58.4072124060613
69.85000000000001,14.864519245789161,19.077397,72.8797955,58.46450818557438
69.86,14.868817714242073,19.0773972,72.87979580000001,58.521803965087464
69.87,14.87310865019418,19.0773974,72.87979610000001,58.57909974460055
69.88,14.877392048939921,19.0773976,72.8797964,58.63639552411363
69.89,14.881667905782049,19.0773978,72.8797967,58.693691303626714
69.9,14.88593621603155,19.077398,72.87979700000001,58.7509870831398
69.91,14.89019697500769,19.0773982,72.8797973,58.80828286265288
69.92,14.89445017803804,19.0773984,72.8797976,58.865578642165964
69.93,14.898695820458435,19.077398600000002,72.8797979,58.92287442167905
69.94,14.902933897612996,19.0773988,72.87979820000001,58.98017020119213
69.95,14.907164404854171,19.077399,72.8797985,59.037465980705214
69.96000000000001,14.911387337542685,19.077399200000002,72.8797988,59.0947617602183
69.97,14.915602691047562,19.0773994,72.8797991,59.15205753973138
69.98,14.919810460746167,19.0773996,72.87979940000001,59.209353319244464
69.99,14.924010642024147,19.077399800000002,72.8797997,59.26664909875755
70.0,14.928203230275507,19.0774,72.8798,59.32394487827063
70.01,14.932388220902553,19.0774002,72.8798003,59.381240657783714
70.02,14.936565609315917,19.077400400000002,72.87980060000001,59.4385364372968
70.03,14.940735390934602,19.0774006,72.8798009,59.49583221680988
70.04,14.944897561185918,19.0774008,72.8798012,59.553127996322964
70.05,14.949052115505527,19.077401000000002,72.8798015,59.61042377583605
70.06,14.95319904933747,19.0774012,72.87980180000001,59.66771955534913
70.07000000000001,14.95733835813412,19.0774014,72.8798021,59.72501533486221
70.08,14.961470037356204,19.0774016,72.8798024,59.78231111437529
70.09,14.965594082472848,19.0774018,72.8798027,59.83960689388838
70.10000000000001,14.969710488961518,19.077402,72.87980300000001,59.89690267340146
70.11,14.973819252308068,19.0774022,72.8798033,59.95419845291455
70.12,14.977920368006751,19.0774024,72.8798036,60.01149423242762
70.13,14.982013831560172,19.0774026,72.8798039,60.06879001194071
70.14,14.986099638479363,19.0774028,72.87980420000001,60.1260857914538
70.15,14.990177784283727,19.077403,72.8798045,60.18338157096687
70.16,14.994248264501067,19.0774032,72.8798048,60.240677350479956
70.17,14.998311074667622,19.0774034,72.8798051,60.297973129993046
70.18,15.002366210328013,19.0774036,72.87980540000001,60.35526890950613
70.19,15.006413667035282,19.0774038,72.8798057,60.412564689019206
70.2,15.010453440350908,19.077404,72.879806,60.46986046853229
70.21000000000001,15.014485525844776,19.0774042,72.8798063,60.52715624804538
70.22,15.01850991909521,19.0774044,72.87980660000001,60.584452027558456
70.23,15.022526615688975,19.0774046,72.8798069,60.64174780707154
70.24,15.026535611221258,19.0774048,72.8798072,60.69904358658462
70.25,15.030536901295722,19.077405,72.8798075,60.756339366097706
70.26,15.034530481524449,19.0774052,72.87980780000001,60.81363514561079
70.27,15.038516347527992,19.0774054,72.8798081,60.87093092512387
70.28,15.042494494935362,19.0774056,72.8798084,60.928226704636955
70.29,15.046464919384029,19.0774058,72.8798087,60.98552248415004
70.3,15.050427616519935,19.077406,72.87980900000001,61.04281826366312
70.31,15.054382581997505,19.077406200000002,72.8798093,61.100114043176205
70.32000000000001,15.058329811479627,19.0774064,72.8798096,61.15740982268929
70.33,15.06226930063768,19.0774066,72.8798099,61.21470560220237
70.34,15.066201045151537,19.077406800000002,72.87981020000001,61.272001381715455
70.35000000000001,15.07012504070955,19.077407,72.8798105,61.32929716122854
70.36,15.074041283008578,19.0774072,72.8798108,61.38659294074162
70.37,15.077949767753985,19.077407400000002,72.8798111,61.443888720254705
70.38,15.08185049065964,19.0774076,72.87981140000001,61.50118449976779
70.39,15.085743447447921,19.0774078,72.8798117,61.55848027928087
70.4,15.089628633849719,19.077408000000002,72.879812,61.615776058793955
70.41,15.09350604560445,19.0774082,72.8798123,61.67307183830704
70.42,15.097375678460066,19.0774084,72.87981260000001,61.73036761782012
70.43,15.10123752817303,19.077408600000002,72.8798129,61.787663397333205
70.44,15.105091590508357,19.0774088,72.8798132,61.84495917684629
70.45,15.10893786123959,19.077409,72.8798135,61.90225495635937
70.46000000000001,15.11277633614883,19.0774092,72.87981380000001,61.959550735872455
70.47,15.116607011026703,19.0774094,72.8798141,62.01684651538554
70.48,15.120429881672418,19.0774096,72.8798144,62.07414229489862
70.49,15.124244943893723,19.0774098,72.87981470000001,62.131438074411705
70.5,15.128052193506942,19.07741,72.87981500000001,62.18873385392479
70.51,15.13185162633695,19.0774102,72.8798153,62.24602963343787
70.52,15.135643238217206,19.0774104,72.8798156,62.303325412950954
70.53,15.139427024989741,19.0774106,72.87981590000001,62.36062119246404
70.54,15.143202982505176,19.0774108,72.87981620000001,62.41791697197712
70.55,15.146971106622697,19.077411,72.8798165,62.475212751490204
70.56,15.150731393210108,19.0774112,72.8798168,62.53250853100329
70.57000000000001,15.15448383814379,19.0774114,72.87981710000001,62.58980431051637
70.58,15.158228437308722,19.0774116,72.87981740000001,62.647100090029454
70.59,15.161965186598493,19.0774118,72.8798177,62.70439586954254
70.60000000000001,15.165694081915305,19.077412,72.879818,62.76169164905562
70.61,15.169415119169955,19.0774122,72.87981830000001,62.818987428568704
70.62,15.173128294281886,19.0774124,72.87981860000001,62.87628320808179
70.63,15.176833603179135,19.0774126,72.8798189,62.93357898759487
70.64,15.180531041798378,19.0774128,72.8798192,62.990874767107954
70.65,15.184220606084928,19.077413,72.87981950000001,63.04817054662104
70.66,15.18790229199271,19.0774132,72.8798198,63.10546632613412
70.67,15.191576095484315,19.0774134,72.8798201,63.162762105647204
70.68,15.195242012530969,19.0774136,72.8798204,63.22005788516029
70.69,15.198900039112537,19.077413800000002,72.87982070000001,63.27735366467337
70.7,15.202550171217549,19.077414,72.879821,63.334649444186454
70.71000000000001,15.206192404843188,19.0774142,72.8798213,63.39194522369954
70.72,15.209826735995287,19.077414400000002,72.8798216,63.44924100321262
70.73,15.213453160688378,19.0774146,72.87982190000001,63.5065367827257
70.74,15.217071674945622,19.0774148,72.8798222,63.56383256223878
70.75,15.220682274798884,19.077415000000002,72.8798225,63.62112834175186
70.76,15.224284956288699,19.0774152,72.8798228,63.67842412126495
70.77,15.227879715464278,19.0774154,72.87982310000001,63.73571990077804
70.78,15.231466548383533,19.077415600000002,72.8798234,63.79301568029111
70.79,15.235045451113063,19.0774158,72.8798237,63.850311459804196
70.8,15.238616419728151,19.077416,72.879824,63.90760723931729
70.81,15.242179450312811,19.077416200000002,72.87982430000001,63.96490301883036
70.82000000000001,15.24573453895973,19.0774164,72.8798246,64.02219879834345
70.83,15.249281681770317,19.0774166,72.8798249,64.07949457785654
70.84,15.252820874854702,19.0774168,72.8798252,64.13679035736962
70.85000000000001,15.256352114331722,19.077417,72.87982550000001,64.1940861368827
70.86,15.259875396328933,19.0774172,72.8798258,64.25138191639579
70.87,15.263390716982638,19.0774174,72.8798261,64.30867769590887
70.88,15.266898072437845,19.0774176,72.8798264,64.36597347542195
70.89,15.27039745884832,19.0774178,72.87982670000001,64.42326925493504
70.9,15.273888872376551,19.077418,72.879827,64.48056503444812
70.91,15.277372309193765,19.0774182,72.8798273,64.5378608139612
70.92,15.280847765479965,19.0774184,72.8798276,64.59515659347429
70.93,15.284315237423877,19.0774186,72.87982790000001,64.65245237298737
70.94,15.287774721222988,19.0774188,72.8798282,64.70974815250045
70.95,15.291226213083563,19.077419,72.8798285,64.76704393201354
70.96000000000001,15.29466970922061,19.0774192,72.8798288,64.82433971152662
70.97,15.298105205857905,19.0774194,72.87982910000001,64.8816354910397
70.98,15.301532699228023,19.0774196,72.8798294,64.93893127055279
70.99,15.304952185572283,19.0774198,72.8798297,64.99622705006585
71.0,15.308363661140806,19.07742,72.87983,65.05352282957894
71.01,15.311767122192492,19.0774202,72.87983030000001,65.11081860909204
71.02,15.315162564995017,19.0774204,72.8798306,65.16811438860512
71.03,15.318549985824877,19.0774206,72.8798309,65.22541016811819
71.04,15.321929380967344,19.077420800000002,72.8798312,65.28270594763127
71.05,15.325300746716486,19.077421,72.87983150000001,65.34000172714437
71.06,15.328664079375207,19.0774212,72.8798318,65.39729750665744
71.07000000000001,15.332019375255188,19.077421400000002,72.8798321,65.45459328617052
71.08,15.33536663067693,19.0774216,72.8798324,65.5118890656836
71.09,15.338705841969773,19.0774218,72.87983270000001,65.5691848451967
71.10000000000001,15.34203700547185,19.077422000000002,72.879833,65.62648062470977
71.11,15.345360117530134,19.0774222,72.8798333,65.68377640422285
71.12,15.348675174500432,19.0774224,72.8798336,65.74107218373594
71.13,15.351982172747368,19.077422600000002,72.87983390000001,65.79836796324902
71.14,15.355281108644423,19.0774228,72.8798342,65.8556637427621
71.15,15.358571978573902,19.077423,72.8798345,65.91295952227519
71.16,15.36185477892696,19.077423200000002,72.8798348,65.97025530178827
71.17,15.365129506103614,19.0774234,72.87983510000001,66.02755108130135
71.18,15.368396156512716,19.0774236,72.8798354,66.08484686081444
71.19,15.371654726571986,19.077423800000002,72.8798357,66.14214264032752
71.2,15.374905212708006,19.077424,72.879836,66.1994384198406
71.21000000000001,15.378147611356212,19.0774242,72.87983630000001,66.25673419935369
71.22,15.381381918960917,19.0774244,72.8798366,66.31402997886677
71.23,15.384608131975316,19.0774246,72.8798369,66.37132575837985
71.24,15.387826246861456,19.0774248,72.87983720000001,66.42862153789294
71.25,15.391036260090296,19.077425,72.87983750000001,66.48591731740602
71.26,15.394238168141648,19.0774252,72.8798378,66.5432130969191
71.27,15.397431967504232,19.0774254,72.8798381,66.60050887643219
71.28,15.400617654675663,19.0774256,72.87983840000001,66.65780465594527
71.29,15.403795226162437,19.0774258,72.87983870000001,66.71510043545835
71.3,15.406964678479959,19.077426,72.879839,66.77239621497144
71.31,15.410126008152535,19.0774262,72.8798393,66.82969199448452
71.32000000000001,15.41327921171338,19.0774264,72.87983960000001,66.8869877739976
71.33,15.416424285704615,19.0774266,72.87983990000001,66.94428355351069
71.34,15.419561226677288,19.0774268,72.8798402,67.00157933302377
71.35000000000001,15.422690031191362,19.077427,72.8798405,67.05887511253685
71.36,15.425810695815708,19.0774272,72.87984080000001,67.11617089204994
71.37,15.42892321712814,19.0774274,72.87984110000001,67.17346667156302
71.38,15.432027591715393,19.0774276,72.8798414,67.2307624510761
71.39,15.43512381617315,19.0774278,72.8798417,67.28805823058919
71.4,15.43821188710601,19.077428,72.87984200000001,67.34535401010227
71.41,15.44129180112753,19.0774282,72.8798423,67.40264978961535
71.42,15.444363554860207,19.077428400000002,72.8798426,67.45994556912844
71.43,15.447427144935485,19.0774286,72.8798429,67.51724134864152
71.44,15.450482567993761,19.0774288,72.87984320000001,67.5745371281546
71.45,15.453529820684391,19.077429000000002,72.8798435,67.63183290766769
71.46000000000001,15.45656889966569,19.0774292,72.8798438,67.68912868718077
71.47,15.459599801604927,19.0774294,72.8798441,67.74642446669385
71.48,15.462622523178355,19.077429600000002,72.87984440000001,67.80372024620694
71.49,15.465637061071188,19.0774298,72.8798447,67.86101602572002
71.5,15.468643411977615,19.07743,72.879845,67.9183118052331
71.51,15.4716415726008,19.077430200000002,72.8798453,67.97560758474619
71.52,15.474631539652894,19.0774304,72.87984560000001,68.03290336425927
71.53,15.477613309855034,19.0774306,72.8798459,68.09019914377235
71.54,15.480586879937345,19.077430800000002,72.8798462,68.14749492328544
71.55,15.483552246638938,19.077431,72.8798465,68.20479070279852
71.56,15.486509406707928,19.0774312,72.87984680000001,68.2620864823116
71.57000000000001,15.489458356901423,19.077431400000002,72.8798471,68.31938226182469
71.58,15.492399093985538,19.0774316,72.8798474,68.37667804133777
71.59,15.495331614735399,19.0774318,72.8798477,68.43397382085085
71.60000000000001,15.498255915935133,19.077432,72.87984800000001,68.49126960036394
71.61,15.501171994377884,19.0774322,72.8798483,68.54856537987702
71.62,15.504079846865821,19.0774324,72.8798486,68.6058611593901
71.63,15.50697947021012,19.0774326,72.8798489,68.66315693890319
71.64,15.50987086123099,19.0774328,72.87984920000001,68.72045271841627
71.65,15.512754016757674,19.077433,72.8798495,68.77774849792935
71.66,15.515628933628427,19.0774332,72.8798498,68.83504427744242
71.67,15.518495608690557,19.0774334,72.8798501,68.89234005695552
71.68,15.521354038800403,19.0774336,72.87985040000001,68.9496358364686
71.69,15.52420422082334,19.0774338,72.8798507,69.00693161598169
71.7,15.527046151633805,19.077434,72.879851,69.06422739549475
71.71000000000001,15.529879828115263,19.0774342,72.8798513,69.12152317500785
71.72,15.532705247160237,19.0774344,72.87985160000001,69.17881895452093
71.73,15.535522405670324,19.0774346,72.8798519,69.236114734034
71.74,15.538331300556152,19.0774348,72.8798522,69.29341051354709
71.75,15.541131928737425,19.077435,72.8798525,69.35070629306018
71.76,15.543924287142918,19.0774352,72.87985280000001,69.40800207257327
71.77,15.546708372710452,19.0774354,72.8798531,69.46529785208634
71.78,15.549484182386953,19.0774356,72.8798534,69.52259363159942
71.79,15.552251713128399,19.0774358,72.8798537,69.5798894111125
71.8,15.555010961899846,19.077436000000002,72.87985400000001,69.63718519062559
71.81,15.557761925675452,19.0774362,72.8798543,69.69448097013867
71.82000000000001,15.560504601438442,19.0774364,72.8798546,69.75177674965175
71.83,15.563238986181126,19.077436600000002,72.8798549,69.80907252916484
71.84,15.565965076904934,19.0774368,72.87985520000001,69.86636830867792
71.85000000000001,15.568682870620364,19.077437,72.8798555,69.923664088191
71.86,15.57139236434702,19.077437200000002,72.8798558,69.98095986770409
71.87,15.574093555113613,19.0774374,72.8798561,70.03825564721717
71.88,15.576786439957951,19.0774376,72.87985640000001,70.09555142673025
71.89,15.579471015926966,19.077437800000002,72.8798567,70.15284720624334
71.9,15.582147280076686,19.077438,72.879857,70.21014298575642
71.91,15.584815229472255,19.0774382,72.8798573,70.2674387652695
71.92,15.587474861187946,19.077438400000002,72.87985760000001,70.32473454478259
71.93,15.590126172307144,19.0774386,72.8798579,70.38203032429567
71.94,15.592769159922355,19.0774388,72.8798582,70.43932610380875
71.95,15.595403821135232,19.077439000000002,72.8798585,70.49662188332184
71.96000000000001,15.598030153056538,19.0774392,72.87985880000001,70.55391766283492
71.97,15.600648152806173,19.0774394,72.8798591,70.611213442348
71.98,15.603257817513192,19.0774396,72.8798594,70.66850922186109
71.99,15.605859144315763,19.0774398,72.87985970000001,70.72580500137417
72.0,15.60845213036123,19.07744,72.87986000000001,70.78310078088725
72.01,15.611036772806052,19.0774402,72.8798603,70.84039656040034
72.02,15.61361306881585,19.0774404,72.8798606,70.89769233991342
72.03,15.616181015565413,19.0774406,72.87986090000001,70.9549881194265
72.04,15.618740610238664,19.0774408,72.87986120000001,71.01228389893959
72.05,15.621291850028689,19.077441,72.8798615,71.06957967845267
72.06,15.623834732137752,19.0774412,72.8798618,71.12687545796575
72.07000000000001,15.626369253777261,19.0774414,72.87986210000001,71.18417123747884
72.08,15.628895412167806,19.0774416,72.87986240000001,71.24146701699192
72.09,15.631413204539149,19.0774418,72.8798627,71.298762796505
72.10000000000001,15.633922628130215,19.077442,72.879863,71.35605857601809
72.11,15.636423680189116,19.0774422,72.87986330000001,71.41335435553117
72.12,15.638916357973144,19.0774424,72.87986360000001,71.47065013504425
72.13,15.641400658748765,19.0774426,72.8798639,71.52794591455734
72.14,15.643876579791652,19.0774428,72.8798642,71.58524169407042
72.15,15.64634411838664,19.077443,72.87986450000001,71.6425374735835
72.16,15.648803271827777,19.0774432,72.87986480000001,71.69983325309659
72.17,15.651254037418301,19.0774434,72.8798651,71.75712903260967
72.18,15.653696412470644,19.077443600000002,72.8798654,71.81442481212275
72.19,15.656130394306441,19.0774438,72.87986570000001,71.87172059163584
72.2,15.658555980256539,19.077444,72.879866,71.92901637114892
72.21000000000001,15.660973167660977,19.077444200000002,72.8798663,71.986312150662
72.22,15.66338195386902,19.0774444,72.8798666,72.04360793017509
72.23,15.665782336239136,19.0774446,72.87986690000001,72.10090370968817
72.24,15.668174312139005,19.077444800000002,72.8798672,72.15819948920125
72.25,15.670557878945544,19.077445,72.8798675,72.21549526871433
72.26,15.672933034044872,19.0774452,72.8798678,72.27279104822742
72.27,15.675299774832343,19.077445400000002,72.87986810000001,72.3300868277405
72.28,15.677658098712534,19.0774456,72.8798684,72.38738260725358
72.29,15.680008003099255,19.0774458,72.8798687,72.44467838676667
72.3,15.682349485415543,19.077446000000002,72.879869,72.50197416627975
72.31,15.684682543093686,19.0774462,72.87986930000001,72.55926994579283
72.32000000000001,15.68700717357519,19.0774464,72.8798696,72.61656572530592
72.33,15.689323374310813,19.077446600000002,72.8798699,72.673861504819
72.34,15.691631142760565,19.0774468,72.8798702,72.73115728433208
72.35000000000001,15.69393047639369,19.077447,72.87987050000001,72.78845306384517
72.36,15.696221372688687,19.0774472,72.8798708,72.84574884335825
72.37,15.698503829133307,19.0774474,72.8798711,72.90304462287133
72.38,15.700777843224554,19.0774476,72.8798714,72.96034040238442
72.39,15.7030434124687,19.0774478,72.87987170000001,73.0176361818975
72.4,15.705300534381266,19.077448,72.879872,73.07493196141058
72.41,15.707549206487037,19.0774482,72.8798723,73.13222774092367
72.42,15.709789426320077,19.0774484,72.8798726,73.18952352043675
72.43,15.712021191423705,19.0774486,72.87987290000001,73.24681929994983
72.44,15.714244499350517,19.0774488,72.8798732,73.30411507946292
72.45,15.716459347662383,19.077449,72.8798735,73.361410858976
72.46000000000001,15.718665733930454,19.0774492,72.8798738,73.41870663848908
72.47,15.720863655735155,19.0774494,72.87987410000001,73.47600241800217
72.48,15.723053110666191,19.0774496,72.8798744,73.53329819751525
72.49,15.72523409632256,19.0774498,72.8798747,73.59059397702833
72.5,15.727406610312546,19.07745,72.879875,73.64788975654142
72.51,15.729570650253716,19.0774502,72.87987530000001,73.7051855360545
72.52,15.73172621377294,19.0774504,72.8798756,73.76248131556758
72.53,15.733873298506374,19.0774506,72.8798759,73.81977709508067
72.54,15.73601190209948,19.0774508,72.8798762,73.87707287459375
72.55,15.738142022207015,19.077451,72.87987650000001,73.93436865410683
72.56,15.740263656493038,19.077451200000002,72.8798768,73.99166443361992
72.57000000000001,15.742376802630925,19.0774514,72.8798771,74.048960213133
72.58,15.744481458303344,19.0774516,72.8798774,74.10625599264608
72.59,15.746577621202285,19.077451800000002,72.87987770000001,74.16355177215917
72.60000000000001,15.748665289029052,19.077452,72.879878,74.22084755167225
72.61,15.75074445949425,19.0774522,72.8798783,74.27814333118533
72.62,15.752815130317828,19.077452400000002,72.8798786,74.33543911069842
72.63,15.754877299229033,19.0774526,72.87987890000001,74.3927348902115
72.64,15.756930963966447,19.0774528,72.8798792,74.45003066972458
72.65,15.758976122277975,19.077453000000002,72.8798795,74.50732644923767
72.66,15.761012771920846,19.0774532,72.8798798,74.56462222875075
72.67,15.76304091066163,19.0774534,72.87988010000001,74.62191800826383
72.68,15.76506053627622,19.077453600000002,72.8798804,74.67921378777692
72.69,15.767071646549844,19.0774538,72.8798807,74.73650956729
72.7,15.769074239277089,19.077454,72.879881,74.79380534680308
72.71000000000001,15.771068312261853,19.077454200000002,72.87988130000001,74.85110112631617
72.72,15.77305386331739,19.0774544,72.8798816,74.90839690582925
72.73,15.775030890266308,19.0774546,72.8798819,74.96569268534233
72.74,15.77699939094055,19.0774548,72.8798822,75.02298846485542
72.75,15.77895936318141,19.077455,72.87988250000001,75.0802842443685
72.76,15.780910804839548,19.0774552,72.8798828,75.13758002388158
72.77,15.782853713774958,19.0774554,72.8798831,75.19487580339467
72.78,15.784788087857013,19.0774556,72.87988340000001,75.25217158290775
72.79,15.786713924964427,19.0774558,72.87988370000001,75.30946736242083
72.8,15.78863122298528,19.077456,72.879884,75.3667631419339
72.81,15.79053997981703,19.0774562,72.8798843,75.42405892144698
72.82000000000001,15.792440193366488,19.0774564,72.87988460000001,75.48135470096008
72.83,15.794331861549828,19.0774566,72.87988490000001,75.53865048047317
72.84,15.796214982292618,19.0774568,72.8798852,75.59594625998625
72.85000000000001,15.798089553529778,19.077457,72.8798855,75.65324203949933
72.86,15.799955573205603,19.0774572,72.87988580000001,75.71053781901242
72.87,15.801813039273789,19.0774574,72.87988610000001,75.76783359852548
72.88,15.803661949697384,19.0774576,72.8798864,75.82512937803857
72.89,15.80550230244884,19.0774578,72.8798867,75.88242515755165
72.9,15.807334095509981,19.077458,72.87988700000001,75.93972093706475
72.91,15.809157326872016,19.0774582,72.87988730000001,75.99701671657783
72.92,15.81097199453556,19.0774584,72.8798876,76.05431249609092
72.93,15.812778096510598,19.0774586,72.8798879,76.11160827560398
72.94,15.814575630816517,19.077458800000002,72.87988820000001,76.16890405511707
72.95,15.816364595482108,19.077459,72.8798885,76.22619983463015
72.96000000000001,15.818144988545548,19.0774592,72.8798888,76.28349561414323
72.97,15.819916808054415,19.077459400000002,72.8798891,76.34079139365632
72.98,15.821680052065696,19.0774596,72.87988940000001,76.39808717316942
72.99,15.823434718645771,19.0774598,72.8798897,76.4553829526825
73.0,15.825180805870444,19.077460000000002,72.87989,76.51267873219557
73.01,15.826918311824908,19.0774602,72.8798903,76.56997451170865
73.02,15.828647234603775,19.0774604,72.87989060000001,76.62727029122173
73.03,15.830367572311074,19.077460600000002,72.8798909,76.68456607073482
73.04,15.83207932306024,19.0774608,72.8798912,76.7418618502479
73.05,15.833782484974126,19.077461,72.8798915,76.79915762976098
73.06,15.835477056185011,19.077461200000002,72.87989180000001,76.85645340927408
73.07000000000001,15.837163034834589,19.0774614,72.8798921,76.91374918878715
73.08,15.838840419073975,19.0774616,72.8798924,76.97104496830023
73.09,15.840509207063715,19.077461800000002,72.8798927,77.02834074781332
73.10000000000001,15.842169396973777,19.077462,72.87989300000001,77.0856365273264
73.11,15.843820986983555,19.0774622,72.8798933,77.14293230683948
73.12,15.845463975281884,19.0774624,72.8798936,77.20022808635257
73.13,15.847098360067024,19.0774626,72.8798939,77.25752386586565
73.14,15.848724139546672,19.0774628,72.87989420000001,77.31481964537873
73.15,15.850341311937962,19.077463,72.8798945,77.37211542489183
73.16,15.851949875467461,19.0774632,72.8798948,77.4294112044049
73.17,15.853549828371191,19.0774634,72.8798951,77.48670698391798
73.18,15.855141168894601,19.0774636,72.87989540000001,77.54400276343107
73.19,15.85672389529259,19.0774638,72.8798957,77.60129854294415
73.2,15.85829800582951,19.077464,72.879896,77.65859432245723
73.21000000000001,15.859863498779152,19.0774642,72.8798963,77.71589010197032
73.22,15.86142037242476,19.0774644,72.87989660000001,77.7731858814834
73.23,15.862968625059032,19.0774646,72.8798969,77.83048166099648
73.24,15.864508254984122,19.0774648,72.8798972,77.88777744050957
73.25,15.866039260511636,19.077465,72.8798975,77.94507322002265
73.26,15.867561639962638,19.0774652,72.87989780000001,78.00236899953573
73.27,15.86907539166765,19.0774654,72.8798981,78.05966477904882
73.28,15.870580513966662,19.0774656,72.8798984,78.1169605585619
73.29,15.872077005209118,19.0774658,72.8798987,78.17425633807498
73.3,15.873564863753934,19.077466,72.87989900000001,78.23155211758807
73.31,15.875044087969492,19.0774662,72.8798993,78.28884789710115
73.32000000000001,15.876514676233644,19.077466400000002,72.8798996,78.34614367661423
73.33,15.877976626933702,19.0774666,72.8798999,78.40343945612732
73.34,15.879429938466462,19.0774668,72.87990020000001,78.4607352356404
73.35000000000001,15.880874609238193,19.077467000000002,72.8799005,78.51803101515348
73.36,15.882310637664627,19.0774672,72.8799008,78.57532679466657
73.37,15.883738022170993,19.0774674,72.8799011,78.63262257417965
73.38,15.885156761191983,19.077467600000002,72.87990140000001,78.68991835369272
73.39,15.886566853171779,19.0774678,72.8799017,78.7472141332058
73.4,15.88796829656404,19.077468,72.879902,78.8045099127189
73.41,15.88936108983191,19.077468200000002,72.8799023,78.86180569223198
73.42,15.890745231448022,19.0774684,72.87990260000001,78.91910147174507
73.43,15.8921207198945,19.0774686,72.8799029,78.97639725125815
73.44,15.893487553662943,19.077468800000002,72.8799032,79.03369303077123
73.45,15.894845731254458,19.077469,72.8799035,79.0909888102843
73.46000000000001,15.896195251179634,19.0774692,72.87990380000001,79.14828458979738
73.47,15.897536111958553,19.077469400000002,72.8799041,79.20558036931047
73.48,15.898868312120802,19.0774696,72.8799044,79.26287614882357
73.49,15.90019185020546,19.0774698,72.8799047,79.32017192833665
73.5,15.901506724761102,19.07747,72.87990500000001,79.37746770784973
73.51,15.90281293434581,19.0774702,72.8799053,79.43476348736282
73.52,15.90411047752716,19.0774704,72.8799056,79.49205926687588
73.53,15.905399352882243,19.0774706,72.87990590000001,79.54935504638897
73.54,15.906679558997649,19.0774708,72.87990620000001,79.60665082590205
73.55,15.907951094469468,19.077471,72.8799065,79.66394660541513
73.56,15.909213957903312,19.0774712,72.8799068,79.72124238492823
73.57000000000001,15.910468147914294,19.0774714,72.87990710000001,79.77853816444131
73.58,15.911713663127042,19.0774716,72.87990740000001,79.8358339439544
73.59,15.912950502175693,19.0774718,72.8799077,79.89312972346747
73.60000000000001,15.914178663703908,19.077472,72.879908,79.95042550298055
73.61,15.915398146364847,19.0774722,72.87990830000001,80.00772128249363
73.62,15.916608948821207,19.0774724,72.87990860000001,80.06501706200672
73.63,15.917811069745191,19.0774726,72.8799089,80.1223128415198
73.64,15.919004507818524,19.0774728,72.8799092,80.17960862103288
73.65,15.92018926173246,19.077473,72.87990950000001,80.23690440054598
73.66,15.921365330187765,19.0774732,72.87990980000001,80.29420018005905
73.67,15.922532711894743,19.0774734,72.8799101,80.35149595957213
73.68,15.92369140557321,19.0774736,72.8799104,80.40879173908522
73.69,15.924841409952517,19.0774738,72.87991070000001,80.4660875185983
73.7,15.925982723771549,19.077474000000002,72.879911,80.52338329811138
73.71000000000001,15.92711534577871,19.0774742,72.8799113,80.58067907762447
73.72,15.92823927473194,19.0774744,72.8799116,80.63797485713755
73.73,15.92935450939872,19.077474600000002,72.87991190000001,80.69527063665063
73.74,15.930461048556053,19.0774748,72.8799122,80.75256641616372
73.75,15.931558890990484,19.077475,72.8799125,80.8098621956768
73.76,15.932648035498094,19.077475200000002,72.8799128,80.86715797518988
73.77,15.9337284808845,19.0774754,72.87991310000001,80.92445375470297
73.78,15.934800225964871,19.0774756,72.8799134,80.98174953421605
73.79,15.935863269563896,19.077475800000002,72.8799137,81.03904531372913
73.8,15.936917610515822,19.077476,72.879914,81.09634109324222
73.81,15.937963247664436,19.0774762,72.87991430000001,81.1536368727553
73.82000000000001,15.939000179863067,19.077476400000002,72.8799146,81.21093265226838
73.83,15.940028405974589,19.0774766,72.8799149,81.26822843178147
73.84,15.941047924871432,19.0774768,72.8799152,81.32552421129455
73.85000000000001,15.942058735435566,19.077477000000002,72.87991550000001,81.38281999080763
73.86,15.943060836558509,19.0774772,72.8799158,81.44011577032072
73.87,15.94405422714134,19.0774774,72.8799161,81.4974115498338
73.88,15.945038906094682,19.0774776,72.8799164,81.55470732934688
73.89,15.946014872338715,19.0774778,72.87991670000001,81.61200310885997
73.9,15.94698212480317,19.077478,72.879917,81.66929888837305
73.91,15.947940662427339,19.0774782,72.8799173,81.72659466788613
73.92,15.948890484160067,19.0774784,72.8799176,81.78389044739922
73.93,15.949831588959757,19.0774786,72.87991790000001,81.8411862269123
73.94,15.950763975794372,19.0774788,72.8799182,81.89848200642538
73.95,15.951687643641439,19.077479,72.8799185,81.95577778593845
73.96000000000001,15.952602591488038,19.0774792,72.8799188,82.01307356545152
73.97,15.953508818330818,19.0774794,72.87991910000001,82.0703693449646
73.98,15.954406323175991,19.0774796,72.8799194,82.12766512447769
73.99,15.955295105039333,19.0774798,72.8799197,82.18496090399077
74.0,15.956175162946186,19.07748,72.87992,82.24225668350384
74.01,15.95704649593146,19.0774802,72.87992030000001,82.29955246301692
74.02,15.957909103039626,19.0774804,72.8799206,82.35684824252999
74.03,15.958762983324736,19.0774806,72.8799209,82.41414402204308
74.04,15.959608135850402,19.0774808,72.8799212,82.47143980155616
74.05,15.96044455968981,19.077481,72.87992150000001,82.52873558106924
74.06,15.961272253925722,19.0774812,72.8799218,82.58603136058233
74.07000000000001,15.962091217650467,19.0774814,72.8799221,82.64332714009541
74.08,15.962901449965951,19.077481600000002,72.8799224,82.70062291960848
74.09,15.963702949983658,19.0774818,72.87992270000001,82.75791869912156
74.10000000000001,15.96449571682464,19.077482,72.879923,82.81521447863463
74.11,15.965279749619535,19.077482200000002,72.8799233,82.87251025814771
74.12,15.966055047508554,19.0774824,72.8799236,82.9298060376608
74.13,15.966821609641485,19.0774826,72.87992390000001,82.98710181717388
74.14,15.967579435177703,19.077482800000002,72.8799242,83.04439759668695
74.15,15.968328523286157,19.077483,72.8799245,83.10169337620003
74.16,15.969068873145378,19.0774832,72.8799248,83.1589891557131
74.17,15.969800483943487,19.077483400000002,72.87992510000001,83.21628493522618
74.18,15.970523354878178,19.0774836,72.8799254,83.27358071473927
74.19,15.971237485156738,19.0774838,72.8799257,83.33087649425235
74.2,15.971942873996035,19.077484000000002,72.879926,83.38817227376543
74.21000000000001,15.972639520622522,19.0774842,72.87992630000001,83.4454680532785
74.22,15.973327424272238,19.0774844,72.8799266,83.50276383279159
74.23,15.974006584190818,19.077484600000002,72.8799269,83.56005961230466
74.24,15.974676999633477,19.0774848,72.8799272,83.61735539181774
74.25,15.975338669865025,19.077485,72.87992750000001,83.67465117133082
74.26,15.975991594159854,19.0774852,72.8799278,83.7319469508439
74.27,15.976635771801956,19.0774854,72.8799281,83.78924273035697
74.28,15.97727120208491,19.0774856,72.87992840000001,83.84653850987006
74.29,15.977897884311894,19.0774858,72.87992870000001,83.90383428938313
74.3,15.978515817795664,19.077486,72.879929,83.96113006889621
74.31,15.979125001858588,19.0774862,72.8799293,84.0184258484093
74.32000000000001,15.97972543583262,19.0774864,72.87992960000001,84.07572162792238
74.33,15.980317119059308,19.0774866,72.87992990000001,84.13301740743546
74.34,15.980900050889801,19.0774868,72.8799302,84.19031318694854
74.35000000000001,15.981474230684842,19.077487,72.8799305,84.24760896646161
74.36,15.982039657814774,19.0774872,72.87993080000001,84.3049047459747
74.37,15.982596331659533,19.0774874,72.87993110000001,84.36220052548776
74.38,15.983144251608659,19.0774876,72.8799314,84.41949630500085
74.39,15.983683417061293,19.0774878,72.8799317,84.47679208451393
74.4,15.984213827426172,19.077488,72.87993200000001,84.53408786402701
74.41,15.984735482121637,19.0774882,72.87993230000001,84.59138364354008
74.42,15.98524838057563,19.0774884,72.8799326,84.64867942305317
74.43,15.985752522225695,19.0774886,72.8799329,84.70597520256624
74.44,15.986247906518976,19.0774888,72.87993320000001,84.76327098207932
74.45,15.986734532912227,19.077489,72.8799335,84.8205667615924
74.46000000000001,15.987212400871801,19.077489200000002,72.8799338,84.87786254110549
74.47,15.987681509873656,19.0774894,72.8799341,84.93515832061857
74.48,15.988141859403358,19.0774896,72.87993440000001,84.99245410013164
74.49,15.988593448956077,19.077489800000002,72.8799347,85.04974987964472
74.5,15.98903627803659,19.07749,72.879935,85.10704565915779
74.51,15.989470346159282,19.0774902,72.8799353,85.16434143867087
74.52,15.98989565284814,19.077490400000002,72.87993560000001,85.22163721818396
74.53,15.990312197636765,19.0774906,72.8799359,85.27893299769704
74.54,15.990719980068366,19.0774908,72.8799362,85.33622877721011
74.55,15.991118999695761,19.077491000000002,72.8799365,85.3935245567232
74.56,15.99150925608137,19.0774912,72.87993680000001,85.45082033623626
74.57000000000001,15.991890748797234,19.0774914,72.8799371,85.50811611574935
74.58,15.992263477424999,19.077491600000002,72.8799374,85.56541189526243
74.59,15.99262744155592,19.0774918,72.8799377,85.62270767477551
74.60000000000001,15.992982640790867,19.077492,72.87993800000001,85.6800034542886
74.61,15.99332907474032,19.077492200000002,72.8799383,85.73729923380168
74.62,15.993666743024374,19.0774924,72.8799386,85.79459501331475
74.63,15.993995645272733,19.0774926,72.8799389,85.85189079282783
74.64,15.994315781124714,19.0774928,72.87993920000001,85.9091865723409
74.65,15.994627150229249,19.077493,72.8799395,85.96648235185398
74.66,15.994929752244886,19.0774932,72.8799398,86.02377813136707
74.67,15.995223586839783,19.0774934,72.8799401,86.08107391088015
74.68,15.995508653691715,19.0774936,72.87994040000001,86.13836969039322
74.69,15.99578495248807,19.0774938,72.8799407,86.1956654699063
74.7,15.996052482925853,19.077494,72.879941,86.25296124941937
74.71000000000001,15.996311244711684,19.0774942,72.8799413,86.31025702893245
74.72,15.9965612375618,19.0774944,72.87994160000001,86.36755280844554
74.73,15.996802461202051,19.0774946,72.8799419,86.42484858795862
74.74,15.997034915367909,19.0774948,72.8799422,86.4821443674717
74.75,15.997258599804457,19.077495,72.8799425,86.53944014698477
74.76,15.9974735142664,19.0774952,72.87994280000001,86.59673592649786
74.77,15.997679658518054,19.0774954,72.8799431,86.65403170601093
74.78,15.99787703233336,19.0774956,72.8799434,86.71132748552401
74.79,15.998065635495873,19.0774958,72.8799437,86.76862326503709
74.8,15.998245467798764,19.077496,72.87994400000001,86.82591904455018
74.81,15.998416529044828,19.0774962,72.8799443,86.88321482406324
74.82000000000001,15.998578819046472,19.0774964,72.8799446,86.94051060357633
74.83,15.998732337625729,19.0774966,72.8799449,86.9978063830894
74.84,15.998877084614243,19.077496800000002,72.87994520000001,87.05510216260248
74.85000000000001,15.999013059853285,19.077497,72.8799455,87.11239794211556
74.86,15.99914026319374,19.0774972,72.8799458,87.16969372162865
74.87,15.999258694496111,19.077497400000002,72.8799461,87.22698950114173
74.88,15.99936835363053,19.0774976,72.87994640000001,87.28428528065481
74.89,15.999469240476735,19.0774978,72.8799467,87.34158106016788
74.9,15.999561354924097,19.077498000000002,72.879947,87.39887683968097
74.91,15.999644696871599,19.0774982,72.8799473,87.45617261919404
74.92,15.999719266227846,19.0774984,72.87994760000001,87.51346839870712
74.93,15.999785062911062,19.077498600000002,72.8799479,87.5707641782202
74.94,15.999842086849096,19.0774988,72.8799482,87.62805995773329
74.95,15.999890337979414,19.077499,72.8799485,87.68535573724635
74.96000000000001,15.9999298162491,19.077499200000002,72.87994880000001,87.74265151675942
74.97,15.999960521614867,19.0774994,72.8799491,87.7999472962725
74.98,15.999982454043035,19.0774996,72.8799494,87.85724307578559
74.99,15.999995613509556,19.077499800000002,72.8799497,87.91453885529867
75.0,16.0,19.0775,72.87995000000001,87.97183463481176
75.01,15.999995613509556,19.0775002,72.8799503,88.02913041432484
75.02,15.999982454043035,19.0775004,72.8799506,88.08642619383791
75.03,15.999960521614867,19.0775006,72.87995090000001,88.14372197335099
75.04,15.9999298162491,19.0775008,72.87995120000001,88.20101775286406
75.05,15.999890337979414,19.077501,72.8799515,88.25831353237714
75.06,15.999842086849096,19.0775012,72.8799518,88.31560931189023
75.07000000000001,15.999785062911062,19.0775014,72.87995210000001,88.37290509140331
75.08,15.999719266227846,19.0775016,72.87995240000001,88.43020087091638
75.09,15.999644696871599,19.0775018,72.8799527,88.48749665042946
75.10000000000001,15.999561354924097,19.077502,72.879953,88.54479242994253
75.11,15.999469240476735,19.0775022,72.87995330000001,88.60208820945562
75.12,15.99936835363053,19.0775024,72.87995360000001,88.6593839889687
75.13,15.999258694496113,19.0775026,72.8799539,88.71667976848178
75.14,15.99914026319374,19.0775028,72.8799542,88.77397554799487
75.15,15.999013059853285,19.077503,72.87995450000001,88.83127132750795
75.16,15.998877084614243,19.0775032,72.87995480000001,88.88856710702102
75.17,15.998732337625729,19.0775034,72.8799551,88.9458628865341
75.18,15.998578819046472,19.0775036,72.8799554,89.00315866604717
75.19,15.998416529044828,19.0775038,72.87995570000001,89.06045444556025
75.2,15.998245467798764,19.077504,72.879956,89.11775022507334
75.21000000000001,15.998065635495873,19.0775042,72.8799563,89.17504600458642
75.22,15.99787703233336,19.077504400000002,72.8799566,89.23234178409949
75.23,15.997679658518056,19.0775046,72.87995690000001,89.28963756361256
75.24,15.9974735142664,19.0775048,72.8799572,89.34693334312564
75.25,15.997258599804457,19.077505000000002,72.8799575,89.40422912263872
75.26,15.997034915367909,19.0775052,72.8799578,89.46152490215181
75.27,15.996802461202051,19.0775054,72.87995810000001,89.51882068166489
75.28,15.9965612375618,19.077505600000002,72.8799584,89.57611646117797
75.29,15.996311244711684,19.0775058,72.8799587,89.63341224069104
75.3,15.996052482925853,19.077506,72.879959,89.69070802020413
75.31,15.99578495248807,19.077506200000002,72.87995930000001,89.7480037997172
75.32000000000001,15.995508653691715,19.0775064,72.8799596,89.80529957923028
75.33,15.995223586839783,19.0775066,72.8799599,89.86259535874336
75.34,15.994929752244886,19.077506800000002,72.8799602,89.91989113825645
75.35000000000001,15.994627150229249,19.077507,72.87996050000001,89.97718691776952
75.36,15.994315781124714,19.0775072,72.8799608,90.0344826972826
75.37,15.993995645272733,19.077507400000002,72.8799611,90.09177847679567
75.38,15.993666743024374,19.0775076,72.8799614,90.14907425630875
75.39,15.993329074740322,19.0775078,72.87996170000001,90.20637003582183
75.4,15.992982640790867,19.077508,72.879962,90.26366581533492
75.41,15.99262744155592,19.0775082,72.8799623,90.320961594848
75.42,15.992263477424999,19.0775084,72.8799626,90.37825737436108
75.43,15.991890748797234,19.0775086,72.87996290000001,90.43555315387415
75.44,15.99150925608137,19.0775088,72.8799632,90.49284893338724
75.45,15.991118999695761,19.077509,72.8799635,90.5501447129003
75.46000000000001,15.990719980068366,19.0775092,72.8799638,90.60744049241339
75.47,15.990312197636765,19.0775094,72.87996410000001,90.66473627192647
75.48,15.98989565284814,19.0775096,72.8799644,90.72203205143954
75.49,15.989470346159282,19.0775098,72.8799647,90.77932783095262
75.5,15.989036278036592,19.07751,72.879965,90.8366236104657
75.51,15.988593448956077,19.0775102,72.87996530000001,90.89391938997878
75.52,15.98814185940336,19.0775104,72.8799656,90.95121516949186
75.53,15.987681509873656,19.0775106,72.8799659,91.00851094900494
75.54,15.987212400871801,19.0775108,72.8799662,91.06580672851803
75.55,15.986734532912227,19.077511,72.87996650000001,91.12310250803111
75.56,15.986247906518976,19.0775112,72.8799668,91.18039828754418
75.57000000000001,15.985752522225695,19.0775114,72.8799671,91.23769406705726
75.58,15.98524838057563,19.0775116,72.8799674,91.29498984657033
75.59,15.984735482121637,19.0775118,72.87996770000001,91.35228562608341
75.60000000000001,15.98421382742617,19.077512000000002,72.879968,91.4095814055965
75.61,15.983683417061293,19.0775122,72.8799683,91.46687718510958
75.62,15.983144251608659,19.0775124,72.8799686,91.52417296462265
75.63,15.982596331659533,19.077512600000002,72.87996890000001,91.58146874413573
75.64,15.982039657814774,19.0775128,72.8799692,91.6387645236488
75.65,15.981474230684842,19.077513,72.8799695,91.69606030316189
75.66,15.980900050889803,19.077513200000002,72.8799698,91.75335608267497
75.67,15.98031711905931,19.0775134,72.87997010000001,91.81065186218805
75.68,15.97972543583262,19.0775136,72.8799704,91.86794764170114
75.69,15.97912500185859,19.077513800000002,72.8799707,91.92524342121422
75.7,15.978515817795664,19.077514,72.879971,91.98253920072729
75.71000000000001,15.977897884311892,19.0775142,72.87997130000001,92.03983498024037
75.72,15.97727120208491,19.077514400000002,72.8799716,92.09713075975344
75.73,15.976635771801956,19.0775146,72.8799719,92.15442653926652
75.74,15.975991594159854,19.0775148,72.8799722,92.21172231877961
75.75,15.975338669865025,19.077515000000002,72.87997250000001,92.26901809829268
75.76,15.974676999633477,19.0775152,72.8799728,92.32631387780576
75.77,15.97400658419082,19.0775154,72.8799731,92.38360965731883
75.78,15.973327424272238,19.0775156,72.87997340000001,92.44090543683191
75.79,15.97263952062252,19.0775158,72.87997370000001,92.498201216345
75.8,15.971942873996035,19.077516,72.879974,92.55549699585808
75.81,15.971237485156738,19.0775162,72.8799743,92.61279277537116
75.82000000000001,15.970523354878178,19.0775164,72.87997460000001,92.67008855488425
75.83,15.969800483943487,19.0775166,72.87997490000001,92.72738433439731
75.84,15.969068873145378,19.0775168,72.8799752,92.7846801139104
75.85000000000001,15.968328523286157,19.077517,72.8799755,92.84197589342347
75.86,15.967579435177704,19.0775172,72.87997580000001,92.89927167293655
75.87,15.966821609641485,19.0775174,72.87997610000001,92.95656745244963
75.88,15.966055047508554,19.0775176,72.8799764,93.01386323196272
75.89,15.965279749619535,19.0775178,72.8799767,93.07115901147579
75.9,15.96449571682464,19.077518,72.87997700000001,93.12845479098887
75.91,15.963702949983658,19.0775182,72.87997730000001,93.18575057050194
75.92,15.962901449965951,19.0775184,72.8799776,93.24304635001502
75.93,15.962091217650467,19.0775186,72.8799779,93.3003421295281
75.94,15.96127225392572,19.0775188,72.87997820000001,93.35763790904119
75.95,15.96044455968981,19.077519,72.8799785,93.41493368855427
75.96000000000001,15.9596081358504,19.0775192,72.8799788,93.47222946806735
75.97,15.958762983324736,19.0775194,72.8799791,93.52952524758042
75.98,15.957909103039626,19.077519600000002,72.87997940000001,93.58682102709349
75.99,15.957046495931461,19.0775198,72.8799797,93.64411680660658
76.0,15.956175162946188,19.07752,72.87998,93.70141258611966
76.01,15.955295105039333,19.077520200000002,72.8799803,93.75870836563274
76.02,15.954406323175991,19.0775204,72.87998060000001,93.81600414514581
76.03,15.953508818330818,19.0775206,72.8799809,93.8732999246589
76.04,15.952602591488038,19.077520800000002,72.8799812,93.93059570417196
76.05,15.951687643641439,19.077521,72.8799815,93.98789148368505
76.06,15.950763975794374,19.0775212,72.87998180000001,94.04518726319813
76.07000000000001,15.949831588959757,19.077521400000002,72.8799821,94.10248304271121
76.08,15.948890484160067,19.0775216,72.8799824,94.1597788222243
76.09,15.947940662427339,19.0775218,72.8799827,94.21707460173738
76.10000000000001,15.94698212480317,19.077522000000002,72.87998300000001,94.27437038125045
76.11,15.946014872338715,19.0775222,72.8799833,94.33166616076353
76.12,15.945038906094684,19.0775224,72.8799836,94.3889619402766
76.13,15.94405422714134,19.0775226,72.8799839,94.44625771978968
76.14,15.943060836558509,19.0775228,72.87998420000001,94.50355349930277
76.15,15.942058735435564,19.077523,72.8799845,94.56084927881585
76.16,15.941047924871434,19.0775232,72.8799848,94.61814505832892
76.17,15.94002840597459,19.0775234,72.8799851,94.675440837842
76.18,15.939000179863065,19.0775236,72.87998540000001,94.73273661735507
76.19,15.937963247664435,19.0775238,72.8799857,94.79003239686816
76.2,15.936917610515824,19.077524,72.879986,94.84732817638124
76.21000000000001,15.935863269563896,19.0775242,72.8799863,94.90462395589432
76.22,15.934800225964871,19.0775244,72.87998660000001,94.9619197354074
76.23,15.933728480884504,19.0775246,72.8799869,95.01921551492048
76.24,15.932648035498094,19.0775248,72.8799872,95.07651129443356
76.25,15.931558890990484,19.077525,72.8799875,95.13380707394663
76.26,15.930461048556051,19.0775252,72.87998780000001,95.19110285345971
76.27,15.92935450939872,19.0775254,72.8799881,95.2483986329728
76.28,15.928239274731943,19.0775256,72.8799884,95.30569441248588
76.29,15.92711534577871,19.0775258,72.8799887,95.36299019199895
76.3,15.92598272377155,19.077526,72.87998900000001,95.42028597151203
76.31,15.924841409952519,19.0775262,72.8799893,95.4775817510251
76.32000000000001,15.923691405573209,19.0775264,72.8799896,95.53487753053818
76.33,15.922532711894743,19.0775266,72.8799899,95.59217331005127
76.34,15.921365330187768,19.0775268,72.87999020000001,95.64946908956435
76.35000000000001,15.92018926173246,19.077527,72.8799905,95.70676486907743
76.36,15.919004507818528,19.077527200000002,72.8799908,95.76406064859052
76.37,15.917811069745191,19.0775274,72.8799911,95.82135642810358
76.38,15.916608948821208,19.0775276,72.87999140000001,95.87865220761667
76.39,15.915398146364849,19.077527800000002,72.8799917,95.93594798712974
76.4,15.914178663703904,19.077528,72.879992,95.99324376664282
76.41,15.912950502175695,19.0775282,72.8799923,96.0505395461559
76.42,15.911713663127042,19.077528400000002,72.87999260000001,96.10783532566899
76.43,15.910468147914294,19.0775286,72.8799929,96.16513110518206
76.44,15.909213957903313,19.0775288,72.8799932,96.22242688469514
76.45,15.907951094469468,19.077529000000002,72.8799935,96.27972266420821
76.46000000000001,15.906679558997645,19.0775292,72.87999380000001,96.33701844372129
76.47,15.905399352882245,19.0775294,72.8799941,96.39431422323437
76.48,15.90411047752716,19.077529600000002,72.8799944,96.45161000274746
76.49,15.90281293434581,19.0775298,72.8799947,96.50890578226054
76.5,15.901506724761102,19.07753,72.87999500000001,96.56620156177361
76.51,15.90019185020546,19.0775302,72.8799953,96.6234973412867
76.52,15.898868312120804,19.0775304,72.8799956,96.68079312079976
76.53,15.897536111958553,19.0775306,72.8799959,96.73808890031285
76.54,15.896195251179632,19.0775308,72.87999620000001,96.79538467982593
76.55,15.894845731254458,19.077531,72.8799965,96.85268045933901
76.56,15.893487553662943,19.0775312,72.8799968,96.90997623885208
76.57000000000001,15.8921207198945,19.0775314,72.87999710000001,96.96727201836516
76.58,15.890745231448024,19.0775316,72.87999740000001,97.02456779787823
76.59,15.889361089831912,19.0775318,72.8799977,97.08186357739132
76.60000000000001,15.88796829656404,19.077532,72.879998,97.1391593569044
76.61,15.886566853171779,19.0775322,72.87999830000001,97.19645513641748
76.62,15.885156761191984,19.0775324,72.87999860000001,97.25375091593057
76.63,15.883738022170995,19.0775326,72.8799989,97.31104669544365
76.64,15.882310637664629,19.0775328,72.8799992,97.36834247495672
76.65,15.880874609238191,19.077533,72.87999950000001,97.4256382544698
76.66,15.879429938466464,19.0775332,72.87999980000001,97.48293403398287
76.67,15.877976626933702,19.0775334,72.8800001,97.54022981349596
76.68,15.876514676233644,19.0775336,72.8800004,97.59752559300904
76.69,15.875044087969496,19.0775338,72.88000070000001,97.65482137252212
76.7,15.873564863753938,19.077534,72.88000100000001,97.71211715203519
76.71000000000001,15.872077005209118,19.0775342,72.8800013,97.76941293154827
76.72,15.870580513966662,19.0775344,72.8800016,97.82670871106134
76.73,15.869075391667652,19.0775346,72.88000190000001,97.88400449057443
76.74,15.867561639962638,19.077534800000002,72.8800022,97.94130027008751
76.75,15.866039260511636,19.077535,72.8800025,97.9985960496006
76.76,15.864508254984123,19.0775352,72.8800028,98.05589182911368
76.77,15.862968625059036,19.077535400000002,72.88000310000001,98.11318760862675
76.78,15.861420372424762,19.0775356,72.8800034,98.17048338813983
76.79,15.85986349877915,19.0775358,72.8800037,98.2277791676529
76.8,15.858298005829509,19.077536000000002,72.880004,98.28507494716598
76.81,15.856723895292589,19.0775362,72.88000430000001,98.34237072667906
76.82000000000001,15.8551411688946,19.0775364,72.8800046,98.39966650619215
76.83,15.85354982837119,19.077536600000002,72.8800049,98.45696228570522
76.84,15.851949875467463,19.0775368,72.8800052,98.5142580652183
76.85000000000001,15.85034131193796,19.077537,72.88000550000001,98.57155384473137
76.86,15.848724139546672,19.077537200000002,72.8800058,98.62884962424445
76.87,15.847098360067026,19.0775374,72.8800061,98.68614540375754
76.88,15.845463975281884,19.0775376,72.8800064,98.74344118327062
76.89,15.843820986983555,19.0775378,72.88000670000001,98.8007369627837
76.9,15.842169396973775,19.077538,72.880007,98.85803274229679
76.91,15.840509207063715,19.0775382,72.8800073,98.91532852180985
76.92,15.838840419073975,19.0775384,72.8800076,98.97262430132294
76.93,15.837163034834585,19.0775386,72.88000790000001,99.029920080836
76.94,15.835477056185013,19.0775388,72.8800082,99.08721586034909
76.95,15.833782484974126,19.077539,72.8800085,99.14451163986217
76.96000000000001,15.832079323060237,19.0775392,72.8800088,99.20180741937526
76.97,15.830367572311076,19.0775394,72.88000910000001,99.25910319888833
76.98,15.828647234603778,19.0775396,72.8800094,99.3163989784014
76.99,15.82691831182491,19.0775398,72.8800097,99.37369475791448
77.0,15.825180805870446,19.07754,72.88001,99.43099053742756
77.01,15.823434718645773,19.0775402,72.88001030000001,99.48828631694064
77.02,15.821680052065698,19.0775404,72.8800106,99.54558209645373
77.03,15.819916808054417,19.0775406,72.8800109,99.60287787596681
77.04,15.818144988545548,19.0775408,72.8800112,99.66017365547988
77.05,15.81636459548211,19.077541,72.88001150000001,99.71746943499296
77.06,15.814575630816517,19.0775412,72.8800118,99.77476521450603
77.07000000000001,15.812778096510595,19.0775414,72.8800121,99.83206099401912
77.08,15.81097199453556,19.0775416,72.8800124,99.8893567735322
77.09,15.809157326872018,19.0775418,72.88001270000001,99.94665255304528
77.10000000000001,15.80733409550998,19.077542,72.880013,100.00394833255835
77.11,15.80550230244884,19.0775422,72.8800133,100.06124411207144
77.12,15.803661949697386,19.077542400000002,72.8800136,100.1185398915845
77.13,15.80181303927379,19.0775426,72.88001390000001,100.17583567109759
77.14,15.799955573205605,19.0775428,72.8800142,100.23313145061067
77.15,15.798089553529774,19.077543000000002,72.8800145,100.29042723012375
77.16,15.796214982292618,19.0775432,72.8800148,100.34772300963684
77.17,15.79433186154983,19.0775434,72.88001510000001,100.40501878914992
77.18,15.792440193366485,19.077543600000002,72.8800154,100.46231456866299
77.19,15.790539979817032,19.0775438,72.8800157,100.51961034817607
77.2,15.788631222985284,19.077544,72.880016,100.57690612768914
77.21000000000001,15.786713924964424,19.077544200000002,72.88001630000001,100.63420190720223
77.22,15.784788087857013,19.0775444,72.8800166,100.69149768671531
77.23,15.782853713774958,19.0775446,72.8800169,100.74879346622839
77.24,15.78091080483955,19.077544800000002,72.8800172,100.80608924574146
77.25,15.778959363181414,19.077545,72.88001750000001,100.86338502525453
77.26,15.776999390940547,19.0775452,72.8800178,100.92068080476761
77.27,15.77503089026631,19.0775454,72.8800181,100.9779765842807
77.28,15.773053863317394,19.0775456,72.8800184,101.03527236379378
77.29,15.77106831226185,19.0775458,72.88001870000001,101.09256814330686
77.3,15.76907423927709,19.077546,72.880019,101.14986392281995
77.31,15.767071646549848,19.0775462,72.8800193,101.20715970233302
77.32000000000001,15.765060536276216,19.0775464,72.88001960000001,101.2644554818461
77.33,15.763040910661632,19.0775466,72.88001990000001,101.32175126135917
77.34,15.761012771920846,19.0775468,72.8800202,101.37904704087225
77.35000000000001,15.758976122277973,19.077547,72.8800205,101.43634282038533
77.36,15.756930963966447,19.0775472,72.88002080000001,101.49363859989842
77.37,15.754877299229033,19.0775474,72.88002110000001,101.55093437941149
77.38,15.752815130317831,19.0775476,72.8800214,101.60823015892457
77.39,15.750744459494252,19.0775478,72.8800217,101.66552593843764
77.4,15.748665289029049,19.077548,72.88002200000001,101.72282171795072
77.41,15.746577621202285,19.0775482,72.88002230000001,101.7801174974638
77.42,15.744481458303344,19.0775484,72.8800226,101.83741327697689
77.43,15.742376802630924,19.0775486,72.8800229,101.89470905648997
77.44,15.74026365649304,19.0775488,72.88002320000001,101.95200483600306
77.45,15.738142022207015,19.077549,72.88002350000001,102.00930061551612
77.46000000000001,15.73601190209948,19.0775492,72.8800238,102.06659639502921
77.47,15.733873298506376,19.0775494,72.8800241,102.12389217454228
77.48,15.731726213772937,19.0775496,72.88002440000001,102.18118795405536
77.49,15.72957065025372,19.0775498,72.8800247,102.23848373356844
77.5,15.727406610312547,19.077550000000002,72.880025,102.29577951308151
77.51,15.725234096322563,19.0775502,72.8800253,102.3530752925946
77.52,15.723053110666193,19.0775504,72.88002560000001,102.41037107210767
77.53,15.720863655735151,19.077550600000002,72.8800259,102.46766685162075
77.54,15.718665733930454,19.0775508,72.8800262,102.52496263113383
77.55,15.716459347662386,19.077551,72.8800265,102.58225841064692
77.56,15.714244499350515,19.077551200000002,72.88002680000001,102.63955419016
77.57000000000001,15.712021191423704,19.0775514,72.8800271,102.69684996967307
77.58,15.70978942632008,19.0775516,72.8800274,102.75414574918616
77.59,15.707549206487041,19.077551800000002,72.8800277,102.81144152869923
77.60000000000001,15.705300534381264,19.077552,72.88002800000001,102.8687373082123
77.61,15.7030434124687,19.0775522,72.8800283,102.92603308772539
77.62,15.700777843224555,19.077552400000002,72.8800286,102.98332886723847
77.63,15.69850382913331,19.0775526,72.8800289,103.04062464675155
77.64,15.696221372688687,19.0775528,72.88002920000001,103.09792042626462
77.65,15.69393047639369,19.077553,72.8800295,103.15521620577769
77.66,15.691631142760567,19.0775532,72.8800298,103.21251198529079
77.67,15.689323374310815,19.0775534,72.8800301,103.26980776480386
77.68,15.68700717357519,19.0775536,72.88003040000001,103.32710354431694
77.69,15.684682543093684,19.0775538,72.8800307,103.38439932383002
77.7,15.682349485415545,19.077554,72.880031,103.44169510334311
77.71000000000001,15.680008003099253,19.0775542,72.8800313,103.49899088285619
77.72,15.677658098712534,19.0775544,72.88003160000001,103.55628666236926
77.73,15.675299774832343,19.0775546,72.8800319,103.61358244188233
77.74,15.672933034044874,19.0775548,72.8800322,103.67087822139541
77.75,15.670557878945544,19.077555,72.8800325,103.7281740009085
77.76,15.668174312139008,19.0775552,72.88003280000001,103.78546978042158
77.77,15.665782336239136,19.0775554,72.8800331,103.84276555993465
77.78,15.66338195386902,19.0775556,72.8800334,103.90006133944772
77.79,15.660973167660975,19.0775558,72.8800337,103.95735711896081
77.8,15.65855598025654,19.077556,72.88003400000001,104.01465289847388
77.81,15.656130394306444,19.0775562,72.8800343,104.07194867798697
77.82000000000001,15.65369641247064,19.0775564,72.8800346,104.12924445750005
77.83,15.6512540374183,19.0775566,72.8800349,104.18654023701313
77.84,15.648803271827777,19.0775568,72.88003520000001,104.24383601652622
77.85000000000001,15.64634411838664,19.077557,72.8800355,104.30113179603929
77.86,15.643876579791655,19.0775572,72.8800358,104.35842757555235
77.87,15.641400658748768,19.0775574,72.8800361,104.41572335506544
77.88,15.638916357973148,19.077557600000002,72.88003640000001,104.47301913457852
77.89,15.63642368018912,19.0775578,72.8800367,104.5303149140916
77.9,15.633922628130215,19.077558,72.880037,104.58761069360467
77.91,15.631413204539147,19.077558200000002,72.8800373,104.64490647311777
77.92,15.628895412167807,19.0775584,72.88003760000001,104.70220225263084
77.93,15.626369253777261,19.0775586,72.8800379,104.75949803214391
77.94,15.623834732137755,19.077558800000002,72.8800382,104.81679381165699
77.95,15.62129185002869,19.077559,72.8800385,104.87408959117008
77.96000000000001,15.618740610238662,19.0775592,72.88003880000001,104.93138537068316
77.97,15.616181015565413,19.077559400000002,72.8800391,104.98868115019624
77.98,15.613613068815853,19.0775596,72.8800394,105.04597692970931
77.99,15.61103677280605,19.0775598,72.8800397,105.10327270922238
78.0,15.60845213036123,19.077560000000002,72.88004000000001,105.16056848873546
78.01,15.605859144315767,19.0775602,72.8800403,105.21786426824855
78.02,15.603257817513192,19.0775604,72.8800406,105.27516004776163
78.03,15.600648152806176,19.0775606,72.8800409,105.3324558272747
78.04,15.59803015305653,19.0775608,72.88004120000001,105.3897516067878
78.05,15.595403821135232,19.077561,72.8800415,105.44704738630087
78.06,15.592769159922359,19.0775612,72.8800418,105.50434316581394
78.07000000000001,15.590126172307139,19.0775614,72.88004210000001,105.56163894532702
78.08,15.587474861187948,19.0775616,72.88004240000001,105.6189347248401
78.09,15.584815229472254,19.0775618,72.8800427,105.67623050435319
78.10000000000001,15.582147280076683,19.077562,72.880043,105.73352628386627
78.11,15.57947101592697,19.0775622,72.88004330000001,105.79082206337934
78.12,15.576786439957953,19.0775624,72.88004360000001,105.84811784289244
78.13,15.574093555113615,19.0775626,72.8800439,105.9054136224055
78.14,15.571392364347018,19.0775628,72.8800442,105.96270940191857
78.15,15.56868287062036,19.077563,72.88004450000001,106.02000518143166
78.16,15.565965076904938,19.0775632,72.88004480000001,106.07730096094474
78.17,15.563238986181128,19.0775634,72.8800451,106.13459674045782
78.18,15.560504601438438,19.0775636,72.8800454,106.19189251997089
78.19,15.557761925675456,19.0775638,72.88004570000001,106.24918829948396
78.2,15.555010961899848,19.077564,72.88004600000001,106.30648407899706
78.21000000000001,15.552251713128397,19.0775642,72.8800463,106.36377985851013
78.22,15.549484182386955,19.0775644,72.8800466,106.42107563802321
78.23,15.546708372710455,19.0775646,72.88004690000001,106.4783714175363
78.24,15.543924287142922,19.0775648,72.8800472,106.53566719704938
78.25,15.541131928737428,19.077565,72.8800475,106.59296297656246
78.26,15.538331300556154,19.077565200000002,72.8800478,106.65025875607553
78.27,15.535522405670326,19.0775654,72.88004810000001,106.7075545355886
78.28,15.532705247160242,19.0775656,72.8800484,106.76485031510168
78.29,15.529879828115257,19.077565800000002,72.8800487,106.82214609461477
78.3,15.527046151633805,19.077566,72.880049,106.87944187412785
78.31,15.524204220823343,19.0775662,72.88004930000001,106.93673765364092
78.32000000000001,15.521354038800403,19.077566400000002,72.8800496,106.99403343315399
78.33,15.518495608690559,19.0775666,72.8800499,107.05132921266708
78.34,15.515628933628424,19.0775668,72.8800502,107.10862499218015
78.35000000000001,15.51275401675767,19.077567000000002,72.88005050000001,107.16592077169324
78.36,15.509870861230995,19.0775672,72.8800508,107.22321655120632
78.37,15.50697947021012,19.0775674,72.8800511,107.2805123307194
78.38,15.504079846865823,19.077567600000002,72.8800514,107.33780811023249
78.39,15.501171994377884,19.0775678,72.88005170000001,107.39510388974556
78.4,15.498255915935129,19.077568,72.880052,107.45239966925863
78.41,15.495331614735402,19.0775682,72.8800523,107.50969544877171
78.42,15.492399093985536,19.0775684,72.8800526,107.56699122828479
78.43,15.489458356901421,19.0775686,72.88005290000001,107.62428700779788
78.44,15.486509406707926,19.0775688,72.8800532,107.68158278731094
78.45,15.483552246638938,19.077569,72.8800535,107.73887856682404
78.46000000000001,15.480586879937345,19.0775692,72.8800538,107.79617434633711
78.47,15.477613309855037,19.0775694,72.88005410000001,107.85347012585018
78.48,15.474631539652897,19.0775696,72.8800544,107.91076590536326
78.49,15.471641572600806,19.0775698,72.8800547,107.96806168487635
78.5,15.468643411977613,19.07757,72.880055,108.02535746438943
78.51,15.465637061071188,19.0775702,72.88005530000001,108.08265324390251
78.52,15.462622523178357,19.0775704,72.8800556,108.13994902341558
78.53,15.459599801604929,19.0775706,72.8800559,108.19724480292865
78.54,15.456568899665688,19.0775708,72.8800562,108.25454058244173
78.55,15.453529820684393,19.077571,72.88005650000001,108.31183636195482
78.56,15.450482567993763,19.0775712,72.8800568,108.3691321414679
78.57000000000001,15.447427144935487,19.0775714,72.8800571,108.42642792098097
78.58,15.44436355486021,19.0775716,72.8800574,108.48372370049407
78.59,15.441291801127534,19.0775718,72.88005770000001,108.54101948000714
78.60000000000001,15.438211887106007,19.077572,72.880058,108.5983152595202
78.61,15.435123816173153,19.0775722,72.8800583,108.65561103903329
78.62,15.432027591715398,19.0775724,72.8800586,108.71290681854637
78.63,15.42892321712814,19.0775726,72.88005890000001,108.77020259805946
78.64,15.425810695815704,19.077572800000002,72.8800592,108.82749837757254
78.65,15.422690031191358,19.077573,72.8800595,108.88479415708561
78.66,15.419561226677294,19.0775732,72.8800598,108.9420899365987
78.67,15.41642428570462,19.077573400000002,72.88006010000001,108.99938571611177
78.68,15.413279211713377,19.0775736,72.8800604,109.05668149562484
78.69,15.410126008152531,19.0775738,72.8800607,109.11397727513793
78.7,15.406964678479957,19.077574000000002,72.880061,109.17127305465101
78.71000000000001,15.403795226162437,19.0775742,72.88006130000001,109.2285688341641
78.72,15.400617654675663,19.0775744,72.8800616,109.28586461367716
78.73,15.397431967504236,19.077574600000002,72.8800619,109.34316039319025
78.74,15.394238168141648,19.0775748,72.8800622,109.40045617270333
78.75,15.391036260090294,19.077575,72.88006250000001,109.4577519522164
78.76,15.387826246861458,19.077575200000002,72.8800628,109.51504773172948
78.77,15.384608131975314,19.0775754,72.8800631,109.57234351124255
78.78,15.381381918960919,19.0775756,72.8800634,109.62963929075563
78.79,15.378147611356212,19.0775758,72.88006370000001,109.68693507026872
78.8,15.374905212708004,19.077576,72.880064,109.7442308497818
78.81,15.37165472657199,19.0775762,72.8800643,109.80152662929487
78.82000000000001,15.368396156512718,19.0775764,72.88006460000001,109.85882240880795
78.83,15.365129506103617,19.0775766,72.88006490000001,109.91611818832104
78.84,15.361854778926965,19.0775768,72.8800652,109.97341396783412
78.85000000000001,15.358571978573897,19.077577,72.8800655,110.03070974734719
78.86,15.355281108644425,19.0775772,72.88006580000001,110.08800552686027
78.87,15.351982172747373,19.0775774,72.88006610000001,110.14530130637336
78.88,15.348675174500436,19.0775776,72.8800664,110.20259708588642
78.89,15.345360117530138,19.0775778,72.8800667,110.25989286539951
78.9,15.342037005471846,19.077578,72.88006700000001,110.31718864491258
78.91,15.338705841969773,19.0775782,72.88006730000001,110.37448442442567
78.92,15.335366630676933,19.0775784,72.8800676,110.43178020393874
78.93,15.332019375255182,19.0775786,72.8800679,110.48907598345183
78.94,15.328664079375208,19.0775788,72.88006820000001,110.5463717629649
78.95,15.325300746716486,19.077579,72.88006850000001,110.603667542478
78.96000000000001,15.321929380967338,19.0775792,72.8800688,110.66096332199106
78.97,15.31854998582488,19.0775794,72.8800691,110.71825910150415
78.98,15.315162564995017,19.0775796,72.88006940000001,110.77555488101721
78.99,15.311767122192489,19.0775798,72.8800697,110.83285066053031
79.0,15.308363661140806,19.07758,72.88007,110.89014644004338
79.01,15.304952185572283,19.0775802,72.8800703,110.94744221955646
79.02,15.301532699228028,19.077580400000002,72.88007060000001,111.00473799906953
79.03,15.298105205857908,19.0775806,72.8800709,111.0620337785826
79.04,15.294669709220607,19.0775808,72.8800712,111.1193295580957
79.05,15.291226213083561,19.077581000000002,72.8800715,111.17662533760877
79.06,15.287774721222991,19.0775812,72.88007180000001,111.23392111712185
79.07000000000001,15.28431523742387,19.0775814,72.8800721,111.29121689663492
79.08,15.280847765479965,19.077581600000002,72.8800724,111.34851267614802
79.09,15.277372309193769,19.0775818,72.8800727,111.40580845566109
79.10000000000001,15.273888872376544,19.077582,72.88007300000001,111.46310423517417
79.11,15.270397458848322,19.077582200000002,72.8800733,111.52040001468724
79.12,15.26689807243785,19.0775824,72.8800736,111.57769579420034
79.13,15.263390716982641,19.0775826,72.8800739,111.6349915737134
79.14,15.259875396328937,19.077582800000002,72.88007420000001,111.69228735322649
79.15,15.256352114331715,19.077583,72.8800745,111.74958313273956
79.16,15.252820874854704,19.0775832,72.8800748,111.80687891225264
79.17,15.249281681770322,19.0775834,72.8800751,111.86417469176573
79.18,15.245734538959727,19.0775836,72.88007540000001,111.9214704712788
79.19,15.242179450312815,19.0775838,72.8800757,111.97876625079188
79.2,15.238616419728153,19.077584,72.880076,112.03606203030496
79.21000000000001,15.23504545111306,19.0775842,72.8800763,112.09335780981804
79.22,15.231466548383537,19.0775844,72.88007660000001,112.15065358933111
79.23,15.227879715464276,19.0775846,72.8800769,112.2079493688442
79.24,15.224284956288702,19.0775848,72.8800772,112.26524514835728
79.25,15.220682274798882,19.077585,72.8800775,112.32254092787036
79.26,15.217071674945622,19.0775852,72.88007780000001,112.37983670738343
79.27,15.213453160688381,19.0775854,72.8800781,112.43713248689652
79.28,15.20982673599529,19.0775856,72.8800784,112.49442826640959
79.29,15.206192404843183,19.0775858,72.8800787,112.55172404592267
79.3,15.202550171217549,19.077586,72.88007900000001,112.60901982543575
79.31,15.198900039112537,19.0775862,72.8800793,112.66631560494882
79.32000000000001,15.195242012530969,19.0775864,72.8800796,112.7236113844619
79.33,15.191576095484319,19.0775866,72.8800799,112.78090716397499
79.34,15.18790229199271,19.0775868,72.88008020000001,112.83820294348807
79.35000000000001,15.184220606084926,19.077587,72.8800805,112.89549872300114
79.36,15.180531041798382,19.0775872,72.8800808,112.95279450251422
79.37,15.17683360317913,19.0775874,72.8800811,113.0100902820273
79.38,15.173128294281888,19.0775876,72.88008140000001,113.06738606154039
79.39,15.16941511916996,19.0775878,72.8800817,113.12468184105346
79.4,15.165694081915305,19.077588000000002,72.880082,113.18197762056654
79.41,15.161965186598495,19.0775882,72.8800823,113.23927340007963
79.42,15.158228437308722,19.0775884,72.88008260000001,113.2965691795927
79.43,15.154483838143792,19.077588600000002,72.8800829,113.35386495910578
79.44,15.150731393210112,19.0775888,72.8800832,113.41116073861885
79.45,15.146971106622697,19.077589,72.8800835,113.46845651813194
79.46000000000001,15.143202982505173,19.077589200000002,72.88008380000001,113.52575229764501
79.47,15.139427024989747,19.0775894,72.8800841,113.5830480771581
79.48,15.13564323821721,19.0775896,72.8800844,113.64034385667117
79.49,15.131851626336955,19.077589800000002,72.8800847,113.69763963618426
79.5,15.12805219350694,19.07759,72.88008500000001,113.75493541569733
79.51,15.124244943893725,19.0775902,72.8800853,113.81223119521042
79.52,15.120429881672425,19.077590400000002,72.8800856,113.86952697472348
79.53,15.116607011026701,19.0775906,72.8800859,113.92682275423657
79.54,15.112776336148825,19.0775908,72.88008620000001,113.98411853374965
79.55,15.108937861239589,19.077591,72.8800865,114.04141431326272
79.56,15.105091590508355,19.0775912,72.8800868,114.0987100927758
79.57000000000001,15.10123752817303,19.0775914,72.88008710000001,114.15600587228887
79.58,15.097375678460065,19.0775916,72.88008740000001,114.21330165180197
79.59,15.093506045604453,19.0775918,72.8800877,114.27059743131504
79.60000000000001,15.089628633849717,19.077592,72.880088,114.32789321082812
79.61,15.085743447447921,19.0775922,72.88008830000001,114.38518899034119
79.62,15.081850490659644,19.0775924,72.88008860000001,114.44248476985429
79.63,15.077949767753989,19.0775926,72.8800889,114.49978054936736
79.64,15.07404128300858,19.0775928,72.8800892,114.55707632888044
79.65,15.070125040709549,19.077593,72.88008950000001,114.61437210839351
79.66,15.066201045151535,19.0775932,72.88008980000001,114.67166788790661
79.67,15.062269300637682,19.0775934,72.8800901,114.72896366741968
79.68,15.058329811479622,19.0775936,72.8800904,114.78625944693276
79.69,15.054382581997508,19.0775938,72.88009070000001,114.84355522644583
79.7,15.05042761651994,19.077594,72.88009100000001,114.90085100595891
79.71000000000001,15.046464919384025,19.0775942,72.8800913,114.958146785472
79.72,15.042494494935365,19.0775944,72.8800916,115.01544256498507
79.73,15.038516347527997,19.0775946,72.88009190000001,115.07273834449815
79.74,15.034530481524454,19.0775948,72.8800922,115.13003412401123
79.75,15.030536901295728,19.077595,72.8800925,115.18732990352432
79.76,15.02653561122126,19.0775952,72.8800928,115.24462568303738
79.77,15.022526615688978,19.0775954,72.88009310000001,115.30192146255047
79.78,15.018509919095216,19.077595600000002,72.8800934,115.35921724206354
79.79,15.014485525844774,19.0775958,72.8800937,115.41651302157663
79.8,15.010453440350908,19.077596,72.880094,115.4738088010897
79.81,15.006413667035284,19.077596200000002,72.88009430000001,115.53110458060279
79.82000000000001,15.002366210328011,19.0775964,72.8800946,115.58840036011586
79.83,14.99831107466763,19.0775966,72.8800949,115.64569613962894
79.84,14.994248264501069,19.077596800000002,72.8800952,115.70299191914202
79.85000000000001,14.990177784283722,19.077597,72.88009550000001,115.76028769865509
79.86,14.986099638479361,19.0775972,72.8800958,115.81758347816817
79.87,14.982013831560174,19.077597400000002,72.8800961,115.87487925768126
79.88,14.97792036800675,19.0775976,72.8800964,115.93217503719434
79.89,14.973819252308072,19.0775978,72.88009670000001,115.98947081670741
79.9,14.969710488961518,19.077598000000002,72.880097,116.0467665962205
79.91,14.965594082472848,19.0775982,72.8800973,116.10406237573358
79.92,14.961470037356207,19.0775984,72.8800976,116.16135815524666
79.93,14.95733835813411,19.0775986,72.88009790000001,116.21865393475973
79.94,14.953199049337474,19.0775988,72.8800982,116.27594971427281
79.95,14.949052115505532,19.077599,72.8800985,116.3332454937859
79.96000000000001,14.94489756118591,19.0775992,72.8800988,116.39054127329896
79.97,14.940735390934602,19.0775994,72.88009910000001,116.44783705281205
79.98,14.936565609315917,19.0775996,72.8800994,116.50513283232512
79.99,14.932388220902553,19.0775998,72.8800997,116.56242861183821
80.0,14.928203230275514,19.0776,72.8801,116.61972439135128
80.01,14.924010642024149,19.0776002,72.88010030000001,116.67702017086437
80.02,14.91981046074617,19.0776004,72.8801006,116.73431595037744
80.03,14.915602691047567,19.0776006,72.8801009,116.79161172989052
80.04,14.911387337542681,19.0776008,72.8801012,116.8489075094036
80.05,14.907164404854178,19.077601,72.88010150000001,116.90620328891669
80.06,14.902933897612998,19.0776012,72.8801018,116.96349906842975
80.07000000000001,14.89869582045843,19.0776014,72.8801021,117.02079484794284
80.08,14.894450178038046,19.0776016,72.8801024,117.07809062745592
80.09,14.890196975007692,19.0776018,72.88010270000001,117.13538640696899
80.10000000000001,14.88593621603155,19.077602,72.880103,117.19268218648207
80.11,14.881667905782052,19.0776022,72.8801033,117.24997796599514
80.12,14.877392048939928,19.0776024,72.8801036,117.30727374550824
80.13,14.873108650194187,19.0776026,72.88010390000001,117.36456952502131
80.14,14.868817714242077,19.0776028,72.8801042,117.42186530453439
80.15,14.864519245789158,19.077603,72.8801045,117.47916108404746
80.16,14.860213249549219,19.077603200000002,72.8801048,117.53645686356056
80.17,14.855899730244314,19.0776034,72.88010510000001,117.59375264307363
80.18,14.85157869260474,19.0776036,72.8801054,117.65104842258671
80.19,14.847250141369067,19.077603800000002,72.8801057,117.70834420209978
80.2,14.842914081284054,19.077604,72.880106,117.76563998161288
80.21000000000001,14.838570517104738,19.0776042,72.88010630000001,117.82293576112595
80.22,14.834219453594365,19.077604400000002,72.8801066,117.88023154063903
80.23,14.829860895524401,19.0776046,72.8801069,117.9375273201521
80.24,14.825494847674566,19.0776048,72.8801072,117.99482309966518
80.25,14.821121314832741,19.077605000000002,72.88010750000001,118.05211887917827
80.26,14.816740301795043,19.0776052,72.8801078,118.10941465869134
80.27,14.812351813365812,19.0776054,72.8801081,118.16671043820442
80.28,14.80795585435753,19.077605600000002,72.8801084,118.22400621771749
80.29,14.803552429590935,19.0776058,72.88010870000001,118.28130199723059
80.3,14.799141543894915,19.077606,72.880109,118.33859777674365
80.31,14.79472320210653,19.0776062,72.8801093,118.39589355625675
80.32000000000001,14.790297409071052,19.0776064,72.8801096,118.45318933576982
80.33,14.785864169641908,19.0776066,72.88010990000001,118.5104851152829
80.34,14.781423488680664,19.0776068,72.8801102,118.56778089479599
80.35000000000001,14.776975371057095,19.077607,72.8801105,118.62507667430906
80.36,14.772519821649102,19.0776072,72.88011080000001,118.68237245382214
80.37,14.768056845342738,19.0776074,72.88011110000001,118.73966823333521
80.38,14.76358644703221,19.0776076,72.8801114,118.7969640128483
80.39,14.759108631619839,19.0776078,72.8801117,118.85425979236138
80.4,14.75462340401612,19.077608,72.88011200000001,118.91155557187446
80.41,14.750130769139648,19.0776082,72.88011230000001,118.96885135138753
80.42,14.745630731917146,19.0776084,72.8801126,119.02614713090061
80.43,14.741123297283458,19.0776086,72.8801129,119.0834429104137
80.44,14.73660847018154,19.0776088,72.88011320000001,119.14073868992678
80.45,14.73208625556245,19.077609,72.88011350000001,119.19803446943985
80.46000000000001,14.727556658385353,19.0776092,72.8801138,119.25533024895293
80.47,14.723019683617508,19.0776094,72.8801141,119.31262602846601
80.48,14.718475336234265,19.0776096,72.88011440000001,119.36992180797908
80.49,14.713923621219056,19.0776098,72.88011470000001,119.42721758749217
80.5,14.709364543563396,19.07761,72.880115,119.48451336700523
80.51,14.70479810826687,19.0776102,72.8801153,119.54180914651833
80.52,14.700224320337137,19.0776104,72.88011560000001,119.5991049260314
80.53,14.695643184789908,19.0776106,72.8801159,119.65640070554448
80.54,14.691054706648973,19.077610800000002,72.8801162,119.71369648505755
80.55,14.686458890946167,19.077611,72.8801165,119.77099226457065
80.56,14.681855742721343,19.0776112,72.88011680000001,119.82828804408372
80.57000000000001,14.677245267022421,19.077611400000002,72.8801171,119.8855838235968
80.58,14.672627468905366,19.0776116,72.8801174,119.94287960310987
80.59,14.668002353434156,19.0776118,72.8801177,120.00017538262297
80.60000000000001,14.663369925680794,19.077612000000002,72.88011800000001,120.05747116213604
80.61,14.658730190725304,19.0776122,72.8801183,120.11476694164911
80.62,14.65408315365573,19.0776124,72.8801186,120.17206272116219
80.63,14.649428819568119,19.077612600000002,72.8801189,120.22935850067527
80.64,14.644767193566508,19.0776128,72.88011920000001,120.28665428018836
80.65,14.640098280762938,19.077613,72.8801195,120.34395005970143
80.66,14.635422086277464,19.077613200000002,72.8801198,120.40124583921451
80.67,14.630738615238094,19.0776134,72.8801201,120.45854161872758
80.68,14.626047872780834,19.0776136,72.88012040000001,120.51583739824068
80.69,14.621349864049652,19.0776138,72.8801207,120.57313317775375
80.7,14.616644594196496,19.077614,72.880121,120.63042895726683
80.71000000000001,14.611932068381268,19.0776142,72.8801213,120.6877247367799
80.72,14.60721229177183,19.0776144,72.88012160000001,120.745020516293
80.73,14.602485269543998,19.0776146,72.8801219,120.80231629580607
80.74,14.59775100688153,19.0776148,72.8801222,120.85961207531915
80.75,14.593009508976127,19.077615,72.8801225,120.91690785483222
80.76,14.588260781027422,19.0776152,72.88012280000001,120.9742036343453
80.77,14.583504828242976,19.0776154,72.8801231,121.03149941385838
80.78,14.578741655838277,19.0776156,72.8801234,121.08879519337145
80.79,14.573971269036718,19.0776158,72.8801237,121.14609097288454
80.8,14.569193673069636,19.077616,72.88012400000001,121.20338675239762
80.81,14.564408873176228,19.0776162,72.8801243,121.2606825319107
80.82000000000001,14.559616874603615,19.0776164,72.8801246,121.31797831142377
80.83,14.554817682606833,19.0776166,72.8801249,121.37527409093686
80.84,14.550011302448752,19.0776168,72.88012520000001,121.43256987044994
80.85000000000001,14.545197739400184,19.077617,72.8801255,121.48986564996302
80.86,14.54037699873979,19.0776172,72.8801258,121.54716142947609
80.87,14.535549085754077,19.0776174,72.8801261,121.60445720898917
80.88,14.530714005737469,19.0776176,72.88012640000001,121.66175298850226
80.89,14.525871763992217,19.0776178,72.8801267,121.71904876801533
80.9,14.521022365828433,19.077618,72.880127,121.77634454752841
80.91,14.516165816564083,19.0776182,72.8801273,121.83364032704148
80.92,14.511302121524944,19.077618400000002,72.88012760000001,121.89093610655456
80.93,14.50643128604468,19.0776186,72.8801279,121.94823188606765
80.94,14.50155331546476,19.0776188,72.8801282,122.00552766558073
80.95,14.496668215134449,19.077619000000002,72.8801285,122.0628234450938
80.96000000000001,14.491775990410886,19.0776192,72.88012880000001,122.12011922460688
80.97,14.486876646658988,19.0776194,72.8801291,122.17741500411996
80.98,14.481970189251484,19.077619600000002,72.8801294,122.23471078363305
80.99,14.477056623568913,19.0776198,72.8801297,122.29200656314612
81.0,14.47213595499958,19.07762,72.88013000000001,122.3493023426592
81.01,14.467208188939626,19.077620200000002,72.8801303,122.40659812217228
81.02,14.462273330792943,19.0776204,72.8801306,122.46389390168535
81.03,14.457331385971205,19.0776206,72.8801309,122.52118968119844
81.04,14.452382359893853,19.077620800000002,72.88013120000001,122.5784854607115
81.05,14.44742625798813,19.077621,72.8801315,122.6357812402246
81.06,14.442463085688978,19.0776212,72.8801318,122.69307701973767
81.07000000000001,14.43749284843913,19.0776214,72.8801321,122.75037279925075
81.08,14.432515551689082,19.0776216,72.88013240000001,122.80766857876382
81.09,14.427531200897016,19.0776218,72.8801327,122.86496435827692
81.10000000000001,14.422539801528913,19.077622,72.880133,122.92226013778999
81.11,14.41754135905845,19.0776222,72.88013330000001,122.97955591730307
81.12,14.41253587896701,19.0776224,72.88013360000001,123.03685169681614
81.13,14.407523366743746,19.0776226,72.8801339,123.09414747632924
81.14,14.402503827885463,19.0776228,72.8801342,123.15144325584231
81.15,14.397477267896722,19.077623,72.88013450000001,123.20873903535538
81.16,14.392443692289763,19.0776232,72.88013480000001,123.26603481486846
81.17,14.387403106584497,19.0776234,72.8801351,123.32333059438153
81.18,14.382355516308568,19.0776236,72.8801354,123.38062637389463
81.19,14.377300926997265,19.0776238,72.88013570000001,123.4379221534077
81.2,14.37223934419357,19.077624,72.88013600000001,123.49521793292078
81.21000000000001,14.367170773448127,19.0776242,72.8801363,123.55251371243385
81.22,14.362095220319244,19.0776244,72.8801366,123.60980949194695
81.23,14.35701269037289,19.0776246,72.88013690000001,123.66710527146002
81.24,14.351923189182692,19.0776248,72.88013720000001,123.7244010509731
81.25,14.346826722329883,19.077625,72.8801375,123.78169683048617
81.26,14.34172329540339,19.0776252,72.8801378,123.83899260999927
81.27,14.336612913999737,19.077625400000002,72.88013810000001,123.89628838951234
81.28,14.331495583723088,19.0776256,72.8801384,123.95358416902542
81.29,14.32637131018522,19.0776258,72.8801387,124.01087994853849
81.3,14.321240099005525,19.077626000000002,72.880139,124.06817572805157
81.31,14.31610195581101,19.0776262,72.88013930000001,124.12547150756465
81.32000000000001,14.310956886236276,19.0776264,72.8801396,124.18276728707772
81.33,14.305804895923524,19.077626600000002,72.8801399,124.2400630665908
81.34,14.300645990522533,19.0776268,72.8801402,124.29735884610389
81.35000000000001,14.295480175690694,19.077627,72.88014050000001,124.35465462561697
81.36,14.290307457092956,19.077627200000002,72.8801408,124.41195040513004
81.37,14.28512784040182,19.0776274,72.8801411,124.46924618464313
81.38,14.279941331297383,19.0776276,72.8801414,124.52654196415621
81.39,14.274747935467278,19.077627800000002,72.88014170000001,124.58383774366929
81.4,14.269547658606715,19.077628,72.880142,124.64113352318236
81.41,14.264340506418439,19.0776282,72.8801423,124.69842930269544
81.42,14.259126484612702,19.077628400000002,72.8801426,124.75572508220851
81.43,14.253905598907346,19.0776286,72.88014290000001,124.8130208617216
81.44,14.248677855027704,19.0776288,72.8801432,124.87031664123468
81.45,14.243443258706638,19.077629,72.8801435,124.92761242074775
81.46000000000001,14.238201815684521,19.0776292,72.8801438,124.98490820026083
81.47,14.232953531709242,19.0776294,72.88014410000001,125.04220397977392
81.48,14.227698412536187,19.0776296,72.8801444,125.099499759287
81.49,14.222436463928238,19.0776298,72.8801447,125.15679553880007
81.5,14.217167691655767,19.07763,72.880145,125.21409131831315
81.51,14.21189210149663,19.0776302,72.88014530000001,125.27138709782623
81.52,14.206609699236155,19.0776304,72.8801456,125.32868287733932
81.53,14.201320490667147,19.0776306,72.8801459,125.38597865685239
81.54,14.196024481589863,19.0776308,72.8801462,125.44327443636547
81.55,14.190721677812052,19.077631,72.88014650000001,125.50057021587855
81.56,14.18541208514886,19.0776312,72.8801468,125.55786599539162
81.57000000000001,14.180095709422918,19.0776314,72.8801471,125.6151617749047
81.58,14.174772556464283,19.0776316,72.8801474,125.67245755441778
81.59,14.169442632110444,19.0776318,72.88014770000001,125.72975333393087
81.60000000000001,14.164105942206309,19.077632,72.880148,125.78704911344394
81.61,14.158762492604229,19.0776322,72.8801483,125.84434489295703
81.62,14.153412289163953,19.0776324,72.8801486,125.9016406724701
81.63,14.148055337752616,19.0776326,72.88014890000001,125.95893645198319
81.64,14.142691644244785,19.0776328,72.8801492,126.01623223149626
81.65,14.137321214522393,19.077633000000002,72.8801495,126.07352801100934
81.66,14.131944054474795,19.0776332,72.8801498,126.13082379052241
81.67,14.126560169998708,19.0776334,72.88015010000001,126.1881195700355
81.68,14.12116956699819,19.077633600000002,72.8801504,126.24541534954858
81.69,14.11577225138474,19.0776338,72.8801507,126.30271112906165
81.7,14.110368229077135,19.077634,72.880151,126.36000690857473
81.71000000000001,14.104957506001579,19.077634200000002,72.88015130000001,126.4173026880878
81.72,14.09954008809159,19.0776344,72.8801516,126.4745984676009
81.73,14.094115981288006,19.0776346,72.8801519,126.53189424711397
81.74,14.088685191539064,19.077634800000002,72.8801522,126.58919002662705
81.75,14.083247724800247,19.077635,72.88015250000001,126.64648580614012
81.76,14.077803587034438,19.0776352,72.8801528,126.70378158565322
81.77,14.072352784211787,19.077635400000002,72.8801531,126.76107736516629
81.78,14.066895322309776,19.0776356,72.8801534,126.81837314467937
81.79,14.061431207313174,19.0776358,72.88015370000001,126.87566892419244
81.8,14.055960445214053,19.077636000000002,72.880154,126.93296470370554
81.81,14.050483042011777,19.0776362,72.8801543,126.9902604832186
81.82000000000001,14.04499900371298,19.0776364,72.8801546,127.04755626273169
81.83,14.039508336331611,19.0776366,72.88015490000001,127.10485204224476
81.84,14.034011045888832,19.0776368,72.8801552,127.16214782175784
81.85000000000001,14.028507138413097,19.077637,72.8801555,127.21944360127092
81.86,14.022996619940141,19.0776372,72.88015580000001,127.276739380784
81.87,14.017479496512886,19.0776374,72.88015610000001,127.33403516029708
81.88,14.011955774181583,19.0776376,72.8801564,127.39133093981016
81.89,14.006425459003612,19.0776378,72.8801567,127.44862671932324
81.9,14.00088855704368,19.077638,72.88015700000001,127.50592249883631
81.91,13.995345074373672,19.0776382,72.88015730000001,127.5632182783494
81.92,13.989795017072684,19.0776384,72.8801576,127.62051405786247
81.93,13.984238391227056,19.0776386,72.8801579,127.67780983737556
81.94,13.978675202930308,19.0776388,72.88015820000001,127.73510561688863
81.95,13.973105458283136,19.077639,72.88015850000001,127.79240139640171
81.96000000000001,13.967529163393454,19.0776392,72.8801588,127.84969717591478
81.97,13.961946324376369,19.0776394,72.8801591,127.90699295542787
81.98,13.956356947354138,19.0776396,72.88015940000001,127.96428873494095
81.99,13.950761038456207,19.0776398,72.88015970000001,128.02158451445402
82.0,13.945158603819163,19.07764,72.88016,128.0788802939671
82.01,13.939549649586755,19.0776402,72.8801603,128.1361760734802
82.02,13.933934181909912,19.0776404,72.88016060000001,128.19347185299327
82.03,13.928312206946675,19.077640600000002,72.8801609,128.25076763250632
82.04,13.922683730862214,19.0776408,72.8801612,128.3080634120194
82.05,13.917048759828887,19.077641,72.8801615,128.3653591915325
82.06,13.91140730002607,19.077641200000002,72.88016180000001,128.42265497104557
82.07000000000001,13.905759357640356,19.0776414,72.8801621,128.47995075055866
82.08,13.900104938865393,19.0776416,72.8801624,128.53724653007174
82.09,13.894444049901937,19.077641800000002,72.8801627,128.59454230958482
82.10000000000001,13.888776696957876,19.077642,72.88016300000001,128.6518380890979
82.11,13.883102886248128,19.0776422,72.8801633,128.709133868611
82.12,13.877422623994734,19.077642400000002,72.8801636,128.76642964812405
82.13,13.871735916426795,19.0776426,72.8801639,128.82372542763716
82.14,13.866042769780474,19.0776428,72.88016420000001,128.8810212071502
82.15,13.860343190299023,19.077643000000002,72.8801645,128.9383169866633
82.16,13.854637184232732,19.0776432,72.8801648,128.99561276617635
82.17,13.848924757838917,19.0776434,72.8801651,129.05290854568943
82.18,13.843205917381951,19.077643600000002,72.88016540000001,129.11020432520252
82.19,13.837480669133276,19.0776438,72.8801657,129.1675001047156
82.2,13.831749019371287,19.077644,72.880166,129.22479588422868
82.21000000000001,13.826010974381482,19.0776442,72.8801663,129.28209166374177
82.22,13.820266540456302,19.0776444,72.88016660000001,129.33938744325485
82.23,13.81451572389522,19.0776446,72.8801669,129.39668322276793
82.24,13.808758531004742,19.0776448,72.8801672,129.45397900228102
82.25,13.8029949680983,19.077645,72.8801675,129.51127478179407
82.26,13.79722504149638,19.0776452,72.88016780000001,129.56857056130718
82.27,13.791448757526393,19.0776454,72.8801681,129.62586634082024
82.28,13.785666122522734,19.0776456,72.8801684,129.68316212033332
82.29,13.779877142826798,19.0776458,72.8801687,129.74045789984638
82.3,13.774081824786897,19.077646,72.88016900000001,129.7977536793595
82.31,13.76828017475831,19.0776462,72.8801693,129.85504945887254
82.32000000000001,13.762472199103255,19.0776464,72.8801696,129.91234523838563
82.33,13.756657904190892,19.0776466,72.8801699,129.9696410178987
82.34,13.750837296397307,19.0776468,72.88017020000001,130.0269367974118
82.35000000000001,13.745010382105502,19.077647,72.8801705,130.08423257692488
82.36,13.739177167705432,19.0776472,72.8801708,130.14152835643796
82.37,13.733337659593898,19.0776474,72.8801711,130.19882413595104
82.38,13.727491864174652,19.0776476,72.88017140000001,130.25611991546413
82.39,13.721639787858322,19.0776478,72.8801717,130.3134156949772
82.4,13.71578143706242,19.077648,72.880172,130.37071147449026
82.41,13.709916818211374,19.077648200000002,72.8801723,130.42800725400335
82.42,13.704045937736417,19.0776484,72.88017260000001,130.4853030335164
82.43,13.698168802075733,19.0776486,72.8801729,130.5425988130295
82.44,13.692285417674288,19.077648800000002,72.8801732,130.59989459254257
82.45,13.686395790983934,19.077649,72.8801735,130.65719037205565
82.46000000000001,13.680499928463393,19.0776492,72.88017380000001,130.71448615156874
82.47,13.674597836578187,19.077649400000002,72.8801741,130.77178193108182
82.48,13.668689521800696,19.0776496,72.8801744,130.8290777105949
82.49,13.662774990610089,19.0776498,72.8801747,130.88637349010799
82.5,13.656854249492387,19.077650000000002,72.88017500000001,130.88637349010799
82.51,13.650927304940398,19.0776502,72.8801753,130.88637349010799
82.52,13.644994163453763,19.0776504,72.8801756,130.88637349010799
82.53,13.6390548315389,19.077650600000002,72.8801759,130.88637349010799
82.54,13.633109315708982,19.0776508,72.88017620000001,130.88637349010799
82.55,13.62715762248404,19.077651,72.8801765,130.88637349010799
82.56,13.621199758390793,19.077651200000002,72.8801768,130.88637349010799
82.57000000000001,13.6152357299628,19.0776514,72.8801771,130.88637349010799
82.58,13.609265543740339,19.0776516,72.88017740000001,130.88637349010799
82.59,13.60328920627045,19.0776518,72.8801777,130.88637349010799
82.60000000000001,13.597306724106923,19.077652,72.880178,130.88637349010799
82.61,13.591318103810282,19.0776522,72.88017830000001,130.88637349010799
82.62,13.585323351947782,19.0776524,72.88017860000001,130.88637349010799
82.63,13.579322475093406,19.0776526,72.8801789,130.88637349010799
82.64,13.573315479827848,19.0776528,72.8801792,130.88637349010799
82.65,13.567302372738517,19.077653,72.88017950000001,130.88637349010799
82.66,13.56128316041952,19.0776532,72.88017980000001,130.88637349010799
82.67,13.555257849471666,19.0776534,72.8801801,130.88637349010799
82.68,13.549226446502434,19.0776536,72.8801804,130.88637349010799
82.69,13.543188958126015,19.0776538,72.88018070000001,130.88637349010799
82.7,13.537145390963259,19.077654,72.88018100000001,130.88637349010799
82.71000000000001,13.531095751641645,19.0776542,72.8801813,130.88637349010799
82.72,13.525040046795388,19.0776544,72.8801816,130.88637349010799
82.73,13.518978283065268,19.0776546,72.88018190000001,130.88637349010799
82.74,13.512910467098784,19.0776548,72.88018220000001,130.88637349010799
82.75,13.506836605550038,19.077655,72.8801825,130.88637349010799
82.76,13.500756705079734,19.0776552,72.8801828,130.88637349010799
82.77,13.494670772355274,19.0776554,72.88018310000001,130.88637349010799
82.78,13.48857881405058,19.0776556,72.8801834,130.88637349010799
82.79,13.48248083684627,19.077655800000002,72.8801837,130.88637349010799
82.8,13.476376847429517,19.077656,72.880184,130.88637349010799
82.81,13.470266852494078,19.0776562,72.88018430000001,130.88637349010799
82.82000000000001,13.464150858740311,19.077656400000002,72.8801846,130.88637349010799
82.83,13.45802887287517,19.0776566,72.8801849,130.88637349010799
82.84,13.451900901612156,19.0776568,72.8801852,130.88637349010799
82.85000000000001,13.445766951671331,19.077657000000002,72.88018550000001,130.88637349010799
82.86,13.439627029779365,19.0776572,72.8801858,130.88637349010799
82.87,13.433481142669368,19.0776574,72.8801861,130.88637349010799
82.88,13.427329297081107,19.077657600000002,72.8801864,130.88637349010799
82.89,13.42117149976082,19.0776578,72.88018670000001,130.88637349010799
82.9,13.415007757461277,19.077658,72.880187,130.88637349010799
82.91,13.40883807694182,19.077658200000002,72.8801873,130.88637349010799
82.92,13.402662464968198,19.0776584,72.8801876,130.88637349010799
82.93,13.396480928312767,19.0776586,72.88018790000001,130.88637349010799
82.94,13.39029347375433,19.077658800000002,72.8801882,130.88637349010799
82.95,13.38410010807818,19.077659,72.8801885,130.88637349010799
82.96000000000001,13.37790083807612,19.0776592,72.8801888,130.88637349010799
82.97,13.371695670546414,19.0776594,72.88018910000001,130.88637349010799
82.98,13.365484612293766,19.0776596,72.8801894,130.88637349010799
82.99,13.35926767012937,19.0776598,72.8801897,130.88637349010799
83.0,13.35304485087086,19.07766,72.88019,130.88637349010799
83.01,13.346816161342339,19.0776602,72.88019030000001,130.88637349010799
83.02,13.340581608374329,19.0776604,72.8801906,130.88637349010799
83.03,13.334341198803761,19.0776606,72.8801909,130.88637349010799
83.04,13.32809493947401,19.0776608,72.8801912,130.88637349010799
83.05,13.321842837234882,19.077661,72.88019150000001,130.88637349010799
83.06,13.31558489894257,19.0776612,72.8801918,130.88637349010799
83.07000000000001,13.309321131459654,19.0776614,72.8801921,130.88637349010799
83.08,13.303051541655169,19.0776616,72.8801924,130.88637349010799
83.09,13.296776136404425,19.0776618,72.88019270000001,130.88637349010799
83.10000000000001,13.290494922589215,19.077662,72.880193,130.88637349010799
83.11,13.284207907097647,19.0776622,72.8801933,130.88637349010799
83.12,13.27791509682421,19.0776624,72.8801936,130.88637349010799
83.13,13.271616498669747,19.0776626,72.88019390000001,130.88637349010799
83.14,13.265312119541413,19.0776628,72.8801942,130.88637349010799
83.15,13.259001966352766,19.077663,72.8801945,130.88637349010799
83.16,13.252686046023653,19.0776632,72.8801948,130.88637349010799
83.17,13.246364365480252,19.077663400000002,72.88019510000001,130.88637349010799
83.18,13.240036931655062,19.0776636,72.8801954,130.88637349010799
83.19,13.23370375148689,19.0776638,72.8801957,130.88637349010799
83.2,13.227364831920847,19.077664000000002,72.880196,130.88637349010799
83.21000000000001,13.22102017990832,19.0776642,72.88019630000001,130.88637349010799
83.22,13.214669802407034,19.0776644,72.8801966,130.88637349010799
83.23,13.208313706380912,19.077664600000002,72.8801969,130.88637349010799
83.24,13.201951898800235,19.0776648,72.8801972,130.88637349010799
83.25,13.195584386641475,19.077665,72.88019750000001,130.88637349010799
83.26,13.189211176887387,19.077665200000002,72.8801978,130.88637349010799
83.27,13.18283227652701,19.0776654,72.8801981,130.88637349010799
83.28,13.176447692555548,19.0776656,72.8801984,130.88637349010799
83.29,13.170057431974527,19.077665800000002,72.88019870000001,130.88637349010799
83.3,13.163661501791612,19.077666,72.880199,130.88637349010799
83.31,13.157259909020727,19.0776662,72.8801993,130.88637349010799
83.32000000000001,13.150852660682027,19.077666400000002,72.8801996,130.88637349010799
83.33,13.144439763801833,19.0776666,72.88019990000001,130.88637349010799
83.34,13.138021225412682,19.0776668,72.8802002,130.88637349010799
83.35000000000001,13.13159705255326,19.077667,72.8802005,130.88637349010799
83.36,13.12516725226849,19.0776672,72.88020080000001,130.88637349010799
83.37,13.118731831609427,19.0776674,72.88020110000001,130.88637349010799
83.38,13.112290797633296,19.0776676,72.8802014,130.88637349010799
83.39,13.105844157403482,19.0776678,72.8802017,130.88637349010799
83.4,13.099391917989518,19.077668,72.88020200000001,130.88637349010799
83.41,13.092934086467084,19.0776682,72.88020230000001,130.88637349010799
83.42,13.086470669917954,19.0776684,72.8802026,130.88637349010799
83.43,13.080001675430086,19.0776686,72.8802029,130.88637349010799
83.44,13.073527110097519,19.0776688,72.88020320000001,130.88637349010799
83.45,13.067046981020404,19.077669,72.88020350000001,130.88637349010799
83.46000000000001,13.060561295304998,19.0776692,72.8802038,130.88637349010799
83.47,13.054070060063651,19.0776694,72.8802041,130.88637349010799
83.48,13.047573282414799,19.0776696,72.88020440000001,130.88637349010799
83.49,13.041070969482956,19.0776698,72.88020470000001,130.88637349010799
83.5,13.034563128398693,19.07767,72.880205,130.88637349010799
83.51,13.028049766298688,19.0776702,72.8802053,130.88637349010799
83.52,13.021530890325609,19.0776704,72.88020560000001,130.88637349010799
83.53,13.015006507628215,19.0776706,72.8802059,130.88637349010799
83.54,13.008476625361276,19.0776708,72.8802062,130.88637349010799
83.55,13.001941250685636,19.077671000000002,72.8802065,130.88637349010799
83.56,12.995400390768133,19.0776712,72.88020680000001,130.88637349010799
83.57000000000001,12.988854052781587,19.0776714,72.8802071,130.88637349010799
83.58,12.982302243904908,19.077671600000002,72.8802074,130.88637349010799
83.59,12.975744971322909,19.0776718,72.8802077,130.88637349010799
83.60000000000001,12.96918224222648,19.077672,72.88020800000001,130.88637349010799
83.61,12.962614063812456,19.077672200000002,72.8802083,130.88637349010799
83.62,12.95604044328362,19.0776724,72.8802086,130.88637349010799
83.63,12.949461387848793,19.0776726,72.8802089,130.88637349010799
83.64,12.942876904722674,19.077672800000002,72.88020920000001,130.88637349010799
83.65,12.936287001125988,19.077673,72.8802095,130.88637349010799
83.66,12.929691684285363,19.0776732,72.8802098,130.88637349010799
83.67,12.923090961433372,19.077673400000002,72.8802101,130.88637349010799
83.68,12.916484839808515,19.0776736,72.88021040000001,130.88637349010799
83.69,12.909873326655218,19.0776738,72.8802107,130.88637349010799
83.7,12.903256429223813,19.077674000000002,72.880211,130.88637349010799
83.71000000000001,12.896634154770528,19.0776742,72.8802113,130.88637349010799
83.72,12.890006510557546,19.0776744,72.88021160000001,130.88637349010799
83.73,12.883373503852823,19.0776746,72.8802119,130.88637349010799
83.74,12.876735141930308,19.0776748,72.8802122,130.88637349010799
83.75,12.870091432069767,19.077675,72.8802125,130.88637349010799
83.76,12.863442381556835,19.0776752,72.88021280000001,130.88637349010799
83.77,12.856787997683053,19.0776754,72.8802131,130.88637349010799
83.78,12.850128287745703,19.0776756,72.8802134,130.88637349010799
83.79,12.843463259048015,19.0776758,72.8802137,130.88637349010799
83.8,12.836792918899004,19.077676,72.88021400000001,130.88637349010799
83.81,12.830117274613501,19.0776762,72.8802143,130.88637349010799
83.82000000000001,12.823436333512191,19.0776764,72.8802146,130.88637349010799
83.83,12.81675010292155,19.0776766,72.8802149,130.88637349010799
83.84,12.81005859017382,19.0776768,72.88021520000001,130.88637349010799
83.85000000000001,12.803361802607068,19.077677,72.8802155,130.88637349010799
83.86,12.796659747565167,19.0776772,72.8802158,130.88637349010799
83.87,12.78995243239773,19.0776774,72.8802161,130.88637349010799
83.88,12.78323986446016,19.0776776,72.88021640000001,130.88637349010799
83.89,12.77652205111359,19.0776778,72.8802167,130.88637349010799
83.9,12.769798999724925,19.077678,72.880217,130.88637349010799
83.91,12.763070717666839,19.0776782,72.8802173,130.88637349010799
83.92,12.756337212317703,19.0776784,72.88021760000001,130.88637349010799
83.93,12.749598491061626,19.077678600000002,72.8802179,130.88637349010799
83.94,12.742854561288485,19.0776788,72.8802182,130.88637349010799
83.95,12.736105430393756,19.077679,72.8802185,130.88637349010799
83.96000000000001,12.729351105778736,19.077679200000002,72.88021880000001,130.88637349010799
83.97,12.722591594850357,19.0776794,72.8802191,130.88637349010799
83.98,12.715826905021242,19.0776796,72.8802194,130.88637349010799
83.99,12.709057043709748,19.077679800000002,72.8802197,130.88637349010799
84.0,12.702282018339787,19.07768,72.88022000000001,130.88637349010799
84.01,12.695501836341055,19.0776802,72.8802203,130.88637349010799
84.02,12.688716505148836,19.077680400000002,72.8802206,130.88637349010799
84.03,12.681926032204085,19.0776806,72.8802209,130.88637349010799
84.04,12.67513042495337,19.0776808,72.88022120000001,130.88637349010799
84.05,12.668329690848944,19.077681000000002,72.8802215,130.88637349010799
84.06,12.661523837348614,19.0776812,72.8802218,130.88637349010799
84.07000000000001,12.654712871915828,19.0776814,72.8802221,130.88637349010799
84.08,12.647896802019684,19.077681600000002,72.88022240000001,130.88637349010799
84.09,12.64107563513479,19.0776818,72.8802227,130.88637349010799
84.10000000000001,12.634249378741437,19.077682,72.880223,130.88637349010799
84.11,12.62741804032542,19.0776822,72.8802233,130.88637349010799
84.12,12.620581627378137,19.0776824,72.88022360000001,130.88637349010799
84.13,12.613740147396587,19.0776826,72.8802239,130.88637349010799
84.14,12.60689360788325,19.0776828,72.8802242,130.88637349010799
84.15,12.600042016346237,19.077683,72.88022450000001,130.88637349010799
84.16,12.593185380299126,19.0776832,72.88022480000001,130.88637349010799
84.17,12.586323707261059,19.0776834,72.8802251,130.88637349010799
84.18,12.579457004756726,19.0776836,72.8802254,130.88637349010799
84.19,12.572585280316293,19.0776838,72.88022570000001,130.88637349010799
84.2,12.565708541475452,19.077684,72.88022600000001,130.88637349010799
84.21000000000001,12.558826795775389,19.0776842,72.8802263,130.88637349010799
84.22,12.551940050762784,19.0776844,72.8802266,130.88637349010799
84.23,12.545048313989792,19.0776846,72.88022690000001,130.88637349010799
84.24,12.538151593014053,19.0776848,72.88022720000001,130.88637349010799
84.25,12.531249895398663,19.077685,72.8802275,130.88637349010799
84.26,12.524343228712183,19.0776852,72.8802278,130.88637349010799
84.27,12.517431600528619,19.0776854,72.88022810000001,130.88637349010799
84.28,12.510515018427416,19.0776856,72.88022840000001,130.88637349010799
84.29,12.503593489993447,19.0776858,72.8802287,130.88637349010799
84.3,12.496667022817048,19.077686,72.880229,130.88637349010799
84.31,12.489735624493894,19.077686200000002,72.88022930000001,130.88637349010799
84.32000000000001,12.48279930262516,19.0776864,72.8802296,130.88637349010799
84.33,12.475858064817341,19.0776866,72.8802299,130.88637349010799
84.34,12.468911918682362,19.077686800000002,72.8802302,130.88637349010799
84.35000000000001,12.461960871837515,19.077687,72.88023050000001,130.88637349010799
84.36,12.4550049319055,19.0776872,72.8802308,130.88637349010799
84.37,12.448044106514352,19.077687400000002,72.8802311,130.88637349010799
84.38,12.441078403297453,19.0776876,72.8802314,130.88637349010799
84.39,12.43410782989356,19.0776878,72.88023170000001,130.88637349010799
84.4,12.42713239394675,19.077688000000002,72.880232,130.88637349010799
84.41,12.420152103106464,19.0776882,72.8802323,130.88637349010799
84.42,12.41316696502745,19.0776884,72.8802326,130.88637349010799
84.43,12.406176987369733,19.077688600000002,72.88023290000001,130.88637349010799
84.44,12.399182177798728,19.0776888,72.8802332,130.88637349010799
84.45,12.39218254398505,19.077689,72.8802335,130.88637349010799
84.46000000000001,12.385178093604699,19.077689200000002,72.8802338,130.88637349010799
84.47,12.378168834338894,19.0776894,72.88023410000001,130.88637349010799
84.48,12.371154773874153,19.0776896,72.8802344,130.88637349010799
84.49,12.36413591990226,19.0776898,72.8802347,130.88637349010799
84.5,12.357112280120216,19.07769,72.880235,130.88637349010799
84.51,12.35008386223034,19.0776902,72.88023530000001,130.88637349010799
84.52,12.34305067394014,19.0776904,72.8802356,130.88637349010799
84.53,12.336012722962373,19.0776906,72.8802359,130.88637349010799
84.54,12.32897001701501,19.0776908,72.8802362,130.88637349010799
84.55,12.321922563821243,19.077691,72.88023650000001,130.88637349010799
84.56,12.314870371109471,19.0776912,72.8802368,130.88637349010799
84.57000000000001,12.307813446613274,19.0776914,72.8802371,130.88637349010799
84.58,12.300751798071458,19.0776916,72.8802374,130.88637349010799
84.59,12.293685433227989,19.0776918,72.88023770000001,130.88637349010799
84.60000000000001,12.286614359831965,19.077692,72.880238,130.88637349010799
84.61,12.279538585637734,19.0776922,72.8802383,130.88637349010799
84.62,12.272458118404701,19.0776924,72.8802386,130.88637349010799
84.63,12.265372965897516,19.0776926,72.88023890000001,130.88637349010799
84.64,12.258283135885879,19.0776928,72.8802392,130.88637349010799
84.65,12.25118863614467,19.077693,72.8802395,130.88637349010799
84.66,12.24408947445388,19.0776932,72.8802398,130.88637349010799
84.67,12.236985658598597,19.0776934,72.88024010000001,130.88637349010799
84.68,12.22987719636905,19.0776936,72.8802404,130.88637349010799
84.69,12.222764095560539,19.077693800000002,72.8802407,130.88637349010799
84.7,12.21564636397343,19.077694,72.880241,130.88637349010799
84.71000000000001,12.208524009413185,19.0776942,72.88024130000001,130.88637349010799
84.72,12.201397039690363,19.077694400000002,72.8802416,130.88637349010799
84.73,12.194265462620551,19.0776946,72.8802419,130.88637349010799
84.74,12.187129286024396,19.0776948,72.8802422,130.88637349010799
84.75,12.179988517727601,19.077695000000002,72.88024250000001,130.88637349010799
84.76,12.172843165560863,19.0776952,72.8802428,130.88637349010799
84.77,12.165693237359967,19.0776954,72.8802431,130.88637349010799
84.78,12.158538740965676,19.077695600000002,72.8802434,130.88637349010799
84.79,12.151379684223762,19.0776958,72.88024370000001,130.88637349010799
84.8,12.144216074985057,19.077696,72.880244,130.88637349010799
84.81,12.13704792110526,19.077696200000002,72.8802443,130.88637349010799
84.82000000000001,12.129875230445183,19.0776964,72.8802446,130.88637349010799
84.83,12.122698010870547,19.0776966,72.88024490000001,130.88637349010799
84.84,12.115516270252042,19.077696800000002,72.8802452,130.88637349010799
84.85000000000001,12.108330016465352,19.077697,72.8802455,130.88637349010799
84.86,12.101139257391084,19.0776972,72.8802458,130.88637349010799
84.87,12.093944000914764,19.0776974,72.88024610000001,130.88637349010799
84.88,12.086744254926884,19.0776976,72.8802464,130.88637349010799
84.89,12.079540027322835,19.0776978,72.8802467,130.88637349010799
84.9,12.072331326002963,19.077698,72.88024700000001,130.88637349010799
84.91,12.065118158872494,19.0776982,72.88024730000001,130.88637349010799
84.92,12.057900533841519,19.0776984,72.8802476,130.88637349010799
84.93,12.050678458825056,19.0776986,72.8802479,130.88637349010799
84.94,12.043451941743028,19.0776988,72.88024820000001,130.88637349010799
84.95,12.03622099052015,19.077699,72.88024850000001,130.88637349010799
84.96000000000001,12.028985613086096,19.0776992,72.8802488,130.88637349010799
84.97,12.021745817375304,19.0776994,72.8802491,130.88637349010799
84.98,12.014501611327105,19.0776996,72.88024940000001,130.88637349010799
84.99,12.00725300288569,19.0776998,72.88024970000001,130.88637349010799
85.0,11.999999999999998,19.0777,72.88025,130.88637349010799
85.01,11.992742610623875,19.0777002,72.8802503,130.88637349010799
85.02,11.985480842715939,19.0777004,72.88025060000001,130.88637349010799
85.03,11.97821470423957,19.0777006,72.88025090000001,130.88637349010799
85.04,11.970944203163015,19.0777008,72.8802512,130.88637349010799
85.05,11.96366934745926,19.077701,72.8802515,130.88637349010799
85.06,11.956390145106077,19.0777012,72.88025180000001,130.88637349010799
85.07000000000001,11.949106604086005,19.077701400000002,72.8802521,130.88637349010799
85.08,11.941818732386334,19.0777016,72.8802524,130.88637349010799
85.09,11.934526537999115,19.0777018,72.8802527,130.88637349010799
85.10000000000001,11.927230028921118,19.077702000000002,72.88025300000001,130.88637349010799
85.11,11.919929213153896,19.0777022,72.8802533,130.88637349010799
85.12,11.912624098703642,19.0777024,72.8802536,130.88637349010799
85.13,11.905314693581357,19.077702600000002,72.8802539,130.88637349010799
85.14,11.898001005802662,19.0777028,72.88025420000001,130.88637349010799
85.15,11.890683043387916,19.077703,72.8802545,130.88637349010799
85.16,11.883360814362197,19.077703200000002,72.8802548,130.88637349010799
85.17,11.876034326755178,19.0777034,72.8802551,130.88637349010799
85.18,11.8687035886013,19.0777036,72.88025540000001,130.88637349010799
85.19,11.861368607939577,19.077703800000002,72.8802557,130.88637349010799
85.2,11.854029392813718,19.077704,72.880256,130.88637349010799
85.21000000000001,11.846685951272095,19.0777042,72.8802563,130.88637349010799
85.22,11.83933829136768,19.077704400000002,72.88025660000001,130.88637349010799
85.23,11.831986421158097,19.0777046,72.8802569,130.88637349010799
85.24,11.824630348705547,19.0777048,72.8802572,130.88637349010799
85.25,11.817270082076877,19.077705,72.8802575,130.88637349010799
85.26,11.809905629343511,19.0777052,72.88025780000001,130.88637349010799
85.27,11.802536998581498,19.0777054,72.8802581,130.88637349010799
85.28,11.795164197871433,19.0777056,72.8802584,130.88637349010799
85.29,11.787787235298495,19.0777058,72.8802587,130.88637349010799
85.3,11.780406118952444,19.077706,72.88025900000001,130.88637349010799
85.31,11.773020856927538,19.0777062,72.8802593,130.88637349010799
85.32000000000001,11.76563145732266,19.0777064,72.8802596,130.88637349010799
85.33,11.758237928241183,19.0777066,72.8802599,130.88637349010799
85.34,11.750840277791015,19.0777068,72.88026020000001,130.88637349010799
85.35000000000001,11.74343851408459,19.077707,72.8802605,130.88637349010799
85.36,11.736032645238845,19.0777072,72.8802608,130.88637349010799
85.37,11.728622679375226,19.0777074,72.8802611,130.88637349010799
85.38,11.72120862461967,19.0777076,72.88026140000001,130.88637349010799
85.39,11.713790489102582,19.0777078,72.8802617,130.88637349010799
85.4,11.706368280958898,19.077708,72.880262,130.88637349010799
85.41,11.69894200832794,19.0777082,72.8802623,130.88637349010799
85.42,11.691511679353537,19.0777084,72.88026260000001,130.88637349010799
85.43,11.684077302183946,19.0777086,72.8802629,130.88637349010799
85.44,11.676638884971897,19.0777088,72.8802632,130.88637349010799
85.45,11.669196435874525,19.077709000000002,72.8802635,130.88637349010799
85.46000000000001,11.661749963053355,19.0777092,72.88026380000001,130.88637349010799
85.47,11.654299474674403,19.0777094,72.8802641,130.88637349010799
85.48,11.646844978907996,19.077709600000002,72.8802644,130.88637349010799
85.49,11.639386483928938,19.0777098,72.8802647,130.88637349010799
85.5,11.631923997916383,19.07771,72.88026500000001,130.88637349010799
85.51,11.624457529053826,19.077710200000002,72.8802653,130.88637349010799
85.52,11.616987085529216,19.0777104,72.8802656,130.88637349010799
85.53,11.609512675534758,19.0777106,72.8802659,130.88637349010799
85.54,11.602034307267099,19.077710800000002,72.88026620000001,130.88637349010799
85.55,11.594551988927172,19.077711,72.8802665,130.88637349010799
85.56,11.587065728720269,19.0777112,72.8802668,130.88637349010799
85.57000000000001,11.579575534855957,19.077711400000002,72.8802671,130.88637349010799
85.58,11.572081415548189,19.0777116,72.88026740000001,130.88637349010799
85.59,11.56458337901517,19.0777118,72.8802677,130.88637349010799
85.60000000000001,11.557081433479407,19.077712000000002,72.880268,130.88637349010799
85.61,11.549575587167755,19.0777122,72.8802683,130.88637349010799
85.62,11.542065848311214,19.0777124,72.88026860000001,130.88637349010799
85.63,11.534552225145188,19.0777126,72.8802689,130.88637349010799
85.64,11.527034725909271,19.0777128,72.8802692,130.88637349010799
85.65,11.51951335884731,19.077713,72.88026950000001,130.88637349010799
85.66,11.511988132207462,19.0777132,72.88026980000001,130.88637349010799
85.67,11.504459054241977,19.0777134,72.8802701,130.88637349010799
85.68,11.496926133207468,19.0777136,72.8802704,130.88637349010799
85.69,11.489389377364692,19.0777138,72.88027070000001,130.88637349010799
85.7,11.481848794978612,19.077714,72.88027100000001,130.88637349010799
85.71000000000001,11.47430439431843,19.0777142,72.8802713,130.88637349010799
85.72,11.466756183657504,19.0777144,72.8802716,130.88637349010799
85.73,11.459204171273347,19.0777146,72.88027190000001,130.88637349010799
85.74,11.45164836544768,19.0777148,72.88027220000001,130.88637349010799
85.75,11.444088774466357,19.077715,72.8802725,130.88637349010799
85.76,11.436525406619422,19.0777152,72.8802728,130.88637349010799
85.77,11.428958270201036,19.0777154,72.88027310000001,130.88637349010799
85.78,11.421387373509464,19.0777156,72.88027340000001,130.88637349010799
85.79,11.413812724847126,19.0777158,72.8802737,130.88637349010799
85.8,11.40623433252058,19.077716,72.880274,130.88637349010799
85.81,11.398652204840442,19.0777162,72.88027430000001,130.88637349010799
85.82000000000001,11.391066350121438,19.0777164,72.8802746,130.88637349010799
85.83,11.383476776682437,19.077716600000002,72.8802749,130.88637349010799
85.84,11.375883492846262,19.0777168,72.8802752,130.88637349010799
85.85000000000001,11.368286506939928,19.077717,72.88027550000001,130.88637349010799
85.86,11.36068582729445,19.077717200000002,72.8802758,130.88637349010799
85.87,11.353081462244905,19.0777174,72.8802761,130.88637349010799
85.88,11.345473420130427,19.0777176,72.8802764,130.88637349010799
85.89,11.337861709294124,19.077717800000002,72.88027670000001,130.88637349010799
85.9,11.330246338083212,19.077718,72.880277,130.88637349010799
85.91,11.322627314848864,19.0777182,72.8802773,130.88637349010799
85.92,11.315004647946276,19.077718400000002,72.8802776,130.88637349010799
85.93,11.307378345734623,19.0777186,72.88027790000001,130.88637349010799
85.94,11.299748416577117,19.0777188,72.8802782,130.88637349010799
85.95,11.292114868840875,19.077719000000002,72.8802785,130.88637349010799
85.96000000000001,11.284477710897017,19.0777192,72.8802788,130.88637349010799
85.97,11.27683695112066,19.0777194,72.88027910000001,130.88637349010799
85.98,11.269192597890786,19.0777196,72.8802794,130.88637349010799
85.99,11.261544659590413,19.0777198,72.8802797,130.88637349010799
86.0,11.253893144606408,19.07772,72.88028,130.88637349010799
86.01,11.246238061329594,19.0777202,72.88028030000001,130.88637349010799
86.02,11.238579418154746,19.0777204,72.8802806,130.88637349010799
86.03,11.230917223480457,19.0777206,72.8802809,130.88637349010799
86.04,11.22325148570931,19.0777208,72.8802812,130.88637349010799
86.05,11.215582213247691,19.077721,72.88028150000001,130.88637349010799
86.06,11.207909414505895,19.0777212,72.8802818,130.88637349010799
86.07000000000001,11.200233097898115,19.0777214,72.8802821,130.88637349010799
86.08,11.19255327184236,19.0777216,72.8802824,130.88637349010799
86.09,11.184869944760498,19.0777218,72.88028270000001,130.88637349010799
86.10000000000001,11.177183125078244,19.077722,72.880283,130.88637349010799
86.11,11.169492821225134,19.0777222,72.8802833,130.88637349010799
86.12,11.16179904163453,19.0777224,72.8802836,130.88637349010799
86.13,11.154101794743609,19.0777226,72.88028390000001,130.88637349010799
86.14,11.14640108899334,19.0777228,72.8802842,130.88637349010799
86.15,11.138696932828493,19.077723,72.8802845,130.88637349010799
86.16,11.130989334697635,19.0777232,72.8802848,130.88637349010799
86.17,11.12327830305305,19.0777234,72.88028510000001,130.88637349010799
86.18,11.11556384635087,19.0777236,72.8802854,130.88637349010799
86.19,11.107845973050932,19.0777238,72.8802857,130.88637349010799
86.2,11.100124691616815,19.077724,72.880286,130.88637349010799
86.21000000000001,11.092400010515888,19.077724200000002,72.88028630000001,130.88637349010799
86.22,11.084671938219177,19.0777244,72.8802866,130.88637349010799
86.23,11.076940483201469,19.0777246,72.8802869,130.88637349010799
86.24,11.069205653941257,19.077724800000002,72.8802872,130.88637349010799
86.25,11.061467458920712,19.077725,72.88028750000001,130.88637349010799
86.26,11.053725906625754,19.0777252,72.8802878,130.88637349010799
86.27,11.045981005545906,19.077725400000002,72.8802881,130.88637349010799
86.28,11.038232764174417,19.0777256,72.8802884,130.88637349010799
86.29,11.030481191008166,19.0777258,72.88028870000001,130.88637349010799
86.3,11.022726294547732,19.077726000000002,72.880289,130.88637349010799
86.31,11.01496808329731,19.0777262,72.8802893,130.88637349010799
86.32000000000001,11.00720656576469,19.0777264,72.8802896,130.88637349010799
86.33,10.999441750461381,19.077726600000002,72.88028990000001,130.88637349010799
86.34,10.9916736459024,19.0777268,72.8802902,130.88637349010799
86.35000000000001,10.983902260606468,19.077727,72.8802905,130.88637349010799
86.36,10.976127603095849,19.0777272,72.8802908,130.88637349010799
86.37,10.968349681896406,19.0777274,72.88029110000001,130.88637349010799
86.38,10.960568505537598,19.0777276,72.8802914,130.88637349010799
86.39,10.9527840825524,19.0777278,72.8802917,130.88637349010799
86.4,10.944996421477423,19.077728,72.88029200000001,130.88637349010799
86.41,10.937205530852783,19.0777282,72.88029230000001,130.88637349010799
86.42,10.929411419222143,19.0777284,72.8802926,130.88637349010799
86.43,10.921614095132703,19.0777286,72.8802929,130.88637349010799
86.44,10.913813567135188,19.0777288,72.88029320000001,130.88637349010799
86.45,10.90600984378383,19.077729,72.88029350000001,130.88637349010799
86.46000000000001,10.898202933636355,19.0777292,72.8802938,130.88637349010799
86.47,10.890392845254052,19.0777294,72.8802941,130.88637349010799
86.48,10.882579587201562,19.0777296,72.88029440000001,130.88637349010799
86.49,10.87476316804713,19.0777298,72.88029470000001,130.88637349010799
86.5,10.866943596362407,19.07773,72.880295,130.88637349010799
86.51,10.859120880722498,19.0777302,72.8802953,130.88637349010799
86.52,10.851295029706012,19.0777304,72.88029560000001,130.88637349010799
86.53,10.84346605189491,19.0777306,72.88029590000001,130.88637349010799
86.54,10.835633955874645,19.0777308,72.8802962,130.88637349010799
86.55,10.827798750234065,19.077731,72.8802965,130.88637349010799
86.56,10.819960443565423,19.0777312,72.88029680000001,130.88637349010799
86.57000000000001,10.81211904446441,19.0777314,72.8802971,130.88637349010799
86.58,10.80427456153008,19.0777316,72.8802974,130.88637349010799
86.59,10.796427003364848,19.077731800000002,72.8802977,130.88637349010799
86.60000000000001,10.788576378574518,19.077732,72.88029800000001,130.88637349010799
86.61,10.780722695768294,19.0777322,72.8802983,130.88637349010799
86.62,10.772865963558685,19.077732400000002,72.8802986,130.88637349010799
86.63,10.765006190561564,19.0777326,72.8802989,130.88637349010799
86.64,10.757143385396148,19.0777328,72.88029920000001,130.88637349010799
86.65,10.749277556684927,19.077733000000002,72.8802995,130.88637349010799
86.66,10.741408713053787,19.0777332,72.8802998,130.88637349010799
86.67,10.733536863131867,19.0777334,72.8803001,130.88637349010799
86.68,10.7256620155516,19.077733600000002,72.88030040000001,130.88637349010799
86.69,10.717784178948778,19.0777338,72.8803007,130.88637349010799
86.7,10.709903361962333,19.077734,72.880301,130.88637349010799
86.71000000000001,10.702019573234601,19.077734200000002,72.8803013,130.88637349010799
86.72,10.69413282141111,19.0777344,72.88030160000001,130.88637349010799
86.73,10.686243115140634,19.0777346,72.8803019,130.88637349010799
86.74,10.678350463075262,19.0777348,72.8803022,130.88637349010799
86.75,10.67045487387017,19.077735,72.8803025,130.88637349010799
86.76,10.662556356183897,19.0777352,72.88030280000001,130.88637349010799
86.77,10.654654918678121,19.0777354,72.8803031,130.88637349010799
86.78,10.646750570017735,19.0777356,72.8803034,130.88637349010799
86.79,10.638843318870816,19.0777358,72.8803037,130.88637349010799
86.8,10.630933173908673,19.077736,72.88030400000001,130.88637349010799
86.81,10.623020143805709,19.0777362,72.8803043,130.88637349010799
86.82000000000001,10.615104237239533,19.0777364,72.8803046,130.88637349010799
86.83,10.607185462890948,19.0777366,72.8803049,130.88637349010799
86.84,10.599263829443807,19.0777368,72.88030520000001,130.88637349010799
86.85000000000001,10.591339345585205,19.077737,72.8803055,130.88637349010799
86.86,10.58341202000527,19.0777372,72.8803058,130.88637349010799
86.87,10.575481861397286,19.0777374,72.8803061,130.88637349010799
86.88,10.567548878457686,19.0777376,72.88030640000001,130.88637349010799
86.89,10.559613079885905,19.0777378,72.8803067,130.88637349010799
86.9,10.551674474384559,19.077738,72.880307,130.88637349010799
86.91,10.5437330706593,19.0777382,72.8803073,130.88637349010799
86.92,10.535788877418813,19.0777384,72.88030760000001,130.88637349010799
86.93,10.52784190337492,19.0777386,72.8803079,130.88637349010799
86.94,10.519892157242438,19.0777388,72.8803082,130.88637349010799
86.95,10.51193964773924,19.077739,72.8803085,130.88637349010799
86.96000000000001,10.503984383586227,19.0777392,72.88030880000001,130.88637349010799
86.97,10.49602637350732,19.077739400000002,72.8803091,130.88637349010799
86.98,10.488065626229455,19.0777396,72.8803094,130.88637349010799
86.99,10.480102150482566,19.0777398,72.8803097,130.88637349010799
87.0,10.472135954999583,19.077740000000002,72.88031000000001,130.88637349010799
87.01,10.464167048516398,19.0777402,72.8803103,130.88637349010799
87.02,10.456195439771939,19.0777404,72.8803106,130.88637349010799
87.03,10.44822113750801,19.077740600000002,72.8803109,130.88637349010799
87.04,10.440244150469411,19.0777408,72.88031120000001,130.88637349010799
87.05,10.432264487403927,19.077741,72.8803115,130.88637349010799
87.06,10.424282157062184,19.077741200000002,72.8803118,130.88637349010799
87.07000000000001,10.416297168197838,19.0777414,72.8803121,130.88637349010799
87.08,10.40830952956737,19.0777416,72.88031240000001,130.88637349010799
87.09,10.400319249930217,19.077741800000002,72.8803127,130.88637349010799
87.10000000000001,10.392326338048687,19.077742,72.880313,130.88637349010799
87.11,10.384330802688016,19.0777422,72.8803133,130.88637349010799
87.12,10.376332652616288,19.0777424,72.88031360000001,130.88637349010799
87.13,10.368331896604428,19.0777426,72.8803139,130.88637349010799
87.14,10.36032854342626,19.0777428,72.8803142,130.88637349010799
87.15,10.352322601858429,19.077743,72.88031450000001,130.88637349010799
87.16,10.344314080680457,19.0777432,72.88031480000001,130.88637349010799
87.17,10.336302988674657,19.0777434,72.8803151,130.88637349010799
87.18,10.328289334626174,19.0777436,72.8803154,130.88637349010799
87.19,10.320273127322974,19.0777438,72.88031570000001,130.88637349010799
87.2,10.31225437555577,19.077744,72.88031600000001,130.88637349010799
87.21000000000001,10.304233088118153,19.0777442,72.8803163,130.88637349010799
87.22,10.29620927380643,19.0777444,72.8803166,130.88637349010799
87.23,10.288182941419695,19.0777446,72.88031690000001,130.88637349010799
87.24,10.280154099759823,19.0777448,72.88031720000001,130.88637349010799
87.25,10.272122757631383,19.077745,72.8803175,130.88637349010799
87.26,10.264088923841765,19.0777452,72.8803178,130.88637349010799
87.27,10.256052607201038,19.0777454,72.88031810000001,130.88637349010799
87.28,10.248013816521997,19.0777456,72.88031840000001,130.88637349010799
87.29,10.239972560620204,19.0777458,72.8803187,130.88637349010799
87.3,10.231928848313839,19.077746,72.880319,130.88637349010799
87.31,10.223882688423831,19.0777462,72.88031930000001,130.88637349010799
87.32000000000001,10.21583408977377,19.0777464,72.8803196,130.88637349010799
87.33,10.207783061189957,19.0777466,72.8803199,130.88637349010799
87.34,10.199729611501335,19.0777468,72.8803202,130.88637349010799
87.35000000000001,10.191673749539452,19.077747000000002,72.88032050000001,130.88637349010799
87.36,10.18361548413861,19.0777472,72.8803208,130.88637349010799
87.37,10.175554824135624,19.0777474,72.8803211,130.88637349010799
87.38,10.167491778370055,19.077747600000002,72.8803214,130.88637349010799
87.39,10.15942635568398,19.0777478,72.88032170000001,130.88637349010799
87.4,10.151358564922122,19.077748,72.880322,130.88637349010799
87.41,10.143288414931844,19.077748200000002,72.8803223,130.88637349010799
87.42,10.135215914563002,19.0777484,72.8803226,130.88637349010799
87.43,10.12714107266812,19.0777486,72.88032290000001,130.88637349010799
87.44,10.119063898102244,19.077748800000002,72.8803232,130.88637349010799
87.45,10.110984399722994,19.077749,72.8803235,130.88637349010799
87.46000000000001,10.102902586390496,19.0777492,72.8803238,130.88637349010799
87.47,10.094818466967483,19.077749400000002,72.88032410000001,130.88637349010799
87.48,10.086732050319174,19.0777496,72.8803244,130.88637349010799
87.49,10.078643345313317,19.0777498,72.8803247,130.88637349010799
87.5,10.07055236082018,19.07775,72.880325,130.88637349010799
87.51,10.06245910571248,19.0777502,72.88032530000001,130.88637349010799
87.52,10.054363588865503,19.0777504,72.8803256,130.88637349010799
87.53,10.046265819156964,19.0777506,72.8803259,130.88637349010799
87.54,10.038165805467045,19.0777508,72.8803262,130.88637349010799
87.55,10.030063556678462,19.077751,72.88032650000001,130.88637349010799
87.56,10.021959081676238,19.0777512,72.8803268,130.88637349010799
87.57000000000001,10.013852389347981,19.0777514,72.8803271,130.88637349010799
87.58,10.005743488583658,19.0777516,72.8803274,130.88637349010799
87.59,9.99763238827566,19.0777518,72.88032770000001,130.88637349010799
87.60000000000001,9.98951909731883,19.077752,72.880328,130.88637349010799
87.61,9.981403624610387,19.0777522,72.8803283,130.88637349010799
87.62,9.973285979049914,19.0777524,72.8803286,130.88637349010799
87.63,9.965166169539417,19.0777526,72.88032890000001,130.88637349010799
87.64,9.957044204983251,19.0777528,72.8803292,130.88637349010799
87.65,9.948920094288175,19.077753,72.8803295,130.88637349010799
87.66,9.940793846363269,19.0777532,72.8803298,130.88637349010799
87.67,9.932665470119932,19.0777534,72.88033010000001,130.88637349010799
87.68,9.924534974471928,19.0777536,72.8803304,130.88637349010799
87.69,9.916402368335385,19.0777538,72.8803307,130.88637349010799
87.7,9.908267660628644,19.077754,72.880331,130.88637349010799
87.71000000000001,9.900130860272439,19.0777542,72.88033130000001,130.88637349010799
87.72,9.891991976189809,19.0777544,72.8803316,130.88637349010799
87.73,9.883851017305957,19.077754600000002,72.8803319,130.88637349010799
87.74,9.875707992548513,19.0777548,72.8803322,130.88637349010799
87.75,9.867562910847242,19.077755,72.88033250000001,130.88637349010799
87.76,9.859415781134272,19.077755200000002,72.8803328,130.88637349010799
87.77,9.851266612343926,19.0777554,72.8803331,130.88637349010799
87.78,9.843115413412725,19.0777556,72.8803334,130.88637349010799
87.79,9.834962193279502,19.077755800000002,72.88033370000001,130.88637349010799
87.8,9.826806960885248,19.077756,72.880334,130.88637349010799
87.81,9.818649725173174,19.0777562,72.8803343,130.88637349010799
87.82000000000001,9.810490495088676,19.077756400000002,72.8803346,130.88637349010799
87.83,9.802329279579393,19.0777566,72.88033490000001,130.88637349010799
87.84,9.794166087595054,19.0777568,72.8803352,130.88637349010799
87.85000000000001,9.786000928087601,19.077757000000002,72.8803355,130.88637349010799
87.86,9.777833810011176,19.0777572,72.8803358,130.88637349010799
87.87,9.769664742321968,19.0777574,72.88033610000001,130.88637349010799
87.88,9.76149373397842,19.0777576,72.8803364,130.88637349010799
87.89,9.753320793940997,19.0777578,72.8803367,130.88637349010799
87.9,9.745145931172333,19.077758,72.880337,130.88637349010799
87.91,9.736969154637212,19.0777582,72.88033730000001,130.88637349010799
87.92,9.72879047330241,19.0777584,72.8803376,130.88637349010799
87.93,9.720609896136915,19.0777586,72.8803379,130.88637349010799
87.94,9.71242743211169,19.0777588,72.88033820000001,130.88637349010799
87.95,9.704243090199808,19.077759,72.88033850000001,130.88637349010799
87.96000000000001,9.696056879376433,19.0777592,72.8803388,130.88637349010799
87.97,9.687868808618735,19.0777594,72.8803391,130.88637349010799
87.98,9.679678886905936,19.0777596,72.88033940000001,130.88637349010799
87.99,9.671487123219306,19.0777598,72.88033970000001,130.88637349010799
88.0,9.663293526542088,19.07776,72.88034,130.88637349010799
88.01,9.655098105859565,19.0777602,72.8803403,130.88637349010799
88.02,9.64690087015905,19.0777604,72.88034060000001,130.88637349010799
88.03,9.638701828429802,19.0777606,72.88034090000001,130.88637349010799
88.04,9.630500989663078,19.0777608,72.8803412,130.88637349010799
88.05,9.622298362852115,19.077761,72.8803415,130.88637349010799
88.06,9.614093956992058,19.0777612,72.88034180000001,130.88637349010799
88.07000000000001,9.605887781080083,19.0777614,72.88034210000001,130.88637349010799
88.08,9.597679844115259,19.0777616,72.8803424,130.88637349010799
88.09,9.589470155098578,19.0777618,72.8803427,130.88637349010799
88.10000000000001,9.581258723033013,19.077762,72.88034300000001,130.88637349010799
88.11,9.573045556923365,19.077762200000002,72.8803433,130.88637349010799
88.12,9.56483066577639,19.0777624,72.8803436,130.88637349010799
88.13,9.556614058600726,19.0777626,72.8803439,130.88637349010799
88.14,9.548395744406873,19.077762800000002,72.88034420000001,130.88637349010799
88.15,9.540175732207265,19.077763,72.8803445,130.88637349010799
88.16,9.53195403101611,19.0777632,72.8803448,130.88637349010799
88.17,9.523730649849526,19.077763400000002,72.8803451,130.88637349010799
88.18,9.515505597725443,19.0777636,72.88034540000001,130.88637349010799
88.19,9.50727888366367,19.0777638,72.8803457,130.88637349010799
88.2,9.499050516685806,19.077764000000002,72.880346,130.88637349010799
88.21000000000001,9.490820505815222,19.0777642,72.8803463,130.88637349010799
88.22,9.48258886007719,19.0777644,72.88034660000001,130.88637349010799
88.23,9.474355588498662,19.077764600000002,72.8803469,130.88637349010799
88.24,9.466120700108474,19.0777648,72.8803472,130.88637349010799
88.25,9.457884203937176,19.077765,72.8803475,130.88637349010799
88.26,9.449646109017097,19.0777652,72.88034780000001,130.88637349010799
88.27,9.441406424382329,19.0777654,72.8803481,130.88637349010799
88.28,9.433165159068658,19.0777656,72.8803484,130.88637349010799
88.29,9.42492232211368,19.0777658,72.8803487,130.88637349010799
88.3,9.416677922556666,19.077766,72.88034900000001,130.88637349010799
88.31,9.40843196943861,19.0777662,72.8803493,130.88637349010799
88.32000000000001,9.40018447180221,19.0777664,72.8803496,130.88637349010799
88.33,9.391935438691856,19.0777666,72.8803499,130.88637349010799
88.34,9.38368487915363,19.0777668,72.88035020000001,130.88637349010799
88.35000000000001,9.375432802235265,19.077767,72.8803505,130.88637349010799
88.36,9.36717921698623,19.0777672,72.8803508,130.88637349010799
88.37,9.35892413245751,19.0777674,72.8803511,130.88637349010799
88.38,9.350667557701875,19.0777676,72.88035140000001,130.88637349010799
88.39,9.342409501773655,19.0777678,72.8803517,130.88637349010799
88.4,9.33414997372881,19.077768,72.880352,130.88637349010799
88.41,9.325888982624964,19.0777682,72.8803523,130.88637349010799
88.42,9.317626537521265,19.0777684,72.88035260000001,130.88637349010799
88.43,9.309362647478512,19.0777686,72.8803529,130.88637349010799
88.44,9.301097321559075,19.0777688,72.8803532,130.88637349010799
88.45,9.292830568826883,19.077769,72.8803535,130.88637349010799
88.46000000000001,9.28456239834747,19.0777692,72.88035380000001,130.88637349010799
88.47,9.2762928191879,19.0777694,72.8803541,130.88637349010799
88.48,9.26802184041675,19.0777696,72.8803544,130.88637349010799
88.49,9.25974947110418,19.077769800000002,72.8803547,130.88637349010799
88.5,9.251475720321842,19.07777,72.88035500000001,130.88637349010799
88.51,9.243200597142947,19.0777702,72.8803553,130.88637349010799
88.52,9.234924110642165,19.077770400000002,72.8803556,130.88637349010799
88.53,9.226646269895696,19.0777706,72.8803559,130.88637349010799
88.54,9.218367083981164,19.0777708,72.88035620000001,130.88637349010799
88.55,9.210086561977752,19.077771000000002,72.8803565,130.88637349010799
88.56,9.201804712966055,19.0777712,72.8803568,130.88637349010799
88.57000000000001,9.193521546028123,19.0777714,72.8803571,130.88637349010799
88.58,9.185237070247517,19.077771600000002,72.88035740000001,130.88637349010799
88.59,9.176951294709099,19.0777718,72.8803577,130.88637349010799
88.60000000000001,9.168664228499294,19.077772,72.880358,130.88637349010799
88.61,9.160375880705871,19.077772200000002,72.8803583,130.88637349010799
88.62,9.152086260418006,19.0777724,72.88035860000001,130.88637349010799
88.63,9.14379537672634,19.0777726,72.8803589,130.88637349010799
88.64,9.135503238722759,19.0777728,72.8803592,130.88637349010799
88.65,9.127209855500665,19.077773,72.8803595,130.88637349010799
88.66,9.118915236154757,19.0777732,72.88035980000001,130.88637349010799
88.67,9.110619389781101,19.0777734,72.8803601,130.88637349010799
88.68,9.102322325477095,19.0777736,72.8803604,130.88637349010799
88.69,9.094024052341531,19.0777738,72.88036070000001,130.88637349010799
88.7,9.08572457947444,19.077774,72.88036100000001,130.88637349010799
88.71000000000001,9.077423915977214,19.0777742,72.8803613,130.88637349010799
88.72,9.069122070952586,19.0777744,72.8803616,130.88637349010799
88.73,9.060819053504494,19.0777746,72.88036190000001,130.88637349010799
88.74,9.052514872738268,19.0777748,72.88036220000001,130.88637349010799
88.75,9.044209537760421,19.077775,72.8803625,130.88637349010799
88.76,9.035903057678771,19.0777752,72.8803628,130.88637349010799
88.77,9.027595441602433,19.0777754,72.88036310000001,130.88637349010799
88.78,9.01928669864167,19.0777756,72.88036340000001,130.88637349010799
88.79,9.01097683790808,19.0777758,72.8803637,130.88637349010799
88.8,9.002665868514445,19.077776,72.880364,130.88637349010799
88.81,8.99435379957472,19.0777762,72.88036430000001,130.88637349010799
88.82000000000001,8.986040640204148,19.0777764,72.88036460000001,130.88637349010799
88.83,8.977726399519113,19.0777766,72.8803649,130.88637349010799
88.84,8.969411086637203,19.0777768,72.8803652,130.88637349010799
88.85000000000001,8.961094710677177,19.077777,72.88036550000001,130.88637349010799
88.86,8.952777280758959,19.0777772,72.8803658,130.88637349010799
88.87,8.944458806003631,19.077777400000002,72.8803661,130.88637349010799
88.88,8.93613929553342,19.0777776,72.8803664,130.88637349010799
88.89,8.927818758471693,19.0777778,72.88036670000001,130.88637349010799
88.9,8.919497203942921,19.077778000000002,72.880367,130.88637349010799
88.91,8.911174641072753,19.0777782,72.8803673,130.88637349010799
88.92,8.902851078987856,19.0777784,72.8803676,130.88637349010799
88.93,8.894526526816039,19.077778600000002,72.88036790000001,130.88637349010799
88.94,8.886200993686234,19.0777788,72.8803682,130.88637349010799
88.95,8.877874488728352,19.077779,72.8803685,130.88637349010799
88.96000000000001,8.869547021073487,19.077779200000002,72.8803688,130.88637349010799
88.97,8.86121859985368,19.0777794,72.88036910000001,130.88637349010799
88.98,8.852889234202086,19.0777796,72.8803694,130.88637349010799
88.99,8.844558933252872,19.077779800000002,72.8803697,130.88637349010799
89.0,8.836227706141221,19.07778,72.88037,130.88637349010799
89.01,8.827895562003388,19.0777802,72.88037030000001,130.88637349010799
89.02,8.81956250997655,19.0777804,72.8803706,130.88637349010799
89.03,8.811228559198929,19.0777806,72.8803709,130.88637349010799
89.04,8.802893718809715,19.0777808,72.8803712,130.88637349010799
89.05,8.794557997949108,19.077781,72.88037150000001,130.88637349010799
89.06,8.786221405758235,19.0777812,72.8803718,130.88637349010799
89.07000000000001,8.777883951379192,19.0777814,72.8803721,130.88637349010799
89.08,8.769545643955032,19.0777816,72.8803724,130.88637349010799
89.09,8.761206492629691,19.0777818,72.88037270000001,130.88637349010799
89.10000000000001,8.752866506548113,19.077782,72.880373,130.88637349010799
89.11,8.744525694856101,19.0777822,72.8803733,130.88637349010799
89.12,8.736184066700377,19.0777824,72.8803736,130.88637349010799
89.13,8.727841631228573,19.0777826,72.88037390000001,130.88637349010799
89.14,8.719498397589152,19.0777828,72.8803742,130.88637349010799
89.15,8.711154374931533,19.077783,72.8803745,130.88637349010799
89.16,8.702809572405947,19.0777832,72.8803748,130.88637349010799
89.17,8.694463999163478,19.0777834,72.88037510000001,130.88637349010799
89.18,8.686117664356114,19.0777836,72.8803754,130.88637349010799
89.19,8.677770577136592,19.0777838,72.8803757,130.88637349010799
89.2,8.669422746658528,19.077784,72.880376,130.88637349010799
89.21000000000001,8.66107418207633,19.0777842,72.88037630000001,130.88637349010799
89.22,8.652724892545251,19.0777844,72.8803766,130.88637349010799
89.23,8.64437488722131,19.0777846,72.8803769,130.88637349010799
89.24,8.636024175261284,19.0777848,72.8803772,130.88637349010799
89.25,8.627672765822766,19.077785000000002,72.88037750000001,130.88637349010799
89.26,8.619320668064086,19.0777852,72.8803778,130.88637349010799
89.27,8.610967891144387,19.0777854,72.8803781,130.88637349010799
89.28,8.60261444422347,19.077785600000002,72.8803784,130.88637349010799
89.29,8.594260336461927,19.0777858,72.88037870000001,130.88637349010799
89.3,8.585905577021062,19.077786,72.880379,130.88637349010799
89.31,8.57755017506288,19.077786200000002,72.8803793,130.88637349010799
89.32000000000001,8.569194139750131,19.0777864,72.8803796,130.88637349010799
89.33,8.560837480246217,19.0777866,72.88037990000001,130.88637349010799
89.34,8.552480205715257,19.077786800000002,72.8803802,130.88637349010799
89.35000000000001,8.544122325321982,19.077787,72.8803805,130.88637349010799
89.36,8.535763848231877,19.0777872,72.8803808,130.88637349010799
89.37,8.527404783611022,19.077787400000002,72.88038110000001,130.88637349010799
89.38,8.519045140626154,19.0777876,72.8803814,130.88637349010799
89.39,8.510684928444665,19.0777878,72.8803817,130.88637349010799
89.4,8.502324156234508,19.077788,72.880382,130.88637349010799
89.41,8.493962833164336,19.0777882,72.88038230000001,130.88637349010799
89.42,8.485600968403352,19.0777884,72.8803826,130.88637349010799
89.43,8.477238571121353,19.0777886,72.8803829,130.88637349010799
89.44,8.468875650488789,19.0777888,72.88038320000001,130.88637349010799
89.45,8.460512215676541,19.077789,72.88038350000001,130.88637349010799
89.46000000000001,8.4521482758562,19.0777892,72.8803838,130.88637349010799
89.47,8.443783840199835,19.0777894,72.8803841,130.88637349010799
89.48,8.435418917880062,19.0777896,72.88038440000001,130.88637349010799
89.49,8.427053518070089,19.0777898,72.88038470000001,130.88637349010799
89.5,8.418687649943555,19.07779,72.880385,130.88637349010799
89.51,8.41032132267468,19.0777902,72.8803853,130.88637349010799
89.52,8.401954545438162,19.0777904,72.88038560000001,130.88637349010799
89.53,8.39358732740919,19.0777906,72.88038590000001,130.88637349010799
89.54,8.385219677763466,19.0777908,72.8803862,130.88637349010799
89.55,8.37685160567715,19.077791,72.8803865,130.88637349010799
89.56,8.368483120326825,19.0777912,72.88038680000001,130.88637349010799
89.57000000000001,8.360114230889566,19.0777914,72.88038710000001,130.88637349010799
89.58,8.35174494654293,19.0777916,72.8803874,130.88637349010799
89.59,8.3433752764648,19.0777918,72.8803877,130.88637349010799
89.60000000000001,8.335005229833593,19.077792,72.88038800000001,130.88637349010799
89.61,8.326634815828092,19.0777922,72.8803883,130.88637349010799
89.62,8.318264043627435,19.0777924,72.8803886,130.88637349010799
89.63,8.309892922411262,19.077792600000002,72.8803889,130.88637349010799
89.64,8.301521461359474,19.0777928,72.88038920000001,130.88637349010799
89.65,8.293149669652449,19.077793,72.8803895,130.88637349010799
89.66,8.284777556470882,19.077793200000002,72.8803898,130.88637349010799
89.67,8.276405130995778,19.0777934,72.8803901,130.88637349010799
89.68,8.268032402408572,19.0777936,72.88039040000001,130.88637349010799
89.69,8.259659379890973,19.077793800000002,72.8803907,130.88637349010799
89.7,8.251286072625028,19.077794,72.880391,130.88637349010799
89.71000000000001,8.24291248979308,19.0777942,72.8803913,130.88637349010799
89.72,8.23453864057783,19.077794400000002,72.88039160000001,130.88637349010799
89.73,8.226164534162189,19.0777946,72.8803919,130.88637349010799
89.74,8.217790179729407,19.0777948,72.8803922,130.88637349010799
89.75,8.20941558646299,19.077795000000002,72.8803925,130.88637349010799
89.76,8.20104076354669,19.0777952,72.88039280000001,130.88637349010799
89.77,8.192665720164573,19.0777954,72.8803931,130.88637349010799
89.78,8.184290465500856,19.0777956,72.8803934,130.88637349010799
89.79,8.175915008740033,19.0777958,72.8803937,130.88637349010799
89.8,8.167539359066863,19.077796,72.88039400000001,130.88637349010799
89.81,8.159163525666214,19.0777962,72.8803943,130.88637349010799
89.82000000000001,8.150787517723273,19.0777964,72.8803946,130.88637349010799
89.83,8.142411344423317,19.0777966,72.8803949,130.88637349010799
89.84,8.134035014951845,19.0777968,72.88039520000001,130.88637349010799
89.85000000000001,8.12565853849456,19.077797,72.8803955,130.88637349010799
89.86,8.11728192423728,19.0777972,72.8803958,130.88637349010799
89.87,8.10890518136599,19.0777974,72.8803961,130.88637349010799
89.88,8.100528319066832,19.0777976,72.88039640000001,130.88637349010799
89.89,8.09215134652603,19.0777978,72.8803967,130.88637349010799
89.9,8.083774272929965,19.077798,72.880397,130.88637349010799
89.91,8.07539710746515,19.0777982,72.8803973,130.88637349010799
89.92,8.067019859318163,19.0777984,72.88039760000001,130.88637349010799
89.93,8.058642537675684,19.0777986,72.8803979,130.88637349010799
89.94,8.050265151724485,19.0777988,72.8803982,130.88637349010799
89.95,8.041887710651357,19.077799,72.8803985,130.88637349010799
89.96000000000001,8.033510223643232,19.0777992,72.88039880000001,130.88637349010799
89.97,8.025132699887038,19.0777994,72.8803991,130.88637349010799
89.98,8.016755148569743,19.0777996,72.8803994,130.88637349010799
89.99,8.008377578878415,19.0777998,72.8803997,130.88637349010799
90.0,8.000000000000004,19.0778,72.88040000000001,130.88637349010799
90.01,7.991622421121605,19.077800200000002,72.8804003,130.88637349010799
90.02,7.983244851430249,19.0778004,72.8804006,130.88637349010799
90.03,7.974867300112954,19.0778006,72.8804009,130.88637349010799
90.04,7.966489776356774,19.077800800000002,72.88040120000001,130.88637349010799
90.05,7.958112289348649,19.077801,72.8804015,130.88637349010799
90.06,7.949734848275535,19.0778012,72.8804018,130.88637349010799
90.07000000000001,7.941357462324308,19.077801400000002,72.8804021,130.88637349010799
90.08,7.932980140681828,19.0778016,72.88040240000001,130.88637349010799
90.09,7.924602892534856,19.0778018,72.8804027,130.88637349010799
90.10000000000001,7.916225727070028,19.077802000000002,72.880403,130.88637349010799
90.11,7.90784865347399,19.0778022,72.8804033,130.88637349010799
90.12,7.899471680933174,19.0778024,72.88040360000001,130.88637349010799
90.13,7.891094818634,19.077802600000002,72.8804039,130.88637349010799
90.14,7.88271807576271,19.0778028,72.8804042,130.88637349010799
90.15,7.8743414615054315,19.077803,72.8804045,130.88637349010799
90.16,7.86596498504816,19.0778032,72.88040480000001,130.88637349010799
90.17,7.85758865557669,19.0778034,72.8804051,130.88637349010799
90.18,7.849212482276733,19.0778036,72.8804054,130.88637349010799
90.19,7.840836474333778,19.0778038,72.88040570000001,130.88637349010799
90.2,7.832460640933157,19.077804,72.88040600000001,130.88637349010799
90.21000000000001,7.824084991259959,19.0778042,72.8804063,130.88637349010799
90.22,7.815709534499151,19.0778044,72.8804066,130.88637349010799
90.23,7.807334279835433,19.0778046,72.88040690000001,130.88637349010799
90.24,7.798959236453301,19.0778048,72.88040720000001,130.88637349010799
90.25,7.79058441353703,19.077805,72.8804075,130.88637349010799
90.26,7.782209820270599,19.0778052,72.8804078,130.88637349010799
90.27,7.773835465837816,19.0778054,72.88040810000001,130.88637349010799
90.28,7.765461359422177,19.0778056,72.88040840000001,130.88637349010799
90.29,7.757087510206898,19.0778058,72.8804087,130.88637349010799
90.3,7.748713927374978,19.077806,72.880409,130.88637349010799
90.31,7.740340620109032,19.0778062,72.88040930000001,130.88637349010799
90.32000000000001,7.731967597591433,19.0778064,72.88040960000001,130.88637349010799
90.33,7.723594869004228,19.0778066,72.8804099,130.88637349010799
90.34,7.715222443529124,19.0778068,72.8804102,130.88637349010799
90.35000000000001,7.706850330347542,19.077807,72.88041050000001,130.88637349010799
90.36,7.698478538640531,19.0778072,72.8804108,130.88637349010799
90.37,7.690107077588758,19.0778074,72.8804111,130.88637349010799
90.38,7.68173595637257,19.0778076,72.8804114,130.88637349010799
90.39,7.673365184171915,19.077807800000002,72.88041170000001,130.88637349010799
90.4,7.664994770166398,19.077808,72.880412,130.88637349010799
90.41,7.656624723535192,19.0778082,72.8804123,130.88637349010799
90.42,7.648255053457091,19.077808400000002,72.8804126,130.88637349010799
90.43,7.639885769110425,19.0778086,72.88041290000001,130.88637349010799
90.44,7.63151687967318,19.0778088,72.8804132,130.88637349010799
90.45,7.623148394322857,19.077809000000002,72.8804135,130.88637349010799
90.46000000000001,7.614780322236511,19.0778092,72.8804138,130.88637349010799
90.47,7.606412672590817,19.0778094,72.88041410000001,130.88637349010799
90.48,7.598045454561843,19.077809600000002,72.8804144,130.88637349010799
90.49,7.589678677325341,19.0778098,72.8804147,130.88637349010799
90.5,7.58131235005645,19.07781,72.880415,130.88637349010799
90.51,7.572946481929917,19.077810200000002,72.88041530000001,130.88637349010799
90.52,7.564581082119943,19.0778104,72.8804156,130.88637349010799
90.53,7.5562161598001705,19.0778106,72.8804159,130.88637349010799
90.54,7.547851724143807,19.0778108,72.8804162,130.88637349010799
90.55,7.539487784323465,19.077811,72.88041650000001,130.88637349010799
90.56,7.531124349511232,19.0778112,72.8804168,130.88637349010799
90.57000000000001,7.522761428878624,19.0778114,72.8804171,130.88637349010799
90.58,7.514399031596653,19.0778116,72.8804174,130.88637349010799
90.59,7.50603716683567,19.0778118,72.88041770000001,130.88637349010799
90.60000000000001,7.497675843765484,19.077812,72.880418,130.88637349010799
90.61,7.489315071555355,19.0778122,72.8804183,130.88637349010799
90.62,7.480954859373837,19.0778124,72.8804186,130.88637349010799
90.63,7.472595216388984,19.0778126,72.88041890000001,130.88637349010799
90.64,7.464236151768128,19.0778128,72.8804192,130.88637349010799
90.65,7.455877674678009,19.077813,72.8804195,130.88637349010799
90.66,7.447519794284762,19.0778132,72.8804198,130.88637349010799
90.67,7.439162519753774,19.0778134,72.88042010000001,130.88637349010799
90.68,7.430805860249861,19.0778136,72.8804204,130.88637349010799
90.69,7.422449824937126,19.0778138,72.8804207,130.88637349010799
90.7,7.414094422978943,19.077814,72.880421,130.88637349010799
90.71000000000001,7.405739663538078,19.0778142,72.88042130000001,130.88637349010799
90.72,7.397385555776536,19.0778144,72.8804216,130.88637349010799
90.73,7.389032108855619,19.0778146,72.8804219,130.88637349010799
90.74,7.380679331935919,19.0778148,72.8804222,130.88637349010799
90.75,7.37232723417724,19.077815,72.88042250000001,130.88637349010799
90.76,7.363975824738722,19.0778152,72.8804228,130.88637349010799
90.77,7.355625112778696,19.077815400000002,72.8804231,130.88637349010799
90.78,7.347275107454741,19.0778156,72.8804234,130.88637349010799
90.79,7.338925817923648,19.0778158,72.88042370000001,130.88637349010799
90.8,7.330577253341493,19.077816000000002,72.880424,130.88637349010799
90.81,7.322229422863415,19.0778162,72.8804243,130.88637349010799
90.82000000000001,7.313882335643892,19.0778164,72.8804246,130.88637349010799
90.83,7.305536000836513,19.077816600000002,72.88042490000001,130.88637349010799
90.84,7.297190427594044,19.0778168,72.8804252,130.88637349010799
90.85000000000001,7.288845625068473,19.077817,72.8804255,130.88637349010799
90.86,7.280501602410854,19.077817200000002,72.8804258,130.88637349010799
90.87,7.272158368771446,19.0778174,72.88042610000001,130.88637349010799
90.88,7.263815933299629,19.0778176,72.8804264,130.88637349010799
90.89,7.255474305143891,19.077817800000002,72.8804267,130.88637349010799
90.9,7.2471334934518925,19.077818,72.880427,130.88637349010799
90.91,7.238793507370314,19.0778182,72.88042730000001,130.88637349010799
90.92,7.230454356044987,19.0778184,72.8804276,130.88637349010799
90.93,7.2221160486208,19.0778186,72.8804279,130.88637349010799
90.94,7.213778594241757,19.0778188,72.88042820000001,130.88637349010799
90.95,7.205442002050884,19.077819,72.88042850000001,130.88637349010799
90.96000000000001,7.197106281190277,19.0778192,72.8804288,130.88637349010799
90.97,7.188771440801091,19.0778194,72.8804291,130.88637349010799
90.98,7.180437490023458,19.0778196,72.88042940000001,130.88637349010799
90.99,7.172104437996618,19.0778198,72.88042970000001,130.88637349010799
91.0,7.16377229385877,19.07782,72.88043,130.88637349010799
91.01,7.155441066747134,19.0778202,72.8804303,130.88637349010799
91.02,7.147110765797934,19.0778204,72.88043060000001,130.88637349010799
91.03,7.138781400146325,19.0778206,72.88043090000001,130.88637349010799
91.04,7.130452978926519,19.0778208,72.8804312,130.88637349010799
91.05,7.122125511271639,19.077821,72.8804315,130.88637349010799
91.06,7.113799006313758,19.0778212,72.88043180000001,130.88637349010799
91.07000000000001,7.105473473183952,19.0778214,72.88043210000001,130.88637349010799
91.08,7.097148921012149,19.0778216,72.8804324,130.88637349010799
91.09,7.088825358927252,19.0778218,72.8804327,130.88637349010799
91.10000000000001,7.080502796057057,19.077822,72.88043300000001,130.88637349010799
91.11,7.0721812415283125,19.0778222,72.8804333,130.88637349010799
91.12,7.063860704466585,19.0778224,72.8804336,130.88637349010799
91.13,7.055541193996375,19.0778226,72.8804339,130.88637349010799
91.14,7.047222719241048,19.0778228,72.88043420000001,130.88637349010799
91.15,7.038905289322815,19.077823000000002,72.8804345,130.88637349010799
91.16,7.030588913362802,19.0778232,72.8804348,130.88637349010799
91.17,7.022273600480892,19.0778234,72.8804351,130.88637349010799
91.18,7.013959359795859,19.077823600000002,72.88043540000001,130.88637349010799
91.19,7.005646200425287,19.0778238,72.8804357,130.88637349010799
91.2,6.997334131485561,19.077824,72.880436,130.88637349010799
91.21000000000001,6.989023162091911,19.077824200000002,72.8804363,130.88637349010799
91.22,6.980713301358322,19.0778244,72.88043660000001,130.88637349010799
91.23,6.972404558397587,19.0778246,72.8804369,130.88637349010799
91.24,6.964096942321235,19.077824800000002,72.8804372,130.88637349010799
91.25,6.955790462239584,19.077825,72.8804375,130.88637349010799
91.26,6.9474851272617375,19.0778252,72.88043780000001,130.88637349010799
91.27,6.939180946495499,19.077825400000002,72.8804381,130.88637349010799
91.28,6.930877929047434,19.0778256,72.8804384,130.88637349010799
91.29,6.922576084022778,19.0778258,72.8804387,130.88637349010799
91.3,6.9142754205255645,19.077826,72.88043900000001,130.88637349010799
91.31,6.905975947658474,19.0778262,72.8804393,130.88637349010799
91.32000000000001,6.897677674522882,19.0778264,72.8804396,130.88637349010799
91.33,6.889380610218919,19.0778266,72.8804399,130.88637349010799
91.34,6.88108476384525,19.0778268,72.88044020000001,130.88637349010799
91.35000000000001,6.872790144499341,19.077827,72.8804405,130.88637349010799
91.36,6.864496761277247,19.0778272,72.8804408,130.88637349010799
91.37,6.856204623273667,19.0778274,72.8804411,130.88637349010799
91.38,6.847913739581987,19.0778276,72.88044140000001,130.88637349010799
91.39,6.839624119294135,19.0778278,72.8804417,130.88637349010799
91.4,6.8313357715007115,19.077828,72.880442,130.88637349010799
91.41,6.823048705290907,19.0778282,72.8804423,130.88637349010799
91.42,6.8147629297525025,19.0778284,72.88044260000001,130.88637349010799
91.43,6.806478453971856,19.0778286,72.8804429,130.88637349010799
91.44,6.79819528703395,19.0778288,72.8804432,130.88637349010799
91.45,6.7899134380222534,19.077829,72.8804435,130.88637349010799
91.46000000000001,6.781632916018828,19.0778292,72.88044380000001,130.88637349010799
91.47,6.773353730104324,19.0778294,72.8804441,130.88637349010799
91.48,6.765075889357826,19.0778296,72.8804444,130.88637349010799
91.49,6.756799402857045,19.0778298,72.8804447,130.88637349010799
91.5,6.748524279678163,19.077830000000002,72.88044500000001,130.88637349010799
91.51,6.7402505288958245,19.0778302,72.8804453,130.88637349010799
91.52,6.731978159583269,19.0778304,72.8804456,130.88637349010799
91.53,6.723707180812107,19.077830600000002,72.8804459,130.88637349010799
91.54,6.715437601652523,19.0778308,72.88044620000001,130.88637349010799
91.55,6.707169431173123,19.077831,72.8804465,130.88637349010799
91.56,6.6989026784409305,19.077831200000002,72.8804468,130.88637349010799
91.57000000000001,6.6906373525214935,19.0778314,72.8804471,130.88637349010799
91.58,6.682373462478741,19.0778316,72.88044740000001,130.88637349010799
91.59,6.674111017375043,19.077831800000002,72.8804477,130.88637349010799
91.60000000000001,6.665850026271169,19.077832,72.880448,130.88637349010799
91.61,6.657590498226351,19.0778322,72.8804483,130.88637349010799
91.62,6.649332442298131,19.077832400000002,72.88044860000001,130.88637349010799
91.63,6.6410758675424955,19.0778326,72.8804489,130.88637349010799
91.64,6.6328207830137895,19.0778328,72.8804492,130.88637349010799
91.65,6.624567197764714,19.077833000000002,72.8804495,130.88637349010799
91.66,6.616315120846375,19.0778332,72.88044980000001,130.88637349010799
91.67,6.608064561308149,19.0778334,72.8804501,130.88637349010799
91.68,6.599815528197783,19.0778336,72.8804504,130.88637349010799
91.69,6.591568030561397,19.0778338,72.88045070000001,130.88637349010799
91.7,6.583322077443325,19.077834,72.88045100000001,130.88637349010799
91.71000000000001,6.575077677886325,19.0778342,72.8804513,130.88637349010799
91.72,6.566834840931349,19.0778344,72.8804516,130.88637349010799
91.73,6.5585935756176905,19.0778346,72.88045190000001,130.88637349010799
91.74,6.550353890982909,19.0778348,72.88045220000001,130.88637349010799
91.75,6.542115796062815,19.077835,72.8804525,130.88637349010799
91.76,6.533879299891517,19.0778352,72.8804528,130.88637349010799
91.77,6.525644411501343,19.0778354,72.88045310000001,130.88637349010799
91.78,6.517411139922831,19.0778356,72.88045340000001,130.88637349010799
91.79,6.509179494184771,19.0778358,72.8804537,130.88637349010799
91.8,6.5009494833142005,19.077836,72.880454,130.88637349010799
91.81,6.492721116336321,19.0778362,72.88045430000001,130.88637349010799
91.82000000000001,6.484494402274548,19.0778364,72.88045460000001,130.88637349010799
91.83,6.476269350150494,19.0778366,72.8804549,130.88637349010799
91.84,6.468045968983896,19.0778368,72.8804552,130.88637349010799
91.85000000000001,6.45982426779274,19.077837,72.88045550000001,130.88637349010799
91.86,6.451604255593118,19.0778372,72.88045580000001,130.88637349010799
91.87,6.443385941399266,19.0778374,72.8804561,130.88637349010799
91.88,6.435169334223629,19.077837600000002,72.8804564,130.88637349010799
91.89,6.426954443076641,19.0778378,72.88045670000001,130.88637349010799
91.9,6.418741276966993,19.077838,72.880457,130.88637349010799
91.91,6.410529844901415,19.077838200000002,72.8804573,130.88637349010799
91.92,6.402320155884733,19.0778384,72.8804576,130.88637349010799
91.93,6.394112218919922,19.0778386,72.88045790000001,130.88637349010799
91.94,6.3859060430079495,19.077838800000002,72.8804582,130.88637349010799
91.95,6.377701637147905,19.077839,72.8804585,130.88637349010799
91.96000000000001,6.369499010336914,19.0778392,72.8804588,130.88637349010799
91.97,6.361298171570189,19.077839400000002,72.88045910000001,130.88637349010799
91.98,6.353099129840956,19.0778396,72.8804594,130.88637349010799
91.99,6.344901894140441,19.0778398,72.8804597,130.88637349010799
92.0,6.336706473457933,19.077840000000002,72.88046,130.88637349010799
92.01,6.3285128767807,19.0778402,72.88046030000001,130.88637349010799
92.02,6.320321113094069,19.0778404,72.8804606,130.88637349010799
92.03,6.312131191381257,19.077840600000002,72.8804609,130.88637349010799
92.04,6.303943120623573,19.0778408,72.8804612,130.88637349010799
92.05,6.295756909800198,19.077841,72.88046150000001,130.88637349010799
92.06,6.287572567888316,19.0778412,72.8804618,130.88637349010799
92.07000000000001,6.27939010386309,19.0778414,72.8804621,130.88637349010799
92.08,6.271209526697581,19.0778416,72.8804624,130.88637349010799
92.09,6.263030845362809,19.0778418,72.88046270000001,130.88637349010799
92.10000000000001,6.254854068827658,19.077842,72.880463,130.88637349010799
92.11,6.246679206059009,19.0778422,72.8804633,130.88637349010799
92.12,6.238506266021587,19.0778424,72.8804636,130.88637349010799
92.13,6.230335257678023,19.0778426,72.88046390000001,130.88637349010799
92.14,6.222166189988844,19.0778428,72.8804642,130.88637349010799
92.15,6.21399907191239,19.077843,72.8804645,130.88637349010799
92.16,6.205833912404953,19.0778432,72.8804648,130.88637349010799
92.17,6.197670720420614,19.0778434,72.88046510000001,130.88637349010799
92.18,6.189509504911302,19.0778436,72.8804654,130.88637349010799
92.19,6.181350274826832,19.0778438,72.8804657,130.88637349010799
92.2,6.173193039114758,19.077844,72.880466,130.88637349010799
92.21000000000001,6.165037806720504,19.0778442,72.88046630000001,130.88637349010799
92.22,6.15688458658728,19.0778444,72.8804666,130.88637349010799
92.23,6.148733387656081,19.0778446,72.8804669,130.88637349010799
92.24,6.140584218865734,19.0778448,72.8804672,130.88637349010799
92.25,6.132437089152763,19.077845,72.88046750000001,130.88637349010799
92.26,6.1242920074515075,19.077845200000002,72.8804678,130.88637349010799
92.27,6.116148982694048,19.0778454,72.8804681,130.88637349010799
92.28,6.108008023810196,19.0778456,72.8804684,130.88637349010799
92.29,6.09986913972754,19.077845800000002,72.88046870000001,130.88637349010799
92.3,6.091732339371348,19.077846,72.880469,130.88637349010799
92.31,6.0835976316646345,19.0778462,72.8804693,130.88637349010799
92.32000000000001,6.075465025528063,19.077846400000002,72.8804696,130.88637349010799
92.33,6.067334529880087,19.0778466,72.88046990000001,130.88637349010799
92.34,6.059206153636738,19.0778468,72.8804702,130.88637349010799
92.35000000000001,6.051079905711817,19.077847000000002,72.8804705,130.88637349010799
92.36,6.042955795016754,19.0778472,72.8804708,130.88637349010799
92.37,6.034833830460588,19.0778474,72.88047110000001,130.88637349010799
92.38,6.026714020950106,19.077847600000002,72.8804714,130.88637349010799
92.39,6.018596375389619,19.0778478,72.8804717,130.88637349010799
92.4,6.010480902681162,19.077848,72.880472,130.88637349010799
92.41,6.002367611724345,19.077848200000002,72.88047230000001,130.88637349010799
92.42,5.9942565114163475,19.0778484,72.8804726,130.88637349010799
92.43,5.986147610652025,19.0778486,72.8804729,130.88637349010799
92.44,5.978040918323767,19.0778488,72.8804732,130.88637349010799
92.45,5.969936443321558,19.077849,72.88047350000001,130.88637349010799
92.46000000000001,5.961834194532932,19.0778492,72.8804738,130.88637349010799
92.47,5.953734180843041,19.0778494,72.8804741,130.88637349010799
92.48,5.945636411134502,19.0778496,72.88047440000001,130.88637349010799
92.49,5.937540894287526,19.0778498,72.88047470000001,130.88637349010799
92.5,5.929447639179839,19.07785,72.880475,130.88637349010799
92.51,5.921356654686675,19.0778502,72.8804753,130.88637349010799
92.52,5.913267949680831,19.0778504,72.88047560000001,130.88637349010799
92.53,5.905181533032522,19.0778506,72.88047590000001,130.88637349010799
92.54,5.897097413609497,19.0778508,72.8804762,130.88637349010799
92.55,5.889015600277025,19.077851,72.8804765,130.88637349010799
92.56,5.880936101897749,19.0778512,72.88047680000001,130.88637349010799
92.57000000000001,5.872858927331871,19.0778514,72.88047710000001,130.88637349010799
92.58,5.864784085437005,19.0778516,72.8804774,130.88637349010799
92.59,5.856711585068162,19.0778518,72.8804777,130.88637349010799
92.60000000000001,5.848641435077871,19.077852,72.88047800000001,130.88637349010799
92.61,5.840573644316026,19.0778522,72.88047830000001,130.88637349010799
92.62,5.832508221629951,19.0778524,72.8804786,130.88637349010799
92.63,5.824445175864382,19.0778526,72.8804789,130.88637349010799
92.64,5.81638451586141,19.077852800000002,72.88047920000001,130.88637349010799
92.65,5.8083262504605395,19.077853,72.8804795,130.88637349010799
92.66,5.800270388498672,19.0778532,72.8804798,130.88637349010799
92.67,5.792216938810034,19.077853400000002,72.8804801,130.88637349010799
92.68,5.784165910226208,19.0778536,72.88048040000001,130.88637349010799
92.69,5.776117311576188,19.0778538,72.8804807,130.88637349010799
92.7,5.768071151686168,19.077854000000002,72.880481,130.88637349010799
92.71000000000001,5.760027439379802,19.0778542,72.8804813,130.88637349010799
92.72,5.751986183477994,19.0778544,72.88048160000001,130.88637349010799
92.73,5.743947392798955,19.077854600000002,72.8804819,130.88637349010799
92.74,5.7359110761582555,19.0778548,72.8804822,130.88637349010799
92.75,5.727877242368623,19.077855,72.8804825,130.88637349010799
92.76,5.719845900240196,19.077855200000002,72.88048280000001,130.88637349010799
92.77,5.71181705858031,19.0778554,72.8804831,130.88637349010799
92.78,5.703790726193564,19.0778556,72.8804834,130.88637349010799
92.79,5.695766911881853,19.077855800000002,72.8804837,130.88637349010799
92.8,5.687745624444234,19.077856,72.88048400000001,130.88637349010799
92.81,5.679726872677046,19.0778562,72.8804843,130.88637349010799
92.82000000000001,5.671710665373819,19.0778564,72.8804846,130.88637349010799
92.83,5.663697011325336,19.0778566,72.8804849,130.88637349010799
92.84,5.655685919319536,19.0778568,72.88048520000001,130.88637349010799
92.85000000000001,5.647677398141564,19.077857,72.8804855,130.88637349010799
92.86,5.639671456573759,19.0778572,72.8804858,130.88637349010799
92.87,5.631668103395578,19.0778574,72.8804861,130.88637349010799
92.88,5.6236673473837175,19.0778576,72.88048640000001,130.88637349010799
92.89,5.615669197311976,19.0778578,72.8804867,130.88637349010799
92.9,5.607673661951305,19.077858,72.880487,130.88637349010799
92.91,5.599680750069802,19.0778582,72.8804873,130.88637349010799
92.92,5.591690470432636,19.0778584,72.88048760000001,130.88637349010799
92.93,5.583702831802167,19.0778586,72.8804879,130.88637349010799
92.94,5.575717842937808,19.0778588,72.8804882,130.88637349010799
92.95,5.567735512596092,19.077859,72.8804885,130.88637349010799
92.96000000000001,5.559755849530581,19.0778592,72.88048880000001,130.88637349010799
92.97,5.551778862491996,19.0778594,72.8804891,130.88637349010799
92.98,5.543804560228066,19.0778596,72.8804894,130.88637349010799
92.99,5.535832951483593,19.0778598,72.8804897,130.88637349010799
93.0,5.527864045000424,19.07786,72.88049000000001,130.88637349010799
93.01,5.51989784951744,19.0778602,72.8804903,130.88637349010799
93.02,5.511934373770551,19.077860400000002,72.8804906,130.88637349010799
93.03,5.5039736264926855,19.0778606,72.8804909,130.88637349010799
93.04,5.496015616413766,19.0778608,72.88049120000001,130.88637349010799
93.05,5.488060352260765,19.077861000000002,72.8804915,130.88637349010799
93.06,5.480107842757567,19.0778612,72.8804918,130.88637349010799
93.07000000000001,5.472158096625086,19.0778614,72.8804921,130.88637349010799
93.08,5.464211122581193,19.077861600000002,72.88049240000001,130.88637349010799
93.09,5.456266929340707,19.0778618,72.8804927,130.88637349010799
93.10000000000001,5.448325525615434,19.077862,72.880493,130.88637349010799
93.11,5.440386920114088,19.077862200000002,72.8804933,130.88637349010799
93.12,5.432451121542333,19.0778624,72.88049360000001,130.88637349010799
93.13,5.4245181386027195,19.0778626,72.8804939,130.88637349010799
93.14,5.416587979994737,19.077862800000002,72.8804942,130.88637349010799
93.15,5.408660654414802,19.077863,72.8804945,130.88637349010799
93.16,5.400736170556186,19.0778632,72.88049480000001,130.88637349010799
93.17,5.3928145371090705,19.077863400000002,72.8804951,130.88637349010799
93.18,5.384895762760459,19.0778636,72.8804954,130.88637349010799
93.19,5.376979856194296,19.0778638,72.8804957,130.88637349010799
93.2,5.369066826091333,19.077864,72.88049600000001,130.88637349010799
93.21000000000001,5.361156681129163,19.0778642,72.8804963,130.88637349010799
93.22,5.353249429982284,19.0778644,72.8804966,130.88637349010799
93.23,5.345345081321885,19.0778646,72.88049690000001,130.88637349010799
93.24,5.337443643816122,19.0778648,72.88049720000001,130.88637349010799
93.25,5.329545126129834,19.077865,72.8804975,130.88637349010799
93.26,5.321649536924757,19.0778652,72.8804978,130.88637349010799
93.27,5.313756884859357,19.0778654,72.88049810000001,130.88637349010799
93.28,5.305867178588898,19.0778656,72.88049840000001,130.88637349010799
93.29,5.297980426765405,19.0778658,72.8804987,130.88637349010799
93.3,5.290096638037673,19.077866,72.880499,130.88637349010799
93.31,5.282215821051242,19.0778662,72.88049930000001,130.88637349010799
93.32000000000001,5.274337984448379,19.0778664,72.88049960000001,130.88637349010799
93.33,5.266463136868139,19.0778666,72.8804999,130.88637349010799
93.34,5.258591286946219,19.0778668,72.8805002,130.88637349010799
93.35000000000001,5.250722443315064,19.077867,72.88050050000001,130.88637349010799
93.36,5.242856614603871,19.0778672,72.88050080000001,130.88637349010799
93.37,5.2349938094384285,19.0778674,72.8805011,130.88637349010799
93.38,5.227134036441307,19.0778676,72.8805014,130.88637349010799
93.39,5.219277304231712,19.0778678,72.88050170000001,130.88637349010799
93.4,5.2114236214254746,19.077868000000002,72.880502,130.88637349010799
93.41,5.203572996635172,19.0778682,72.8805023,130.88637349010799
93.42,5.195725438469925,19.0778684,72.8805026,130.88637349010799
93.43,5.187880955535583,19.077868600000002,72.88050290000001,130.88637349010799
93.44,5.180039556434583,19.0778688,72.8805032,130.88637349010799
93.45,5.172201249765941,19.077869,72.8805035,130.88637349010799
93.46000000000001,5.164366044125362,19.077869200000002,72.8805038,130.88637349010799
93.47,5.1565339481050945,19.0778694,72.88050410000001,130.88637349010799
93.48,5.148704970293994,19.0778696,72.8805044,130.88637349010799
93.49,5.140879119277507,19.077869800000002,72.8805047,130.88637349010799
93.5,5.133056403637598,19.07787,72.880505,130.88637349010799
93.51,5.125236831952876,19.0778702,72.88050530000001,130.88637349010799
93.52,5.117420412798444,19.077870400000002,72.8805056,130.88637349010799
93.53,5.109607154745966,19.0778706,72.8805059,130.88637349010799
93.54,5.101797066363623,19.0778708,72.8805062,130.88637349010799
93.55,5.09399015621619,19.077871000000002,72.88050650000001,130.88637349010799
93.56,5.086186432864817,19.0778712,72.8805068,130.88637349010799
93.57000000000001,5.078385904867302,19.0778714,72.8805071,130.88637349010799
93.58,5.070588580777862,19.0778716,72.8805074,130.88637349010799
93.59,5.06279446914721,19.0778718,72.88050770000001,130.88637349010799
93.60000000000001,5.055003578522582,19.077872,72.880508,130.88637349010799
93.61,5.0472159174476054,19.0778722,72.8805083,130.88637349010799
93.62,5.03943149446242,19.0778724,72.8805086,130.88637349010799
93.63,5.031650318103599,19.0778726,72.88050890000001,130.88637349010799
93.64,5.023872396904143,19.0778728,72.8805092,130.88637349010799
93.65,5.0160977393935235,19.077873,72.8805095,130.88637349010799
93.66,5.008326354097605,19.0778732,72.8805098,130.88637349010799
93.67,5.0005582495386385,19.0778734,72.88051010000001,130.88637349010799
93.68,4.992793434235303,19.0778736,72.8805104,130.88637349010799
93.69,4.985031916702695,19.0778738,72.8805107,130.88637349010799
93.7,4.97727370545226,19.077874,72.880511,130.88637349010799
93.71000000000001,4.969518808991827,19.0778742,72.88051130000001,130.88637349010799
93.72,4.961767235825603,19.0778744,72.8805116,130.88637349010799
93.73,4.954018994454099,19.0778746,72.8805119,130.88637349010799
93.74,4.946274093374251,19.0778748,72.8805122,130.88637349010799
93.75,4.938532541079281,19.077875,72.88051250000001,130.88637349010799
93.76,4.930794346058736,19.0778752,72.8805128,130.88637349010799
93.77,4.923059516798549,19.0778754,72.8805131,130.88637349010799
93.78,4.915328061780828,19.077875600000002,72.8805134,130.88637349010799
93.79,4.907599989484116,19.0778758,72.88051370000001,130.88637349010799
93.8,4.899875308383178,19.077876,72.880514,130.88637349010799
93.81,4.89215402694906,19.077876200000002,72.8805143,130.88637349010799
93.82000000000001,4.884436153649135,19.0778764,72.8805146,130.88637349010799
93.83,4.876721696946956,19.0778766,72.88051490000001,130.88637349010799
93.84,4.869010665302385,19.077876800000002,72.8805152,130.88637349010799
93.85000000000001,4.8613030671715,19.077877,72.8805155,130.88637349010799
93.86,4.8535989110066655,19.0778772,72.8805158,130.88637349010799
93.87,4.845898205256397,19.077877400000002,72.88051610000001,130.88637349010799
93.88,4.838200958365475,19.0778776,72.8805164,130.88637349010799
93.89,4.830507178774871,19.0778778,72.8805167,130.88637349010799
93.9,4.822816874921749,19.077878000000002,72.880517,130.88637349010799
93.91,4.815130055239507,19.0778782,72.88051730000001,130.88637349010799
93.92,4.8074467281576325,19.0778784,72.8805176,130.88637349010799
93.93,4.79976690210189,19.077878600000002,72.8805179,130.88637349010799
93.94,4.79209058549411,19.0778788,72.8805182,130.88637349010799
93.95,4.784417786752314,19.077879,72.88051850000001,130.88637349010799
93.96000000000001,4.776748514290695,19.0778792,72.8805188,130.88637349010799
93.97,4.769082776519536,19.0778794,72.8805191,130.88637349010799
93.98,4.761420581845272,19.0778796,72.88051940000001,130.88637349010799
93.99,4.7537619386704115,19.0778798,72.88051970000001,130.88637349010799
94.0,4.746106855393597,19.07788,72.88052,130.88637349010799
94.01,4.738455340409592,19.0778802,72.8805203,130.88637349010799
94.02,4.730807402109207,19.0778804,72.88052060000001,130.88637349010799
94.03,4.723163048879358,19.0778806,72.88052090000001,130.88637349010799
94.04,4.715522289102976,19.0778808,72.8805212,130.88637349010799
94.05,4.707885131159131,19.077881,72.8805215,130.88637349010799
94.06,4.700251583422888,19.0778812,72.88052180000001,130.88637349010799
94.07000000000001,4.692621654265357,19.0778814,72.88052210000001,130.88637349010799
94.08,4.684995352053729,19.0778816,72.8805224,130.88637349010799
94.09,4.677372685151141,19.0778818,72.8805227,130.88637349010799
94.10000000000001,4.669753661916793,19.077882,72.88052300000001,130.88637349010799
94.11,4.662138290705881,19.0778822,72.88052330000001,130.88637349010799
94.12,4.654526579869579,19.0778824,72.8805236,130.88637349010799
94.13,4.646918537755099,19.0778826,72.8805239,130.88637349010799
94.14,4.639314172705555,19.0778828,72.88052420000001,130.88637349010799
94.15,4.631713493060078,19.077883,72.8805245,130.88637349010799
94.16,4.624116507153744,19.077883200000002,72.8805248,130.88637349010799
94.17,4.61652322331758,19.0778834,72.8805251,130.88637349010799
94.18,4.608933649878541,19.0778836,72.88052540000001,130.88637349010799
94.19,4.60134779515955,19.077883800000002,72.8805257,130.88637349010799
94.2,4.593765667479427,19.077884,72.880526,130.88637349010799
94.21000000000001,4.586187275152865,19.0778842,72.8805263,130.88637349010799
94.22,4.578612626490553,19.077884400000002,72.88052660000001,130.88637349010799
94.23,4.57104172979897,19.0778846,72.8805269,130.88637349010799
94.24,4.563474593380571,19.0778848,72.8805272,130.88637349010799
94.25,4.555911225533649,19.077885000000002,72.8805275,130.88637349010799
94.26,4.548351634552326,19.0778852,72.88052780000001,130.88637349010799
94.27,4.540795828726671,19.0778854,72.8805281,130.88637349010799
94.28,4.533243816342502,19.077885600000002,72.8805284,130.88637349010799
94.29,4.5256956056815625,19.0778858,72.8805287,130.88637349010799
94.3,4.518151205021392,19.077886,72.88052900000001,130.88637349010799
94.31,4.510610622635314,19.077886200000002,72.8805293,130.88637349010799
94.32000000000001,4.503073866792537,19.0778864,72.8805296,130.88637349010799
94.33,4.495540945758028,19.0778866,72.8805299,130.88637349010799
94.34,4.488011867792556,19.0778868,72.88053020000001,130.88637349010799
94.35000000000001,4.480486641152668,19.077887,72.8805305,130.88637349010799
94.36,4.472965274090734,19.0778872,72.8805308,130.88637349010799
94.37,4.465447774854818,19.0778874,72.8805311,130.88637349010799
94.38,4.457934151688791,19.0778876,72.88053140000001,130.88637349010799
94.39,4.450424412832264,19.0778878,72.8805317,130.88637349010799
94.4,4.4429185665205715,19.077888,72.880532,130.88637349010799
94.41,4.435416620984835,19.0778882,72.8805323,130.88637349010799
94.42,4.427918584451817,19.0778884,72.88053260000001,130.88637349010799
94.43,4.420424465144035,19.0778886,72.8805329,130.88637349010799
94.44,4.412934271279749,19.0778888,72.8805332,130.88637349010799
94.45,4.405448011072821,19.077889,72.8805335,130.88637349010799
94.46000000000001,4.397965692732894,19.0778892,72.88053380000001,130.88637349010799
94.47,4.390487324465248,19.0778894,72.8805341,130.88637349010799
94.48,4.383012914470802,19.0778896,72.8805344,130.88637349010799
94.49,4.375542470946179,19.0778898,72.8805347,130.88637349010799
94.5,4.3680760020836225,19.07789,72.88053500000001,130.88637349010799
94.51,4.360613516071055,19.0778902,72.8805353,130.88637349010799
94.52,4.35315502109201,19.0778904,72.8805356,130.88637349010799
94.53,4.345700525325615,19.0778906,72.8805359,130.88637349010799
94.54,4.338250036946638,19.077890800000002,72.88053620000001,130.88637349010799
94.55,4.330803564125479,19.077891,72.8805365,130.88637349010799
94.56,4.323361115028096,19.0778912,72.8805368,130.88637349010799
94.57000000000001,4.315922697816035,19.077891400000002,72.8805371,130.88637349010799
94.58,4.3084883206464815,19.0778916,72.88053740000001,130.88637349010799
94.59,4.301057991672066,19.0778918,72.8805377,130.88637349010799
94.60000000000001,4.293631719041107,19.077892000000002,72.880538,130.88637349010799
94.61,4.286209510897409,19.0778922,72.8805383,130.88637349010799
94.62,4.278791375380322,19.0778924,72.88053860000001,130.88637349010799
94.63,4.271377320624792,19.077892600000002,72.8805389,130.88637349010799
94.64,4.26396735476116,19.0778928,72.8805392,130.88637349010799
94.65,4.256561485915416,19.077893,72.8805395,130.88637349010799
94.66,4.24915972220899,19.077893200000002,72.88053980000001,130.88637349010799
94.67,4.24176207175881,19.0778934,72.8805401,130.88637349010799
94.68,4.234368542677345,19.0778936,72.8805404,130.88637349010799
94.69,4.226979143072468,19.077893800000002,72.8805407,130.88637349010799
94.7,4.219593881047574,19.077894,72.88054100000001,130.88637349010799
94.71000000000001,4.212212764701496,19.0778942,72.8805413,130.88637349010799
94.72,4.20483580212856,19.0778944,72.8805416,130.88637349010799
94.73,4.197463001418495,19.0778946,72.88054190000001,130.88637349010799
94.74,4.190094370656494,19.0778948,72.88054220000001,130.88637349010799
94.75,4.18272991792314,19.077895,72.8805425,130.88637349010799
94.76,4.175369651294458,19.0778952,72.8805428,130.88637349010799
94.77,4.16801357884192,19.0778954,72.88054310000001,130.88637349010799
94.78,4.160661708632312,19.0778956,72.88054340000001,130.88637349010799
94.79,4.1533140487279105,19.0778958,72.8805437,130.88637349010799
94.8,4.145970607186288,19.077896,72.880544,130.88637349010799
94.81,4.138631392060429,19.0778962,72.88054430000001,130.88637349010799
94.82000000000001,4.131296411398707,19.0778964,72.88054460000001,130.88637349010799
94.83,4.1239656732448156,19.0778966,72.8805449,130.88637349010799
94.84,4.116639185637821,19.0778968,72.8805452,130.88637349010799
94.85000000000001,4.109316956612076,19.077897,72.88054550000001,130.88637349010799
94.86,4.101998994197341,19.0778972,72.88054580000001,130.88637349010799
94.87,4.094685306418649,19.0778974,72.8805461,130.88637349010799
94.88,4.087375901296351,19.0778976,72.8805464,130.88637349010799
94.89,4.080070786846109,19.0778978,72.88054670000001,130.88637349010799
94.9,4.072769971078875,19.077898,72.880547,130.88637349010799
94.91,4.065473462000891,19.0778982,72.8805473,130.88637349010799
94.92,4.058181267613671,19.077898400000002,72.8805476,130.88637349010799
94.93,4.050893395913989,19.0778986,72.88054790000001,130.88637349010799
94.94,4.043609854893927,19.0778988,72.8805482,130.88637349010799
94.95,4.0363306525407445,19.077899000000002,72.8805485,130.88637349010799
94.96000000000001,4.029055796836991,19.0778992,72.8805488,130.88637349010799
94.97,4.021785295760437,19.0778994,72.88054910000001,130.88637349010799
94.98,4.014519157284067,19.077899600000002,72.8805494,130.88637349010799
94.99,4.00725738937613,19.0778998,72.8805497,130.88637349010799
95.0,3.9999999999999947,19.0779,72.88055,130.88637349010799
95.01,3.9927469971143283,19.077900200000002,72.88055030000001,130.88637349010799
95.02,3.9854983886729007,19.0779004,72.8805506,130.88637349010799
95.03,3.978254182624699,19.0779006,72.8805509,130.88637349010799
95.04,3.97101438691391,19.077900800000002,72.8805512,130.88637349010799
95.05,3.9637790094798424,19.077901,72.88055150000001,130.88637349010799
95.06,3.956548058256989,19.0779012,72.8805518,130.88637349010799
95.07000000000001,3.949321541174937,19.077901400000002,72.8805521,130.88637349010799
95.08,3.9420994661584974,19.0779016,72.8805524,130.88637349010799
95.09,3.9348818411275124,19.0779018,72.88055270000001,130.88637349010799
95.10000000000001,3.927668673997016,19.077902,72.880553,130.88637349010799
95.11,3.920459972677169,19.0779022,72.8805533,130.88637349010799
95.12,3.913255745073121,19.0779024,72.8805536,130.88637349010799
95.13,3.906055999085253,19.0779026,72.88055390000001,130.88637349010799
95.14,3.89886074260892,19.0779028,72.8805542,130.88637349010799
95.15,3.8916699835346407,19.077903,72.8805545,130.88637349010799
95.16,3.8844837297479504,19.0779032,72.8805548,130.88637349010799
95.17,3.8773019891294576,19.0779034,72.88055510000001,130.88637349010799
95.18,3.870124769554822,19.0779036,72.8805554,130.88637349010799
95.19,3.862952078894746,19.0779038,72.8805557,130.88637349010799
95.2,3.855783925014962,19.077904,72.880556,130.88637349010799
95.21000000000001,3.848620315776219,19.0779042,72.88055630000001,130.88637349010799
95.22,3.841461259034329,19.0779044,72.8805566,130.88637349010799
95.23,3.834306762640038,19.0779046,72.8805569,130.88637349010799
95.24,3.827156834439143,19.0779048,72.8805572,130.88637349010799
95.25,3.820011482272415,19.077905,72.88055750000001,130.88637349010799
95.26,3.812870713975597,19.0779052,72.8805578,130.88637349010799
95.27,3.8057345373794416,19.0779054,72.8805581,130.88637349010799
95.28,3.7986029603096414,19.0779056,72.8805584,130.88637349010799
95.29,3.7914759905868083,19.0779058,72.88055870000001,130.88637349010799
95.3,3.7843536360265873,19.077906000000002,72.880559,130.88637349010799
95.31,3.7772359044394648,19.0779062,72.8805593,130.88637349010799
95.32000000000001,3.770122803630943,19.0779064,72.8805596,130.88637349010799
95.33,3.7630143414014086,19.077906600000002,72.88055990000001,130.88637349010799
95.34,3.755910525546125,19.0779068,72.8805602,130.88637349010799
95.35000000000001,3.748811363855335,19.077907,72.8805605,130.88637349010799
95.36,3.741716864114127,19.077907200000002,72.8805608,130.88637349010799
95.37,3.7346270341024903,19.0779074,72.88056110000001,130.88637349010799
95.38,3.727541881595304,19.0779076,72.8805614,130.88637349010799
95.39,3.7204614143622825,19.077907800000002,72.8805617,130.88637349010799
95.4,3.7133856401680276,19.077908,72.880562,130.88637349010799
95.41,3.706314566772016,19.0779082,72.88056230000001,130.88637349010799
95.42,3.699248201928535,19.077908400000002,72.8805626,130.88637349010799
95.43,3.6921865533867084,19.0779086,72.8805629,130.88637349010799
95.44,3.6851296288905466,19.0779088,72.8805632,130.88637349010799
95.45,3.6780774361787625,19.077909000000002,72.88056350000001,130.88637349010799
95.46000000000001,3.6710299829849964,19.0779092,72.8805638,130.88637349010799
95.47,3.6639872770376334,19.0779094,72.8805641,130.88637349010799
95.48,3.656949326059852,19.0779096,72.88056440000001,130.88637349010799
95.49,3.649916137769676,19.0779098,72.88056470000001,130.88637349010799
95.5,3.6428877198797878,19.07791,72.880565,130.88637349010799
95.51,3.6358640800977566,19.0779102,72.8805653,130.88637349010799
95.52,3.6288452261258533,19.0779104,72.88056560000001,130.88637349010799
95.53,3.6218311656610984,19.0779106,72.88056590000001,130.88637349010799
95.54,3.614821906395294,19.0779108,72.8805662,130.88637349010799
95.55,3.6078174560149527,19.077911,72.8805665,130.88637349010799
95.56,3.6008178222012894,19.0779112,72.88056680000001,130.88637349010799
95.57000000000001,3.59382301263026,19.0779114,72.88056710000001,130.88637349010799
95.58,3.586833034972554,19.0779116,72.8805674,130.88637349010799
95.59,3.5798478968935292,19.0779118,72.8805677,130.88637349010799
95.60000000000001,3.5728676060532445,19.077912,72.88056800000001,130.88637349010799
95.61,3.5658921701064568,19.0779122,72.88056830000001,130.88637349010799
95.62,3.558921596702551,19.0779124,72.8805686,130.88637349010799
95.63,3.551955893485652,19.0779126,72.8805689,130.88637349010799
95.64,3.5449950680944946,19.0779128,72.88056920000001,130.88637349010799
95.65,3.538039128162466,19.077913,72.88056950000001,130.88637349010799
95.66,3.5310880813176544,19.0779132,72.8805698,130.88637349010799
95.67,3.524141935182664,19.0779134,72.8805701,130.88637349010799
95.68,3.517200697374843,19.077913600000002,72.88057040000001,130.88637349010799
95.69,3.5102643755060985,19.0779138,72.8805707,130.88637349010799
95.7,3.5033329771829447,19.077914,72.880571,130.88637349010799
95.71000000000001,3.4964065100065467,19.077914200000002,72.8805713,130.88637349010799
95.72,3.4894849815725877,19.0779144,72.88057160000001,130.88637349010799
95.73,3.4825683994713863,19.0779146,72.8805719,130.88637349010799
95.74000000000001,3.4756567712878095,19.077914800000002,72.8805722,130.88637349010799
95.75,3.468750104601341,19.077915,72.8805725,130.88637349010799
95.76,3.4618484069859523,19.0779152,72.88057280000001,130.88637349010799
95.77,3.4549516860102125,19.077915400000002,72.8805731,130.88637349010799
95.78,3.448059949237222,19.0779156,72.8805734,130.88637349010799
95.79,3.4411732042246035,19.0779158,72.8805737,130.88637349010799
95.8,3.4342914585245525,19.077916000000002,72.88057400000001,130.88637349010799
95.81,3.4274147196837,19.0779162,72.8805743,130.88637349010799
95.82000000000001,3.420542995243279,19.0779164,72.8805746,130.88637349010799
95.83,3.4136762927389457,19.077916600000002,72.8805749,130.88637349010799
95.84,3.406814619700878,19.0779168,72.88057520000001,130.88637349010799
95.85000000000001,3.399957983653768,19.077917,72.8805755,130.88637349010799
95.86,3.393106392116744,19.0779172,72.8805758,130.88637349010799
95.87,3.3862598526034287,19.0779174,72.8805761,130.88637349010799
95.88,3.3794183726218687,19.0779176,72.88057640000001,130.88637349010799
95.89,3.3725819596745854,19.0779178,72.8805767,130.88637349010799
95.9,3.3657506212585675,19.077918,72.880577,130.88637349010799
95.91,3.358924364865204,19.0779182,72.8805773,130.88637349010799
95.92,3.352103197980332,19.0779184,72.88057760000001,130.88637349010799
95.93,3.3452871280841645,19.0779186,72.8805779,130.88637349010799
95.94,3.338476162651392,19.0779188,72.8805782,130.88637349010799
95.95,3.33167030915106,19.077919,72.8805785,130.88637349010799
95.96000000000001,3.3248695750466126,19.0779192,72.88057880000001,130.88637349010799
95.97,3.318073967795921,19.0779194,72.8805791,130.88637349010799
95.98,3.3112834948511676,19.0779196,72.8805794,130.88637349010799
95.99000000000001,3.304498163658951,19.0779198,72.8805797,130.88637349010799
96.0,3.2977179816602176,19.07792,72.88058000000001,130.88637349010799
96.01,3.290942956290258,19.0779202,72.8805803,130.88637349010799
96.02,3.284173094978751,19.0779204,72.8805806,130.88637349010799
96.03,3.2774084051496475,19.0779206,72.8805809,130.88637349010799
96.04,3.270648894221269,19.0779208,72.88058120000001,130.88637349010799
96.05,3.263894569606249,19.077921,72.8805815,130.88637349010799
96.06,3.2571454387115315,19.077921200000002,72.8805818,130.88637349010799
96.07000000000001,3.2504015089383547,19.0779214,72.8805821,130.88637349010799
96.08,3.2436627876822888,19.0779216,72.88058240000001,130.88637349010799
96.09,3.2369292823331666,19.077921800000002,72.8805827,130.88637349010799
96.10000000000001,3.230201000275069,19.077922,72.880583,130.88637349010799
96.11,3.223477948886427,19.0779222,72.8805833,130.88637349010799
96.12,3.216760135539845,19.077922400000002,72.88058360000001,130.88637349010799
96.13,3.210047567602264,19.0779226,72.8805839,130.88637349010799
96.14,3.2033402524348373,19.0779228,72.8805842,130.88637349010799
96.15,3.196638197392925,19.077923000000002,72.8805845,130.88637349010799
96.16,3.189941409826197,19.0779232,72.88058480000001,130.88637349010799
96.17,3.183249897078456,19.0779234,72.8805851,130.88637349010799
96.18,3.1765636664878008,19.077923600000002,72.8805854,130.88637349010799
96.19,3.169882725386503,19.0779238,72.8805857,130.88637349010799
96.2,3.1632070811010005,19.077924,72.88058600000001,130.88637349010799
96.21000000000001,3.1565367409519887,19.0779242,72.8805863,130.88637349010799
96.22,3.149871712254302,19.0779244,72.8805866,130.88637349010799
96.23,3.1432120023169627,19.0779246,72.8805869,130.88637349010799
96.24000000000001,3.136557618443147,19.0779248,72.88058720000001,130.88637349010799
96.25,3.1299085679302365,19.077925,72.8805875,130.88637349010799
96.26,3.123264858069697,19.0779252,72.8805878,130.88637349010799
96.27,3.116626496147182,19.0779254,72.88058810000001,130.88637349010799
96.28,3.10999348944247,19.0779256,72.88058840000001,130.88637349010799
96.29,3.1033658452294537,19.0779258,72.8805887,130.88637349010799
96.3,3.096743570776203,19.077926,72.880589,130.88637349010799
96.31,3.0901266733447867,19.0779262,72.88058930000001,130.88637349010799
96.32000000000001,3.083515160191477,19.0779264,72.88058960000001,130.88637349010799
96.33,3.076909038566633,19.0779266,72.8805899,130.88637349010799
96.34,3.0703083157146303,19.0779268,72.8805902,130.88637349010799
96.35000000000001,3.0637129988740055,19.077927,72.88059050000001,130.88637349010799
96.36,3.0571230952773316,19.0779272,72.88059080000001,130.88637349010799
96.37,3.0505386121512235,19.0779274,72.8805911,130.88637349010799
96.38,3.043959556716386,19.0779276,72.8805914,130.88637349010799
96.39,3.0373859361875484,19.0779278,72.88059170000001,130.88637349010799
96.4,3.030817757773514,19.077928,72.88059200000001,130.88637349010799
96.41,3.0242550286770955,19.0779282,72.8805923,130.88637349010799
96.42,3.0176977560951084,19.0779284,72.8805926,130.88637349010799
96.43,3.011145947218406,19.0779286,72.88059290000001,130.88637349010799
96.44,3.004599609231872,19.077928800000002,72.8805932,130.88637349010799
96.45,2.9980587493143567,19.077929,72.8805935,130.88637349010799
96.46000000000001,2.9915233746387058,19.0779292,72.8805938,130.88637349010799
96.47,2.9849934923718022,19.077929400000002,72.88059410000001,130.88637349010799
96.48,2.9784691096743963,19.0779296,72.8805944,130.88637349010799
96.49000000000001,2.9719502337013166,19.0779298,72.8805947,130.88637349010799
96.5,2.965436871601301,19.077930000000002,72.880595,130.88637349010799
96.51,2.9589290305170373,19.0779302,72.88059530000001,130.88637349010799
96.52,2.9524267175852152,19.0779304,72.8805956,130.88637349010799
96.53,2.9459299399363523,19.077930600000002,72.8805959,130.88637349010799
96.54,2.9394387046950063,19.0779308,72.8805962,130.88637349010799
96.55,2.9329530189796014,19.077931,72.88059650000001,130.88637349010799
96.56,2.9264728899024757,19.077931200000002,72.8805968,130.88637349010799
96.57000000000001,2.919998324569918,19.0779314,72.8805971,130.88637349010799
96.58,2.913529330082051,19.0779316,72.8805974,130.88637349010799
96.59,2.9070659135329313,19.0779318,72.88059770000001,130.88637349010799
96.60000000000001,2.900608082010476,19.077932,72.880598,130.88637349010799
96.61,2.8941558425965113,19.0779322,72.8805983,130.88637349010799
96.62,2.8877092023666977,19.0779324,72.8805986,130.88637349010799
96.63,2.8812681683905783,19.0779326,72.88059890000001,130.88637349010799
96.64,2.8748327477315136,19.0779328,72.8805992,130.88637349010799
96.65,2.868402947446733,19.077933,72.8805995,130.88637349010799
96.66,2.8619787745873317,19.0779332,72.8805998,130.88637349010799
96.67,2.855560236198161,19.0779334,72.88060010000001,130.88637349010799
96.68,2.8491473393179776,19.0779336,72.8806004,130.88637349010799
96.69,2.8427400909792775,19.0779338,72.8806007,130.88637349010799
96.7,2.8363384982083932,19.077934,72.880601,130.88637349010799
96.71000000000001,2.829942568025478,19.0779342,72.88060130000001,130.88637349010799
96.72,2.8235523074444444,19.0779344,72.8806016,130.88637349010799
96.73,2.8171677234730046,19.0779346,72.8806019,130.88637349010799
96.74000000000001,2.810788823112607,19.0779348,72.8806022,130.88637349010799
96.75,2.8044156133585307,19.077935,72.88060250000001,130.88637349010799
96.76,2.79804810119977,19.0779352,72.8806028,130.88637349010799
96.77,2.7916862936190823,19.0779354,72.8806031,130.88637349010799
96.78,2.7853301975929705,19.0779356,72.8806034,130.88637349010799
96.79,2.7789798200916733,19.0779358,72.88060370000001,130.88637349010799
96.8,2.772635168079158,19.077936,72.880604,130.88637349010799
96.81,2.7662962485131137,19.0779362,72.8806043,130.88637349010799
96.82000000000001,2.7599630683449314,19.077936400000002,72.8806046,130.88637349010799
96.83,2.7536356345197524,19.0779366,72.88060490000001,130.88637349010799
96.84,2.7473139539763514,19.0779368,72.8806052,130.88637349010799
96.85000000000001,2.7409980336472373,19.077937000000002,72.8806055,130.88637349010799
96.86,2.7346878804585915,19.0779372,72.8806058,130.88637349010799
96.87,2.728383501330258,19.0779374,72.88060610000001,130.88637349010799
96.88,2.722084903175796,19.077937600000002,72.8806064,130.88637349010799
96.89,2.7157920929023467,19.0779378,72.8806067,130.88637349010799
96.9,2.7095050774107907,19.077938,72.880607,130.88637349010799
96.91,2.7032238635955794,19.077938200000002,72.88060730000001,130.88637349010799
96.92,2.696948458344835,19.0779384,72.8806076,130.88637349010799
96.93,2.690678868540328,19.0779386,72.8806079,130.88637349010799
96.94,2.6844151010574233,19.077938800000002,72.8806082,130.88637349010799
96.95,2.678157162765121,19.077939,72.88060850000001,130.88637349010799
96.96000000000001,2.671905060525985,19.0779392,72.8806088,130.88637349010799
96.97,2.665658801196253,19.0779394,72.8806091,130.88637349010799
96.98,2.6594183916256746,19.0779396,72.8806094,130.88637349010799
96.99000000000001,2.653183838657654,19.0779398,72.88060970000001,130.88637349010799
97.0,2.646955149129144,19.07794,72.88061,130.88637349010799
97.01,2.6407323298706338,19.0779402,72.8806103,130.88637349010799
97.02,2.6345153877062497,19.0779404,72.88061060000001,130.88637349010799
97.03,2.6283043294535897,19.0779406,72.88061090000001,130.88637349010799
97.04,2.622099161923873,19.0779408,72.8806112,130.88637349010799
97.05,2.6158998919218144,19.077941,72.8806115,130.88637349010799
97.06,2.609706526245674,19.0779412,72.88061180000001,130.88637349010799
97.07000000000001,2.603519071687237,19.0779414,72.88061210000001,130.88637349010799
97.08,2.597337535031807,19.0779416,72.8806124,130.88637349010799
97.09,2.591161923058195,19.0779418,72.8806127,130.88637349010799
97.10000000000001,2.584992242538706,19.077942,72.88061300000001,130.88637349010799
97.11,2.578828500239185,19.0779422,72.88061330000001,130.88637349010799
97.12,2.5726707029188978,19.0779424,72.8806136,130.88637349010799
97.13,2.5665188573306352,19.0779426,72.8806139,130.88637349010799
97.14,2.5603729702206506,19.0779428,72.88061420000001,130.88637349010799
97.15,2.5542330483286513,19.077943,72.88061450000001,130.88637349010799
97.16,2.548099098387837,19.0779432,72.8806148,130.88637349010799
97.17,2.5419711271248335,19.0779434,72.8806151,130.88637349010799
97.18,2.5358491412596837,19.0779436,72.88061540000001,130.88637349010799
97.19,2.5297331475059366,19.0779438,72.8806157,130.88637349010799
97.2,2.5236231525704866,19.077944000000002,72.880616,130.88637349010799
97.21000000000001,2.5175191631537253,19.0779442,72.8806163,130.88637349010799
97.22,2.5114211859494233,19.0779444,72.88061660000001,130.88637349010799
97.23,2.505329227644731,19.077944600000002,72.8806169,130.88637349010799
97.24000000000001,2.4992432949202588,19.0779448,72.8806172,130.88637349010799
97.25,2.493163394449966,19.077945,72.8806175,130.88637349010799
97.26,2.4870895329012104,19.077945200000002,72.88061780000001,130.88637349010799
97.27,2.4810217169347366,19.0779454,72.8806181,130.88637349010799
97.28,2.4749599532046265,19.0779456,72.8806184,130.88637349010799
97.29,2.4689042483583483,19.077945800000002,72.8806187,130.88637349010799
97.3,2.4628546090367456,19.077946,72.88061900000001,130.88637349010799
97.31,2.456811041873979,19.0779462,72.8806193,130.88637349010799
97.32000000000001,2.4507735534975508,19.077946400000002,72.8806196,130.88637349010799
97.33,2.4447421505283486,19.0779466,72.8806199,130.88637349010799
97.34,2.438716839580483,19.0779468,72.88062020000001,130.88637349010799
97.35000000000001,2.4326976272614873,19.077947,72.8806205,130.88637349010799
97.36,2.426684520172156,19.0779472,72.8806208,130.88637349010799
97.37,2.420677524906589,19.0779474,72.8806211,130.88637349010799
97.38,2.4146766480522315,19.0779476,72.88062140000001,130.88637349010799
97.39,2.408681896189722,19.0779478,72.8806217,130.88637349010799
97.4,2.40269327589308,19.077948,72.880622,130.88637349010799
97.41,2.396710793729553,19.0779482,72.8806223,130.88637349010799
97.42,2.390734456259656,19.0779484,72.88062260000001,130.88637349010799
97.43,2.384764270037195,19.0779486,72.8806229,130.88637349010799
97.44,2.3788002416092118,19.0779488,72.8806232,130.88637349010799
97.45,2.3728423775159744,19.077949,72.8806235,130.88637349010799
97.46000000000001,2.366890684291011,19.0779492,72.88062380000001,130.88637349010799
97.47,2.3609451684611047,19.0779494,72.8806241,130.88637349010799
97.48,2.3550058365462307,19.0779496,72.8806244,130.88637349010799
97.49000000000001,2.349072695059596,19.0779498,72.8806247,130.88637349010799
97.5,2.3431457505076274,19.07795,72.88062500000001,130.88637349010799
97.51,2.3372250093899147,19.0779502,72.8806253,130.88637349010799
97.52,2.331310478199309,19.0779504,72.8806256,130.88637349010799
97.53,2.325402163421807,19.0779506,72.8806259,130.88637349010799
97.54,2.3195000715365914,19.0779508,72.88062620000001,130.88637349010799
97.55,2.313604209016069,19.077951,72.8806265,130.88637349010799
97.56,2.3077145823257164,19.0779512,72.8806268,130.88637349010799
97.57000000000001,2.3018311979242716,19.0779514,72.8806271,130.88637349010799
97.58,2.2959540622635757,19.077951600000002,72.88062740000001,130.88637349010799
97.59,2.2900831817886296,19.0779518,72.8806277,130.88637349010799
97.60000000000001,2.284218562937574,19.077952,72.880628,130.88637349010799
97.61,2.2783602121416813,19.077952200000002,72.8806283,130.88637349010799
97.62,2.272508135825352,19.0779524,72.88062860000001,130.88637349010799
97.63,2.266662340406106,19.0779526,72.8806289,130.88637349010799
97.64,2.260822832294574,19.077952800000002,72.8806292,130.88637349010799
97.65,2.254989617894492,19.077953,72.8806295,130.88637349010799
97.66,2.249162703602696,19.0779532,72.88062980000001,130.88637349010799
97.67,2.243342095809112,19.077953400000002,72.8806301,130.88637349010799
97.68,2.237527800896739,19.0779536,72.8806304,130.88637349010799
97.69,2.2317198252416945,19.0779538,72.8806307,130.88637349010799
97.7,2.2259181752130974,19.077954000000002,72.88063100000001,130.88637349010799
97.71000000000001,2.220122857173206,19.0779542,72.8806313,130.88637349010799
97.72,2.2143338774772694,19.0779544,72.8806316,130.88637349010799
97.73,2.2085512424736127,19.0779546,72.8806319,130.88637349010799
97.74000000000001,2.202774958503623,19.0779548,72.88063220000001,130.88637349010799
97.75,2.1970050319016954,19.077955,72.8806325,130.88637349010799
97.76,2.1912414689952717,19.0779552,72.8806328,130.88637349010799
97.77,2.185484276104784,19.0779554,72.88063310000001,130.88637349010799
97.78,2.1797334595437023,19.0779556,72.88063340000001,130.88637349010799
97.79,2.1739890256185213,19.0779558,72.8806337,130.88637349010799
97.8,2.168250980628706,19.077956,72.880634,130.88637349010799
97.81,2.162519330866737,19.0779562,72.88063430000001,130.88637349010799
97.82000000000001,2.156794082618042,19.0779564,72.88063460000001,130.88637349010799
97.83,2.1510752421610864,19.0779566,72.8806349,130.88637349010799
97.84,2.14536281576727,19.0779568,72.8806352,130.88637349010799
97.85000000000001,2.13965680970096,19.077957,72.88063550000001,130.88637349010799
97.86,2.1339572302195204,19.0779572,72.88063580000001,130.88637349010799
97.87,2.1282640835732094,19.0779574,72.8806361,130.88637349010799
97.88,2.12257737600528,19.0779576,72.8806364,130.88637349010799
97.89,2.1168971137518744,19.0779578,72.88063670000001,130.88637349010799
97.9,2.1112233030421272,19.077958,72.88063700000001,130.88637349010799
97.91,2.105555950098057,19.0779582,72.8806373,130.88637349010799
97.92,2.099895061134611,19.0779584,72.8806376,130.88637349010799
97.93,2.094240642359649,19.0779586,72.88063790000001,130.88637349010799
97.94,2.0885926999739333,19.0779588,72.8806382,130.88637349010799
97.95,2.082951240171126,19.077959,72.8806385,130.88637349010799
97.96000000000001,2.0773162691377696,19.077959200000002,72.8806388,130.88637349010799
97.97,2.0716877930533197,19.0779594,72.88063910000001,130.88637349010799
97.98,2.066065818090091,19.0779596,72.8806394,130.88637349010799
97.99000000000001,2.060450350413239,19.077959800000002,72.8806397,130.88637349010799
98.0,2.0548413961808514,19.07796,72.88064,130.88637349010799
98.01,2.0492389615437956,19.0779602,72.88064030000001,130.88637349010799
98.02,2.043643052645857,19.077960400000002,72.8806406,130.88637349010799
98.03,2.038053675623636,19.0779606,72.8806409,130.88637349010799
98.04,2.0324708366065396,19.0779608,72.8806412,130.88637349010799
98.05,2.026894541716876,19.077961000000002,72.88064150000001,130.88637349010799
98.06,2.0213247970696973,19.0779612,72.8806418,130.88637349010799
98.07000000000001,2.015761608772938,19.0779614,72.8806421,130.88637349010799
98.08,2.010204982927319,19.077961600000002,72.8806424,130.88637349010799
98.09,2.0046549256263315,19.0779618,72.88064270000001,130.88637349010799
98.10000000000001,1.9991114429563233,19.077962,72.880643,130.88637349010799
98.11,1.9935745409963923,19.0779622,72.8806433,130.88637349010799
98.12,1.9880442258184319,19.0779624,72.8806436,130.88637349010799
98.13,1.982520503487109,19.0779626,72.88064390000001,130.88637349010799
98.14,1.9770033800598643,19.0779628,72.8806442,130.88637349010799
98.15,1.9714928615868983,19.077963,72.8806445,130.88637349010799
98.16,1.9659889541111708,19.0779632,72.8806448,130.88637349010799
98.17,1.9604916636683916,19.0779634,72.88064510000001,130.88637349010799
98.18,1.955000996287004,19.0779636,72.8806454,130.88637349010799
98.19,1.9495169579882363,19.0779638,72.8806457,130.88637349010799
98.2,1.9440395547859515,19.077964,72.880646,130.88637349010799
98.21000000000001,1.9385687926868318,19.0779642,72.88064630000001,130.88637349010799
98.22,1.9331046776902285,19.0779644,72.8806466,130.88637349010799
98.23,1.9276472157882054,19.0779646,72.8806469,130.88637349010799
98.24000000000001,1.9221964129655573,19.0779648,72.8806472,130.88637349010799
98.25,1.916752275199757,19.077965,72.88064750000001,130.88637349010799
98.26,1.9113148084609506,19.0779652,72.8806478,130.88637349010799
98.27,1.9058840187119968,19.0779654,72.8806481,130.88637349010799
98.28,1.9004599119084133,19.0779656,72.8806484,130.88637349010799
98.29,1.8950424939984165,19.0779658,72.88064870000001,130.88637349010799
98.3,1.8896317709228683,19.077966,72.880649,130.88637349010799
98.31,1.8842277486152739,19.0779662,72.8806493,130.88637349010799
98.32000000000001,1.878830433001804,19.0779664,72.8806496,130.88637349010799
98.33,1.8734398300012964,19.0779666,72.88064990000001,130.88637349010799
98.34,1.8680559455251995,19.077966800000002,72.8806502,130.88637349010799
98.35000000000001,1.862678785477593,19.077967,72.8806505,130.88637349010799
98.36,1.8573083557552286,19.0779672,72.8806508,130.88637349010799
98.37,1.8519446622473863,19.077967400000002,72.88065110000001,130.88637349010799
98.38,1.84658771083605,19.0779676,72.8806514,130.88637349010799
98.39,1.8412375073957659,19.0779678,72.8806517,130.88637349010799
98.4,1.835894057793677,19.077968000000002,72.880652,130.88637349010799
98.41,1.8305573678895692,19.0779682,72.88065230000001,130.88637349010799
98.42,1.825227443535721,19.0779684,72.8806526,130.88637349010799
98.43,1.8199042905770861,19.077968600000002,72.8806529,130.88637349010799
98.44,1.8145879148511437,19.0779688,72.8806532,130.88637349010799
98.45,1.8092783221879438,19.077969,72.88065350000001,130.88637349010799
98.46000000000001,1.8039755184101312,19.077969200000002,72.8806538,130.88637349010799
98.47,1.7986795093328558,19.0779694,72.8806541,130.88637349010799
98.48,1.793390300763848,19.0779696,72.8806544,130.88637349010799
98.49000000000001,1.7881078985033652,19.0779698,72.88065470000001,130.88637349010799
98.5,1.7828323083442363,19.07797,72.880655,130.88637349010799
98.51,1.7775635360717565,19.0779702,72.8806553,130.88637349010799
98.52,1.7723015874638168,19.0779704,72.88065560000001,130.88637349010799
98.53,1.7670464682907614,19.0779706,72.88065590000001,130.88637349010799
98.54,1.7617981843154737,19.0779708,72.8806562,130.88637349010799
98.55,1.756556741293367,19.077971,72.8806565,130.88637349010799
98.56,1.751322144972291,19.0779712,72.88065680000001,130.88637349010799
98.57000000000001,1.7460944010926571,19.0779714,72.88065710000001,130.88637349010799
98.58,1.7408735153873014,19.0779716,72.8806574,130.88637349010799
98.59,1.735659493581565,19.0779718,72.8806577,130.88637349010799
98.60000000000001,1.7304523413932795,19.077972,72.88065800000001,130.88637349010799
98.61,1.725252064532718,19.0779722,72.88065830000001,130.88637349010799
98.62,1.7200586687026291,19.0779724,72.8806586,130.88637349010799
98.63,1.7148721595981913,19.0779726,72.8806589,130.88637349010799
98.64,1.7096925429070478,19.0779728,72.88065920000001,130.88637349010799
98.65,1.7045198243093012,19.077973,72.88065950000001,130.88637349010799
98.66,1.699354009477462,19.0779732,72.8806598,130.88637349010799
98.67,1.6941951040764796,19.0779734,72.8806601,130.88637349010799
98.68,1.6890431137637272,19.0779736,72.88066040000001,130.88637349010799
98.69,1.683898044188994,19.0779738,72.8806607,130.88637349010799
98.7,1.6787599009944785,19.077974,72.880661,130.88637349010799
98.71000000000001,1.6736286898147759,19.0779742,72.8806613,130.88637349010799
98.72,1.6685044162769156,19.077974400000002,72.88066160000001,130.88637349010799
98.73,1.6633870860002657,19.0779746,72.8806619,130.88637349010799
98.74000000000001,1.6582767045966138,19.0779748,72.8806622,130.88637349010799
98.75,1.6531732776701213,19.077975000000002,72.8806625,130.88637349010799
98.76,1.6480768108173116,19.0779752,72.88066280000001,130.88637349010799
98.77,1.6429873096271121,19.0779754,72.8806631,130.88637349010799
98.78,1.63790477968075,19.077975600000002,72.8806634,130.88637349010799
98.79,1.632829226551877,19.0779758,72.8806637,130.88637349010799
98.8,1.6277606558064344,19.077976,72.88066400000001,130.88637349010799
98.81,1.6226990730027389,19.077976200000002,72.8806643,130.88637349010799
98.82000000000001,1.6176444836914285,19.0779764,72.8806646,130.88637349010799
98.83,1.612596893415497,19.0779766,72.8806649,130.88637349010799
98.84,1.6075563077102473,19.077976800000002,72.88066520000001,130.88637349010799
98.85000000000001,1.6025227321032727,19.077977,72.8806655,130.88637349010799
98.86,1.5974961721145409,19.0779772,72.8806658,130.88637349010799
98.87,1.5924766332562568,19.0779774,72.8806661,130.88637349010799
98.88,1.587464121032986,19.0779776,72.88066640000001,130.88637349010799
98.89,1.582458640941562,19.0779778,72.8806667,130.88637349010799
98.9,1.5774601984710825,19.077978,72.880667,130.88637349010799
98.91,1.572468799102987,19.0779782,72.8806673,130.88637349010799
98.92,1.567484448310922,19.0779784,72.88066760000001,130.88637349010799
98.93,1.5625071515608653,19.0779786,72.8806679,130.88637349010799
98.94,1.557536914311024,19.0779788,72.8806682,130.88637349010799
98.95,1.552573742011874,19.077979,72.8806685,130.88637349010799
98.96000000000001,1.5476176401061412,19.0779792,72.88066880000001,130.88637349010799
98.97,1.5426686140287984,19.0779794,72.8806691,130.88637349010799
98.98,1.5377266692070615,19.0779796,72.8806694,130.88637349010799
98.99000000000001,1.5327918110603687,19.0779798,72.8806697,130.88637349010799
99.0,1.5278640450004222,19.07798,72.88067000000001,130.88637349010799
99.01,1.5229433764310985,19.0779802,72.8806703,130.88637349010799
99.02,1.5180298107485202,19.0779804,72.8806706,130.88637349010799
99.03,1.5131233533410153,19.0779806,72.8806709,130.88637349010799
99.04,1.5082240095891075,19.0779808,72.88067120000001,130.88637349010799
99.05,1.5033317848655452,19.077981,72.8806715,130.88637349010799
99.06,1.498446684535252,19.0779812,72.8806718,130.88637349010799
99.07000000000001,1.493568713955315,19.0779814,72.8806721,130.88637349010799
99.08,1.48869787847506,19.0779816,72.88067240000001,130.88637349010799
99.09,1.4838341834359214,19.0779818,72.8806727,130.88637349010799
99.10000000000001,1.4789776341715628,19.077982000000002,72.880673,130.88637349010799
99.11,1.474128236007786,19.0779822,72.8806733,130.88637349010799
99.12,1.4692859942625338,19.0779824,72.88067360000001,130.88637349010799
99.13,1.4644509142459263,19.077982600000002,72.8806739,130.88637349010799
99.14,1.4596230012602138,19.0779828,72.8806742,130.88637349010799
99.15,1.454802260599811,19.077983,72.8806745,130.88637349010799
99.16,1.4499886975512508,19.077983200000002,72.88067480000001,130.88637349010799
99.17,1.4451823173931784,19.0779834,72.8806751,130.88637349010799
99.18,1.4403831253963801,19.0779836,72.8806754,130.88637349010799
99.19,1.435591126823775,19.077983800000002,72.8806757,130.88637349010799
99.2,1.4308063269303677,19.077984,72.88067600000001,130.88637349010799
99.21000000000001,1.42602873096327,19.0779842,72.8806763,130.88637349010799
99.22,1.4212583441617346,19.077984400000002,72.8806766,130.88637349010799
99.23,1.4164951717570267,19.0779846,72.8806769,130.88637349010799
99.24000000000001,1.4117392189725813,19.0779848,72.88067720000001,130.88637349010799
99.25,1.4069904910238762,19.077985,72.8806775,130.88637349010799
99.26,1.402248993118464,19.0779852,72.8806778,130.88637349010799
99.27,1.3975147304560132,19.0779854,72.88067810000001,130.88637349010799
99.28,1.3927877082281732,19.0779856,72.88067840000001,130.88637349010799
99.29,1.3880679316187363,19.0779858,72.8806787,130.88637349010799
99.3,1.383355405803508,19.077986,72.880679,130.88637349010799
99.31,1.378650135950343,19.0779862,72.88067930000001,130.88637349010799
99.32000000000001,1.3739521272191624,19.0779864,72.88067960000001,130.88637349010799
99.33,1.3692613847619084,19.0779866,72.8806799,130.88637349010799
99.34,1.36457791372254,19.0779868,72.8806802,130.88637349010799
99.35000000000001,1.3599017192370564,19.077987,72.88068050000001,130.88637349010799
99.36,1.355232806433495,19.0779872,72.88068080000001,130.88637349010799
99.37,1.350571180431884,19.0779874,72.8806811,130.88637349010799
99.38,1.3459168463442737,19.0779876,72.8806814,130.88637349010799
99.39,1.3412698092746975,19.0779878,72.88068170000001,130.88637349010799
99.4,1.3366300743192019,19.077988,72.88068200000001,130.88637349010799
99.41,1.3319976465658474,19.0779882,72.8806823,130.88637349010799
99.42,1.3273725310946292,19.0779884,72.8806826,130.88637349010799
99.43,1.3227547329775833,19.0779886,72.88068290000001,130.88637349010799
99.44,1.318144257278668,19.0779888,72.8806832,130.88637349010799
99.45,1.313541109053837,19.077989,72.8806835,130.88637349010799
99.46000000000001,1.3089452933510213,19.0779892,72.8806838,130.88637349010799
99.47,1.3043568152100882,19.0779894,72.88068410000001,130.88637349010799
99.48,1.299775679662866,19.077989600000002,72.8806844,130.88637349010799
99.49000000000001,1.2952018917331332,19.0779898,72.8806847,130.88637349010799
99.5,1.2906354564366085,19.07799,72.880685,130.88637349010799
99.51,1.2860763787809475,19.077990200000002,72.88068530000001,130.88637349010799
99.52,1.2815246637657376,19.0779904,72.8806856,130.88637349010799
99.53,1.2769803163824935,19.0779906,72.8806859,130.88637349010799
99.54,1.2724433416146486,19.077990800000002,72.8806862,130.88637349010799
99.55,1.2679137444375526,19.077991,72.88068650000001,130.88637349010799
99.56,1.2633915298184633,19.0779912,72.8806868,130.88637349010799
99.57000000000001,1.2588767027165364,19.077991400000002,72.8806871,130.88637349010799
99.58,1.2543692680828569,19.0779916,72.8806874,130.88637349010799
99.59,1.249869230860348,19.0779918,72.88068770000001,130.88637349010799
99.60000000000001,1.245376595983883,19.077992000000002,72.880688,130.88637349010799
99.61,1.2408913683801632,19.0779922,72.8806883,130.88637349010799
99.62,1.236413552967793,19.0779924,72.8806886,130.88637349010799
99.63,1.2319431546572668,19.0779926,72.88068890000001,130.88637349010799
99.64,1.2274801783508948,19.0779928,72.8806892,130.88637349010799
99.65,1.2230246289429072,19.077993,72.8806895,130.88637349010799
99.66,1.2185765113193394,19.0779932,72.8806898,130.88637349010799
99.67,1.2141358303580958,19.0779934,72.88069010000001,130.88637349010799
99.68,1.2097025909289432,19.0779936,72.8806904,130.88637349010799
99.69,1.2052767978934655,19.0779938,72.8806907,130.88637349010799
99.7,1.2008584561050943,19.077994,72.880691,130.88637349010799
99.71000000000001,1.1964475704090605,19.0779942,72.88069130000001,130.88637349010799
99.72,1.1920441456424715,19.0779944,72.8806916,130.88637349010799
99.73,1.187648186634192,19.0779946,72.8806919,130.88637349010799
99.74000000000001,1.183259698204953,19.0779948,72.8806922,130.88637349010799
99.75,1.1788786851672617,19.077995,72.88069250000001,130.88637349010799
99.76,1.1745051523254375,19.0779952,72.8806928,130.88637349010799
99.77,1.1701391044756013,19.0779954,72.8806931,130.88637349010799
99.78,1.1657805464056397,19.0779956,72.8806934,130.88637349010799
99.79,1.161429482895266,19.0779958,72.88069370000001,130.88637349010799
99.8,1.1570859187159481,19.077996,72.880694,130.88637349010799
99.81,1.152749858630937,19.0779962,72.8806943,130.88637349010799
99.82000000000001,1.148421307395255,19.0779964,72.8806946,130.88637349010799
99.83,1.144100269755688,19.0779966,72.88069490000001,130.88637349010799
99.84,1.1397867504507841,19.0779968,72.8806952,130.88637349010799
99.85000000000001,1.135480754210839,19.077997,72.8806955,130.88637349010799
99.86,1.1311822857579195,19.077997200000002,72.8806958,130.88637349010799
99.87,1.126891349805824,19.0779974,72.88069610000001,130.88637349010799
99.88,1.1226079510600746,19.0779976,72.8806964,130.88637349010799
99.89,1.1183320942179513,19.077997800000002,72.8806967,130.88637349010799
99.9,1.1140637839684473,19.077998,72.880697,130.88637349010799
99.91,1.1098030249923037,19.0779982,72.88069730000001,130.88637349010799
99.92,1.1055498219619642,19.077998400000002,72.8806976,130.88637349010799
99.93,1.1013041795415655,19.0779986,72.8806979,130.88637349010799
99.94,1.0970661023870054,19.0779988,72.8806982,130.88637349010799
99.95,1.092835595145825,19.077999000000002,72.88069850000001,130.88637349010799
99.96000000000001,1.088612662457316,19.0779992,72.8806988,130.88637349010799
99.97,1.0843973089524415,19.0779994,72.8806991,130.88637349010799
99.98,1.0801895392538334,19.077999600000002,72.8806994,130.88637349010799
99.99000000000001,1.075989357975847,19.0779998,72.88069970000001,130.88637349010799
100.0,1.0717967697244903,19.078,72.8807,130.88637349010799
100.01,1.067611779097449,19.0780002,72.8807003,130.88637349010799
100.02,1.0634343906840797,19.0780004,72.8807006,130.88637349010799
100.03,1.0592646090654068,19.0780006,72.88070090000001,130.88637349010799
100.04,1.055102438814087,19.0780008,72.8807012,130.88637349010799
100.05,1.0509478844944704,19.078001,72.8807015,130.88637349010799
100.06,1.0468009506625293,19.0780012,72.88070180000001,130.88637349010799
100.07000000000001,1.0426616418658776,19.0780014,72.88070210000001,130.88637349010799
100.08,1.0385299626438034,19.0780016,72.8807024,130.88637349010799
100.09,1.034405917527156,19.0780018,72.8807027,130.88637349010799
100.10000000000001,1.030289511038486,19.078002,72.88070300000001,130.88637349010799
100.11,1.0261807476919307,19.0780022,72.88070330000001,130.88637349010799
100.12,1.022079631993246,19.0780024,72.8807036,130.88637349010799
100.13,1.017986168439835,19.0780026,72.8807039,130.88637349010799
100.14,1.0139003615206414,19.0780028,72.88070420000001,130.88637349010799
100.15,1.009822215716281,19.078003,72.88070450000001,130.88637349010799
100.16,1.0057517354989347,19.0780032,72.8807048,130.88637349010799
100.17,1.001688925332374,19.0780034,72.8807051,130.88637349010799
100.18,0.9976337896719851,19.0780036,72.88070540000001,130.88637349010799
100.19,0.9935863329647185,19.0780038,72.88070570000001,130.88637349010799
100.2,0.9895465596490958,19.078004,72.880706,130.88637349010799
100.21000000000001,0.985514474155222,19.0780042,72.8807063,130.88637349010799
100.22,0.9814900809047868,19.0780044,72.88070660000001,130.88637349010799
100.23,0.9774733843110246,19.0780046,72.8807069,130.88637349010799
100.24000000000001,0.9734643887787291,19.078004800000002,72.8807072,130.88637349010799
100.25,0.9694630987042823,19.078005,72.8807075,130.88637349010799
100.26,0.9654695184755493,19.0780052,72.88070780000001,130.88637349010799
100.27,0.9614836524720065,19.078005400000002,72.8807081,130.88637349010799
100.28,0.9575055050646375,19.0780056,72.8807084,130.88637349010799
100.29,0.9535350806159641,19.0780058,72.8807087,130.88637349010799
100.3,0.9495723834800689,19.078006000000002,72.88070900000001,130.88637349010799
100.31,0.9456174180024952,19.0780062,72.8807093,130.88637349010799
100.32000000000001,0.9416701885203747,19.0780064,72.8807096,130.88637349010799
100.33,0.9377306993623202,19.078006600000002,72.8807099,130.88637349010799
100.34,0.9337989548484673,19.0780068,72.88071020000001,130.88637349010799
100.35000000000001,0.929874959290454,19.078007,72.8807105,130.88637349010799
100.36,0.9259587169914232,19.078007200000002,72.8807108,130.88637349010799
100.37,0.922050232246014,19.0780074,72.8807111,130.88637349010799
100.38,0.9181495093403607,19.0780076,72.88071140000001,130.88637349010799
100.39,0.9142565525520823,19.0780078,72.8807117,130.88637349010799
100.4,0.9103713661502786,19.078008,72.880712,130.88637349010799
100.41,0.9064939543955504,19.0780082,72.8807123,130.88637349010799
100.42,0.9026243215399381,19.0780084,72.88071260000001,130.88637349010799
100.43,0.8987624718269664,19.0780086,72.8807129,130.88637349010799
100.44,0.8949084094916469,19.0780088,72.8807132,130.88637349010799
100.45,0.8910621387604065,19.078009,72.8807135,130.88637349010799
100.46000000000001,0.8872236638511781,19.0780092,72.88071380000001,130.88637349010799
100.47,0.8833929889733003,19.0780094,72.8807141,130.88637349010799
100.48,0.8795701183275781,19.0780096,72.8807144,130.88637349010799
100.49000000000001,0.8757550561062706,19.0780098,72.8807147,130.88637349010799
100.5,0.871947806493055,19.07801,72.88071500000001,130.88637349010799
100.51,0.868148373663054,19.0780102,72.8807153,130.88637349010799
100.52,0.8643567617827985,19.0780104,72.8807156,130.88637349010799
100.53,0.860572975010256,19.0780106,72.8807159,130.88637349010799
100.54,0.8567970174948245,19.0780108,72.88071620000001,130.88637349010799
100.55,0.8530288933772994,19.078011,72.8807165,130.88637349010799
100.56,0.8492686067898898,19.0780112,72.8807168,130.88637349010799
100.57000000000001,0.845516161856211,19.0780114,72.8807171,130.88637349010799
100.58,0.8417715626912798,19.0780116,72.88071740000001,130.88637349010799
100.59,0.8380348134015074,19.0780118,72.8807177,130.88637349010799
100.60000000000001,0.8343059180846915,19.078012,72.880718,130.88637349010799
100.61,0.8305848808300427,19.0780122,72.8807183,130.88637349010799
100.62,0.8268717057181139,19.078012400000002,72.88071860000001,130.88637349010799
100.63,0.8231663968208718,19.0780126,72.8807189,130.88637349010799
100.64,0.8194689582016208,19.0780128,72.8807192,130.88637349010799
100.65,0.8157793939150766,19.078013000000002,72.8807195,130.88637349010799
100.66,0.8120977080072915,19.0780132,72.88071980000001,130.88637349010799
100.67,0.8084239045156787,19.0780134,72.8807201,130.88637349010799
100.68,0.804757987469034,19.078013600000002,72.8807204,130.88637349010799
100.69,0.8010999608874654,19.0780138,72.8807207,130.88637349010799
100.7,0.7974498287824545,19.078014,72.88072100000001,130.88637349010799
100.71000000000001,0.793807595156812,19.078014200000002,72.8807213,130.88637349010799
100.72,0.7901732640047063,19.0780144,72.8807216,130.88637349010799
100.73,0.7865468393116268,19.0780146,72.8807219,130.88637349010799
100.74000000000001,0.7829283250543746,19.078014800000002,72.88072220000001,130.88637349010799
100.75,0.7793177252011194,19.078015,72.8807225,130.88637349010799
100.76,0.7757150437113003,19.0780152,72.8807228,130.88637349010799
100.77,0.7721202845357196,19.0780154,72.8807231,130.88637349010799
100.78,0.7685334516164701,19.0780156,72.88072340000001,130.88637349010799
100.79,0.7649545488869371,19.0780158,72.8807237,130.88637349010799
100.8,0.7613835802718487,19.078016,72.880724,130.88637349010799
100.81,0.757820549687187,19.0780162,72.88072430000001,130.88637349010799
100.82000000000001,0.7542654610402693,19.0780164,72.88072460000001,130.88637349010799
100.83,0.7507183182296808,19.0780166,72.8807249,130.88637349010799
100.84,0.7471791251452986,19.0780168,72.8807252,130.88637349010799
100.85000000000001,0.7436478856682802,19.078017,72.88072550000001,130.88637349010799
100.86,0.7401246036710649,19.0780172,72.88072580000001,130.88637349010799
100.87,0.7366092830173621,19.0780174,72.8807261,130.88637349010799
100.88,0.733101927562152,19.0780176,72.8807264,130.88637349010799
100.89,0.7296025411516798,19.0780178,72.88072670000001,130.88637349010799
100.9,0.7261111276234526,19.078018,72.88072700000001,130.88637349010799
100.91,0.7226276908062328,19.0780182,72.8807273,130.88637349010799
100.92,0.7191522345200365,19.0780184,72.8807276,130.88637349010799
100.93,0.7156847625761209,19.0780186,72.88072790000001,130.88637349010799
100.94,0.7122252787770176,19.0780188,72.88072820000001,130.88637349010799
100.95,0.7087737869164403,19.078019,72.8807285,130.88637349010799
100.96000000000001,0.7053302907793961,19.0780192,72.8807288,130.88637349010799
100.97,0.7018947941420954,19.0780194,72.88072910000001,130.88637349010799
100.98,0.6984673007719744,19.0780196,72.8807294,130.88637349010799
100.99000000000001,0.6950478144277126,19.0780198,72.8807297,130.88637349010799
101.0,0.6916363388591957,19.078020000000002,72.88073,130.88637349010799
101.01,0.688232877807514,19.0780202,72.88073030000001,130.88637349010799
101.02,0.684837435004984,19.0780204,72.8807306,130.88637349010799
101.03,0.6814500141751214,19.078020600000002,72.8807309,130.88637349010799
101.04,0.678070619032658,19.0780208,72.8807312,130.88637349010799
101.05,0.6746992532835154,19.078021,72.88073150000001,130.88637349010799
101.06,0.6713359206247995,19.078021200000002,72.8807318,130.88637349010799
101.07000000000001,0.667980624744815,19.0780214,72.8807321,130.88637349010799
101.08,0.6646333693230684,19.0780216,72.8807324,130.88637349010799
101.09,0.6612941580302287,19.078021800000002,72.88073270000001,130.88637349010799
101.10000000000001,0.6579629945281447,19.078022,72.880733,130.88637349010799
101.11,0.6546398824698691,19.0780222,72.8807333,130.88637349010799
101.12,0.651324825499568,19.078022400000002,72.8807336,130.88637349010799
101.13,0.6480178272526294,19.0780226,72.88073390000001,130.88637349010799
101.14,0.644718891355577,19.0780228,72.8807342,130.88637349010799
101.15,0.6414280214260941,19.078023,72.8807345,130.88637349010799
101.16,0.6381452210730441,19.0780232,72.8807348,130.88637349010799
101.17,0.6348704938963863,19.0780234,72.88073510000001,130.88637349010799
101.18,0.6316038434872837,19.0780236,72.8807354,130.88637349010799
101.19,0.6283452734280139,19.0780238,72.8807357,130.88637349010799
101.2,0.6250947872919914,19.078024,72.880736,130.88637349010799
101.21000000000001,0.6218523886437861,19.0780242,72.88073630000001,130.88637349010799
101.22,0.6186180810390836,19.0780244,72.8807366,130.88637349010799
101.23,0.6153918680246884,19.0780246,72.8807369,130.88637349010799
101.24000000000001,0.6121737531385385,19.0780248,72.8807372,130.88637349010799
101.25,0.6089637399097088,19.078025,72.88073750000001,130.88637349010799
101.26,0.6057618318583495,19.0780252,72.8807378,130.88637349010799
101.27,0.6025680324957676,19.0780254,72.8807381,130.88637349010799
101.28,0.5993823453243392,19.0780256,72.8807384,130.88637349010799
101.29,0.5962047738375604,19.0780258,72.88073870000001,130.88637349010799
101.3,0.5930353215200457,19.078026,72.880739,130.88637349010799
101.31,0.5898739918474654,19.0780262,72.8807393,130.88637349010799
101.32000000000001,0.5867207882866268,19.0780264,72.8807396,130.88637349010799
101.33,0.5835757142953879,19.0780266,72.88073990000001,130.88637349010799
101.34,0.5804387733227081,19.0780268,72.8807402,130.88637349010799
101.35000000000001,0.5773099688086392,19.078027,72.8807405,130.88637349010799
101.36,0.5741893041842934,19.0780272,72.8807408,130.88637349010799
101.37,0.5710767828718613,19.0780274,72.88074110000001,130.88637349010799
101.38,0.5679724082846098,19.078027600000002,72.8807414,130.88637349010799
101.39,0.5648761838268506,19.0780278,72.8807417,130.88637349010799
101.4,0.5617881128939892,19.078028,72.880742,130.88637349010799
101.41,0.558708198872468,19.078028200000002,72.88074230000001,130.88637349010799
101.42,0.5556364451397924,19.0780284,72.8807426,130.88637349010799
101.43,0.5525728550645148,19.0780286,72.8807429,130.88637349010799
101.44,0.5495174320062386,19.078028800000002,72.8807432,130.88637349010799
101.45,0.5464701793156097,19.078029,72.88074350000001,130.88637349010799
101.46000000000001,0.5434311003343089,19.0780292,72.8807438,130.88637349010799
101.47,0.5404001983950737,19.078029400000002,72.8807441,130.88637349010799
101.48,0.5373774768216402,19.0780296,72.8807444,130.88637349010799
101.49000000000001,0.5343629389288136,19.0780298,72.88074470000001,130.88637349010799
101.5,0.5313565880223878,19.078030000000002,72.880745,130.88637349010799
101.51,0.5283584273991968,19.0780302,72.8807453,130.88637349010799
101.52,0.5253684603471065,19.0780304,72.8807456,130.88637349010799
101.53,0.5223866901449599,19.0780306,72.88074590000001,130.88637349010799
101.54,0.5194131200626568,19.0780308,72.8807462,130.88637349010799
101.55,0.5164477533610645,19.078031,72.8807465,130.88637349010799
101.56,0.5134905932920759,19.0780312,72.88074680000001,130.88637349010799
101.57000000000001,0.5105416430985761,19.0780314,72.88074710000001,130.88637349010799
101.58,0.50760090601446,19.0780316,72.8807474,130.88637349010799
101.59,0.5046683852646057,19.0780318,72.8807477,130.88637349010799
101.60000000000001,0.5017440840648666,19.078032,72.88074800000001,130.88637349010799
101.61,0.49882800562211926,19.0780322,72.88074830000001,130.88637349010799
101.62,0.49592015313417903,19.0780324,72.8807486,130.88637349010799
101.63,0.4930205297898791,19.0780326,72.8807489,130.88637349010799
101.64,0.49012913876900654,19.0780328,72.88074920000001,130.88637349010799
101.65,0.4872459832423264,19.078033,72.88074950000001,130.88637349010799
101.66,0.484371066371577,19.0780332,72.8807498,130.88637349010799
101.67,0.4815043913094428,19.0780334,72.8807501,130.88637349010799
101.68,0.47864596119959835,19.0780336,72.88075040000001,130.88637349010799
101.69,0.47579577917665805,19.0780338,72.88075070000001,130.88637349010799
101.7,0.47295384836619725,19.078034,72.880751,130.88637349010799
101.71000000000001,0.470120171884739,19.0780342,72.8807513,130.88637349010799
101.72,0.4672947528397593,19.0780344,72.88075160000001,130.88637349010799
101.73,0.4644775943296757,19.078034600000002,72.8807519,130.88637349010799
101.74000000000001,0.4616686994438437,19.0780348,72.8807522,130.88637349010799
101.75,0.4588680712625699,19.078035,72.8807525,130.88637349010799
101.76,0.4560757128570856,19.078035200000002,72.88075280000001,130.88637349010799
101.77,0.45329162728954664,19.0780354,72.8807531,130.88637349010799
101.78,0.4505158176130477,19.0780356,72.8807534,130.88637349010799
101.79,0.44774828687160007,19.078035800000002,72.8807537,130.88637349010799
101.8,0.44498903810014934,19.078036,72.88075400000001,130.88637349010799
101.81,0.44223807432455065,19.0780362,72.8807543,130.88637349010799
101.82000000000001,0.4394953985615597,19.078036400000002,72.8807546,130.88637349010799
101.83,0.4367610138188738,19.0780366,72.8807549,130.88637349010799
101.84,0.434034923095064,19.0780368,72.88075520000001,130.88637349010799
101.85000000000001,0.43131712937963584,19.078037000000002,72.8807555,130.88637349010799
101.86,0.428607635652984,19.0780372,72.8807558,130.88637349010799
101.87,0.4259064448863912,19.0780374,72.8807561,130.88637349010799
101.88,0.4232135600420497,19.078037600000002,72.88075640000001,130.88637349010799
101.89,0.4205289840730311,19.0780378,72.8807567,130.88637349010799
101.9,0.41785271992331374,19.078038,72.880757,130.88637349010799
101.91,0.41518477052774383,19.0780382,72.8807573,130.88637349010799
101.92,0.4125251388120592,19.0780384,72.88075760000001,130.88637349010799
101.93,0.4098738276928584,19.0780386,72.8807579,130.88637349010799
101.94,0.4072308400776432,19.0780388,72.8807582,130.88637349010799
101.95,0.40459617886476984,19.078039,72.8807585,130.88637349010799
101.96000000000001,0.4019698469434614,19.0780392,72.88075880000001,130.88637349010799
101.97,0.3993518471938309,19.0780394,72.8807591,130.88637349010799
101.98,0.39674218248681026,19.0780396,72.8807594,130.88637349010799
101.99000000000001,0.39414085568423474,19.0780398,72.8807597,130.88637349010799
102.0,0.39154786963877264,19.07804,72.88076000000001,130.88637349010799
102.01,0.3889632271939467,19.0780402,72.8807603,130.88637349010799
102.02,0.3863869311841528,19.0780404,72.8807606,130.88637349010799
102.03,0.38381898443458873,19.0780406,72.8807609,130.88637349010799
102.04,0.38125938976133966,19.0780408,72.88076120000001,130.88637349010799
102.05,0.3787081499713114,19.078041,72.8807615,130.88637349010799
102.06,0.37616526786224735,19.0780412,72.8807618,130.88637349010799
102.07000000000001,0.3736307462227364,19.0780414,72.8807621,130.88637349010799
102.08,0.37110458783219435,19.0780416,72.88076240000001,130.88637349010799
102.09,0.36858679546085416,19.0780418,72.8807627,130.88637349010799
102.10000000000001,0.3660773718697836,19.078042,72.880763,130.88637349010799
102.11,0.3635763198108819,19.078042200000002,72.8807633,130.88637349010799
102.12,0.3610836420268546,19.0780424,72.88076360000001,130.88637349010799
102.13,0.35859934125123427,19.0780426,72.8807639,130.88637349010799
102.14,0.35612342020835186,19.078042800000002,72.8807642,130.88637349010799
102.15,0.35365588161335815,19.078043,72.8807645,130.88637349010799
102.16,0.3511967281722246,19.0780432,72.88076480000001,130.88637349010799
102.17,0.348745962581698,19.078043400000002,72.8807651,130.88637349010799
102.18,0.34630358752935564,19.0780436,72.8807654,130.88637349010799
102.19,0.34386960569356084,19.0780438,72.8807657,130.88637349010799
102.2,0.34144401974346206,19.078044000000002,72.88076600000001,130.88637349010799
102.21000000000001,0.3390268323390222,19.0780442,72.8807663,130.88637349010799
102.22,0.33661804613098045,19.0780444,72.8807666,130.88637349010799
102.23,0.3342176637608665,19.078044600000002,72.8807669,130.88637349010799
102.24000000000001,0.3318256878609933,19.0780448,72.88076720000001,130.88637349010799
102.25,0.32944212105445647,19.078045,72.8807675,130.88637349010799
102.26,0.32706696595512863,19.078045200000002,72.8807678,130.88637349010799
102.27,0.32470022516765784,19.0780454,72.8807681,130.88637349010799
102.28,0.32234190128746754,19.0780456,72.88076840000001,130.88637349010799
102.29,0.3199919969007441,19.0780458,72.8807687,130.88637349010799
102.3,0.31765051458445637,19.078046,72.880769,130.88637349010799
102.31,0.3153174569063175,19.0780462,72.88076930000001,130.88637349010799
102.32000000000001,0.31299282642480897,19.0780464,72.88076960000001,130.88637349010799
102.33,0.31067662568918664,19.0780466,72.8807699,130.88637349010799
102.34,0.3083688572394312,19.0780468,72.8807702,130.88637349010799
102.35000000000001,0.3060695236063111,19.078047,72.88077050000001,130.88637349010799
102.36,0.3037786273113152,19.0780472,72.88077080000001,130.88637349010799
102.37,0.30149617086669167,19.0780474,72.8807711,130.88637349010799
102.38,0.2992221567754463,19.0780476,72.8807714,130.88637349010799
102.39,0.29695658753129806,19.0780478,72.88077170000001,130.88637349010799
102.4,0.29469946561873694,19.078048,72.88077200000001,130.88637349010799
102.41,0.29245079351296344,19.0780482,72.8807723,130.88637349010799
102.42,0.2902105736799214,19.0780484,72.8807726,130.88637349010799
102.43,0.28797880857629465,19.0780486,72.88077290000001,130.88637349010799
102.44,0.28575550064948185,19.0780488,72.88077320000001,130.88637349010799
102.45,0.2835406523376145,19.078049,72.8807735,130.88637349010799
102.46000000000001,0.28133426606954526,19.0780492,72.8807738,130.88637349010799
102.47,0.2791363442648498,19.0780494,72.88077410000001,130.88637349010799
102.48,0.27694688933380895,19.0780496,72.8807744,130.88637349010799
102.49000000000001,0.274765903677439,19.078049800000002,72.8807747,130.88637349010799
102.5,0.2725933896874535,19.07805,72.880775,130.88637349010799
102.51,0.27042934974628263,19.0780502,72.88077530000001,130.88637349010799
102.52,0.26827378622706366,19.078050400000002,72.8807756,130.88637349010799
102.53,0.26612670149362483,19.0780506,72.8807759,130.88637349010799
102.54,0.26398809790052,19.0780508,72.8807762,130.88637349010799
102.55,0.26185797779298614,19.078051000000002,72.88077650000001,130.88637349010799
102.56,0.2597363435069582,19.0780512,72.8807768,130.88637349010799
102.57000000000001,0.25762319736907724,19.0780514,72.8807771,130.88637349010799
102.58,0.25551854169665855,19.078051600000002,72.8807774,130.88637349010799
102.59,0.25342237879771634,19.0780518,72.88077770000001,130.88637349010799
102.60000000000001,0.2513347109709487,19.078052,72.880778,130.88637349010799
102.61,0.24925554050574572,19.078052200000002,72.8807783,130.88637349010799
102.62,0.24718486968217324,19.0780524,72.8807786,130.88637349010799
102.63,0.24512270077096776,19.0780526,72.88077890000001,130.88637349010799
102.64,0.24306903603355412,19.078052800000002,72.8807792,130.88637349010799
102.65,0.24102387772202416,19.078053,72.8807795,130.88637349010799
102.66,0.23898722807915185,19.0780532,72.8807798,130.88637349010799
102.67,0.23695908933837373,19.0780534,72.88078010000001,130.88637349010799
102.68,0.23493946372378094,19.0780536,72.8807804,130.88637349010799
102.69,0.23292835345015472,19.0780538,72.8807807,130.88637349010799
102.7,0.2309257607229105,19.078054,72.880781,130.88637349010799
102.71000000000001,0.22893168773814843,19.0780542,72.88078130000001,130.88637349010799
102.72,0.2269461366826082,19.0780544,72.8807816,130.88637349010799
102.73,0.22496910973369122,19.0780546,72.8807819,130.88637349010799
102.74000000000001,0.22300060905944985,19.0780548,72.8807822,130.88637349010799
102.75,0.22104063681858754,19.078055,72.88078250000001,130.88637349010799
102.76,0.21908919516045167,19.0780552,72.8807828,130.88637349010799
102.77,0.21714628622503973,19.0780554,72.8807831,130.88637349010799
102.78,0.2152119121429914,19.0780556,72.8807834,130.88637349010799
102.79,0.21328607503557517,19.0780558,72.88078370000001,130.88637349010799
102.8,0.21136877701471857,19.078056,72.880784,130.88637349010799
102.81,0.20946002018296994,19.0780562,72.8807843,130.88637349010799
102.82000000000001,0.20755980663351092,19.0780564,72.8807846,130.88637349010799
102.83,0.20566813845017418,19.0780566,72.88078490000001,130.88637349010799
102.84,0.2037850177073839,19.0780568,72.8807852,130.88637349010799
102.85000000000001,0.20191044647022682,19.078057,72.8807855,130.88637349010799
102.86,0.20004442679439727,19.0780572,72.8807858,130.88637349010799
102.87,0.19818696072621123,19.078057400000002,72.88078610000001,130.88637349010799
102.88,0.1963380503026162,19.0780576,72.8807864,130.88637349010799
102.89,0.19449769755116186,19.0780578,72.8807867,130.88637349010799
102.9,0.1926659044900223,19.078058000000002,72.880787,130.88637349010799
102.91,0.19084267312798353,19.0780582,72.88078730000001,130.88637349010799
102.92,0.18902800546443999,19.0780584,72.8807876,130.88637349010799
102.93,0.18722190348940249,19.078058600000002,72.8807879,130.88637349010799
102.94,0.18542436918348315,19.0780588,72.8807882,130.88637349010799
102.95,0.18363540451789362,19.078059,72.88078850000001,130.88637349010799
102.96000000000001,0.18185501145445127,19.078059200000002,72.8807888,130.88637349010799
102.97,0.18008319194558364,19.0780594,72.8807891,130.88637349010799
102.98,0.1783199479343036,19.0780596,72.8807894,130.88637349010799
102.99000000000001,0.17656528135422178,19.078059800000002,72.88078970000001,130.88637349010799
103.0,0.17481919412955715,19.07806,72.88079,130.88637349010799
103.01,0.17308168817509095,19.0780602,72.8807903,130.88637349010799
103.02,0.17135276539622346,19.078060400000002,72.8807906,130.88637349010799
103.03,0.16963242768892606,19.0780606,72.88079090000001,130.88637349010799
103.04,0.16792067693975898,19.0780608,72.8807912,130.88637349010799
103.05,0.16621751502587667,19.078061,72.8807915,130.88637349010799
103.06,0.16452294381498955,19.0780612,72.88079180000001,130.88637349010799
103.07000000000001,0.16283696516541202,19.0780614,72.88079210000001,130.88637349010799
103.08,0.161159580926026,19.0780616,72.8807924,130.88637349010799
103.09,0.15949079293628632,19.0780618,72.8807927,130.88637349010799
103.10000000000001,0.15783060302622332,19.078062,72.88079300000001,130.88637349010799
103.11,0.15617901301644554,19.0780622,72.88079330000001,130.88637349010799
103.12,0.15453602471811667,19.0780624,72.8807936,130.88637349010799
103.13,0.1529016399329759,19.0780626,72.8807939,130.88637349010799
103.14,0.1512758604533282,19.0780628,72.88079420000001,130.88637349010799
103.15,0.1496586880620372,19.078063,72.88079450000001,130.88637349010799
103.16,0.14805012453253852,19.0780632,72.8807948,130.88637349010799
103.17,0.14645017162881047,19.0780634,72.8807951,130.88637349010799
103.18,0.14485883110539888,19.0780636,72.88079540000001,130.88637349010799
103.19,0.14327610470741092,19.0780638,72.88079570000001,130.88637349010799
103.2,0.14170199417048934,19.078064,72.880796,130.88637349010799
103.21000000000001,0.14013650122085064,19.0780642,72.8807963,130.88637349010799
103.22,0.13857962757524245,19.0780644,72.88079660000001,130.88637349010799
103.23,0.13703137494096573,19.0780646,72.8807969,130.88637349010799
103.24000000000001,0.1354917450158757,19.0780648,72.8807972,130.88637349010799
103.25,0.13396073948836307,19.078065000000002,72.8807975,130.88637349010799
103.26,0.1324383600373622,19.0780652,72.88079780000001,130.88637349010799
103.27,0.13092460833235187,19.0780654,72.8807981,130.88637349010799
103.28,0.1294194860333393,19.078065600000002,72.8807984,130.88637349010799
103.29,0.12792299479088154,19.0780658,72.8807987,130.88637349010799
103.3,0.12643513624606495,19.078066,72.88079900000001,130.88637349010799
103.31,0.12495591203050616,19.078066200000002,72.8807993,130.88637349010799
103.32000000000001,0.12348532376635735,19.0780664,72.8807996,130.88637349010799
103.33,0.12202337306629829,19.0780666,72.8807999,130.88637349010799
103.34,0.12057006153353722,19.078066800000002,72.88080020000001,130.88637349010799
103.35000000000001,0.1191253907618064,19.078067,72.8808005,130.88637349010799
103.36,0.11768936233537186,19.0780672,72.8808008,130.88637349010799
103.37,0.11626197782900416,19.078067400000002,72.8808011,130.88637349010799
103.38,0.11484323880801917,19.0780676,72.88080140000001,130.88637349010799
103.39,0.11343314682822214,19.0780678,72.8808017,130.88637349010799
103.4,0.11203170343595925,19.078068000000002,72.880802,130.88637349010799
103.41,0.11063891016809002,19.0780682,72.8808023,130.88637349010799
103.42,0.10925476855197402,19.0780684,72.88080260000001,130.88637349010799
103.43,0.10787928010550107,19.0780686,72.8808029,130.88637349010799
103.44,0.10651244633705659,19.0780688,72.8808032,130.88637349010799
103.45,0.1051542687455429,19.078069,72.8808035,130.88637349010799
103.46000000000001,0.10380474882036683,19.0780692,72.88080380000001,130.88637349010799
103.47,0.1024638880414459,19.0780694,72.8808041,130.88637349010799
103.48,0.10113168787919857,19.0780696,72.8808044,130.88637349010799
103.49000000000001,0.09980814979453978,19.0780698,72.8808047,130.88637349010799
103.5,0.09849327523889961,19.07807,72.88080500000001,130.88637349010799
103.51,0.09718706565419044,19.0780702,72.8808053,130.88637349010799
103.52,0.095889522472838,19.0780704,72.8808056,130.88637349010799
103.53,0.09460064711775562,19.0780706,72.8808059,130.88637349010799
103.54,0.09332044100235226,19.0780708,72.88080620000001,130.88637349010799
103.55,0.09204890553053335,19.078071,72.8808065,130.88637349010799
103.56,0.0907860420966875,19.0780712,72.8808068,130.88637349010799
103.57000000000001,0.08953185208570602,19.0780714,72.8808071,130.88637349010799
103.58,0.08828633687295806,19.0780716,72.88080740000001,130.88637349010799
103.59,0.08704949782430571,19.0780718,72.8808077,130.88637349010799
103.60000000000001,0.08582133629609334,19.078072,72.880808,130.88637349010799
103.61,0.08460185363515205,19.0780722,72.8808083,130.88637349010799
103.62,0.08339105117879253,19.0780724,72.88080860000001,130.88637349010799
103.63,0.08218893025480956,19.078072600000002,72.8808089,130.88637349010799
103.64,0.08099549218147217,19.0780728,72.8808092,130.88637349010799
103.65,0.0798107382675397,19.078073,72.8808095,130.88637349010799
103.66,0.07863466981223333,19.078073200000002,72.88080980000001,130.88637349010799
103.67,0.07746728810525827,19.0780734,72.8808101,130.88637349010799
103.68,0.07630859442678872,19.0780736,72.8808104,130.88637349010799
103.69,0.07515859004748204,19.078073800000002,72.8808107,130.88637349010799
103.7,0.07401727622845211,19.078074,72.88081100000001,130.88637349010799
103.71000000000001,0.07288465422128976,19.0780742,72.8808113,130.88637349010799
103.72,0.07176072526805921,19.078074400000002,72.8808116,130.88637349010799
103.73,0.07064549060127945,19.0780746,72.8808119,130.88637349010799
103.74000000000001,0.0695389514439464,19.0780748,72.88081220000001,130.88637349010799
103.75,0.06844110900951783,19.078075000000002,72.8808125,130.88637349010799
103.76,0.06735196450190806,19.0780752,72.8808128,130.88637349010799
103.77,0.06627151911549856,19.0780754,72.8808131,130.88637349010799
103.78,0.06519977403512911,19.078075600000002,72.88081340000001,130.88637349010799
103.79,0.06413673043610313,19.0780758,72.8808137,130.88637349010799
103.8,0.06308238948417699,19.078076,72.880814,130.88637349010799
103.81,0.06203675233556627,19.0780762,72.8808143,130.88637349010799
103.82000000000001,0.06099982013693417,19.0780764,72.88081460000001,130.88637349010799
103.83,0.05997159402541019,19.0780766,72.8808149,130.88637349010799
103.84,0.05895207512856793,19.0780768,72.8808152,130.88637349010799
103.85000000000001,0.057941264564433936,19.078077,72.88081550000001,130.88637349010799
103.86,0.05693916344149219,19.0780772,72.88081580000001,130.88637349010799
103.87,0.05594577285866009,19.0780774,72.8808161,130.88637349010799
103.88,0.05496109390531778,19.0780776,72.8808164,130.88637349010799
103.89,0.05398512766128505,19.0780778,72.88081670000001,130.88637349010799
103.9,0.053017875196827546,19.078078,72.88081700000001,130.88637349010799
103.91,0.05205933757266212,19.0780782,72.8808173,130.88637349010799
103.92,0.05110951583993284,19.0780784,72.8808176,130.88637349010799
103.93,0.05016841104024383,19.0780786,72.88081790000001,130.88637349010799
103.94,0.049236024205628226,19.0780788,72.88081820000001,130.88637349010799
103.95,0.04831235635856146,19.078079,72.8808185,130.88637349010799
103.96000000000001,0.04739740851196217,19.0780792,72.8808188,130.88637349010799
103.97,0.04649118166918331,19.0780794,72.88081910000001,130.88637349010799
103.98,0.0455936768240095,19.0780796,72.88081940000001,130.88637349010799
103.99000000000001,0.044704894960665875,19.0780798,72.8808197,130.88637349010799
104.0,0.04382483705381279,19.07808,72.88082,130.88637349010799
104.01,0.04295350406854048,19.078080200000002,72.88082030000001,130.88637349010799
104.02,0.04209089696037438,19.0780804,72.8808206,130.88637349010799
104.03,0.04123701667526536,19.0780806,72.8808209,130.88637349010799
104.04,0.04039186414959861,19.078080800000002,72.8808212,130.88637349010799
104.05,0.03955544031019098,19.078081,72.88082150000001,130.88637349010799
104.06,0.038727746074278535,19.0780812,72.8808218,130.88637349010799
104.07000000000001,0.03790878234953343,19.078081400000002,72.8808221,130.88637349010799
104.08,0.037098550034049715,19.0780816,72.8808224,130.88637349010799
104.09,0.03629705001634331,19.0780818,72.88082270000001,130.88637349010799
104.10000000000001,0.03550428317536003,19.078082000000002,72.880823,130.88637349010799
104.11,0.03472025038046489,19.0780822,72.8808233,130.88637349010799
104.12,0.03394495249144658,19.0780824,72.8808236,130.88637349010799
104.13,0.033178390358515664,19.078082600000002,72.88082390000001,130.88637349010799
104.14,0.03242056482229749,19.0780828,72.8808242,130.88637349010799
104.15,0.03167147671384374,19.078083,72.8808245,130.88637349010799
104.16,0.03093112685462085,19.078083200000002,72.8808248,130.88637349010799
104.17,0.03019951605651272,19.0780834,72.88082510000001,130.88637349010799
104.18,0.029476645121818912,19.0780836,72.8808254,130.88637349010799
104.19,0.028762514843260867,19.0780838,72.8808257,130.88637349010799
104.2,0.028057126003965926,19.078084,72.880826,130.88637349010799
104.21000000000001,0.027360479377478875,19.0780842,72.88082630000001,130.88637349010799
104.22,0.02667257572776105,19.0780844,72.8808266,130.88637349010799
104.23,0.025993415809180576,19.0780846,72.8808269,130.88637349010799
104.24000000000001,0.02532300036652213,19.0780848,72.8808272,130.88637349010799
104.25,0.024661330134977177,19.078085,72.88082750000001,130.88637349010799
104.26,0.02400840584014574,19.0780852,72.8808278,130.88637349010799
104.27,0.0233642281980444,19.0780854,72.8808281,130.88637349010799
104.28,0.022728797915088528,19.0780856,72.8808284,130.88637349010799
104.29,0.02210211568810827,19.0780858,72.88082870000001,130.88637349010799
104.3,0.021484182204336122,19.078086,72.880829,130.88637349010799
104.31,0.020874998141410472,19.0780862,72.8808293,130.88637349010799
104.32000000000001,0.02027456416737916,19.0780864,72.8808296,130.88637349010799
104.33,0.019682880940690595,19.0780866,72.88082990000001,130.88637349010799
104.34,0.01909994911019819,19.0780868,72.8808302,130.88637349010799
104.35000000000001,0.018525769315157703,19.078087,72.8808305,130.88637349010799
104.36,0.01796034218522813,19.0780872,72.8808308,130.88637349010799
104.37,0.017403668340468137,19.0780874,72.88083110000001,130.88637349010799
104.38,0.016855748391341407,19.0780876,72.8808314,130.88637349010799
104.39,0.01631658293870686,19.078087800000002,72.8808317,130.88637349010799
104.4,0.015786172573827528,19.078088,72.880832,130.88637349010799
104.41,0.01526451787836347,19.0780882,72.88083230000001,130.88637349010799
104.42,0.014751619424369977,19.078088400000002,72.8808326,130.88637349010799
104.43,0.014247477774305572,19.0780886,72.8808329,130.88637349010799
104.44,0.01375209348102402,19.0780888,72.8808332,130.88637349010799
104.45,0.013265467087772542,19.078089000000002,72.88083350000001,130.88637349010799
104.46000000000001,0.012787599128199822,19.0780892,72.8808338,130.88637349010799
104.47,0.01231849012634445,19.0780894,72.8808341,130.88637349010799
104.48,0.01185814059664203,19.078089600000002,72.8808344,130.88637349010799
104.49000000000001,0.011406551043921631,19.0780898,72.88083470000001,130.88637349010799
104.5,0.010963721963408446,19.07809,72.880835,130.88637349010799
104.51,0.010529653840719355,19.078090200000002,72.8808353,130.88637349010799
104.52,0.01010434715186026,19.0780904,72.8808356,130.88637349010799
104.53,0.009687802363234077,19.0780906,72.88083590000001,130.88637349010799
104.54,0.009280019931632744,19.078090800000002,72.8808362,130.88637349010799
104.55,0.008881000304239883,19.078091,72.8808365,130.88637349010799
104.56,0.008490743918630805,19.0780912,72.8808368,130.88637349010799
104.57000000000001,0.008109251202766288,19.0780914,72.88083710000001,130.88637349010799
104.58,0.007736522575002347,19.0780916,72.8808374,130.88637349010799
104.59,0.007372558444080468,19.0780918,72.8808377,130.88637349010799
104.60000000000001,0.007017359209132934,19.078092,72.88083800000001,130.88637349010799
104.61,0.006670925259679272,19.0780922,72.88083830000001,130.88637349010799
104.62,0.006333256975625368,19.0780924,72.8808386,130.88637349010799
104.63,0.006004354727267902,19.0780926,72.8808389,130.88637349010799
104.64,0.005684218875286362,19.0780928,72.88083920000001,130.88637349010799
104.65,0.005372849770750143,19.078093,72.88083950000001,130.88637349010799
104.66,0.005070247755113222,19.0780932,72.8808398,130.88637349010799
104.67,0.004776413160217707,19.0780934,72.8808401,130.88637349010799
104.68,0.0044913463082858485,19.0780936,72.88084040000001,130.88637349010799
104.69,0.004215047511930692,19.0780938,72.88084070000001,130.88637349010799
104.7,0.0039475170741472,19.078094,72.880841,130.88637349010799
104.71000000000001,0.0036887552883158037,19.0780942,72.8808413,130.88637349010799
104.72,0.0034387624382006265,19.0780944,72.88084160000001,130.88637349010799
104.73,0.0031975387979477077,19.0780946,72.88084190000001,130.88637349010799
104.74000000000001,0.0029650846320903312,19.0780948,72.8808422,130.88637349010799
104.75,0.002741400195541921,19.078095,72.8808425,130.88637349010799
104.76,0.0025264857335995927,19.0780952,72.88084280000001,130.88637349010799
104.77,0.002320341481945043,19.078095400000002,72.8808431,130.88637349010799
104.78,0.0021229676666401076,19.0780956,72.8808434,130.88637349010799
104.79,0.0019343645041276503,19.0780958,72.8808437,130.88637349010799
104.8,0.0017545322012360032,19.078096000000002,72.88084400000001,130.88637349010799
104.81,0.00158347095517275,19.0780962,72.8808443,130.88637349010799
104.82000000000001,0.00142118095352739,19.0780964,72.8808446,130.88637349010799
104.83,0.001267662374272227,19.078096600000002,72.8808449,130.88637349010799
104.84,0.0011229153857570395,19.0780968,72.88084520000001,130.88637349010799
104.85000000000001,0.0009869401467152983,19.078097,72.8808455,130.88637349010799
104.86,0.0008597368062606137,19.078097200000002,72.8808458,130.88637349010799
104.87,0.0007413055038885119,19.0780974,72.8808461,130.88637349010799
104.88,0.0006316463694711061,19.0780976,72.88084640000001,130.88637349010799
104.89,0.0005307595232642015,19.078097800000002,72.8808467,130.88637349010799
104.9,0.00043864507590285484,19.078098,72.880847,130.88637349010799
104.91,0.0003553031284013741,19.0780982,72.8808473,130.88637349010799
104.92,0.0002807337721550951,19.078098400000002,72.88084760000001,130.88637349010799
104.93,0.0002149370889368285,19.0780986,72.8808479,130.88637349010799
104.94,0.00015791315090307734,19.0780988,72.8808482,130.88637349010799
104.95,0.00010966202058604324,19.078099,72.8808485,130.88637349010799
104.96000000000001,7.018375089895557e-05,19.0780992,72.88084880000001,130.88637349010799
104.97,3.9478385134295024e-05,19.0780994,72.8808491,130.88637349010799
104.98,1.7545956965570042e-05,19.0780996,72.8808494,130.88637349010799
104.99000000000001,4.386490443764046e-06,19.0780998,72.8808497,130.88637349010799
105.0,0.0,19.0781,72.88085000000001,130.88637349010799
105.01,4.386490443764046e-06,19.0781002,72.8808503,130.88637349010799
105.02,1.7545956965570042e-05,19.0781004,72.8808506,130.88637349010799
105.03,3.9478385134295024e-05,19.0781006,72.8808509,130.88637349010799
105.04,7.018375089895557e-05,19.0781008,72.88085120000001,130.88637349010799
105.05,0.00010966202058604324,19.078101,72.8808515,130.88637349010799
105.06,0.00015791315090307734,19.0781012,72.8808518,130.88637349010799
105.07000000000001,0.00021493708893771668,19.0781014,72.8808521,130.88637349010799
105.08,0.0002807337721550951,19.0781016,72.88085240000001,130.88637349010799
105.09,0.0003553031284013741,19.0781018,72.8808527,130.88637349010799
105.10000000000001,0.00043864507590285484,19.078102,72.880853,130.88637349010799
105.11,0.0005307595232642015,19.0781022,72.8808533,130.88637349010799
105.12,0.0006316463694711061,19.0781024,72.88085360000001,130.88637349010799
105.13,0.0007413055038876237,19.0781026,72.8808539,130.88637349010799
105.14,0.0008597368062615018,19.0781028,72.8808542,130.88637349010799
105.15,0.0009869401467152983,19.078103000000002,72.8808545,130.88637349010799
105.16,0.0011229153857561514,19.0781032,72.88085480000001,130.88637349010799
105.17,0.001267662374272227,19.0781034,72.8808551,130.88637349010799
105.18,0.0014211809535282782,19.078103600000002,72.8808554,130.88637349010799
105.19,0.00158347095517275,19.0781038,72.8808557,130.88637349010799
105.2,0.0017545322012360032,19.078104,72.88085600000001,130.88637349010799
105.21000000000001,0.0019343645041276503,19.078104200000002,72.8808563,130.88637349010799
105.22,0.0021229676666392194,19.0781044,72.8808566,130.88637349010799
105.23,0.002320341481945043,19.0781046,72.8808569,130.88637349010799
105.24000000000001,0.002526485733600481,19.078104800000002,72.88085720000001,130.88637349010799
105.25,0.002741400195541921,19.078105,72.8808575,130.88637349010799
105.26,0.0029650846320903312,19.0781052,72.8808578,130.88637349010799
105.27,0.0031975387979468195,19.078105400000002,72.8808581,130.88637349010799
105.28,0.0034387624381997384,19.0781056,72.88085840000001,130.88637349010799
105.29,0.0036887552883158037,19.0781058,72.8808587,130.88637349010799
105.3,0.0039475170741472,19.078106000000002,72.880859,130.88637349010799
105.31,0.004215047511930692,19.0781062,72.8808593,130.88637349010799
105.32000000000001,0.0044913463082858485,19.0781064,72.88085960000001,130.88637349010799
105.33,0.004776413160216819,19.0781066,72.8808599,130.88637349010799
105.34,0.005070247755113222,19.0781068,72.8808602,130.88637349010799
105.35000000000001,0.005372849770750143,19.078107,72.88086050000001,130.88637349010799
105.36,0.005684218875286362,19.0781072,72.88086080000001,130.88637349010799
105.37,0.006004354727267014,19.0781074,72.8808611,130.88637349010799
105.38,0.006333256975625368,19.0781076,72.8808614,130.88637349010799
105.39,0.006670925259678384,19.0781078,72.88086170000001,130.88637349010799
105.4,0.007017359209132934,19.078108,72.88086200000001,130.88637349010799
105.41,0.007372558444081356,19.0781082,72.8808623,130.88637349010799
105.42,0.007736522575002347,19.0781084,72.8808626,130.88637349010799
105.43,0.008109251202766288,19.0781086,72.88086290000001,130.88637349010799
105.44,0.008490743918629029,19.0781088,72.88086320000001,130.88637349010799
105.45,0.008881000304239883,19.078109,72.8808635,130.88637349010799
105.46000000000001,0.009280019931632744,19.0781092,72.8808638,130.88637349010799
105.47,0.009687802363234077,19.0781094,72.88086410000001,130.88637349010799
105.48,0.01010434715186026,19.0781096,72.88086440000001,130.88637349010799
105.49000000000001,0.010529653840718467,19.0781098,72.8808647,130.88637349010799
105.5,0.010963721963409334,19.07811,72.880865,130.88637349010799
105.51,0.011406551043921631,19.0781102,72.88086530000001,130.88637349010799
105.52,0.011858140596641142,19.0781104,72.8808656,130.88637349010799
105.53,0.01231849012634445,19.078110600000002,72.8808659,130.88637349010799
105.54,0.012787599128199822,19.0781108,72.8808662,130.88637349010799
105.55,0.01326546708777343,19.078111,72.88086650000001,130.88637349010799
105.56,0.013752093481023131,19.078111200000002,72.8808668,130.88637349010799
105.57000000000001,0.01424747777430646,19.0781114,72.8808671,130.88637349010799
105.58,0.014751619424369089,19.0781116,72.8808674,130.88637349010799
105.59,0.015264517878361694,19.078111800000002,72.88086770000001,130.88637349010799
105.60000000000001,0.015786172573827528,19.078112,72.880868,130.88637349010799
105.61,0.01631658293870686,19.0781122,72.8808683,130.88637349010799
105.62,0.016855748391341407,19.078112400000002,72.8808686,130.88637349010799
105.63,0.017403668340468137,19.0781126,72.88086890000001,130.88637349010799
105.64,0.01796034218522724,19.0781128,72.8808692,130.88637349010799
105.65,0.018525769315156815,19.078113000000002,72.8808695,130.88637349010799
105.66,0.0190999491101973,19.0781132,72.8808698,130.88637349010799
105.67,0.019682880940691483,19.0781134,72.88087010000001,130.88637349010799
105.68,0.02027456416738005,19.078113600000002,72.8808704,130.88637349010799
105.69,0.02087499814141136,19.0781138,72.8808707,130.88637349010799
105.7,0.021484182204334346,19.078114,72.880871,130.88637349010799
105.71000000000001,0.02210211568810827,19.0781142,72.88087130000001,130.88637349010799
105.72,0.022728797915088528,19.0781144,72.8808716,130.88637349010799
105.73,0.023364228198043513,19.0781146,72.8808719,130.88637349010799
105.74000000000001,0.024008405840147518,19.0781148,72.8808722,130.88637349010799
105.75,0.0246613301349754,19.078115,72.88087250000001,130.88637349010799
105.76,0.02532300036652213,19.0781152,72.8808728,130.88637349010799
105.77,0.025993415809181464,19.0781154,72.8808731,130.88637349010799
105.78,0.02667257572776105,19.0781156,72.8808734,130.88637349010799
105.79,0.02736047937748065,19.0781158,72.88087370000001,130.88637349010799
105.8,0.02805712600396415,19.078116,72.880874,130.88637349010799
105.81,0.028762514843260867,19.0781162,72.8808743,130.88637349010799
105.82000000000001,0.0294766451218198,19.0781164,72.8808746,130.88637349010799
105.83,0.030199516056511833,19.0781166,72.88087490000001,130.88637349010799
105.84,0.03093112685462085,19.0781168,72.8808752,130.88637349010799
105.85000000000001,0.03167147671384374,19.078117,72.8808755,130.88637349010799
105.86,0.032420564822296605,19.0781172,72.8808758,130.88637349010799
105.87,0.03317839035851389,19.0781174,72.88087610000001,130.88637349010799
105.88,0.03394495249144658,19.0781176,72.8808764,130.88637349010799
105.89,0.03472025038046489,19.0781178,72.8808767,130.88637349010799
105.9,0.03550428317536092,19.078118,72.880877,130.88637349010799
105.91,0.036297050016342425,19.078118200000002,72.88087730000001,130.88637349010799
105.92,0.03709855003404794,19.0781184,72.8808776,130.88637349010799
105.93,0.03790878234953343,19.0781186,72.8808779,130.88637349010799
105.94,0.03872774607427765,19.078118800000002,72.8808782,130.88637349010799
105.95,0.03955544031019009,19.078119,72.88087850000001,130.88637349010799
105.96000000000001,0.0403918641495995,19.0781192,72.8808788,130.88637349010799
105.97,0.04123701667526358,19.078119400000002,72.8808791,130.88637349010799
105.98,0.04209089696037349,19.0781196,72.8808794,130.88637349010799
105.99000000000001,0.04295350406854137,19.0781198,72.88087970000001,130.88637349010799
106.0,0.04382483705381368,19.078120000000002,72.88088,130.88637349010799
106.01,0.04470489496066676,19.0781202,72.8808803,130.88637349010799
106.02,0.04559367682400772,19.0781204,72.8808806,130.88637349010799
106.03,0.046491181669182424,19.078120600000002,72.88088090000001,130.88637349010799
106.04,0.04739740851196306,19.0781208,72.8808812,130.88637349010799
106.05,0.04831235635856235,19.078121,72.8808815,130.88637349010799
106.06,0.04923602420562734,19.078121200000002,72.8808818,130.88637349010799
106.07000000000001,0.05016841104024383,19.0781214,72.88088210000001,130.88637349010799
106.08,0.05110951583993284,19.0781216,72.8808824,130.88637349010799
106.09,0.05205933757265946,19.0781218,72.8808827,130.88637349010799
106.10000000000001,0.05301787519683021,19.078122,72.88088300000001,130.88637349010799
106.11,0.05398512766128416,19.0781222,72.88088330000001,130.88637349010799
106.12,0.05496109390531867,19.0781224,72.8808836,130.88637349010799
106.13,0.055945772858659204,19.0781226,72.8808839,130.88637349010799
106.14,0.056939163441489526,19.0781228,72.88088420000001,130.88637349010799
106.15,0.0579412645644366,19.078123,72.88088450000001,130.88637349010799
106.16,0.05895207512856704,19.0781232,72.8808848,130.88637349010799
106.17,0.05997159402541108,19.0781234,72.8808851,130.88637349010799
106.18,0.06099982013693328,19.0781236,72.88088540000001,130.88637349010799
106.19,0.062036752335563605,19.0781238,72.88088570000001,130.88637349010799
106.2,0.0630823894841761,19.078124,72.880886,130.88637349010799
106.21000000000001,0.06413673043610402,19.0781242,72.8808863,130.88637349010799
106.22,0.06519977403513,19.0781244,72.88088660000001,130.88637349010799
106.23,0.06627151911549767,19.0781246,72.88088690000001,130.88637349010799
106.24000000000001,0.06735196450190717,19.0781248,72.8808872,130.88637349010799
106.25,0.06844110900951517,19.078125,72.8808875,130.88637349010799
106.26,0.06953895144394728,19.0781252,72.88088780000001,130.88637349010799
106.27,0.07064549060128034,19.0781254,72.8808881,130.88637349010799
106.28,0.07176072526805832,19.0781256,72.8808884,130.88637349010799
106.29,0.07288465422129065,19.078125800000002,72.8808887,130.88637349010799
106.3,0.07401727622844945,19.078126,72.88088900000001,130.88637349010799
106.31,0.07515859004748116,19.0781262,72.8808893,130.88637349010799
106.32000000000001,0.0763085944267905,19.078126400000002,72.8808896,130.88637349010799
106.33,0.07746728810525738,19.0781266,72.8808899,130.88637349010799
106.34,0.07863466981223421,19.0781268,72.88089020000001,130.88637349010799
106.35000000000001,0.07981073826753882,19.078127000000002,72.8808905,130.88637349010799
106.36,0.08099549218147395,19.0781272,72.8808908,130.88637349010799
106.37,0.08218893025480778,19.0781274,72.8808911,130.88637349010799
106.38,0.08339105117879164,19.078127600000002,72.88089140000001,130.88637349010799
106.39,0.08460185363515293,19.0781278,72.8808917,130.88637349010799
106.4,0.08582133629609245,19.078128,72.880892,130.88637349010799
106.41,0.08704949782430482,19.078128200000002,72.8808923,130.88637349010799
106.42,0.08828633687295717,19.0781284,72.88089260000001,130.88637349010799
106.43,0.08953185208570691,19.0781286,72.8808929,130.88637349010799
106.44,0.09078604209668928,19.0781288,72.8808932,130.88637349010799
106.45,0.09204890553053069,19.078129,72.8808935,130.88637349010799
106.46000000000001,0.09332044100235315,19.0781292,72.88089380000001,130.88637349010799
106.47,0.09460064711775473,19.0781294,72.8808941,130.88637349010799
106.48,0.09588952247283977,19.0781296,72.8808944,130.88637349010799
106.49000000000001,0.09718706565419222,19.0781298,72.8808947,130.88637349010799
106.5,0.09849327523889873,19.07813,72.88089500000001,130.88637349010799
106.51,0.09980814979453889,19.0781302,72.8808953,130.88637349010799
106.52,0.10113168787919502,19.0781304,72.8808956,130.88637349010799
106.53,0.1024638880414468,19.0781306,72.8808959,130.88637349010799
106.54,0.10380474882036772,19.0781308,72.88089620000001,130.88637349010799
106.55,0.10515426874554201,19.078131,72.8808965,130.88637349010799
106.56,0.10651244633705303,19.0781312,72.8808968,130.88637349010799
106.57000000000001,0.10787928010550019,19.0781314,72.8808971,130.88637349010799
106.58,0.1092547685519758,19.0781316,72.88089740000001,130.88637349010799
106.59,0.11063891016808913,19.0781318,72.8808977,130.88637349010799
106.60000000000001,0.1120317034359628,19.078132,72.880898,130.88637349010799
106.61,0.11343314682821859,19.0781322,72.8808983,130.88637349010799
106.62,0.11484323880801561,19.0781324,72.88089860000001,130.88637349010799
106.63,0.11626197782900594,19.0781326,72.8808989,130.88637349010799
106.64,0.11768936233537097,19.0781328,72.8808992,130.88637349010799
106.65,0.11912539076180995,19.078133,72.8808995,130.88637349010799
106.66,0.12057006153353633,19.0781332,72.88089980000001,130.88637349010799
106.67,0.1220233730662974,19.078133400000002,72.8809001,130.88637349010799
106.68,0.12348532376635557,19.0781336,72.8809004,130.88637349010799
106.69,0.12495591203050527,19.0781338,72.8809007,130.88637349010799
106.7,0.12643513624606584,19.078134000000002,72.88090100000001,130.88637349010799
106.71000000000001,0.12792299479088332,19.0781342,72.8809013,130.88637349010799
106.72,0.12941948603333753,19.0781344,72.8809016,130.88637349010799
106.73,0.1309246083323483,19.078134600000002,72.8809019,130.88637349010799
106.74000000000001,0.1324383600373631,19.0781348,72.88090220000001,130.88637349010799
106.75,0.13396073948836396,19.078135,72.8809025,130.88637349010799
106.76,0.13549174501587746,19.078135200000002,72.8809028,130.88637349010799
106.77,0.13703137494096662,19.0781354,72.8809031,130.88637349010799
106.78,0.138579627575238,19.0781356,72.88090340000001,130.88637349010799
106.79,0.14013650122084975,19.078135800000002,72.8809037,130.88637349010799
106.8,0.14170199417048845,19.078136,72.880904,130.88637349010799
106.81,0.14327610470740915,19.0781362,72.8809043,130.88637349010799
106.82000000000001,0.14485883110539977,19.0781364,72.88090460000001,130.88637349010799
106.83,0.1464501716288069,19.0781366,72.8809049,130.88637349010799
106.84,0.14805012453253674,19.0781368,72.8809052,130.88637349010799
106.85000000000001,0.14965868806203897,19.078137,72.88090550000001,130.88637349010799
106.86,0.1512758604533273,19.0781372,72.88090580000001,130.88637349010799
106.87,0.152901639932975,19.0781374,72.8809061,130.88637349010799
106.88,0.15453602471811223,19.0781376,72.8809064,130.88637349010799
106.89,0.15617901301644466,19.0781378,72.88090670000001,130.88637349010799
106.9,0.1578306030262251,19.078138,72.88090700000001,130.88637349010799
106.91,0.15949079293628543,19.0781382,72.8809073,130.88637349010799
106.92,0.16115958092602423,19.0781384,72.8809076,130.88637349010799
106.93,0.1628369651654138,19.0781386,72.88090790000001,130.88637349010799
106.94,0.16452294381498778,19.0781388,72.88090820000001,130.88637349010799
106.95,0.16621751502587223,19.078139,72.8809085,130.88637349010799
106.96000000000001,0.16792067693976342,19.0781392,72.8809088,130.88637349010799
106.97,0.16963242768892517,19.0781394,72.88090910000001,130.88637349010799
106.98,0.17135276539622435,19.0781396,72.88090940000001,130.88637349010799
106.99000000000001,0.17308168817509006,19.0781398,72.8809097,130.88637349010799
107.0,0.1748191941295536,19.07814,72.88091,130.88637349010799
107.01,0.17656528135422622,19.0781402,72.88091030000001,130.88637349010799
107.02,0.17831994793430272,19.0781404,72.8809106,130.88637349010799
107.03,0.18008319194558542,19.0781406,72.8809109,130.88637349010799
107.04,0.18185501145445304,19.0781408,72.8809112,130.88637349010799
107.05,0.1836354045178883,19.078141000000002,72.88091150000001,130.88637349010799
107.06,0.18542436918348137,19.0781412,72.8809118,130.88637349010799
107.07000000000001,0.18722190348940426,19.0781414,72.8809121,130.88637349010799
107.08,0.18902800546444176,19.078141600000002,72.8809124,130.88637349010799
107.09,0.19084267312798264,19.0781418,72.88091270000001,130.88637349010799
107.10000000000001,0.1926659044900214,19.078142,72.880913,130.88637349010799
107.11,0.19449769755115742,19.078142200000002,72.8809133,130.88637349010799
107.12,0.1963380503026153,19.0781424,72.8809136,130.88637349010799
107.13,0.1981869607262121,19.0781426,72.88091390000001,130.88637349010799
107.14,0.2000444267943955,19.078142800000002,72.8809142,130.88637349010799
107.15,0.2019104464702286,19.078143,72.8809145,130.88637349010799
107.16,0.20378501770737945,19.0781432,72.8809148,130.88637349010799
107.17,0.20566813845016885,19.078143400000002,72.88091510000001,130.88637349010799
107.18,0.2075598066335127,19.0781436,72.8809154,130.88637349010799
107.19,0.20946002018296817,19.0781438,72.8809157,130.88637349010799
107.2,0.21136877701472034,19.078144,72.880916,130.88637349010799
107.21000000000001,0.2132860750355734,19.0781442,72.88091630000001,130.88637349010799
107.22,0.21521191214298607,19.0781444,72.8809166,130.88637349010799
107.23,0.21714628622503795,19.0781446,72.8809169,130.88637349010799
107.24000000000001,0.21908919516045344,19.0781448,72.8809172,130.88637349010799
107.25,0.22104063681858843,19.078145,72.88091750000001,130.88637349010799
107.26,0.22300060905944896,19.0781452,72.8809178,130.88637349010799
107.27,0.22496910973368944,19.0781454,72.8809181,130.88637349010799
107.28,0.22694613668260644,19.0781456,72.8809184,130.88637349010799
107.29,0.2289316877381502,19.0781458,72.88091870000001,130.88637349010799
107.3,0.23092576072291227,19.078146,72.880919,130.88637349010799
107.31,0.23292835345015295,19.0781462,72.8809193,130.88637349010799
107.32000000000001,0.23493946372378272,19.0781464,72.8809196,130.88637349010799
107.33,0.2369590893383684,19.0781466,72.88091990000001,130.88637349010799
107.34,0.23898722807915362,19.0781468,72.8809202,130.88637349010799
107.35000000000001,0.24102387772202594,19.078147,72.8809205,130.88637349010799
107.36,0.24306903603355234,19.0781472,72.8809208,130.88637349010799
107.37,0.24512270077096598,19.0781474,72.88092110000001,130.88637349010799
107.38,0.2471848696821679,19.0781476,72.8809214,130.88637349010799
107.39,0.2492555405057475,19.0781478,72.8809217,130.88637349010799
107.4,0.2513347109709505,19.078148,72.880922,130.88637349010799
107.41,0.25342237879771456,19.0781482,72.88092230000001,130.88637349010799
107.42,0.2555185416966532,19.0781484,72.8809226,130.88637349010799
107.43,0.25762319736907546,19.078148600000002,72.8809229,130.88637349010799
107.44,0.25973634350695995,19.0781488,72.8809232,130.88637349010799
107.45,0.26185797779298436,19.078149,72.88092350000001,130.88637349010799
107.46000000000001,0.2639880979005218,19.078149200000002,72.8809238,130.88637349010799
107.47,0.26612670149362305,19.0781494,72.8809241,130.88637349010799
107.48,0.26827378622705833,19.0781496,72.8809244,130.88637349010799
107.49000000000001,0.27042934974628086,19.078149800000002,72.88092470000001,130.88637349010799
107.5,0.2725933896874526,19.07815,72.880925,130.88637349010799
107.51,0.2747659036774408,19.0781502,72.8809253,130.88637349010799
107.52,0.2769468893338072,19.078150400000002,72.8809256,130.88637349010799
107.53,0.27913634426484446,19.0781506,72.88092590000001,130.88637349010799
107.54,0.2813342660695435,19.0781508,72.8809262,130.88637349010799
107.55,0.2835406523376127,19.078151000000002,72.8809265,130.88637349010799
107.56,0.28575550064948363,19.0781512,72.8809268,130.88637349010799
107.57000000000001,0.28797880857629643,19.0781514,72.88092710000001,130.88637349010799
107.58,0.2902105736799232,19.0781516,72.8809274,130.88637349010799
107.59,0.2924507935129581,19.0781518,72.8809277,130.88637349010799
107.60000000000001,0.29469946561873517,19.078152,72.880928,130.88637349010799
107.61,0.29695658753129983,19.0781522,72.88092830000001,130.88637349010799
107.62,0.2992221567754445,19.0781524,72.8809286,130.88637349010799
107.63,0.30149617086669345,19.0781526,72.8809289,130.88637349010799
107.64,0.303778627311309,19.0781528,72.88092920000001,130.88637349010799
107.65,0.30606952360630935,19.078153,72.88092950000001,130.88637349010799
107.66,0.30836885723943386,19.0781532,72.8809298,130.88637349010799
107.67,0.31067662568918486,19.0781534,72.8809301,130.88637349010799
107.68,0.3129928264248152,19.0781536,72.88093040000001,130.88637349010799
107.69,0.3153174569063113,19.0781538,72.88093070000001,130.88637349010799
107.7,0.3176505145844546,19.078154,72.880931,130.88637349010799
107.71000000000001,0.31999199690074587,19.0781542,72.8809313,130.88637349010799
107.72,0.32234190128746576,19.0781544,72.88093160000001,130.88637349010799
107.73,0.32470022516765606,19.0781546,72.88093190000001,130.88637349010799
107.74000000000001,0.3270669659551304,19.0781548,72.8809322,130.88637349010799
107.75,0.3294421210544547,19.078155,72.8809325,130.88637349010799
107.76,0.33182568786099154,19.0781552,72.88093280000001,130.88637349010799
107.77,0.3342176637608647,19.0781554,72.88093310000001,130.88637349010799
107.78,0.3366180461309787,19.0781556,72.8809334,130.88637349010799
107.79,0.339026832339024,19.0781558,72.8809337,130.88637349010799
107.8,0.3414440197434594,19.078156,72.88093400000001,130.88637349010799
107.81,0.3438696056935555,19.078156200000002,72.8809343,130.88637349010799
107.82000000000001,0.3463035875293574,19.0781564,72.8809346,130.88637349010799
107.83,0.3487459625816962,19.0781566,72.8809349,130.88637349010799
107.84,0.3511967281722228,19.078156800000002,72.88093520000001,130.88637349010799
107.85000000000001,0.3536558816133599,19.078157,72.8809355,130.88637349010799
107.86,0.35612342020834564,19.0781572,72.8809358,130.88637349010799
107.87,0.3585993412512325,19.078157400000002,72.8809361,130.88637349010799
107.88,0.36108364202685284,19.0781576,72.88093640000001,130.88637349010799
107.89,0.3635763198108837,19.0781578,72.8809367,130.88637349010799
107.9,0.3660773718697854,19.078158000000002,72.880937,130.88637349010799
107.91,0.36858679546084794,19.0781582,72.8809373,130.88637349010799
107.92,0.3711045878321926,19.0781584,72.88093760000001,130.88637349010799
107.93,0.37363074622273906,19.078158600000002,72.8809379,130.88637349010799
107.94,0.37616526786224913,19.0781588,72.8809382,130.88637349010799
107.95,0.37870814997130964,19.078159,72.8809385,130.88637349010799
107.96000000000001,0.3812593897613423,19.0781592,72.88093880000001,130.88637349010799
107.97,0.38381898443458606,19.0781594,72.8809391,130.88637349010799
107.98,0.3863869311841466,19.0781596,72.8809394,130.88637349010799
107.99000000000001,0.3889632271939538,19.0781598,72.8809397,130.88637349010799
108.0,0.39154786963877,19.07816,72.88094000000001,130.88637349010799
108.01,0.3941408556842365,19.0781602,72.8809403,130.88637349010799
108.02,0.39674218248680404,19.0781604,72.8809406,130.88637349010799
108.03,0.39935184719382466,19.0781606,72.8809409,130.88637349010799
108.04,0.40196984694346316,19.0781608,72.88094120000001,130.88637349010799
108.05,0.4045961788647672,19.078161,72.8809415,130.88637349010799
108.06,0.4072308400776459,19.0781612,72.8809418,130.88637349010799
108.07000000000001,0.40987382769285574,19.0781614,72.8809421,130.88637349010799
108.08,0.4125251388120521,19.0781616,72.88094240000001,130.88637349010799
108.09,0.41518477052774116,19.0781618,72.8809427,130.88637349010799
108.10000000000001,0.4178527199233164,19.078162,72.880943,130.88637349010799
108.11,0.42052898407303374,19.0781622,72.8809433,130.88637349010799
108.12,0.423213560042047,19.0781624,72.88094360000001,130.88637349010799
108.13,0.42590644488638496,19.0781626,72.8809439,130.88637349010799
108.14,0.42860763565297777,19.0781628,72.8809442,130.88637349010799
108.15,0.4313171293796385,19.078163,72.8809445,130.88637349010799
108.16,0.43403492309506664,19.0781632,72.88094480000001,130.88637349010799
108.17,0.436761013818872,19.0781634,72.8809451,130.88637349010799
108.18,0.4394953985615615,19.0781636,72.8809454,130.88637349010799
108.19,0.44223807432454354,19.078163800000002,72.8809457,130.88637349010799
108.2,0.444989038100152,19.078164,72.88094600000001,130.88637349010799
108.21000000000001,0.44774828687160184,19.0781642,72.8809463,130.88637349010799
108.22,0.45051581761304504,19.078164400000002,72.8809466,130.88637349010799
108.23,0.4532916272895493,19.0781646,72.8809469,130.88637349010799
108.24000000000001,0.4560757128570838,19.0781648,72.88094720000001,130.88637349010799
108.25,0.4588680712625717,19.078165000000002,72.8809475,130.88637349010799
108.26,0.46166869944384636,19.0781652,72.8809478,130.88637349010799
108.27,0.46447759432967395,19.0781654,72.8809481,130.88637349010799
108.28,0.46729475283976196,19.078165600000002,72.88094840000001,130.88637349010799
108.29,0.4701201718847372,19.0781658,72.8809487,130.88637349010799
108.3,0.4729538483661946,19.078166,72.880949,130.88637349010799
108.31,0.4757957791766563,19.078166200000002,72.8809493,130.88637349010799
108.32000000000001,0.478645961199601,19.0781664,72.88094960000001,130.88637349010799
108.33,0.4815043913094401,19.0781666,72.8809499,130.88637349010799
108.34,0.4843710663715699,19.0781668,72.8809502,130.88637349010799
108.35000000000001,0.4872459832423246,19.078167,72.8809505,130.88637349010799
108.36,0.49012913876900477,19.0781672,72.88095080000001,130.88637349010799
108.37,0.49302052978988176,19.0781674,72.8809511,130.88637349010799
108.38,0.49592015313417637,19.0781676,72.8809514,130.88637349010799
108.39,0.4988280056221166,19.0781678,72.88095170000001,130.88637349010799
108.4,0.5017440840648648,19.078168,72.88095200000001,130.88637349010799
108.41,0.5046683852645977,19.0781682,72.8809523,130.88637349010799
108.42,0.5076009060144626,19.0781684,72.8809526,130.88637349010799
108.43,0.5105416430985787,19.0781686,72.88095290000001,130.88637349010799
108.44,0.5134905932920741,19.0781688,72.88095320000001,130.88637349010799
108.45,0.5164477533610565,19.078169,72.8809535,130.88637349010799
108.46000000000001,0.5194131200626542,19.0781692,72.8809538,130.88637349010799
108.47,0.5223866901449625,19.0781694,72.88095410000001,130.88637349010799
108.48,0.5253684603471038,19.0781696,72.88095440000001,130.88637349010799
108.49000000000001,0.5283584273992048,19.0781698,72.8809547,130.88637349010799
108.5,0.5313565880223807,19.07817,72.880955,130.88637349010799
108.51,0.5343629389288109,19.0781702,72.88095530000001,130.88637349010799
108.52,0.5373774768216428,19.0781704,72.88095560000001,130.88637349010799
108.53,0.540400198395071,19.0781706,72.8809559,130.88637349010799
108.54,0.543431100334316,19.0781708,72.8809562,130.88637349010799
108.55,0.546470179315607,19.078171,72.88095650000001,130.88637349010799
108.56,0.5495174320062359,19.0781712,72.8809568,130.88637349010799
108.57000000000001,0.5525728550645121,19.078171400000002,72.8809571,130.88637349010799
108.58,0.5556364451397897,19.0781716,72.8809574,130.88637349010799
108.59,0.5587081988724707,19.0781718,72.88095770000001,130.88637349010799
108.60000000000001,0.5617881128939919,19.078172000000002,72.880958,130.88637349010799
108.61,0.5648761838268479,19.0781722,72.8809583,130.88637349010799
108.62,0.5679724082846018,19.0781724,72.8809586,130.88637349010799
108.63,0.5710767828718586,19.078172600000002,72.88095890000001,130.88637349010799
108.64,0.5741893041842907,19.0781728,72.8809592,130.88637349010799
108.65,0.5773099688086418,19.078173,72.8809595,130.88637349010799
108.66,0.5804387733227117,19.078173200000002,72.8809598,130.88637349010799
108.67,0.5835757142953799,19.0781734,72.88096010000001,130.88637349010799
108.68,0.5867207882866241,19.0781736,72.8809604,130.88637349010799
108.69,0.5898739918474627,19.078173800000002,72.8809607,130.88637349010799
108.7,0.593035321520043,19.078174,72.880961,130.88637349010799
108.71000000000001,0.5962047738375631,19.0781742,72.88096130000001,130.88637349010799
108.72,0.5993823453243312,19.0781744,72.8809616,130.88637349010799
108.73,0.602568032495765,19.0781746,72.8809619,130.88637349010799
108.74000000000001,0.6057618318583522,19.0781748,72.8809622,130.88637349010799
108.75,0.6089637399097061,19.078175,72.88096250000001,130.88637349010799
108.76,0.6121737531385412,19.0781752,72.8809628,130.88637349010799
108.77,0.6153918680246804,19.0781754,72.8809631,130.88637349010799
108.78,0.6186180810390809,19.0781756,72.8809634,130.88637349010799
108.79,0.6218523886437888,19.0781758,72.88096370000001,130.88637349010799
108.8,0.625094787291995,19.078176,72.880964,130.88637349010799
108.81,0.6283452734280113,19.0781762,72.8809643,130.88637349010799
108.82000000000001,0.6316038434872873,19.0781764,72.8809646,130.88637349010799
108.83,0.6348704938963836,19.0781766,72.88096490000001,130.88637349010799
108.84,0.6381452210730352,19.0781768,72.8809652,130.88637349010799
108.85000000000001,0.6414280214261021,19.078177,72.8809655,130.88637349010799
108.86,0.6447188913555744,19.0781772,72.8809658,130.88637349010799
108.87,0.648017827252632,19.0781774,72.88096610000001,130.88637349010799
108.88,0.6513248254995654,19.0781776,72.8809664,130.88637349010799
108.89,0.6546398824698612,19.0781778,72.8809667,130.88637349010799
108.9,0.6579629945281535,19.078178,72.880967,130.88637349010799
108.91,0.6612941580302261,19.0781782,72.88096730000001,130.88637349010799
108.92,0.664633369323071,19.0781784,72.8809676,130.88637349010799
108.93,0.6679806247448186,19.0781786,72.8809679,130.88637349010799
108.94,0.6713359206247906,19.0781788,72.8809682,130.88637349010799
108.95,0.6746992532835074,19.078179000000002,72.88096850000001,130.88637349010799
108.96000000000001,0.6780706190326606,19.0781792,72.8809688,130.88637349010799
108.97,0.6814500141751241,19.0781794,72.8809691,130.88637349010799
108.98,0.6848374350049813,19.078179600000002,72.8809694,130.88637349010799
108.99000000000001,0.6882328778075113,19.0781798,72.88096970000001,130.88637349010799
109.0,0.6916363388591877,19.07818,72.88097,130.88637349010799
109.01,0.6950478144277161,19.078180200000002,72.8809703,130.88637349010799
109.02,0.6984673007719779,19.0781804,72.8809706,130.88637349010799
109.03,0.7018947941420919,19.0781806,72.88097090000001,130.88637349010799
109.04,0.7053302907793988,19.078180800000002,72.8809712,130.88637349010799
109.05,0.7087737869164314,19.078181,72.8809715,130.88637349010799
109.06,0.7122252787770087,19.0781812,72.8809718,130.88637349010799
109.07000000000001,0.7156847625761236,19.078181400000002,72.88097210000001,130.88637349010799
109.08,0.719152234520033,19.0781816,72.8809724,130.88637349010799
109.09,0.7226276908062363,19.0781818,72.8809727,130.88637349010799
109.10000000000001,0.72611112762345,19.078182,72.880973,130.88637349010799
109.11,0.7296025411516771,19.0781822,72.88097330000001,130.88637349010799
109.12,0.7331019275621493,19.0781824,72.8809736,130.88637349010799
109.13,0.7366092830173594,19.0781826,72.8809739,130.88637349010799
109.14,0.7401246036710676,19.0781828,72.88097420000001,130.88637349010799
109.15,0.7436478856682776,19.078183,72.88097450000001,130.88637349010799
109.16,0.747179125145295,19.0781832,72.8809748,130.88637349010799
109.17,0.7507183182296782,19.0781834,72.8809751,130.88637349010799
109.18,0.7542654610402728,19.0781836,72.88097540000001,130.88637349010799
109.19,0.7578205496871906,19.0781838,72.88097570000001,130.88637349010799
109.2,0.761383580271846,19.078184,72.880976,130.88637349010799
109.21000000000001,0.7649545488869398,19.0781842,72.8809763,130.88637349010799
109.22,0.7685334516164612,19.0781844,72.88097660000001,130.88637349010799
109.23,0.7721202845357231,19.0781846,72.88097690000001,130.88637349010799
109.24000000000001,0.7757150437113038,19.0781848,72.8809772,130.88637349010799
109.25,0.7793177252011159,19.078185,72.8809775,130.88637349010799
109.26,0.7829283250543719,19.0781852,72.88097780000001,130.88637349010799
109.27,0.786546839311618,19.0781854,72.88097810000001,130.88637349010799
109.28,0.7901732640047099,19.0781856,72.8809784,130.88637349010799
109.29,0.7938075951568155,19.0781858,72.8809787,130.88637349010799
109.3,0.7974498287824519,19.078186,72.88097900000001,130.88637349010799
109.31,0.8010999608874565,19.0781862,72.8809793,130.88637349010799
109.32000000000001,0.8047579874690314,19.0781864,72.8809796,130.88637349010799
109.33,0.8084239045156822,19.078186600000002,72.8809799,130.88637349010799
109.34,0.812097708007288,19.0781868,72.88098020000001,130.88637349010799
109.35000000000001,0.8157793939150801,19.078187,72.8809805,130.88637349010799
109.36,0.8194689582016181,19.078187200000002,72.8809808,130.88637349010799
109.37,0.823166396820862,19.0781874,72.8809811,130.88637349010799
109.38,0.8268717057181112,19.0781876,72.88098140000001,130.88637349010799
109.39,0.8305848808300391,19.078187800000002,72.8809817,130.88637349010799
109.4,0.8343059180847012,19.078188,72.880982,130.88637349010799
109.41,0.8380348134015039,19.0781882,72.8809823,130.88637349010799
109.42,0.8417715626912763,19.078188400000002,72.88098260000001,130.88637349010799
109.43,0.8455161618562075,19.0781886,72.8809829,130.88637349010799
109.44,0.8492686067898862,19.0781888,72.8809832,130.88637349010799
109.45,0.853028893377302,19.078189000000002,72.8809835,130.88637349010799
109.46000000000001,0.8567970174948281,19.0781892,72.88098380000001,130.88637349010799
109.47,0.8605729750102586,19.0781894,72.8809841,130.88637349010799
109.48,0.8643567617827888,19.0781896,72.8809844,130.88637349010799
109.49000000000001,0.8681483736630513,19.0781898,72.8809847,130.88637349010799
109.5,0.8719478064930586,19.07819,72.88098500000001,130.88637349010799
109.51,0.8757550561062741,19.0781902,72.8809853,130.88637349010799
109.52,0.8795701183275817,19.0781904,72.8809856,130.88637349010799
109.53,0.8833929889732905,19.0781906,72.8809859,130.88637349010799
109.54,0.8872236638511746,19.0781908,72.88098620000001,130.88637349010799
109.55,0.8910621387604039,19.078191,72.8809865,130.88637349010799
109.56,0.8949084094916442,19.0781912,72.8809868,130.88637349010799
109.57000000000001,0.8987624718269691,19.0781914,72.8809871,130.88637349010799
109.58,0.9026243215399283,19.0781916,72.88098740000001,130.88637349010799
109.59,0.9064939543955477,19.0781918,72.8809877,130.88637349010799
109.60000000000001,0.9103713661502812,19.078192,72.880988,130.88637349010799
109.61,0.9142565525520787,19.0781922,72.8809883,130.88637349010799
109.62,0.9181495093403571,19.0781924,72.88098860000001,130.88637349010799
109.63,0.9220502322460105,19.0781926,72.8809889,130.88637349010799
109.64,0.9259587169914196,19.0781928,72.8809892,130.88637349010799
109.65,0.9298749592904505,19.078193,72.8809895,130.88637349010799
109.66,0.9337989548484638,19.0781932,72.88098980000001,130.88637349010799
109.67,0.9377306993623176,19.0781934,72.8809901,130.88637349010799
109.68,0.9416701885203773,19.0781936,72.8809904,130.88637349010799
109.69,0.9456174180024917,19.0781938,72.8809907,130.88637349010799
109.7,0.9495723834800591,19.078194,72.88099100000001,130.88637349010799
109.71000000000001,0.9535350806159748,19.078194200000002,72.8809913,130.88637349010799
109.72,0.9575055050646348,19.0781944,72.8809916,130.88637349010799
109.73,0.9614836524720101,19.0781946,72.8809919,130.88637349010799
109.74000000000001,0.9654695184755528,19.078194800000002,72.88099220000001,130.88637349010799
109.75,0.9694630987042725,19.078195,72.8809925,130.88637349010799
109.76,0.9734643887787398,19.0781952,72.8809928,130.88637349010799
109.77,0.9774733843110219,19.078195400000002,72.8809931,130.88637349010799
109.78,0.9814900809047904,19.0781956,72.88099340000001,130.88637349010799
109.79,0.9855144741552255,19.0781958,72.8809937,130.88637349010799
109.8,0.9895465596490851,19.078196000000002,72.880994,130.88637349010799
109.81,0.9935863329647159,19.0781962,72.8809943,130.88637349010799
109.82000000000001,0.9976337896719887,19.0781964,72.88099460000001,130.88637349010799
109.83,1.0016889253323775,19.078196600000002,72.8809949,130.88637349010799
109.84,1.0057517354989312,19.0781968,72.8809952,130.88637349010799
109.85000000000001,1.0098222157162846,19.078197,72.8809955,130.88637349010799
109.86,1.0139003615206308,19.0781972,72.88099580000001,130.88637349010799
109.87,1.0179861684398253,19.0781974,72.8809961,130.88637349010799
109.88,1.0220796319932495,19.0781976,72.8809964,130.88637349010799
109.89,1.026180747691928,19.0781978,72.88099670000001,130.88637349010799
109.9,1.0302895110384895,19.078198,72.88099700000001,130.88637349010799
109.91,1.0344059175271463,19.0781982,72.8809973,130.88637349010799
109.92,1.0385299626437927,19.0781984,72.8809976,130.88637349010799
109.93,1.0426616418658812,19.0781986,72.88099790000001,130.88637349010799
109.94,1.0468009506625258,19.0781988,72.88099820000001,130.88637349010799
109.95,1.050947884494474,19.078199,72.8809985,130.88637349010799
109.96000000000001,1.0551024388140835,19.0781992,72.8809988,130.88637349010799
109.97,1.059264609065396,19.0781994,72.88099910000001,130.88637349010799
109.98,1.0634343906840762,19.0781996,72.88099940000001,130.88637349010799
109.99000000000001,1.0676117790974526,19.0781998,72.8809997,130.88637349010799
110.0,1.071796769724494,19.0782,72.881,130.88637349010799
110.01,1.0759893579758506,19.0782002,72.88100030000001,130.88637349010799
110.02,1.0801895392538299,19.0782004,72.88100060000001,130.88637349010799
110.03,1.0843973089524308,19.0782006,72.8810009,130.88637349010799
110.04,1.0886126624573196,19.0782008,72.8810012,130.88637349010799
110.05,1.0928355951458286,19.078201,72.88100150000001,130.88637349010799
110.06,1.0970661023870019,19.0782012,72.8810018,130.88637349010799
110.07000000000001,1.10130417954157,19.0782014,72.8810021,130.88637349010799
110.08,1.1055498219619535,19.0782016,72.8810024,130.88637349010799
110.09,1.1098030249923072,19.078201800000002,72.88100270000001,130.88637349010799
110.10000000000001,1.1140637839684508,19.078202,72.881003,130.88637349010799
110.11,1.1183320942179478,19.0782022,72.8810033,130.88637349010799
110.12,1.1226079510600782,19.078202400000002,72.8810036,130.88637349010799
110.13,1.1268913498058133,19.0782026,72.88100390000001,130.88637349010799
110.14,1.131182285757923,19.0782028,72.8810042,130.88637349010799
110.15,1.1354807542108425,19.078203000000002,72.8810045,130.88637349010799
110.16,1.1397867504507806,19.0782032,72.8810048,130.88637349010799
110.17,1.1441002697556844,19.0782034,72.88100510000001,130.88637349010799
110.18,1.1484213073952514,19.078203600000002,72.8810054,130.88637349010799
110.19,1.1527498586309344,19.0782038,72.8810057,130.88637349010799
110.2,1.1570859187159446,19.078204,72.881006,130.88637349010799
110.21000000000001,1.1614294828952696,19.078204200000002,72.88100630000001,130.88637349010799
110.22,1.165780546405636,19.0782044,72.8810066,130.88637349010799
110.23,1.1701391044755907,19.0782046,72.8810069,130.88637349010799
110.24000000000001,1.174505152325434,19.0782048,72.8810072,130.88637349010799
110.25,1.1788786851672581,19.078205,72.88100750000001,130.88637349010799
110.26,1.1832596982049566,19.0782052,72.8810078,130.88637349010799
110.27,1.1876481866341884,19.0782054,72.8810081,130.88637349010799
110.28,1.192044145642468,19.0782056,72.8810084,130.88637349010799
110.29,1.196447570409057,19.0782058,72.88100870000001,130.88637349010799
110.3,1.2008584561050837,19.078206,72.881009,130.88637349010799
110.31,1.20527679789347,19.0782062,72.8810093,130.88637349010799
110.32000000000001,1.2097025909289476,19.0782064,72.8810096,130.88637349010799
110.33,1.2141358303580994,19.0782066,72.88100990000001,130.88637349010799
110.34,1.2185765113193279,19.0782068,72.8810102,130.88637349010799
110.35000000000001,1.2230246289429036,19.078207,72.8810105,130.88637349010799
110.36,1.2274801783508984,19.0782072,72.8810108,130.88637349010799
110.37,1.2319431546572632,19.0782074,72.88101110000001,130.88637349010799
110.38,1.2364135529677966,19.0782076,72.8810114,130.88637349010799
110.39,1.2408913683801526,19.0782078,72.8810117,130.88637349010799
110.4,1.2453765959838785,19.078208,72.881012,130.88637349010799
110.41,1.2498692308603516,19.0782082,72.88101230000001,130.88637349010799
110.42,1.2543692680828533,19.0782084,72.8810126,130.88637349010799
110.43,1.2588767027165488,19.0782086,72.8810129,130.88637349010799
110.44,1.2633915298184597,19.0782088,72.8810132,130.88637349010799
110.45,1.267913744437549,19.078209,72.88101350000001,130.88637349010799
110.46000000000001,1.272443341614645,19.0782092,72.8810138,130.88637349010799
110.47,1.27698031638249,19.078209400000002,72.8810141,130.88637349010799
110.48,1.281524663765734,19.0782096,72.8810144,130.88637349010799
110.49000000000001,1.286076378780951,19.0782098,72.88101470000001,130.88637349010799
110.5,1.290635456436604,19.078210000000002,72.881015,130.88637349010799
110.51,1.2952018917331296,19.0782102,72.8810153,130.88637349010799
110.52,1.2997756796628623,19.0782104,72.8810156,130.88637349010799
110.53,1.3043568152100837,19.078210600000002,72.88101590000001,130.88637349010799
110.54,1.3089452933510248,19.0782108,72.8810162,130.88637349010799
110.55,1.3135411090538414,19.078211,72.8810165,130.88637349010799
110.56,1.3181442572786572,19.078211200000002,72.8810168,130.88637349010799
110.57000000000001,1.3227547329775788,19.0782114,72.88101710000001,130.88637349010799
110.58,1.3273725310946247,19.0782116,72.8810174,130.88637349010799
110.59,1.3319976465658439,19.078211800000002,72.8810177,130.88637349010799
110.60000000000001,1.3366300743192054,19.078212,72.881018,130.88637349010799
110.61,1.341269809274686,19.0782122,72.88101830000001,130.88637349010799
110.62,1.3459168463442701,19.0782124,72.8810186,130.88637349010799
110.63,1.3505711804318796,19.0782126,72.8810189,130.88637349010799
110.64,1.3552328064334995,19.0782128,72.88101920000001,130.88637349010799
110.65,1.3599017192370608,19.078213,72.88101950000001,130.88637349010799
110.66,1.3645779137225276,19.0782132,72.8810198,130.88637349010799
110.67,1.369261384761904,19.0782134,72.8810201,130.88637349010799
110.68,1.373952127219166,19.0782136,72.88102040000001,130.88637349010799
110.69,1.3786501359503474,19.0782138,72.88102070000001,130.88637349010799
110.7,1.3833554058035045,19.078214,72.881021,130.88637349010799
110.71000000000001,1.3880679316187408,19.0782142,72.8810213,130.88637349010799
110.72,1.3927877082281697,19.0782144,72.88102160000001,130.88637349010799
110.73,1.3975147304560016,19.0782146,72.88102190000001,130.88637349010799
110.74000000000001,1.4022489931184765,19.0782148,72.8810222,130.88637349010799
110.75,1.4069904910238717,19.078215,72.8810225,130.88637349010799
110.76,1.4117392189725857,19.0782152,72.88102280000001,130.88637349010799
110.77,1.4164951717570151,19.0782154,72.88102310000001,130.88637349010799
110.78,1.4212583441617221,19.0782156,72.8810234,130.88637349010799
110.79,1.4260287309632744,19.0782158,72.8810237,130.88637349010799
110.8,1.4308063269303632,19.078216,72.88102400000001,130.88637349010799
110.81,1.4355911268237787,19.0782162,72.8810243,130.88637349010799
110.82000000000001,1.4403831253963846,19.0782164,72.8810246,130.88637349010799
110.83,1.4451823173931668,19.0782166,72.8810249,130.88637349010799
110.84,1.4499886975512384,19.0782168,72.88102520000001,130.88637349010799
110.85000000000001,1.4548022605998145,19.078217000000002,72.8810255,130.88637349010799
110.86,1.4596230012602183,19.0782172,72.8810258,130.88637349010799
110.87,1.4644509142459228,19.0782174,72.8810261,130.88637349010799
110.88,1.4692859942625214,19.078217600000002,72.88102640000001,130.88637349010799
110.89,1.4741282360077737,19.0782178,72.8810267,130.88637349010799
110.9,1.4789776341715672,19.078218,72.881027,130.88637349010799
110.91,1.4838341834359259,19.078218200000002,72.8810273,130.88637349010799
110.92,1.4886978784750555,19.0782184,72.88102760000001,130.88637349010799
110.93,1.4935687139553275,19.0782186,72.8810279,130.88637349010799
110.94,1.4984466845352395,19.078218800000002,72.8810282,130.88637349010799
110.95,1.5033317848655496,19.078219,72.8810285,130.88637349010799
110.96000000000001,1.508224009589112,19.0782192,72.88102880000001,130.88637349010799
110.97,1.513123353341011,19.078219400000002,72.8810291,130.88637349010799
110.98,1.5180298107485237,19.0782196,72.8810294,130.88637349010799
110.99000000000001,1.522943376431094,19.0782198,72.8810297,130.88637349010799
111.0,1.5278640450004186,19.07822,72.88103000000001,130.88637349010799
111.01,1.532791811060373,19.0782202,72.8810303,130.88637349010799
111.02,1.537726669207057,19.0782204,72.8810306,130.88637349010799
111.03,1.5426686140288028,19.0782206,72.8810309,130.88637349010799
111.04,1.5476176401061368,19.0782208,72.88103120000001,130.88637349010799
111.05,1.5525737420118704,19.078221,72.8810315,130.88637349010799
111.06,1.5575369143110205,19.0782212,72.8810318,130.88637349010799
111.07000000000001,1.5625071515608697,19.0782214,72.8810321,130.88637349010799
111.08,1.5674844483109176,19.0782216,72.88103240000001,130.88637349010799
111.09,1.5724687991029827,19.0782218,72.8810327,130.88637349010799
111.10000000000001,1.577460198471087,19.078222,72.881033,130.88637349010799
111.11,1.5824586409415495,19.0782222,72.8810333,130.88637349010799
111.12,1.5874641210329896,19.0782224,72.88103360000001,130.88637349010799
111.13,1.5924766332562523,19.0782226,72.8810339,130.88637349010799
111.14,1.5974961721145373,19.0782228,72.8810342,130.88637349010799
111.15,1.6025227321032691,19.078223,72.8810345,130.88637349010799
111.16,1.6075563077102348,19.0782232,72.88103480000001,130.88637349010799
111.17,1.6125968934155015,19.0782234,72.8810351,130.88637349010799
111.18,1.617644483691433,19.0782236,72.8810354,130.88637349010799
111.19,1.6226990730027344,19.0782238,72.8810357,130.88637349010799
111.2,1.627760655806421,19.078224,72.88103600000001,130.88637349010799
111.21000000000001,1.6328292265518733,19.0782242,72.8810363,130.88637349010799
111.22,1.6379047796807544,19.0782244,72.8810366,130.88637349010799
111.23,1.6429873096271077,19.078224600000002,72.8810369,130.88637349010799
111.24000000000001,1.648076810817325,19.0782248,72.88103720000001,130.88637349010799
111.25,1.653173277670117,19.078225,72.8810375,130.88637349010799
111.26,1.6582767045966103,19.078225200000002,72.8810378,130.88637349010799
111.27,1.6633870860002613,19.0782254,72.8810381,130.88637349010799
111.28,1.668504416276912,19.0782256,72.88103840000001,130.88637349010799
111.29,1.6736286898147892,19.078225800000002,72.8810387,130.88637349010799
111.3,1.678759900994474,19.078226,72.881039,130.88637349010799
111.31,1.6838980441889895,19.0782262,72.8810393,130.88637349010799
111.32000000000001,1.6890431137637236,19.078226400000002,72.88103960000001,130.88637349010799
111.33,1.694195104076476,19.0782266,72.8810399,130.88637349010799
111.34,1.6993540094774664,19.0782268,72.8810402,130.88637349010799
111.35000000000001,1.7045198243093056,19.078227000000002,72.8810405,130.88637349010799
111.36,1.7096925429070522,19.0782272,72.88104080000001,130.88637349010799
111.37,1.7148721595981788,19.0782274,72.8810411,130.88637349010799
111.38,1.7200586687026158,19.0782276,72.8810414,130.88637349010799
111.39,1.7252520645327136,19.0782278,72.8810417,130.88637349010799
111.4,1.730452341393284,19.078228,72.88104200000001,130.88637349010799
111.41,1.7356594935815695,19.0782282,72.8810423,130.88637349010799
111.42,1.740873515387288,19.0782284,72.8810426,130.88637349010799
111.43,1.7460944010926527,19.0782286,72.88104290000001,130.88637349010799
111.44,1.7513221449722867,19.0782288,72.88104320000001,130.88637349010799
111.45,1.7565567412933634,19.078229,72.8810435,130.88637349010799
111.46000000000001,1.761798184315479,19.0782292,72.8810438,130.88637349010799
111.47,1.767046468290748,19.0782294,72.88104410000001,130.88637349010799
111.48,1.7723015874638124,19.0782296,72.88104440000001,130.88637349010799
111.49000000000001,1.777563536071761,19.0782298,72.8810447,130.88637349010799
111.5,1.782832308344232,19.07823,72.881045,130.88637349010799
111.51,1.7881078985033705,19.0782302,72.88104530000001,130.88637349010799
111.52,1.7933903007638436,19.0782304,72.88104560000001,130.88637349010799
111.53,1.7986795093328514,19.0782306,72.8810459,130.88637349010799
111.54,1.8039755184101276,19.0782308,72.8810462,130.88637349010799
111.55,1.8092783221879483,19.078231,72.88104650000001,130.88637349010799
111.56,1.8145879148511392,19.0782312,72.88104680000001,130.88637349010799
111.57000000000001,1.8199042905770906,19.0782314,72.8810471,130.88637349010799
111.58,1.8252274435357165,19.078231600000002,72.8810474,130.88637349010799
111.59,1.830557367889556,19.0782318,72.88104770000001,130.88637349010799
111.60000000000001,1.8358940577936913,19.078232,72.881048,130.88637349010799
111.61,1.8412375073957614,19.078232200000002,72.8810483,130.88637349010799
111.62,1.8465877108360553,19.0782324,72.8810486,130.88637349010799
111.63,1.8519446622473907,19.0782326,72.88104890000001,130.88637349010799
111.64,1.8573083557552152,19.078232800000002,72.8810492,130.88637349010799
111.65,1.8626787854776063,19.078233,72.8810495,130.88637349010799
111.66,1.868055945525195,19.0782332,72.8810498,130.88637349010799
111.67,1.8734398300013018,19.078233400000002,72.88105010000001,130.88637349010799
111.68,1.8788304330018084,19.0782336,72.8810504,130.88637349010799
111.69,1.8842277486152597,19.0782338,72.8810507,130.88637349010799
111.7,1.8896317709228638,19.078234000000002,72.881051,130.88637349010799
111.71000000000001,1.895042493998421,19.0782342,72.88105130000001,130.88637349010799
111.72,1.9004599119084178,19.0782344,72.8810516,130.88637349010799
111.73,1.9058840187119923,19.078234600000002,72.8810519,130.88637349010799
111.74000000000001,1.911314808460956,19.0782348,72.8810522,130.88637349010799
111.75,1.9167522751997428,19.078235,72.88105250000001,130.88637349010799
111.76,1.9221964129655618,19.0782352,72.8810528,130.88637349010799
111.77,1.9276472157882107,19.0782354,72.8810531,130.88637349010799
111.78,1.933104677690224,19.0782356,72.8810534,130.88637349010799
111.79,1.9385687926868362,19.0782358,72.88105370000001,130.88637349010799
111.8,1.9440395547859373,19.078236,72.881054,130.88637349010799
111.81,1.949516957988222,19.0782362,72.8810543,130.88637349010799
111.82000000000001,1.9550009962870094,19.0782364,72.8810546,130.88637349010799
111.83,1.9604916636683871,19.0782366,72.88105490000001,130.88637349010799
111.84,1.9659889541111761,19.0782368,72.8810552,130.88637349010799
111.85000000000001,1.9714928615868939,19.078237,72.8810555,130.88637349010799
111.86,1.977003380059859,19.0782372,72.8810558,130.88637349010799
111.87,1.9825205034871045,19.0782374,72.88105610000001,130.88637349010799
111.88,1.9880442258184265,19.0782376,72.8810564,130.88637349010799
111.89,1.9935745409963976,19.0782378,72.8810567,130.88637349010799
111.9,1.9991114429563277,19.078238,72.881057,130.88637349010799
111.91,2.004654925626327,19.0782382,72.88105730000001,130.88637349010799
111.92,2.0102049829273048,19.0782384,72.8810576,130.88637349010799
111.93,2.0157616087729426,19.0782386,72.8810579,130.88637349010799
111.94,2.0213247970697017,19.0782388,72.8810582,130.88637349010799
111.95,2.026894541716872,19.078239,72.88105850000001,130.88637349010799
111.96000000000001,2.032470836606545,19.078239200000002,72.8810588,130.88637349010799
111.97,2.0380536756236216,19.0782394,72.8810591,130.88637349010799
111.98,2.043643052645862,19.0782396,72.8810594,130.88637349010799
111.99000000000001,2.049238961543801,19.078239800000002,72.88105970000001,130.88637349010799
112.0,2.054841396180847,19.07824,72.88106,130.88637349010799
112.01,2.0604503504132534,19.0782402,72.8810603,130.88637349010799
112.02,2.0660658180900766,19.078240400000002,72.8810606,130.88637349010799
112.03,2.071687793053325,19.0782406,72.88106090000001,130.88637349010799
112.04,2.077316269137775,19.0782408,72.8810612,130.88637349010799
112.05,2.0829512401711217,19.078241000000002,72.8810615,130.88637349010799
112.06,2.088592699973929,19.0782412,72.8810618,130.88637349010799
112.07000000000001,2.0942406423596447,19.0782414,72.88106210000001,130.88637349010799
112.08,2.0998950611346068,19.078241600000002,72.8810624,130.88637349010799
112.09,2.1055559500980525,19.0782418,72.8810627,130.88637349010799
112.10000000000001,2.1112233030421326,19.078242,72.881063,130.88637349010799
112.11,2.11689711375187,19.078242200000002,72.88106330000001,130.88637349010799
112.12,2.122577376005265,19.0782424,72.8810636,130.88637349010799
112.13,2.128264083573205,19.0782426,72.8810639,130.88637349010799
112.14,2.133957230219515,19.0782428,72.8810642,130.88637349010799
112.15,2.139656809700975,19.078243,72.88106450000001,130.88637349010799
112.16,2.1453628157672657,19.0782432,72.8810648,130.88637349010799
112.17,2.1510752421610917,19.0782434,72.8810651,130.88637349010799
112.18,2.1567940826180374,19.0782436,72.88106540000001,130.88637349010799
112.19,2.162519330866723,19.0782438,72.88106570000001,130.88637349010799
112.2,2.168250980628711,19.078244,72.881066,130.88637349010799
112.21000000000001,2.1739890256185257,19.0782442,72.8810663,130.88637349010799
112.22,2.1797334595437077,19.0782444,72.88106660000001,130.88637349010799
112.23,2.18548427610477,19.0782446,72.88106690000001,130.88637349010799
112.24000000000001,2.1912414689952664,19.0782448,72.8810672,130.88637349010799
112.25,2.1970050319017007,19.078245,72.8810675,130.88637349010799
112.26,2.2027749585036283,19.0782452,72.88106780000001,130.88637349010799
112.27,2.208551242473617,19.0782454,72.88106810000001,130.88637349010799
112.28,2.2143338774772543,19.0782456,72.8810684,130.88637349010799
112.29,2.2201228571732017,19.0782458,72.8810687,130.88637349010799
112.3,2.225918175213092,19.078246,72.88106900000001,130.88637349010799
112.31,2.23171982524169,19.0782462,72.88106930000001,130.88637349010799
112.32000000000001,2.2375278008967543,19.0782464,72.8810696,130.88637349010799
112.33,2.2433420958091066,19.0782466,72.8810699,130.88637349010799
112.34,2.2491627036026918,19.078246800000002,72.88107020000001,130.88637349010799
112.35000000000001,2.2549896178944877,19.078247,72.8810705,130.88637349010799
112.36,2.2608228322945685,19.0782472,72.8810708,130.88637349010799
112.37,2.2666623404061017,19.078247400000002,72.8810711,130.88637349010799
112.38,2.2725081358253476,19.0782476,72.88107140000001,130.88637349010799
112.39,2.278360212141677,19.0782478,72.8810717,130.88637349010799
112.4,2.2842185629375695,19.078248000000002,72.881072,130.88637349010799
112.41,2.290083181788625,19.0782482,72.8810723,130.88637349010799
112.42,2.2959540622635712,19.0782484,72.88107260000001,130.88637349010799
112.43,2.301831197924276,19.078248600000002,72.8810729,130.88637349010799
112.44,2.3077145823257217,19.0782488,72.8810732,130.88637349010799
112.45,2.313604209016054,19.078249,72.8810735,130.88637349010799
112.46000000000001,2.3195000715366065,19.078249200000002,72.88107380000001,130.88637349010799
112.47,2.3254021634218027,19.0782494,72.8810741,130.88637349010799
112.48,2.331310478199314,19.0782496,72.8810744,130.88637349010799
112.49000000000001,2.33722500938992,19.078249800000002,72.8810747,130.88637349010799
112.5,2.3431457505076123,19.07825,72.88107500000001,130.88637349010799
112.51,2.3490726950596015,19.0782502,72.8810753,130.88637349010799
112.52,2.3550058365462263,19.0782504,72.8810756,130.88637349010799
112.53,2.36094516846111,19.0782506,72.8810759,130.88637349010799
112.54,2.3668906842910165,19.0782508,72.88107620000001,130.88637349010799
112.55,2.3728423775159593,19.078251,72.8810765,130.88637349010799
112.56,2.3788002416092064,19.0782512,72.8810768,130.88637349010799
112.57000000000001,2.3847642700372003,19.0782514,72.8810771,130.88637349010799
112.58,2.3907344562596613,19.0782516,72.88107740000001,130.88637349010799
112.59,2.3967107937295484,19.0782518,72.8810777,130.88637349010799
112.60000000000001,2.4026932758930855,19.078252,72.881078,130.88637349010799
112.61,2.4086818961897167,19.0782522,72.8810783,130.88637349010799
112.62,2.4146766480522164,19.0782524,72.88107860000001,130.88637349010799
112.63,2.420677524906594,19.0782526,72.8810789,130.88637349010799
112.64,2.4266845201721514,19.0782528,72.8810792,130.88637349010799
112.65,2.4326976272614926,19.078253,72.8810795,130.88637349010799
112.66,2.4387168395804677,19.0782532,72.88107980000001,130.88637349010799
112.67,2.4447421505283327,19.0782534,72.8810801,130.88637349010799
112.68,2.450773553497556,19.0782536,72.8810804,130.88637349010799
112.69,2.4568110418739746,19.0782538,72.8810807,130.88637349010799
112.7,2.462854609036751,19.078254,72.88108100000001,130.88637349010799
112.71000000000001,2.4689042483583536,19.0782542,72.8810813,130.88637349010799
112.72,2.4749599532046114,19.078254400000002,72.8810816,130.88637349010799
112.73,2.4810217169347215,19.0782546,72.8810819,130.88637349010799
112.74000000000001,2.4870895329012157,19.0782548,72.88108220000001,130.88637349010799
112.75,2.4931633944499714,19.078255000000002,72.8810825,130.88637349010799
112.76,2.499243294920264,19.0782552,72.8810828,130.88637349010799
112.77,2.5053292276447268,19.0782554,72.8810831,130.88637349010799
112.78,2.511421185949408,19.078255600000002,72.88108340000001,130.88637349010799
112.79,2.5175191631537306,19.0782558,72.8810837,130.88637349010799
112.8,2.523623152570492,19.078256,72.881084,130.88637349010799
112.81,2.5297331475059313,19.078256200000002,72.8810843,130.88637349010799
112.82000000000001,2.5358491412596997,19.0782564,72.88108460000001,130.88637349010799
112.83,2.5419711271248184,19.0782566,72.8810849,130.88637349010799
112.84,2.5480990983878424,19.078256800000002,72.8810852,130.88637349010799
112.85000000000001,2.5542330483286575,19.078257,72.8810855,130.88637349010799
112.86,2.5603729702206453,19.0782572,72.88108580000001,130.88637349010799
112.87,2.5665188573306406,19.078257400000002,72.8810861,130.88637349010799
112.88,2.5726707029188827,19.0782576,72.8810864,130.88637349010799
112.89,2.5788285002391795,19.0782578,72.8810867,130.88637349010799
112.9,2.5849922425387115,19.078258,72.88108700000001,130.88637349010799
112.91,2.5911619230581895,19.0782582,72.8810873,130.88637349010799
112.92,2.597337535031812,19.0782584,72.8810876,130.88637349010799
112.93,2.6035190716872325,19.0782586,72.88108790000001,130.88637349010799
112.94,2.6097065262456693,19.0782588,72.88108820000001,130.88637349010799
112.95,2.615899891921809,19.078259,72.8810885,130.88637349010799
112.96000000000001,2.6220991619238783,19.0782592,72.8810888,130.88637349010799
112.97,2.6283043294535853,19.0782594,72.88108910000001,130.88637349010799
112.98,2.6345153877062444,19.0782596,72.88108940000001,130.88637349010799
112.99000000000001,2.6407323298706284,19.0782598,72.8810897,130.88637349010799
113.0,2.646955149129128,19.07826,72.88109,130.88637349010799
113.01,2.653183838657659,19.0782602,72.88109030000001,130.88637349010799
113.02,2.6594183916256693,19.0782604,72.88109060000001,130.88637349010799
113.03,2.6656588011962477,19.0782606,72.8810909,130.88637349010799
113.04,2.6719050605259795,19.0782608,72.8810912,130.88637349010799
113.05,2.678157162765105,19.078261,72.88109150000001,130.88637349010799
113.06,2.6844151010574295,19.0782612,72.88109180000001,130.88637349010799
113.07000000000001,2.690678868540334,19.0782614,72.8810921,130.88637349010799
113.08,2.69694845834484,19.0782616,72.8810924,130.88637349010799
113.09,2.7032238635955634,19.0782618,72.88109270000001,130.88637349010799
113.10000000000001,2.7095050774107854,19.078262000000002,72.881093,130.88637349010799
113.11,2.715792092902352,19.0782622,72.8810933,130.88637349010799
113.12,2.7220849031757908,19.0782624,72.8810936,130.88637349010799
113.13,2.7283835013302635,19.078262600000002,72.88109390000001,130.88637349010799
113.14,2.734687880458586,19.0782628,72.8810942,130.88637349010799
113.15,2.740998033647233,19.078263,72.8810945,130.88637349010799
113.16,2.747313953976347,19.078263200000002,72.8810948,130.88637349010799
113.17,2.753635634519747,19.0782634,72.88109510000001,130.88637349010799
113.18,2.7599630683449474,19.0782636,72.8810954,130.88637349010799
113.19,2.7662962485131084,19.078263800000002,72.8810957,130.88637349010799
113.2,2.7726351680791534,19.078264,72.881096,130.88637349010799
113.21000000000001,2.778979820091668,19.0782642,72.88109630000001,130.88637349010799
113.22,2.785330197592965,19.078264400000002,72.8810966,130.88637349010799
113.23,2.7916862936190876,19.0782646,72.8810969,130.88637349010799
113.24000000000001,2.7980481011997753,19.0782648,72.8810972,130.88637349010799
113.25,2.804415613358536,19.078265000000002,72.88109750000001,130.88637349010799
113.26,2.8107888231126017,19.0782652,72.8810978,130.88637349010799
113.27,2.8171677234729886,19.0782654,72.8810981,130.88637349010799
113.28,2.823552307444439,19.0782656,72.8810984,130.88637349010799
113.29,2.8299425680254844,19.0782658,72.88109870000001,130.88637349010799
113.3,2.8363384982083986,19.078266,72.881099,130.88637349010799
113.31,2.8427400909792615,19.0782662,72.8810993,130.88637349010799
113.32000000000001,2.8491473393179723,19.0782664,72.8810996,130.88637349010799
113.33,2.855560236198156,19.0782666,72.88109990000001,130.88637349010799
113.34,2.8619787745873264,19.0782668,72.8811002,130.88637349010799
113.35000000000001,2.8684029474467385,19.078267,72.8811005,130.88637349010799
113.36,2.8748327477314977,19.0782672,72.8811008,130.88637349010799
113.37,2.881268168390573,19.0782674,72.88110110000001,130.88637349010799
113.38,2.8877092023666924,19.0782676,72.8811014,130.88637349010799
113.39,2.8941558425965166,19.0782678,72.8811017,130.88637349010799
113.4,2.900608082010482,19.078268,72.881102,130.88637349010799
113.41,2.907065913532926,19.0782682,72.88110230000001,130.88637349010799
113.42,2.9135293300820457,19.0782684,72.8811026,130.88637349010799
113.43,2.919998324569913,19.0782686,72.8811029,130.88637349010799
113.44,2.926472889902481,19.0782688,72.8811032,130.88637349010799
113.45,2.932953018979596,19.078269,72.88110350000001,130.88637349010799
113.46000000000001,2.9394387046950126,19.0782692,72.8811038,130.88637349010799
113.47,2.945929939936347,19.0782694,72.8811041,130.88637349010799
113.48,2.9524267175851993,19.078269600000002,72.8811044,130.88637349010799
113.49000000000001,2.958929030517054,19.0782698,72.88110470000001,130.88637349010799
113.5,2.9654368716012955,19.07827,72.881105,130.88637349010799
113.51,2.971950233701323,19.078270200000002,72.8811053,130.88637349010799
113.52,2.9784691096744016,19.0782704,72.8811056,130.88637349010799
113.53,2.9849934923717862,19.0782706,72.88110590000001,130.88637349010799
113.54,2.9915233746387226,19.078270800000002,72.8811062,130.88637349010799
113.55,2.9980587493143522,19.078271,72.8811065,130.88637349010799
113.56,3.004599609231877,19.0782712,72.8811068,130.88637349010799
113.57000000000001,3.0111459472184112,19.078271400000002,72.88110710000001,130.88637349010799
113.58,3.0176977560950924,19.0782716,72.8811074,130.88637349010799
113.59,3.0242550286770786,19.0782718,72.8811077,130.88637349010799
113.60000000000001,3.0308177577735194,19.078272000000002,72.881108,130.88637349010799
113.61,3.0373859361875537,19.0782722,72.88110830000001,130.88637349010799
113.62,3.0439595567163806,19.0782724,72.8811086,130.88637349010799
113.63,3.0505386121512066,19.078272600000002,72.8811089,130.88637349010799
113.64,3.0571230952773147,19.0782728,72.8811092,130.88637349010799
113.65,3.063712998874011,19.078273,72.88110950000001,130.88637349010799
113.66,3.0703083157146356,19.0782732,72.8811098,130.88637349010799
113.67,3.076909038566628,19.0782734,72.8811101,130.88637349010799
113.68,3.083515160191494,19.0782736,72.88111040000001,130.88637349010799
113.69,3.09012667334477,19.0782738,72.88111070000001,130.88637349010799
113.7,3.0967435707761863,19.078274,72.881111,130.88637349010799
113.71000000000001,3.103365845229459,19.0782742,72.8811113,130.88637349010799
113.72,3.1099934894424646,19.0782744,72.88111160000001,130.88637349010799
113.73,3.1166264961471883,19.0782746,72.88111190000001,130.88637349010799
113.74000000000001,3.1232648580696916,19.0782748,72.8811122,130.88637349010799
113.75,3.129908567930231,19.078275,72.8811125,130.88637349010799
113.76,3.1365576184431525,19.0782752,72.88111280000001,130.88637349010799
113.77,3.1432120023169574,19.0782754,72.88111310000001,130.88637349010799
113.78,3.149871712254308,19.0782756,72.8811134,130.88637349010799
113.79,3.156536740951995,19.0782758,72.8811137,130.88637349010799
113.8,3.163207081100995,19.078276,72.88111400000001,130.88637349010799
113.81,3.1698827253864863,19.0782762,72.88111430000001,130.88637349010799
113.82000000000001,3.176563666487807,19.0782764,72.8811146,130.88637349010799
113.83,3.183249897078462,19.0782766,72.8811149,130.88637349010799
113.84,3.189941409826191,19.0782768,72.88111520000001,130.88637349010799
113.85000000000001,3.1966381973929305,19.078277,72.8811155,130.88637349010799
113.86,3.2033402524348205,19.078277200000002,72.8811158,130.88637349010799
113.87,3.2100475676022704,19.0782774,72.8811161,130.88637349010799
113.88,3.2167601355398396,19.0782776,72.88111640000001,130.88637349010799
113.89,3.223477948886421,19.078277800000002,72.8811167,130.88637349010799
113.9,3.2302010002750636,19.078278,72.881117,130.88637349010799
113.91,3.2369292823331497,19.0782782,72.8811173,130.88637349010799
113.92,3.243662787682295,19.078278400000002,72.88111760000001,130.88637349010799
113.93,3.250401508938361,19.0782786,72.8811179,130.88637349010799
113.94,3.2571454387115253,19.0782788,72.8811182,130.88637349010799
113.95,3.2638945696062427,19.078279000000002,72.8811185,130.88637349010799
113.96000000000001,3.2706488942212637,19.0782792,72.88111880000001,130.88637349010799
113.97,3.277408405149642,19.0782794,72.8811191,130.88637349010799
113.98,3.2841730949787458,19.078279600000002,72.8811194,130.88637349010799
113.99000000000001,3.290942956290275,19.0782798,72.8811197,130.88637349010799
114.0,3.2977179816602122,19.07828,72.88112000000001,130.88637349010799
114.01,3.3044981636589448,19.078280200000002,72.8811203,130.88637349010799
114.02,3.3112834948511622,19.0782804,72.8811206,130.88637349010799
114.03,3.3180739677959146,19.0782806,72.8811209,130.88637349010799
114.04,3.3248695750466295,19.0782808,72.88112120000001,130.88637349010799
114.05,3.331670309151055,19.078281,72.8811215,130.88637349010799
114.06,3.3384761626513972,19.0782812,72.8811218,130.88637349010799
114.07000000000001,3.345287128084159,19.0782814,72.8811221,130.88637349010799
114.08,3.3521031979803153,19.0782816,72.88112240000001,130.88637349010799
114.09,3.35892436486521,19.0782818,72.8811227,130.88637349010799
114.10000000000001,3.3657506212585737,19.078282,72.881123,130.88637349010799
114.11,3.3725819596745916,19.0782822,72.8811233,130.88637349010799
114.12,3.379418372621851,19.0782824,72.88112360000001,130.88637349010799
114.13,3.386259852603411,19.0782826,72.8811239,130.88637349010799
114.14,3.39310639211675,19.0782828,72.8811242,130.88637349010799
114.15,3.399957983653774,19.078283,72.8811245,130.88637349010799
114.16,3.406814619700884,19.0782832,72.88112480000001,130.88637349010799
114.17,3.413676292738928,19.0782834,72.8811251,130.88637349010799
114.18,3.4205429952432738,19.0782836,72.8811254,130.88637349010799
114.19,3.4274147196836937,19.0782838,72.8811257,130.88637349010799
114.2,3.4342914585245463,19.078284,72.88112600000001,130.88637349010799
114.21000000000001,3.4411732042246097,19.0782842,72.8811263,130.88637349010799
114.22,3.4480599492372166,19.0782844,72.8811266,130.88637349010799
114.23,3.4549516860102063,19.0782846,72.8811269,130.88637349010799
114.24000000000001,3.461848406985946,19.078284800000002,72.88112720000001,130.88637349010799
114.25,3.4687501046013356,19.078285,72.8811275,130.88637349010799
114.26,3.4756567712878157,19.0782852,72.8811278,130.88637349010799
114.27,3.482568399471381,19.078285400000002,72.8811281,130.88637349010799
114.28,3.4894849815725824,19.0782856,72.88112840000001,130.88637349010799
114.29,3.4964065100065405,19.0782858,72.8811287,130.88637349010799
114.3,3.503332977182951,19.078286000000002,72.881129,130.88637349010799
114.31,3.510264375506093,19.0782862,72.8811293,130.88637349010799
114.32000000000001,3.5172006973748493,19.0782864,72.88112960000001,130.88637349010799
114.33,3.52414193518267,19.078286600000002,72.8811299,130.88637349010799
114.34,3.5310880813176375,19.0782868,72.8811302,130.88637349010799
114.35000000000001,3.5380391281624846,19.078287,72.8811305,130.88637349010799
114.36,3.5449950680944893,19.078287200000002,72.88113080000001,130.88637349010799
114.37,3.5519558934856583,19.0782874,72.8811311,130.88637349010799
114.38,3.5589215967025574,19.0782876,72.8811314,130.88637349010799
114.39,3.565892170106439,19.078287800000002,72.8811317,130.88637349010799
114.4,3.5728676060532507,19.078288,72.88113200000001,130.88637349010799
114.41,3.579847896893524,19.0782882,72.8811323,130.88637349010799
114.42,3.5868330349725603,19.0782884,72.8811326,130.88637349010799
114.43,3.5938230126302653,19.0782886,72.88113290000001,130.88637349010799
114.44,3.6008178222012717,19.0782888,72.88113320000001,130.88637349010799
114.45,3.6078174560149474,19.078289,72.8811335,130.88637349010799
114.46000000000001,3.6148219063953,19.0782892,72.8811338,130.88637349010799
114.47,3.6218311656611046,19.0782894,72.88113410000001,130.88637349010799
114.48,3.628845226125847,19.0782896,72.88113440000001,130.88637349010799
114.49000000000001,3.635864080097763,19.0782898,72.8811347,130.88637349010799
114.5,3.64288771987977,19.07829,72.881135,130.88637349010799
114.51,3.649916137769659,19.0782902,72.88113530000001,130.88637349010799
114.52,3.6569493260598582,19.0782904,72.88113560000001,130.88637349010799
114.53,3.663987277037627,19.0782906,72.8811359,130.88637349010799
114.54,3.6710299829850026,19.0782908,72.8811362,130.88637349010799
114.55,3.6780774361787447,19.078291,72.88113650000001,130.88637349010799
114.56,3.685129628890529,19.0782912,72.88113680000001,130.88637349010799
114.57000000000001,3.6921865533867146,19.0782914,72.8811371,130.88637349010799
114.58,3.699248201928529,19.0782916,72.8811374,130.88637349010799
114.59,3.706314566772022,19.0782918,72.88113770000001,130.88637349010799
114.60000000000001,3.713385640168034,19.078292,72.881138,130.88637349010799
114.61,3.7204614143622647,19.0782922,72.8811383,130.88637349010799
114.62,3.727541881595286,19.078292400000002,72.8811386,130.88637349010799
114.63,3.734627034102484,19.0782926,72.88113890000001,130.88637349010799
114.64,3.7417168641141334,19.0782928,72.8811392,130.88637349010799
114.65,3.7488113638553413,19.078293000000002,72.8811395,130.88637349010799
114.66,3.7559105255461196,19.0782932,72.8811398,130.88637349010799
114.67,3.763014341401391,19.0782934,72.88114010000001,130.88637349010799
114.68,3.770122803630949,19.078293600000002,72.8811404,130.88637349010799
114.69,3.777235904439471,19.0782938,72.8811407,130.88637349010799
114.7,3.784353636026582,19.078294,72.881141,130.88637349010799
114.71000000000001,3.791475990586827,19.078294200000002,72.88114130000001,130.88637349010799
114.72,3.7986029603096236,19.0782944,72.8811416,130.88637349010799
114.73,3.805734537379448,19.0782946,72.8811419,130.88637349010799
114.74000000000001,3.8128707139756033,19.078294800000002,72.8811422,130.88637349010799
114.75,3.8200114822724087,19.078295,72.88114250000001,130.88637349010799
114.76,3.8271568344391493,19.0782952,72.8811428,130.88637349010799
114.77,3.8343067626400202,19.078295400000002,72.8811431,130.88637349010799
114.78,3.8414612590343227,19.0782956,72.8811434,130.88637349010799
114.79,3.848620315776225,19.0782958,72.88114370000001,130.88637349010799
114.8,3.855783925014956,19.078296,72.881144,130.88637349010799
114.81,3.8629520788947396,19.0782962,72.8811443,130.88637349010799
114.82000000000001,3.870124769554817,19.0782964,72.8811446,130.88637349010799
114.83,3.8773019891294522,19.0782966,72.88114490000001,130.88637349010799
114.84,3.884483729747944,19.0782968,72.8811452,130.88637349010799
114.85000000000001,3.891669983534647,19.078297,72.8811455,130.88637349010799
114.86,3.898860742608915,19.0782972,72.8811458,130.88637349010799
114.87,3.906055999085247,19.0782974,72.88114610000001,130.88637349010799
114.88,3.9132557450731156,19.0782976,72.8811464,130.88637349010799
114.89,3.9204599726771505,19.0782978,72.8811467,130.88637349010799
114.9,3.927668673997035,19.078298,72.881147,130.88637349010799
114.91,3.934881841127506,19.0782982,72.88114730000001,130.88637349010799
114.92,3.942099466158492,19.0782984,72.8811476,130.88637349010799
114.93,3.949321541174932,19.0782986,72.8811479,130.88637349010799
114.94,3.9565480582569714,19.0782988,72.8811482,130.88637349010799
114.95,3.9637790094798495,19.078299,72.88114850000001,130.88637349010799
114.96000000000001,3.9710143869139163,19.0782992,72.8811488,130.88637349010799
114.97,3.9782541826247053,19.0782994,72.8811491,130.88637349010799
114.98,3.985498388672882,19.0782996,72.8811494,130.88637349010799
114.99000000000001,3.992746997114322,19.0782998,72.88114970000001,130.88637349010799
115.0,4.000000000000001,19.078300000000002,72.88115,130.88637349010799
115.01,4.007257389376123,19.0783002,72.8811503,130.88637349010799
115.02,4.014519157284074,19.0783004,72.8811506,130.88637349010799
115.03,4.021785295760431,19.078300600000002,72.88115090000001,130.88637349010799
115.04,4.0290557968369844,19.0783008,72.8811512,130.88637349010799
115.05,4.036330652540738,19.078301,72.8811515,130.88637349010799
115.06,4.043609854893921,19.078301200000002,72.8811518,130.88637349010799
115.07000000000001,4.050893395914008,19.0783014,72.88115210000001,130.88637349010799
115.08,4.058181267613665,19.0783016,72.8811524,130.88637349010799
115.09,4.0654734620008846,19.078301800000002,72.8811527,130.88637349010799
115.10000000000001,4.07276997107887,19.078302,72.881153,130.88637349010799
115.11,4.080070786846103,19.0783022,72.88115330000001,130.88637349010799
115.12,4.087375901296346,19.078302400000002,72.8811536,130.88637349010799
115.13,4.094685306418643,19.0783026,72.8811539,130.88637349010799
115.14,4.1019989941973485,19.0783028,72.8811542,130.88637349010799
115.15,4.10931695661207,19.078303000000002,72.88115450000001,130.88637349010799
115.16,4.116639185637801,19.0783032,72.8811548,130.88637349010799
115.17,4.123965673244809,19.0783034,72.8811551,130.88637349010799
115.18,4.131296411398713,19.0783036,72.88115540000001,130.88637349010799
115.19,4.138631392060435,19.0783038,72.88115570000001,130.88637349010799
115.2,4.145970607186269,19.078304,72.881156,130.88637349010799
115.21000000000001,4.153314048727904,19.0783042,72.8811563,130.88637349010799
115.22,4.160661708632306,19.0783044,72.88115660000001,130.88637349010799
115.23,4.168013578841915,19.0783046,72.88115690000001,130.88637349010799
115.24000000000001,4.175369651294465,19.0783048,72.8811572,130.88637349010799
115.25,4.1827299179231225,19.078305,72.8811575,130.88637349010799
115.26,4.190094370656489,19.0783052,72.88115780000001,130.88637349010799
115.27,4.197463001418489,19.0783054,72.88115810000001,130.88637349010799
115.28,4.204835802128566,19.0783056,72.8811584,130.88637349010799
115.29,4.212212764701503,19.0783058,72.8811587,130.88637349010799
115.3,4.219593881047567,19.078306,72.88115900000001,130.88637349010799
115.31,4.226979143072461,19.0783062,72.88115930000001,130.88637349010799
115.32000000000001,4.234368542677338,19.0783064,72.8811596,130.88637349010799
115.33,4.241762071758816,19.0783066,72.8811599,130.88637349010799
115.34,4.249159722208984,19.0783068,72.88116020000001,130.88637349010799
115.35000000000001,4.256561485915423,19.078307,72.88116050000001,130.88637349010799
115.36,4.263967354761155,19.0783072,72.8811608,130.88637349010799
115.37,4.271377320624772,19.0783074,72.8811611,130.88637349010799
115.38,4.2787913753803295,19.078307600000002,72.88116140000001,130.88637349010799
115.39,4.286209510897404,19.0783078,72.8811617,130.88637349010799
115.4,4.293631719041114,19.078308,72.881162,130.88637349010799
115.41,4.301057991672048,19.078308200000002,72.8811623,130.88637349010799
115.42,4.308488320646463,19.0783084,72.88116260000001,130.88637349010799
115.43,4.315922697816042,19.0783086,72.8811629,130.88637349010799
115.44,4.32336111502809,19.078308800000002,72.8811632,130.88637349010799
115.45,4.330803564125485,19.078309,72.8811635,130.88637349010799
115.46000000000001,4.338250036946644,19.0783092,72.88116380000001,130.88637349010799
115.47,4.345700525325595,19.078309400000002,72.8811641,130.88637349010799
115.48,4.353155021091991,19.0783096,72.8811644,130.88637349010799
115.49000000000001,4.360613516071062,19.0783098,72.8811647,130.88637349010799
115.5,4.368076002083629,19.078310000000002,72.88116500000001,130.88637349010799
115.51,4.375542470946173,19.0783102,72.8811653,130.88637349010799
115.52,4.3830129144707834,19.0783104,72.8811656,130.88637349010799
115.53,4.390487324465228,19.078310600000002,72.8811659,130.88637349010799
115.54,4.397965692732901,19.0783108,72.88116620000001,130.88637349010799
115.55,4.405448011072828,19.078311,72.8811665,130.88637349010799
115.56,4.412934271279742,19.0783112,72.8811668,130.88637349010799
115.57000000000001,4.4204244651440545,19.0783114,72.8811671,130.88637349010799
115.58,4.427918584451798,19.0783116,72.88116740000001,130.88637349010799
115.59,4.435416620984828,19.0783118,72.8811677,130.88637349010799
115.60000000000001,4.442918566520579,19.078312,72.881168,130.88637349010799
115.61,4.450424412832257,19.0783122,72.8811683,130.88637349010799
115.62,4.457934151688798,19.0783124,72.88116860000001,130.88637349010799
115.63,4.465447774854799,19.0783126,72.8811689,130.88637349010799
115.64,4.472965274090728,19.0783128,72.8811692,130.88637349010799
115.65,4.480486641152675,19.078313,72.8811695,130.88637349010799
115.66,4.488011867792551,19.0783132,72.88116980000001,130.88637349010799
115.67,4.495540945758035,19.0783134,72.8811701,130.88637349010799
115.68,4.503073866792544,19.0783136,72.8811704,130.88637349010799
115.69,4.5106106226353075,19.0783138,72.8811707,130.88637349010799
115.7,4.518151205021374,19.078314,72.88117100000001,130.88637349010799
115.71000000000001,4.52569560568157,19.0783142,72.8811713,130.88637349010799
115.72,4.5332438163424955,19.0783144,72.8811716,130.88637349010799
115.73,4.540795828726665,19.0783146,72.8811719,130.88637349010799
115.74000000000001,4.54835163455232,19.0783148,72.88117220000001,130.88637349010799
115.75,4.55591122553363,19.078315,72.8811725,130.88637349010799
115.76,4.563474593380578,19.078315200000002,72.8811728,130.88637349010799
115.77,4.571041729798964,19.0783154,72.8811731,130.88637349010799
115.78,4.578612626490546,19.0783156,72.88117340000001,130.88637349010799
115.79,4.586187275152859,19.078315800000002,72.8811737,130.88637349010799
115.8,4.593765667479408,19.078316,72.881174,130.88637349010799
115.81,4.6013477951595565,19.0783162,72.8811743,130.88637349010799
115.82000000000001,4.608933649878548,19.078316400000002,72.88117460000001,130.88637349010799
115.83,4.616523223317574,19.0783166,72.8811749,130.88637349010799
115.84,4.624116507153738,19.0783168,72.8811752,130.88637349010799
115.85000000000001,4.631713493060071,19.078317000000002,72.8811755,130.88637349010799
115.86,4.639314172705548,19.0783172,72.88117580000001,130.88637349010799
115.87,4.646918537755093,19.0783174,72.8811761,130.88637349010799
115.88,4.654526579869586,19.078317600000002,72.8811764,130.88637349010799
115.89,4.662138290705875,19.0783178,72.8811767,130.88637349010799
115.9,4.669753661916788,19.078318,72.88117700000001,130.88637349010799
115.91,4.677372685151134,19.078318200000002,72.8811773,130.88637349010799
115.92,4.684995352053723,19.0783184,72.8811776,130.88637349010799
115.93,4.692621654265377,19.0783186,72.8811779,130.88637349010799
115.94,4.700251583422882,19.0783188,72.88117820000001,130.88637349010799
115.95,4.707885131159138,19.078319,72.8811785,130.88637349010799
115.96000000000001,4.71552228910297,19.0783192,72.8811788,130.88637349010799
115.97,4.723163048879339,19.0783194,72.88117910000001,130.88637349010799
115.98,4.730807402109214,19.0783196,72.88117940000001,130.88637349010799
115.99000000000001,4.738455340409598,19.0783198,72.8811797,130.88637349010799
116.0,4.746106855393604,19.07832,72.88118,130.88637349010799
116.01,4.753761938670392,19.0783202,72.88118030000001,130.88637349010799
116.02,4.761420581845252,19.0783204,72.88118060000001,130.88637349010799
116.03,4.76908277651953,19.0783206,72.8811809,130.88637349010799
116.04,4.776748514290702,19.0783208,72.8811812,130.88637349010799
116.05,4.784417786752321,19.078321,72.88118150000001,130.88637349010799
116.06,4.7920905854940905,19.0783212,72.88118180000001,130.88637349010799
116.07000000000001,4.799766902101884,19.0783214,72.8811821,130.88637349010799
116.08,4.807446728157627,19.0783216,72.8811824,130.88637349010799
116.09,4.8151300552395,19.0783218,72.88118270000001,130.88637349010799
116.10000000000001,4.822816874921756,19.078322,72.88118300000001,130.88637349010799
116.11,4.830507178774865,19.0783222,72.8811833,130.88637349010799
116.12,4.8382009583654675,19.0783224,72.8811836,130.88637349010799
116.13,4.845898205256378,19.0783226,72.88118390000001,130.88637349010799
116.14,4.85359891100666,19.078322800000002,72.8811842,130.88637349010799
116.15,4.861303067171506,19.078323,72.8811845,130.88637349010799
116.16,4.869010665302378,19.0783232,72.8811848,130.88637349010799
116.17,4.87672169694695,19.078323400000002,72.88118510000001,130.88637349010799
116.18,4.884436153649128,19.0783236,72.8811854,130.88637349010799
116.19,4.8921540269490675,19.0783238,72.8811857,130.88637349010799
116.2,4.899875308383171,19.078324000000002,72.881186,130.88637349010799
116.21000000000001,4.907599989484123,19.0783242,72.88118630000001,130.88637349010799
116.22,4.915328061780835,19.0783244,72.8811866,130.88637349010799
116.23,4.92305951679853,19.078324600000002,72.8811869,130.88637349010799
116.24000000000001,4.930794346058756,19.0783248,72.8811872,130.88637349010799
116.25,4.938532541079275,19.078325,72.88118750000001,130.88637349010799
116.26,4.946274093374258,19.078325200000002,72.8811878,130.88637349010799
116.27,4.954018994454105,19.0783254,72.8811881,130.88637349010799
116.28,4.961767235825583,19.0783256,72.8811884,130.88637349010799
116.29,4.969518808991833,19.078325800000002,72.88118870000001,130.88637349010799
116.3,4.977273705452253,19.078326,72.881189,130.88637349010799
116.31,4.985031916702702,19.0783262,72.8811893,130.88637349010799
116.32000000000001,4.992793434235309,19.0783264,72.8811896,130.88637349010799
116.33,5.000558249538619,19.0783266,72.88118990000001,130.88637349010799
116.34,5.008326354097585,19.0783268,72.8811902,130.88637349010799
116.35000000000001,5.01609773939353,19.078327,72.8811905,130.88637349010799
116.36,5.023872396904149,19.0783272,72.8811908,130.88637349010799
116.37,5.031650318103592,19.0783274,72.88119110000001,130.88637349010799
116.38,5.039431494462414,19.0783276,72.8811914,130.88637349010799
116.39,5.047215917447586,19.0783278,72.8811917,130.88637349010799
116.4,5.055003578522575,19.078328,72.881192,130.88637349010799
116.41,5.062794469147217,19.0783282,72.88119230000001,130.88637349010799
116.42,5.070588580777857,19.0783284,72.8811926,130.88637349010799
116.43,5.078385904867309,19.0783286,72.8811929,130.88637349010799
116.44,5.086186432864798,19.0783288,72.8811932,130.88637349010799
116.45,5.0939901562161705,19.078329,72.88119350000001,130.88637349010799
116.46000000000001,5.1017970663636305,19.0783292,72.8811938,130.88637349010799
116.47,5.1096071547459605,19.0783294,72.8811941,130.88637349010799
116.48,5.117420412798451,19.0783296,72.8811944,130.88637349010799
116.49000000000001,5.125236831952883,19.0783298,72.88119470000001,130.88637349010799
116.5,5.1330564036375925,19.07833,72.881195,130.88637349010799
116.51,5.140879119277487,19.0783302,72.8811953,130.88637349010799
116.52,5.148704970293988,19.078330400000002,72.8811956,130.88637349010799
116.53,5.156533948105102,19.0783306,72.88119590000001,130.88637349010799
116.54,5.1643660441253685,19.0783308,72.8811962,130.88637349010799
116.55,5.172201249765935,19.078331000000002,72.8811965,130.88637349010799
116.56,5.180039556434563,19.0783312,72.8811968,130.88637349010799
116.57000000000001,5.18788095553559,19.0783314,72.88119710000001,130.88637349010799
116.58,5.195725438469932,19.078331600000002,72.8811974,130.88637349010799
116.59,5.203572996635165,19.0783318,72.8811977,130.88637349010799
116.60000000000001,5.211423621425494,19.078332,72.881198,130.88637349010799
116.61,5.219277304231692,19.078332200000002,72.88119830000001,130.88637349010799
116.62,5.2271340364413135,19.0783324,72.8811986,130.88637349010799
116.63,5.234993809438421,19.0783326,72.8811989,130.88637349010799
116.64,5.242856614603864,19.078332800000002,72.8811992,130.88637349010799
116.65,5.250722443315071,19.078333,72.88119950000001,130.88637349010799
116.66,5.258591286946198,19.0783332,72.8811998,130.88637349010799
116.67,5.266463136868133,19.0783334,72.8812001,130.88637349010799
116.68,5.274337984448385,19.0783336,72.8812004,130.88637349010799
116.69,5.282215821051235,19.0783338,72.88120070000001,130.88637349010799
116.7,5.290096638037667,19.078334,72.881201,130.88637349010799
116.71000000000001,5.297980426765399,19.0783342,72.8812013,130.88637349010799
116.72,5.3058671785888905,19.0783344,72.88120160000001,130.88637349010799
116.73,5.313756884859352,19.0783346,72.88120190000001,130.88637349010799
116.74000000000001,5.321649536924764,19.0783348,72.8812022,130.88637349010799
116.75,5.329545126129828,19.078335,72.8812025,130.88637349010799
116.76,5.3374436438161155,19.0783352,72.88120280000001,130.88637349010799
116.77,5.345345081321879,19.0783354,72.88120310000001,130.88637349010799
116.78,5.353249429982264,19.0783356,72.8812034,130.88637349010799
116.79,5.3611566811291835,19.0783358,72.8812037,130.88637349010799
116.8,5.369066826091327,19.078336,72.88120400000001,130.88637349010799
116.81,5.376979856194303,19.0783362,72.88120430000001,130.88637349010799
116.82000000000001,5.384895762760452,19.0783364,72.8812046,130.88637349010799
116.83,5.39281453710905,19.0783366,72.8812049,130.88637349010799
116.84,5.4007361705561925,19.0783368,72.88120520000001,130.88637349010799
116.85000000000001,5.408660654414808,19.078337,72.88120550000001,130.88637349010799
116.86,5.416587979994743,19.0783372,72.8812058,130.88637349010799
116.87,5.4245181386027,19.0783374,72.8812061,130.88637349010799
116.88,5.432451121542313,19.0783376,72.88120640000001,130.88637349010799
116.89,5.440386920114094,19.0783378,72.8812067,130.88637349010799
116.9,5.4483255256154415,19.078338000000002,72.881207,130.88637349010799
116.91,5.456266929340713,19.0783382,72.8812073,130.88637349010799
116.92,5.464211122581187,19.0783384,72.88120760000001,130.88637349010799
116.93,5.47215809662508,19.078338600000002,72.8812079,130.88637349010799
116.94,5.480107842757548,19.0783388,72.8812082,130.88637349010799
116.95,5.488060352260759,19.078339,72.8812085,130.88637349010799
116.96000000000001,5.496015616413773,19.078339200000002,72.88120880000001,130.88637349010799
116.97,5.503973626492678,19.0783394,72.8812091,130.88637349010799
116.98,5.5119343737705435,19.0783396,72.8812094,130.88637349010799
116.99000000000001,5.519897849517433,19.078339800000002,72.8812097,130.88637349010799
117.0,5.527864045000417,19.07834,72.88121000000001,130.88637349010799
117.01,5.535832951483587,19.0783402,72.8812103,130.88637349010799
117.02,5.54380456022806,19.078340400000002,72.8812106,130.88637349010799
117.03,5.551778862492003,19.0783406,72.8812109,130.88637349010799
117.04,5.559755849530575,19.0783408,72.88121120000001,130.88637349010799
117.05,5.567735512596071,19.078341,72.8812115,130.88637349010799
117.06,5.575717842937802,19.0783412,72.8812118,130.88637349010799
117.07000000000001,5.583702831802174,19.0783414,72.8812121,130.88637349010799
117.08,5.591690470432642,19.0783416,72.88121240000001,130.88637349010799
117.09,5.599680750069782,19.0783418,72.8812127,130.88637349010799
117.10000000000001,5.607673661951312,19.078342,72.881213,130.88637349010799
117.11,5.61566919731197,19.0783422,72.8812133,130.88637349010799
117.12,5.623667347383725,19.0783424,72.88121360000001,130.88637349010799
117.13,5.631668103395585,19.0783426,72.8812139,130.88637349010799
117.14,5.639671456573739,19.0783428,72.8812142,130.88637349010799
117.15,5.647677398141571,19.078343,72.8812145,130.88637349010799
117.16,5.655685919319529,19.0783432,72.88121480000001,130.88637349010799
117.17,5.663697011325342,19.0783434,72.8812151,130.88637349010799
117.18,5.671710665373826,19.0783436,72.8812154,130.88637349010799
117.19,5.679726872677039,19.0783438,72.8812157,130.88637349010799
117.2,5.6877456244442275,19.078344,72.88121600000001,130.88637349010799
117.21000000000001,5.6957669118818455,19.0783442,72.8812163,130.88637349010799
117.22,5.703790726193571,19.0783444,72.8812166,130.88637349010799
117.23,5.711817058580303,19.0783446,72.8812169,130.88637349010799
117.24000000000001,5.719845900240203,19.0783448,72.88121720000001,130.88637349010799
117.25,5.727877242368603,19.078345,72.8812175,130.88637349010799
117.26,5.735911076158235,19.0783452,72.8812178,130.88637349010799
117.27,5.743947392798961,19.0783454,72.8812181,130.88637349010799
117.28,5.751986183477987,19.078345600000002,72.88121840000001,130.88637349010799
117.29,5.760027439379809,19.0783458,72.8812187,130.88637349010799
117.3,5.768071151686147,19.078346,72.881219,130.88637349010799
117.31,5.776117311576168,19.078346200000002,72.8812193,130.88637349010799
117.32000000000001,5.784165910226215,19.0783464,72.88121960000001,130.88637349010799
117.33,5.792216938810028,19.0783466,72.8812199,130.88637349010799
117.34,5.800270388498679,19.078346800000002,72.8812202,130.88637349010799
117.35000000000001,5.808326250460546,19.078347,72.8812205,130.88637349010799
117.36,5.81638451586139,19.0783472,72.88122080000001,130.88637349010799
117.37,5.824445175864361,19.078347400000002,72.8812211,130.88637349010799
117.38,5.8325082216299435,19.0783476,72.8812214,130.88637349010799
117.39,5.840573644316033,19.0783478,72.8812217,130.88637349010799
117.4,5.848641435077878,19.078348000000002,72.88122200000001,130.88637349010799
117.41,5.8567115850681555,19.0783482,72.8812223,130.88637349010799
117.42,5.864784085436984,19.0783484,72.8812226,130.88637349010799
117.43,5.872858927331878,19.0783486,72.8812229,130.88637349010799
117.44,5.880936101897756,19.0783488,72.88122320000001,130.88637349010799
117.45,5.889015600277018,19.078349,72.8812235,130.88637349010799
117.46000000000001,5.897097413609519,19.0783492,72.8812238,130.88637349010799
117.47,5.905181533032502,19.0783494,72.88122410000001,130.88637349010799
117.48,5.913267949680824,19.0783496,72.88122440000001,130.88637349010799
117.49000000000001,5.921356654686682,19.0783498,72.8812247,130.88637349010799
117.5,5.929447639179832,19.07835,72.881225,130.88637349010799
117.51,5.937540894287533,19.0783502,72.88122530000001,130.88637349010799
117.52,5.9456364111344815,19.0783504,72.88122560000001,130.88637349010799
117.53,5.953734180843035,19.0783506,72.8812259,130.88637349010799
117.54,5.961834194532939,19.0783508,72.8812262,130.88637349010799
117.55,5.969936443321551,19.078351,72.88122650000001,130.88637349010799
117.56,5.978040918323761,19.0783512,72.88122680000001,130.88637349010799
117.57000000000001,5.986147610652032,19.0783514,72.8812271,130.88637349010799
117.58,5.994256511416341,19.0783516,72.8812274,130.88637349010799
117.59,6.002367611724326,19.0783518,72.88122770000001,130.88637349010799
117.60000000000001,6.010480902681169,19.078352,72.88122800000001,130.88637349010799
117.61,6.018596375389612,19.0783522,72.8812283,130.88637349010799
117.62,6.026714020950099,19.0783524,72.8812286,130.88637349010799
117.63,6.034833830460581,19.0783526,72.88122890000001,130.88637349010799
117.64,6.042955795016733,19.0783528,72.8812292,130.88637349010799
117.65,6.051079905711825,19.078353,72.8812295,130.88637349010799
117.66,6.059206153636731,19.078353200000002,72.8812298,130.88637349010799
117.67,6.06733452988008,19.0783534,72.88123010000001,130.88637349010799
117.68,6.075465025528056,19.0783536,72.8812304,130.88637349010799
117.69,6.083597631664614,19.078353800000002,72.8812307,130.88637349010799
117.7,6.091732339371355,19.078354,72.881231,130.88637349010799
117.71000000000001,6.099869139727547,19.0783542,72.88123130000001,130.88637349010799
117.72,6.1080080238102035,19.078354400000002,72.8812316,130.88637349010799
117.73,6.116148982694042,19.0783546,72.8812319,130.88637349010799
117.74000000000001,6.124292007451501,19.0783548,72.8812322,130.88637349010799
117.75,6.132437089152757,19.078355000000002,72.88123250000001,130.88637349010799
117.76,6.140584218865728,19.0783552,72.8812328,130.88637349010799
117.77,6.148733387656088,19.0783554,72.8812331,130.88637349010799
117.78,6.156884586587274,19.078355600000002,72.8812334,130.88637349010799
117.79,6.1650378067204965,19.0783558,72.88123370000001,130.88637349010799
117.8,6.173193039114751,19.078356,72.881234,130.88637349010799
117.81,6.181350274826825,19.0783562,72.8812343,130.88637349010799
117.82000000000001,6.189509504911323,19.0783564,72.8812346,130.88637349010799
117.83,6.197670720420607,19.0783566,72.88123490000001,130.88637349010799
117.84,6.20583391240496,19.0783568,72.8812352,130.88637349010799
117.85000000000001,6.213999071912384,19.078357,72.8812355,130.88637349010799
117.86,6.2221661899888225,19.0783572,72.8812358,130.88637349010799
117.87,6.230335257678017,19.0783574,72.88123610000001,130.88637349010799
117.88,6.238506266021581,19.0783576,72.8812364,130.88637349010799
117.89,6.246679206059016,19.0783578,72.8812367,130.88637349010799
117.9,6.254854068827652,19.078358,72.881237,130.88637349010799
117.91,6.263030845362788,19.0783582,72.88123730000001,130.88637349010799
117.92,6.271209526697574,19.0783584,72.8812376,130.88637349010799
117.93,6.279390103863097,19.0783586,72.8812379,130.88637349010799
117.94,6.287572567888323,19.0783588,72.8812382,130.88637349010799
117.95,6.295756909800177,19.078359,72.88123850000001,130.88637349010799
117.96000000000001,6.303943120623566,19.0783592,72.8812388,130.88637349010799
117.97,6.31213119138125,19.0783594,72.8812391,130.88637349010799
117.98,6.320321113094063,19.0783596,72.8812394,130.88637349010799
117.99000000000001,6.3285128767807075,19.0783598,72.88123970000001,130.88637349010799
118.0,6.336706473457927,19.07836,72.88124,130.88637349010799
118.01,6.344901894140435,19.0783602,72.8812403,130.88637349010799
118.02,6.353099129840936,19.0783604,72.8812406,130.88637349010799
118.03,6.361298171570196,19.0783606,72.88124090000001,130.88637349010799
118.04,6.369499010336921,19.078360800000002,72.8812412,130.88637349010799
118.05,6.377701637147899,19.078361,72.8812415,130.88637349010799
118.06,6.385906043007942,19.0783612,72.8812418,130.88637349010799
118.07000000000001,6.394112218919916,19.078361400000002,72.88124210000001,130.88637349010799
118.08,6.402320155884741,19.0783616,72.8812424,130.88637349010799
118.09,6.410529844901408,19.0783618,72.8812427,130.88637349010799
118.10000000000001,6.418741276967,19.078362000000002,72.881243,130.88637349010799
118.11,6.4269544430766485,19.0783622,72.88124330000001,130.88637349010799
118.12,6.435169334223609,19.0783624,72.8812436,130.88637349010799
118.13,6.443385941399273,19.078362600000002,72.8812439,130.88637349010799
118.14,6.451604255593112,19.0783628,72.8812442,130.88637349010799
118.15,6.459824267792747,19.078363,72.88124450000001,130.88637349010799
118.16,6.468045968983889,19.078363200000002,72.8812448,130.88637349010799
118.17,6.476269350150473,19.0783634,72.8812451,130.88637349010799
118.18,6.484494402274541,19.0783636,72.8812454,130.88637349010799
118.19,6.492721116336315,19.0783638,72.88124570000001,130.88637349010799
118.2,6.500949483314208,19.078364,72.881246,130.88637349010799
118.21000000000001,6.509179494184778,19.0783642,72.8812463,130.88637349010799
118.22,6.51741113992281,19.0783644,72.88124660000001,130.88637349010799
118.23,6.525644411501323,19.0783646,72.88124690000001,130.88637349010799
118.24000000000001,6.533879299891524,19.0783648,72.8812472,130.88637349010799
118.25,6.542115796062823,19.078365,72.8812475,130.88637349010799
118.26,6.550353890982903,19.0783652,72.88124780000001,130.88637349010799
118.27,6.558593575617684,19.0783654,72.88124810000001,130.88637349010799
118.28,6.566834840931328,19.0783656,72.8812484,130.88637349010799
118.29,6.575077677886319,19.0783658,72.8812487,130.88637349010799
118.3,6.583322077443333,19.078366,72.88124900000001,130.88637349010799
118.31,6.5915680305613895,19.0783662,72.88124930000001,130.88637349010799
118.32000000000001,6.599815528197804,19.0783664,72.8812496,130.88637349010799
118.33,6.608064561308128,19.0783666,72.8812499,130.88637349010799
118.34,6.616315120846369,19.0783668,72.88125020000001,130.88637349010799
118.35000000000001,6.624567197764721,19.078367,72.88125050000001,130.88637349010799
118.36,6.632820783013783,19.0783672,72.8812508,130.88637349010799
118.37,6.641075867542503,19.0783674,72.8812511,130.88637349010799
118.38,6.64933244229811,19.0783676,72.88125140000001,130.88637349010799
118.39,6.657590498226344,19.0783678,72.8812517,130.88637349010799
118.4,6.665850026271176,19.078368,72.881252,130.88637349010799
118.41,6.674111017375036,19.0783682,72.8812523,130.88637349010799
118.42,6.682373462478749,19.078368400000002,72.88125260000001,130.88637349010799
118.43,6.690637352521501,19.0783686,72.8812529,130.88637349010799
118.44,6.698902678440923,19.0783688,72.8812532,130.88637349010799
118.45,6.707169431173103,19.078369000000002,72.8812535,130.88637349010799
118.46000000000001,6.71543760165253,19.0783692,72.88125380000001,130.88637349010799
118.47,6.7237071808121005,19.0783694,72.8812541,130.88637349010799
118.48,6.731978159583263,19.078369600000002,72.8812544,130.88637349010799
118.49000000000001,6.740250528895818,19.0783698,72.8812547,130.88637349010799
118.5,6.748524279678142,19.07837,72.88125500000001,130.88637349010799
118.51,6.756799402857052,19.078370200000002,72.8812553,130.88637349010799
118.52,6.765075889357819,19.0783704,72.8812556,130.88637349010799
118.53,6.773353730104317,19.0783706,72.8812559,130.88637349010799
118.54,6.781632916018835,19.078370800000002,72.88125620000001,130.88637349010799
118.55,6.789913438022233,19.078371,72.8812565,130.88637349010799
118.56,6.798195287033944,19.0783712,72.8812568,130.88637349010799
118.57000000000001,6.806478453971863,19.0783714,72.8812571,130.88637349010799
118.58,6.814762929752495,19.0783716,72.88125740000001,130.88637349010799
118.59,6.8230487052908995,19.0783718,72.8812577,130.88637349010799
118.60000000000001,6.831335771500705,19.078372,72.881258,130.88637349010799
118.61,6.839624119294128,19.0783722,72.8812583,130.88637349010799
118.62,6.84791373958198,19.0783724,72.88125860000001,130.88637349010799
118.63,6.856204623273674,19.0783726,72.8812589,130.88637349010799
118.64,6.864496761277241,19.0783728,72.8812592,130.88637349010799
118.65,6.872790144499348,19.078373,72.8812595,130.88637349010799
118.66,6.881084763845243,19.0783732,72.88125980000001,130.88637349010799
118.67,6.889380610218899,19.0783734,72.8812601,130.88637349010799
118.68,6.897677674522903,19.0783736,72.8812604,130.88637349010799
118.69,6.905975947658467,19.0783738,72.8812607,130.88637349010799
118.7,6.914275420525572,19.078374,72.88126100000001,130.88637349010799
118.71000000000001,6.922576084022771,19.0783742,72.8812613,130.88637349010799
118.72,6.930877929047413,19.0783744,72.8812616,130.88637349010799
118.73,6.939180946495506,19.0783746,72.8812619,130.88637349010799
118.74000000000001,6.947485127261745,19.0783748,72.88126220000001,130.88637349010799
118.75,6.955790462239592,19.078375,72.8812625,130.88637349010799
118.76,6.9640969423212145,19.0783752,72.8812628,130.88637349010799
118.77,6.9724045583975665,19.0783754,72.8812631,130.88637349010799
118.78,6.980713301358315,19.0783756,72.88126340000001,130.88637349010799
118.79,6.989023162091919,19.0783758,72.8812637,130.88637349010799
118.8,6.997334131485568,19.078376000000002,72.881264,130.88637349010799
118.81,7.0056462004252795,19.0783762,72.8812643,130.88637349010799
118.82000000000001,7.013959359795852,19.0783764,72.88126460000001,130.88637349010799
118.83,7.022273600480871,19.078376600000002,72.8812649,130.88637349010799
118.84,7.030588913362795,19.0783768,72.8812652,130.88637349010799
118.85000000000001,7.038905289322822,19.078377,72.8812655,130.88637349010799
118.86,7.047222719241041,19.078377200000002,72.88126580000001,130.88637349010799
118.87,7.055541193996368,19.0783774,72.8812661,130.88637349010799
118.88,7.063860704466564,19.0783776,72.8812664,130.88637349010799
118.89,7.072181241528306,19.078377800000002,72.8812667,130.88637349010799
118.9,7.080502796057064,19.078378,72.88126700000001,130.88637349010799
118.91,7.088825358927246,19.0783782,72.8812673,130.88637349010799
118.92,7.097148921012156,19.078378400000002,72.8812676,130.88637349010799
118.93,7.105473473183946,19.0783786,72.8812679,130.88637349010799
118.94,7.113799006313765,19.0783788,72.88126820000001,130.88637349010799
118.95,7.122125511271632,19.078379,72.8812685,130.88637349010799
118.96000000000001,7.1304529789265265,19.0783792,72.8812688,130.88637349010799
118.97,7.138781400146332,19.0783794,72.88126910000001,130.88637349010799
118.98,7.147110765797914,19.0783796,72.88126940000001,130.88637349010799
118.99000000000001,7.155441066747141,19.0783798,72.8812697,130.88637349010799
119.0,7.163772293858764,19.07838,72.88127,130.88637349010799
119.01,7.172104437996625,19.0783802,72.88127030000001,130.88637349010799
119.02,7.180437490023465,19.0783804,72.88127060000001,130.88637349010799
119.03,7.18877144080107,19.0783806,72.8812709,130.88637349010799
119.04,7.197106281190284,19.0783808,72.8812712,130.88637349010799
119.05,7.2054420020508765,19.078381,72.88127150000001,130.88637349010799
119.06,7.213778594241764,19.0783812,72.88127180000001,130.88637349010799
119.07000000000001,7.222116048620808,19.0783814,72.8812721,130.88637349010799
119.08,7.230454356044981,19.0783816,72.8812724,130.88637349010799
119.09,7.238793507370294,19.0783818,72.88127270000001,130.88637349010799
119.10000000000001,7.247133493451885,19.078382,72.88127300000001,130.88637349010799
119.11,7.255474305143898,19.0783822,72.8812733,130.88637349010799
119.12,7.263815933299622,19.0783824,72.8812736,130.88637349010799
119.13,7.272158368771439,19.0783826,72.88127390000001,130.88637349010799
119.14,7.280501602410832,19.0783828,72.88127420000001,130.88637349010799
119.15,7.288845625068466,19.078383,72.8812745,130.88637349010799
119.16,7.297190427594052,19.0783832,72.8812748,130.88637349010799
119.17,7.305536000836506,19.0783834,72.88127510000001,130.88637349010799
119.18,7.313882335643899,19.078383600000002,72.8812754,130.88637349010799
119.19,7.322229422863394,19.0783838,72.8812757,130.88637349010799
119.2,7.330577253341471,19.078384,72.881276,130.88637349010799
119.21000000000001,7.338925817923655,19.078384200000002,72.88127630000001,130.88637349010799
119.22,7.347275107454734,19.0783844,72.8812766,130.88637349010799
119.23,7.355625112778703,19.0783846,72.8812769,130.88637349010799
119.24000000000001,7.363975824738729,19.078384800000002,72.8812772,130.88637349010799
119.25,7.372327234177233,19.078385,72.88127750000001,130.88637349010799
119.26,7.380679331935898,19.0783852,72.8812778,130.88637349010799
119.27,7.389032108855612,19.078385400000002,72.8812781,130.88637349010799
119.28,7.397385555776544,19.0783856,72.8812784,130.88637349010799
119.29,7.405739663538086,19.0783858,72.88127870000001,130.88637349010799
119.3,7.414094422978937,19.078386000000002,72.881279,130.88637349010799
119.31,7.422449824937105,19.0783862,72.8812793,130.88637349010799
119.32000000000001,7.430805860249868,19.0783864,72.8812796,130.88637349010799
119.33,7.439162519753781,19.0783866,72.88127990000001,130.88637349010799
119.34,7.447519794284756,19.0783868,72.8812802,130.88637349010799
119.35000000000001,7.45587767467803,19.078387,72.8812805,130.88637349010799
119.36,7.464236151768108,19.0783872,72.8812808,130.88637349010799
119.37,7.472595216388978,19.0783874,72.88128110000001,130.88637349010799
119.38,7.48095485937383,19.0783876,72.8812814,130.88637349010799
119.39,7.489315071555348,19.0783878,72.8812817,130.88637349010799
119.4,7.497675843765506,19.078388,72.881282,130.88637349010799
119.41,7.506037166835649,19.0783882,72.88128230000001,130.88637349010799
119.42,7.514399031596646,19.0783884,72.8812826,130.88637349010799
119.43,7.522761428878632,19.0783886,72.8812829,130.88637349010799
119.44,7.531124349511225,19.0783888,72.8812832,130.88637349010799
119.45,7.539487784323458,19.078389,72.88128350000001,130.88637349010799
119.46000000000001,7.547851724143814,19.0783892,72.8812838,130.88637349010799
119.47,7.556216159800164,19.0783894,72.8812841,130.88637349010799
119.48,7.564581082119922,19.0783896,72.8812844,130.88637349010799
119.49000000000001,7.572946481929924,19.0783898,72.88128470000001,130.88637349010799
119.5,7.581312350056443,19.07839,72.881285,130.88637349010799
119.51,7.589678677325334,19.0783902,72.8812853,130.88637349010799
119.52,7.598045454561836,19.0783904,72.8812856,130.88637349010799
119.53,7.606412672590796,19.0783906,72.88128590000001,130.88637349010799
119.54,7.614780322236533,19.0783908,72.8812862,130.88637349010799
119.55,7.6231483943228495,19.078391,72.8812865,130.88637349010799
119.56,7.631516879673187,19.078391200000002,72.8812868,130.88637349010799
119.57000000000001,7.639885769110418,19.0783914,72.88128710000001,130.88637349010799
119.58,7.648255053457071,19.0783916,72.8812874,130.88637349010799
119.59,7.656624723535199,19.078391800000002,72.8812877,130.88637349010799
119.60000000000001,7.664994770166405,19.078392,72.881288,130.88637349010799
119.61,7.673365184171923,19.0783922,72.88128830000001,130.88637349010799
119.62,7.681735956372563,19.078392400000002,72.8812886,130.88637349010799
119.63,7.690107077588737,19.0783926,72.8812889,130.88637349010799
119.64,7.698478538640524,19.0783928,72.8812892,130.88637349010799
119.65,7.7068503303475495,19.078393000000002,72.88128950000001,130.88637349010799
119.66,7.7152224435291314,19.0783932,72.8812898,130.88637349010799
119.67,7.723594869004221,19.0783934,72.8812901,130.88637349010799
119.68,7.731967597591427,19.078393600000002,72.8812904,130.88637349010799
119.69,7.740340620109011,19.0783938,72.88129070000001,130.88637349010799
119.7,7.748713927374971,19.078394,72.881291,130.88637349010799
119.71000000000001,7.7570875102069206,19.0783942,72.8812913,130.88637349010799
119.72,7.7654613594221695,19.0783944,72.8812916,130.88637349010799
119.73,7.773835465837824,19.0783946,72.88129190000001,130.88637349010799
119.74000000000001,7.782209820270592,19.0783948,72.8812922,130.88637349010799
119.75,7.79058441353701,19.078395,72.8812925,130.88637349010799
119.76,7.798959236453294,19.0783952,72.88129280000001,130.88637349010799
119.77,7.807334279835427,19.0783954,72.88129310000001,130.88637349010799
119.78,7.815709534499158,19.0783956,72.8812934,130.88637349010799
119.79,7.8240849912599515,19.0783958,72.8812937,130.88637349010799
119.8,7.832460640933137,19.078396,72.88129400000001,130.88637349010799
119.81,7.840836474333771,19.0783962,72.88129430000001,130.88637349010799
119.82000000000001,7.84921248227674,19.0783964,72.8812946,130.88637349010799
119.83,7.857588655576697,19.0783966,72.8812949,130.88637349010799
119.84,7.865964985048139,19.0783968,72.88129520000001,130.88637349010799
119.85000000000001,7.874341461505439,19.078397,72.88129550000001,130.88637349010799
119.86,7.882718075762704,19.0783972,72.8812958,130.88637349010799
119.87,7.8910948186340075,19.0783974,72.8812961,130.88637349010799
119.88,7.899471680933181,19.0783976,72.88129640000001,130.88637349010799
119.89,7.907848653473983,19.0783978,72.88129670000001,130.88637349010799
119.9,7.916225727070035,19.078398,72.881297,130.88637349010799
119.91,7.924602892534835,19.0783982,72.8812973,130.88637349010799
119.92,7.932980140681836,19.0783984,72.88129760000001,130.88637349010799
119.93,7.941357462324315,19.0783986,72.8812979,130.88637349010799
119.94,7.9497348482755275,19.078398800000002,72.8812982,130.88637349010799
119.95,7.958112289348642,19.078399,72.8812985,130.88637349010799
119.96000000000001,7.9664897763567675,19.0783992,72.88129880000001,130.88637349010799
119.97,7.974867300112961,19.078399400000002,72.8812991,130.88637349010799
119.98,7.983244851430242,19.0783996,72.8812994,130.88637349010799
119.99000000000001,7.991622421121612,19.0783998,72.8812997,130.88637349010799
120.0,7.999999999999982,19.078400000000002,72.88130000000001,130.88637349010799
120.01,8.008377578878394,19.0784002,72.8813003,130.88637349010799
120.02,8.01675514856975,19.0784004,72.8813006,130.88637349010799
120.03,8.025132699887031,19.078400600000002,72.8813009,130.88637349010799
120.04,8.033510223643239,19.0784008,72.88130120000001,130.88637349010799
120.05,8.04188771065135,19.078401,72.8813015,130.88637349010799
120.06,8.050265151724465,19.078401200000002,72.8813018,130.88637349010799
120.07000000000001,8.058642537675677,19.0784014,72.8813021,130.88637349010799
120.08,8.067019859318156,19.0784016,72.88130240000001,130.88637349010799
120.09,8.075397107465157,19.0784018,72.8813027,130.88637349010799
120.10000000000001,8.083774272929972,19.078402,72.881303,130.88637349010799
120.11,8.092151346526009,19.0784022,72.8813033,130.88637349010799
120.12,8.100528319066811,19.0784024,72.88130360000001,130.88637349010799
120.13,8.108905181365985,19.0784026,72.8813039,130.88637349010799
120.14,8.117281924237288,19.0784028,72.8813042,130.88637349010799
120.15,8.125658538494568,19.078403,72.8813045,130.88637349010799
120.16,8.134035014951852,19.0784032,72.88130480000001,130.88637349010799
120.17,8.142411344423296,19.0784034,72.8813051,130.88637349010799
120.18,8.150787517723266,19.0784036,72.8813054,130.88637349010799
120.19,8.159163525666221,19.0784038,72.8813057,130.88637349010799
120.2,8.167539359066856,19.078404,72.88130600000001,130.88637349010799
120.21000000000001,8.175915008740054,19.0784042,72.8813063,130.88637349010799
120.22,8.184290465500835,19.0784044,72.8813066,130.88637349010799
120.23,8.192665720164566,19.0784046,72.8813069,130.88637349010799
120.24000000000001,8.201040763546697,19.0784048,72.88130720000001,130.88637349010799
120.25,8.209415586462983,19.078405,72.8813075,130.88637349010799
120.26,8.217790179729414,19.0784052,72.8813078,130.88637349010799
120.27,8.226164534162168,19.0784054,72.8813081,130.88637349010799
120.28,8.234538640577822,19.0784056,72.88130840000001,130.88637349010799
120.29,8.242912489793087,19.0784058,72.8813087,130.88637349010799
120.3,8.251286072625021,19.078406,72.881309,130.88637349010799
120.31,8.259659379890982,19.0784062,72.8813093,130.88637349010799
120.32000000000001,8.26803240240858,19.078406400000002,72.88130960000001,130.88637349010799
120.33,8.276405130995771,19.0784066,72.8813099,130.88637349010799
120.34,8.28477755647086,19.0784068,72.8813102,130.88637349010799
120.35000000000001,8.293149669652456,19.078407000000002,72.8813105,130.88637349010799
120.36,8.301521461359467,19.0784072,72.88131080000001,130.88637349010799
120.37,8.309892922411255,19.0784074,72.8813111,130.88637349010799
120.38,8.318264043627428,19.078407600000002,72.8813114,130.88637349010799
120.39,8.32663481582807,19.0784078,72.8813117,130.88637349010799
120.4,8.3350052298336,19.078408,72.88131200000001,130.88637349010799
120.41,8.343375276464792,19.078408200000002,72.8813123,130.88637349010799
120.42,8.351744946542922,19.0784084,72.8813126,130.88637349010799
120.43,8.360114230889575,19.0784086,72.8813129,130.88637349010799
120.44,8.368483120326806,19.078408800000002,72.88131320000001,130.88637349010799
120.45,8.376851605677142,19.078409,72.8813135,130.88637349010799
120.46000000000001,8.385219677763473,19.0784092,72.8813138,130.88637349010799
120.47,8.393587327409197,19.0784094,72.8813141,130.88637349010799
120.48,8.401954545438157,19.0784096,72.88131440000001,130.88637349010799
120.49000000000001,8.410321322674672,19.0784098,72.8813147,130.88637349010799
120.5,8.41868764994355,19.07841,72.881315,130.88637349010799
120.51,8.427053518070082,19.0784102,72.88131530000001,130.88637349010799
120.52,8.435418917880071,19.0784104,72.88131560000001,130.88637349010799
120.53,8.443783840199828,19.0784106,72.8813159,130.88637349010799
120.54,8.452148275856207,19.0784108,72.8813162,130.88637349010799
120.55,8.460512215676534,19.078411,72.88131650000001,130.88637349010799
120.56,8.468875650488767,19.0784112,72.88131680000001,130.88637349010799
120.57000000000001,8.477238571121374,19.0784114,72.8813171,130.88637349010799
120.58,8.485600968403345,19.0784116,72.8813174,130.88637349010799
120.59,8.493962833164343,19.0784118,72.88131770000001,130.88637349010799
120.60000000000001,8.5023241562345,19.078412,72.88131800000001,130.88637349010799
120.61,8.510684928444643,19.0784122,72.8813183,130.88637349010799
120.62,8.519045140626162,19.0784124,72.8813186,130.88637349010799
120.63,8.527404783611015,19.0784126,72.88131890000001,130.88637349010799
120.64,8.535763848231884,19.0784128,72.88131920000001,130.88637349010799
120.65,8.544122325321975,19.078413,72.8813195,130.88637349010799
120.66,8.552480205715236,19.0784132,72.8813198,130.88637349010799
120.67,8.560837480246212,19.0784134,72.88132010000001,130.88637349010799
120.68,8.569194139750138,19.0784136,72.8813204,130.88637349010799
120.69,8.577550175062887,19.0784138,72.8813207,130.88637349010799
120.7,8.585905577021055,19.078414000000002,72.881321,130.88637349010799
120.71000000000001,8.59426033646192,19.0784142,72.88132130000001,130.88637349010799
120.72,8.602614444223448,19.0784144,72.8813216,130.88637349010799
120.73,8.61096789114438,19.078414600000002,72.8813219,130.88637349010799
120.74000000000001,8.619320668064093,19.0784148,72.8813222,130.88637349010799
120.75,8.627672765822759,19.078415,72.88132250000001,130.88637349010799
120.76,8.636024175261277,19.078415200000002,72.8813228,130.88637349010799
120.77,8.64437488722129,19.0784154,72.8813231,130.88637349010799
120.78,8.652724892545258,19.0784156,72.8813234,130.88637349010799
120.79,8.661074182076337,19.078415800000002,72.88132370000001,130.88637349010799
120.8,8.66942274665852,19.078416,72.881324,130.88637349010799
120.81,8.677770577136599,19.0784162,72.8813243,130.88637349010799
120.82000000000001,8.686117664356107,19.078416400000002,72.8813246,130.88637349010799
120.83,8.694463999163485,19.0784166,72.88132490000001,130.88637349010799
120.84,8.70280957240594,19.0784168,72.8813252,130.88637349010799
120.85000000000001,8.71115437493154,19.078417,72.8813255,130.88637349010799
120.86,8.71949839758916,19.0784172,72.8813258,130.88637349010799
120.87,8.727841631228554,19.0784174,72.88132610000001,130.88637349010799
120.88,8.73618406670037,19.0784176,72.8813264,130.88637349010799
120.89,8.744525694856094,19.0784178,72.8813267,130.88637349010799
120.9,8.75286650654812,19.078418,72.881327,130.88637349010799
120.91,8.761206492629698,19.0784182,72.88132730000001,130.88637349010799
120.92,8.769545643955011,19.0784184,72.8813276,130.88637349010799
120.93,8.777883951379199,19.0784186,72.8813279,130.88637349010799
120.94,8.786221405758228,19.0784188,72.8813282,130.88637349010799
120.95,8.794557997949116,19.078419,72.88132850000001,130.88637349010799
120.96000000000001,8.802893718809722,19.0784192,72.8813288,130.88637349010799
120.97,8.811228559198922,19.0784194,72.8813291,130.88637349010799
120.98,8.819562509976528,19.0784196,72.8813294,130.88637349010799
120.99000000000001,8.827895562003382,19.0784198,72.88132970000001,130.88637349010799
121.0,8.836227706141228,19.07842,72.88133,130.88637349010799
121.01,8.844558933252864,19.0784202,72.8813303,130.88637349010799
121.02,8.85288923420208,19.0784204,72.8813306,130.88637349010799
121.03,8.86121859985366,19.0784206,72.88133090000001,130.88637349010799
121.04,8.86954702107348,19.0784208,72.8813312,130.88637349010799
121.05,8.877874488728361,19.078421,72.8813315,130.88637349010799
121.06,8.886200993686227,19.0784212,72.8813318,130.88637349010799
121.07000000000001,8.89452652681606,19.0784214,72.88133210000001,130.88637349010799
121.08,8.902851078987837,19.078421600000002,72.8813324,130.88637349010799
121.09,8.911174641072746,19.0784218,72.8813327,130.88637349010799
121.10000000000001,8.919497203942928,19.078422,72.881333,130.88637349010799
121.11,8.927818758471686,19.078422200000002,72.88133330000001,130.88637349010799
121.12,8.936139295533428,19.0784224,72.8813336,130.88637349010799
121.13,8.944458806003624,19.0784226,72.8813339,130.88637349010799
121.14,8.952777280758951,19.078422800000002,72.8813342,130.88637349010799
121.15,8.96109471067717,19.078423,72.88133450000001,130.88637349010799
121.16,8.969411086637198,19.0784232,72.8813348,130.88637349010799
121.17,8.977726399519122,19.078423400000002,72.8813351,130.88637349010799
121.18,8.986040640204155,19.0784236,72.8813354,130.88637349010799
121.19,8.994353799574712,19.0784238,72.88133570000001,130.88637349010799
121.2,9.002665868514423,19.078424000000002,72.881336,130.88637349010799
121.21000000000001,9.010976837908087,19.0784242,72.8813363,130.88637349010799
121.22,9.019286698641677,19.0784244,72.8813366,130.88637349010799
121.23,9.027595441602426,19.0784246,72.88133690000001,130.88637349010799
121.24000000000001,9.035903057678793,19.0784248,72.8813372,130.88637349010799
121.25,9.0442095377604,19.078425,72.8813375,130.88637349010799
121.26,9.05251487273826,19.0784252,72.88133780000001,130.88637349010799
121.27,9.060819053504487,19.0784254,72.88133810000001,130.88637349010799
121.28,9.069122070952579,19.0784256,72.8813384,130.88637349010799
121.29,9.07742391597722,19.0784258,72.8813387,130.88637349010799
121.3,9.08572457947442,19.078426,72.88133900000001,130.88637349010799
121.31,9.094024052341524,19.0784262,72.88133930000001,130.88637349010799
121.32000000000001,9.102322325477102,19.0784264,72.8813396,130.88637349010799
121.33,9.110619389781094,19.0784266,72.8813399,130.88637349010799
121.34,9.11891523615475,19.0784268,72.88134020000001,130.88637349010799
121.35000000000001,9.127209855500672,19.078427,72.88134050000001,130.88637349010799
121.36,9.135503238722752,19.0784272,72.8813408,130.88637349010799
121.37,9.143795376726318,19.0784274,72.8813411,130.88637349010799
121.38,9.152086260418013,19.0784276,72.88134140000001,130.88637349010799
121.39,9.160375880705864,19.0784278,72.88134170000001,130.88637349010799
121.4,9.168664228499301,19.078428,72.881342,130.88637349010799
121.41,9.176951294709093,19.0784282,72.8813423,130.88637349010799
121.42,9.185237070247496,19.0784284,72.88134260000001,130.88637349010799
121.43,9.193521546028144,19.0784286,72.8813429,130.88637349010799
121.44,9.201804712966048,19.0784288,72.8813432,130.88637349010799
121.45,9.210086561977759,19.078429,72.8813435,130.88637349010799
121.46000000000001,9.218367083981157,19.078429200000002,72.88134380000001,130.88637349010799
121.47,9.226646269895676,19.0784294,72.8813441,130.88637349010799
121.48,9.234924110642172,19.0784296,72.8813444,130.88637349010799
121.49000000000001,9.243200597142954,19.078429800000002,72.8813447,130.88637349010799
121.5,9.25147572032185,19.07843,72.88134500000001,130.88637349010799
121.51,9.259749471104174,19.0784302,72.8813453,130.88637349010799
121.52,9.26802184041673,19.078430400000002,72.8813456,130.88637349010799
121.53,9.276292819187892,19.0784306,72.8813459,130.88637349010799
121.54,9.284562398347477,19.0784308,72.88134620000001,130.88637349010799
121.55,9.29283056882689,19.078431000000002,72.8813465,130.88637349010799
121.56,9.30109732155907,19.0784312,72.8813468,130.88637349010799
121.57000000000001,9.309362647478507,19.0784314,72.8813471,130.88637349010799
121.58,9.317626537521244,19.078431600000002,72.88134740000001,130.88637349010799
121.59,9.325888982624956,19.0784318,72.8813477,130.88637349010799
121.60000000000001,9.334149973728817,19.078432,72.881348,130.88637349010799
121.61,9.342409501773648,19.0784322,72.8813483,130.88637349010799
121.62,9.350667557701883,19.0784324,72.88134860000001,130.88637349010799
121.63,9.35892413245749,19.0784326,72.8813489,130.88637349010799
121.64,9.367179216986209,19.0784328,72.8813492,130.88637349010799
121.65,9.375432802235272,19.078433,72.8813495,130.88637349010799
121.66,9.383684879153623,19.0784332,72.88134980000001,130.88637349010799
121.67,9.391935438691865,19.0784334,72.8813501,130.88637349010799
121.68,9.400184471802202,19.0784336,72.8813504,130.88637349010799
121.69,9.408431969438602,19.0784338,72.8813507,130.88637349010799
121.7,9.416677922556659,19.078434,72.88135100000001,130.88637349010799
121.71000000000001,9.424922322113687,19.0784342,72.8813513,130.88637349010799
121.72,9.433165159068665,19.0784344,72.8813516,130.88637349010799
121.73,9.441406424382308,19.0784346,72.8813519,130.88637349010799
121.74000000000001,9.449646109017104,19.0784348,72.88135220000001,130.88637349010799
121.75,9.45788420393717,19.078435,72.8813525,130.88637349010799
121.76,9.466120700108482,19.0784352,72.8813528,130.88637349010799
121.77,9.47435558849867,19.0784354,72.8813531,130.88637349010799
121.78,9.482588860077183,19.0784356,72.88135340000001,130.88637349010799
121.79,9.490820505815229,19.0784358,72.8813537,130.88637349010799
121.8,9.499050516685784,19.078436,72.881354,130.88637349010799
121.81,9.507278883663677,19.078436200000002,72.8813543,130.88637349010799
121.82000000000001,9.51550559772545,19.0784364,72.88135460000001,130.88637349010799
121.83,9.523730649849519,19.0784366,72.8813549,130.88637349010799
121.84,9.531954031016104,19.078436800000002,72.8813552,130.88637349010799
121.85000000000001,9.540175732207258,19.078437,72.8813555,130.88637349010799
121.86,9.54839574440688,19.0784372,72.88135580000001,130.88637349010799
121.87,9.556614058600719,19.078437400000002,72.8813561,130.88637349010799
121.88,9.564830665776384,19.0784376,72.8813564,130.88637349010799
121.89,9.573045556923343,19.0784378,72.8813567,130.88637349010799
121.9,9.581258723033006,19.078438000000002,72.88135700000001,130.88637349010799
121.91,9.589470155098585,19.0784382,72.8813573,130.88637349010799
121.92,9.597679844115252,19.0784384,72.8813576,130.88637349010799
121.93,9.60588778108009,19.078438600000002,72.8813579,130.88637349010799
121.94,9.61409395699205,19.0784388,72.88135820000001,130.88637349010799
121.95,9.622298362852094,19.078439,72.8813585,130.88637349010799
121.96000000000001,9.630500989663071,19.078439200000002,72.8813588,130.88637349010799
121.97,9.638701828429795,19.0784394,72.8813591,130.88637349010799
121.98,9.646900870159056,19.0784396,72.88135940000001,130.88637349010799
121.99000000000001,9.655098105859572,19.0784398,72.8813597,130.88637349010799
122.0,9.663293526542066,19.07844,72.88136,130.88637349010799
122.01,9.671487123219284,19.0784402,72.88136030000001,130.88637349010799
122.02,9.67967888690593,19.0784404,72.88136060000001,130.88637349010799
122.03,9.687868808618742,19.0784406,72.8813609,130.88637349010799
122.04,9.69605687937644,19.0784408,72.8813612,130.88637349010799
122.05,9.704243090199816,19.078441,72.88136150000001,130.88637349010799
122.06,9.712427432111669,19.0784412,72.88136180000001,130.88637349010799
122.07000000000001,9.720609896136908,19.0784414,72.8813621,130.88637349010799
122.08,9.728790473302418,19.0784416,72.8813624,130.88637349010799
122.09,9.736969154637205,19.0784418,72.88136270000001,130.88637349010799
122.10000000000001,9.745145931172354,19.078442,72.88136300000001,130.88637349010799
122.11,9.753320793940976,19.0784422,72.8813633,130.88637349010799
122.12,9.761493733978412,19.0784424,72.8813636,130.88637349010799
122.13,9.769664742321975,19.0784426,72.88136390000001,130.88637349010799
122.14,9.77783381001117,19.0784428,72.88136420000001,130.88637349010799
122.15,9.786000928087622,19.078443,72.8813645,130.88637349010799
122.16,9.794166087595032,19.0784432,72.8813648,130.88637349010799
122.17,9.802329279579386,19.0784434,72.88136510000001,130.88637349010799
122.18,9.810490495088683,19.0784436,72.8813654,130.88637349010799
122.19,9.818649725173167,19.078443800000002,72.8813657,130.88637349010799
122.2,9.826806960885241,19.078444,72.881366,130.88637349010799
122.21000000000001,9.834962193279509,19.0784442,72.88136630000001,130.88637349010799
122.22,9.843115413412718,19.078444400000002,72.8813666,130.88637349010799
122.23,9.851266612343904,19.0784446,72.8813669,130.88637349010799
122.24000000000001,9.85941578113428,19.0784448,72.8813672,130.88637349010799
122.25,9.867562910847235,19.078445000000002,72.88136750000001,130.88637349010799
122.26,9.875707992548506,19.0784452,72.8813678,130.88637349010799
122.27,9.88385101730595,19.0784454,72.8813681,130.88637349010799
122.28,9.89199197618979,19.078445600000002,72.8813684,130.88637349010799
122.29,9.900130860272458,19.0784458,72.88136870000001,130.88637349010799
122.3,9.908267660628637,19.078446,72.881369,130.88637349010799
122.31,9.916402368335378,19.078446200000002,72.8813693,130.88637349010799
122.32000000000001,9.924534974471936,19.0784464,72.8813696,130.88637349010799
122.33,9.932665470119913,19.0784466,72.88136990000001,130.88637349010799
122.34,9.940793846363261,19.078446800000002,72.8813702,130.88637349010799
122.35000000000001,9.948920094288182,19.078447,72.8813705,130.88637349010799
122.36,9.957044204983259,19.0784472,72.8813708,130.88637349010799
122.37,9.965166169539412,19.0784474,72.88137110000001,130.88637349010799
122.38,9.973285979049892,19.0784476,72.8813714,130.88637349010799
122.39,9.98140362461038,19.0784478,72.8813717,130.88637349010799
122.4,9.989519097318837,19.078448,72.881372,130.88637349010799
122.41,9.997632388275667,19.0784482,72.88137230000001,130.88637349010799
122.42,10.00574348858365,19.0784484,72.8813726,130.88637349010799
122.43,10.013852389347988,19.0784486,72.8813729,130.88637349010799
122.44,10.021959081676231,19.0784488,72.8813732,130.88637349010799
122.45,10.030063556678442,19.078449,72.88137350000001,130.88637349010799
122.46000000000001,10.038165805467067,19.0784492,72.8813738,130.88637349010799
122.47,10.046265819156957,19.0784494,72.8813741,130.88637349010799
122.48,10.05436358886551,19.0784496,72.8813744,130.88637349010799
122.49000000000001,10.062459105712474,19.0784498,72.88137470000001,130.88637349010799
122.5,10.07055236082016,19.07845,72.881375,130.88637349010799
122.51,10.07864334531331,19.0784502,72.8813753,130.88637349010799
122.52,10.086732050319169,19.0784504,72.8813756,130.88637349010799
122.53,10.09481846696749,19.0784506,72.88137590000001,130.88637349010799
122.54,10.102902586390488,19.0784508,72.8813762,130.88637349010799
122.55,10.110984399722975,19.078451,72.8813765,130.88637349010799
122.56,10.119063898102237,19.0784512,72.8813768,130.88637349010799
122.57000000000001,10.127141072668127,19.078451400000002,72.88137710000001,130.88637349010799
122.58,10.135215914563009,19.0784516,72.8813774,130.88637349010799
122.59,10.143288414931837,19.0784518,72.8813777,130.88637349010799
122.60000000000001,10.151358564922129,19.078452000000002,72.881378,130.88637349010799
122.61,10.159426355683959,19.0784522,72.88137830000001,130.88637349010799
122.62,10.16749177837005,19.0784524,72.8813786,130.88637349010799
122.63,10.17555482413563,19.078452600000002,72.8813789,130.88637349010799
122.64,10.183615484138603,19.0784528,72.8813792,130.88637349010799
122.65,10.19167374953946,19.078453,72.88137950000001,130.88637349010799
122.66,10.199729611501313,19.078453200000002,72.8813798,130.88637349010799
122.67,10.207783061189964,19.0784534,72.8813801,130.88637349010799
122.68,10.215834089773777,19.0784536,72.8813804,130.88637349010799
122.69,10.223882688423824,19.078453800000002,72.88138070000001,130.88637349010799
122.7,10.231928848313846,19.078454,72.881381,130.88637349010799
122.71000000000001,10.239972560620197,19.0784542,72.8813813,130.88637349010799
122.72,10.248013816522004,19.078454400000002,72.8813816,130.88637349010799
122.73,10.256052607201031,19.0784546,72.88138190000001,130.88637349010799
122.74000000000001,10.26408892384177,19.0784548,72.8813822,130.88637349010799
122.75,10.27212275763139,19.078455,72.8813825,130.88637349010799
122.76,10.280154099759804,19.0784552,72.88138280000001,130.88637349010799
122.77,10.288182941419688,19.0784554,72.88138310000001,130.88637349010799
122.78,10.296209273806422,19.0784556,72.8813834,130.88637349010799
122.79,10.30423308811816,19.0784558,72.8813837,130.88637349010799
122.8,10.312254375555765,19.078456,72.88138400000001,130.88637349010799
122.81,10.320273127322952,19.0784562,72.88138430000001,130.88637349010799
122.82000000000001,10.328289334626167,19.0784564,72.8813846,130.88637349010799
122.83,10.33630298867465,19.0784566,72.8813849,130.88637349010799
122.84,10.344314080680464,19.0784568,72.88138520000001,130.88637349010799
122.85000000000001,10.352322601858436,19.078457,72.88138550000001,130.88637349010799
122.86,10.360328543426252,19.0784572,72.8813858,130.88637349010799
122.87,10.368331896604408,19.0784574,72.8813861,130.88637349010799
122.88,10.376332652616268,19.0784576,72.88138640000001,130.88637349010799
122.89,10.384330802688023,19.0784578,72.88138670000001,130.88637349010799
122.9,10.392326338048694,19.078458,72.881387,130.88637349010799
122.91,10.40031924993021,19.0784582,72.8813873,130.88637349010799
122.92,10.408309529567351,19.0784584,72.88138760000001,130.88637349010799
122.93,10.416297168197833,19.0784586,72.88138790000001,130.88637349010799
122.94,10.42428215706219,19.0784588,72.8813882,130.88637349010799
122.95,10.43226448740392,19.078459000000002,72.8813885,130.88637349010799
122.96000000000001,10.440244150469432,19.0784592,72.88138880000001,130.88637349010799
122.97,10.44822113750799,19.0784594,72.8813891,130.88637349010799
122.98,10.456195439771932,19.078459600000002,72.8813894,130.88637349010799
122.99000000000001,10.464167048516405,19.0784598,72.8813897,130.88637349010799
123.0,10.472135954999576,19.07846,72.88139000000001,130.88637349010799
123.01,10.480102150482573,19.078460200000002,72.8813903,130.88637349010799
123.02,10.48806562622945,19.0784604,72.8813906,130.88637349010799
123.03,10.496026373507313,19.0784606,72.8813909,130.88637349010799
123.04,10.50398438358622,19.078460800000002,72.88139120000001,130.88637349010799
123.05,10.511939647739233,19.078461,72.8813915,130.88637349010799
123.06,10.519892157242445,19.0784612,72.8813918,130.88637349010799
123.07000000000001,10.527841903374927,19.078461400000002,72.8813921,130.88637349010799
123.08,10.535788877418806,19.0784616,72.88139240000001,130.88637349010799
123.09,10.543733070659279,19.0784618,72.8813927,130.88637349010799
123.10000000000001,10.551674474384564,19.078462000000002,72.881393,130.88637349010799
123.11,10.559613079885898,19.0784622,72.8813933,130.88637349010799
123.12,10.567548878457679,19.0784624,72.88139360000001,130.88637349010799
123.13000000000001,10.575481861397293,19.0784626,72.8813939,130.88637349010799
123.14,10.583412020005248,19.0784628,72.8813942,130.88637349010799
123.15,10.591339345585197,19.078463,72.8813945,130.88637349010799
123.16,10.5992638294438,19.0784632,72.88139480000001,130.88637349010799
123.17,10.607185462890943,19.0784634,72.8813951,130.88637349010799
123.18,10.61510423723954,19.0784636,72.8813954,130.88637349010799
123.19,10.62302014380569,19.0784638,72.8813957,130.88637349010799
123.2,10.630933173908666,19.078464,72.88139600000001,130.88637349010799
123.21000000000001,10.638843318870823,19.0784642,72.8813963,130.88637349010799
123.22,10.646750570017728,19.0784644,72.8813966,130.88637349010799
123.23,10.654654918678114,19.0784646,72.8813969,130.88637349010799
123.24000000000001,10.662556356183904,19.0784648,72.88139720000001,130.88637349010799
123.25,10.670454873870165,19.078465,72.8813975,130.88637349010799
123.26,10.678350463075242,19.0784652,72.8813978,130.88637349010799
123.27,10.686243115140641,19.0784654,72.8813981,130.88637349010799
123.28,10.694132821411102,19.0784656,72.88139840000001,130.88637349010799
123.29,10.702019573234608,19.0784658,72.8813987,130.88637349010799
123.3,10.709903361962326,19.078466,72.881399,130.88637349010799
123.31,10.717784178948758,19.0784662,72.8813993,130.88637349010799
123.32000000000001,10.72566201555162,19.0784664,72.88139960000001,130.88637349010799
123.33,10.73353686313186,19.078466600000002,72.8813999,130.88637349010799
123.34,10.741408713053794,19.0784668,72.8814002,130.88637349010799
123.35000000000001,10.749277556684921,19.078467,72.8814005,130.88637349010799
123.36,10.757143385396128,19.078467200000002,72.88140080000001,130.88637349010799
123.37,10.765006190561571,19.0784674,72.8814011,130.88637349010799
123.38000000000001,10.772865963558692,19.0784676,72.8814014,130.88637349010799
123.39,10.7807226957683,19.078467800000002,72.8814017,130.88637349010799
123.4,10.788576378574525,19.078468,72.88140200000001,130.88637349010799
123.41,10.796427003364828,19.0784682,72.8814023,130.88637349010799
123.42,10.804274561530061,19.078468400000002,72.8814026,130.88637349010799
123.43,10.812119044464417,19.0784686,72.8814029,130.88637349010799
123.44,10.81996044356543,19.0784688,72.88140320000001,130.88637349010799
123.45,10.827798750234058,19.078469000000002,72.8814035,130.88637349010799
123.46000000000001,10.835633955874638,19.0784692,72.8814038,130.88637349010799
123.47,10.843466051894891,19.0784694,72.8814041,130.88637349010799
123.48,10.851295029706005,19.078469600000002,72.88140440000001,130.88637349010799
123.49000000000001,10.859120880722505,19.0784698,72.8814047,130.88637349010799
123.5,10.8669435963624,19.07847,72.881405,130.88637349010799
123.51,10.874763168047137,19.0784702,72.8814053,130.88637349010799
123.52,10.88257958720154,19.0784704,72.88140560000001,130.88637349010799
123.53,10.890392845254032,19.0784706,72.8814059,130.88637349010799
123.54,10.898202933636362,19.0784708,72.8814062,130.88637349010799
123.55,10.906009843783822,19.078471,72.88140650000001,130.88637349010799
123.56,10.913813567135195,19.0784712,72.88140680000001,130.88637349010799
123.57000000000001,10.921614095132698,19.0784714,72.8814071,130.88637349010799
123.58,10.929411419222136,19.0784716,72.8814074,130.88637349010799
123.59,10.937205530852776,19.0784718,72.88140770000001,130.88637349010799
123.60000000000001,10.94499642147743,19.078472,72.88140800000001,130.88637349010799
123.61,10.952784082552407,19.0784722,72.8814083,130.88637349010799
123.62,10.96056850553758,19.0784724,72.8814086,130.88637349010799
123.63000000000001,10.968349681896413,19.0784726,72.88140890000001,130.88637349010799
123.64,10.976127603095843,19.0784728,72.88140920000001,130.88637349010799
123.65,10.983902260606476,19.078473,72.8814095,130.88637349010799
123.66,10.991673645902408,19.0784732,72.8814098,130.88637349010799
123.67,10.999441750461374,19.0784734,72.88141010000001,130.88637349010799
123.68,11.007206565764697,19.0784736,72.88141040000001,130.88637349010799
123.69,11.01496808329729,19.0784738,72.8814107,130.88637349010799
123.7,11.02272629454774,19.078474,72.881411,130.88637349010799
123.71000000000001,11.030481191008173,19.078474200000002,72.88141130000001,130.88637349010799
123.72,11.03823276417441,19.0784744,72.8814116,130.88637349010799
123.73,11.045981005545887,19.0784746,72.8814119,130.88637349010799
123.74000000000001,11.053725906625747,19.078474800000002,72.8814122,130.88637349010799
123.75,11.061467458920717,19.078475,72.88141250000001,130.88637349010799
123.76,11.06920565394125,19.0784752,72.8814128,130.88637349010799
123.77,11.076940483201463,19.078475400000002,72.8814131,130.88637349010799
123.78,11.084671938219158,19.0784756,72.8814134,130.88637349010799
123.79,11.092400010515883,19.0784758,72.88141370000001,130.88637349010799
123.8,11.10012469161682,19.078476000000002,72.881414,130.88637349010799
123.81,11.107845973050924,19.0784762,72.8814143,130.88637349010799
123.82000000000001,11.115563846350877,19.0784764,72.8814146,130.88637349010799
123.83,11.123278303053043,19.078476600000002,72.88141490000001,130.88637349010799
123.84,11.130989334697615,19.0784768,72.8814152,130.88637349010799
123.85000000000001,11.138696932828486,19.078477,72.8814155,130.88637349010799
123.86,11.146401088993333,19.078477200000002,72.8814158,130.88637349010799
123.87,11.154101794743614,19.0784774,72.88141610000001,130.88637349010799
123.88000000000001,11.161799041634538,19.0784776,72.8814164,130.88637349010799
123.89,11.169492821225127,19.0784778,72.8814167,130.88637349010799
123.9,11.177183125078237,19.078478,72.881417,130.88637349010799
123.91,11.184869944760493,19.0784782,72.88141730000001,130.88637349010799
123.92,11.192553271842366,19.0784784,72.8814176,130.88637349010799
123.93,11.200233097898122,19.0784786,72.8814179,130.88637349010799
123.94,11.207909414505902,19.0784788,72.8814182,130.88637349010799
123.95,11.215582213247671,19.078479,72.88141850000001,130.88637349010799
123.96000000000001,11.223251485709303,19.0784792,72.8814188,130.88637349010799
123.97,11.230917223480464,19.0784794,72.8814191,130.88637349010799
123.98,11.23857941815474,19.0784796,72.8814194,130.88637349010799
123.99000000000001,11.246238061329613,19.0784798,72.88141970000001,130.88637349010799
124.0,11.253893144606389,19.07848,72.88142,130.88637349010799
124.01,11.261544659590408,19.0784802,72.8814203,130.88637349010799
124.02,11.269192597890779,19.0784804,72.8814206,130.88637349010799
124.03,11.276836951120654,19.0784806,72.88142090000001,130.88637349010799
124.04,11.284477710897022,19.0784808,72.8814212,130.88637349010799
124.05,11.292114868840855,19.078481,72.8814215,130.88637349010799
124.06,11.29974841657711,19.0784812,72.8814218,130.88637349010799
124.07000000000001,11.307378345734628,19.0784814,72.88142210000001,130.88637349010799
124.08,11.315004647946271,19.0784816,72.8814224,130.88637349010799
124.09,11.322627314848859,19.078481800000002,72.8814227,130.88637349010799
124.10000000000001,11.330246338083217,19.078482,72.881423,130.88637349010799
124.11,11.337861709294117,19.0784822,72.88142330000001,130.88637349010799
124.12,11.345473420130407,19.078482400000002,72.8814236,130.88637349010799
124.13000000000001,11.353081462244912,19.0784826,72.8814239,130.88637349010799
124.14,11.360685827294445,19.0784828,72.8814242,130.88637349010799
124.15,11.368286506939935,19.078483000000002,72.88142450000001,130.88637349010799
124.16,11.375883492846256,19.0784832,72.8814248,130.88637349010799
124.17,11.383476776682418,19.0784834,72.8814251,130.88637349010799
124.18,11.391066350121458,19.078483600000002,72.8814254,130.88637349010799
124.19,11.398652204840436,19.0784838,72.88142570000001,130.88637349010799
124.2,11.406234332520585,19.078484,72.881426,130.88637349010799
124.21000000000001,11.413812724847133,19.078484200000002,72.8814263,130.88637349010799
124.22,11.421387373509447,19.0784844,72.8814266,130.88637349010799
124.23,11.42895827020103,19.0784846,72.88142690000001,130.88637349010799
124.24000000000001,11.436525406619428,19.078484800000002,72.8814272,130.88637349010799
124.25,11.444088774466362,19.078485,72.8814275,130.88637349010799
124.26,11.451648365447673,19.0784852,72.8814278,130.88637349010799
124.27,11.459204171273328,19.0784854,72.88142810000001,130.88637349010799
124.28,11.466756183657498,19.0784856,72.8814284,130.88637349010799
124.29,11.474304394318438,19.0784858,72.8814287,130.88637349010799
124.3,11.48184879497862,19.078486,72.88142900000001,130.88637349010799
124.31,11.489389377364684,19.0784862,72.88142930000001,130.88637349010799
124.32000000000001,11.496926133207474,19.0784864,72.8814296,130.88637349010799
124.33,11.50445905424196,19.0784866,72.8814299,130.88637349010799
124.34,11.511988132207442,19.0784868,72.88143020000001,130.88637349010799
124.35000000000001,11.519513358847318,19.078487,72.88143050000001,130.88637349010799
124.36,11.527034725909264,19.0784872,72.8814308,130.88637349010799
124.37,11.534552225145195,19.0784874,72.8814311,130.88637349010799
124.38000000000001,11.542065848311207,19.0784876,72.88143140000001,130.88637349010799
124.39,11.549575587167736,19.0784878,72.88143170000001,130.88637349010799
124.4,11.557081433479414,19.078488,72.881432,130.88637349010799
124.41,11.564583379015165,19.0784882,72.8814323,130.88637349010799
124.42,11.572081415548194,19.0784884,72.88143260000001,130.88637349010799
124.43,11.579575534855952,19.0784886,72.88143290000001,130.88637349010799
124.44,11.587065728720251,19.0784888,72.8814332,130.88637349010799
124.45,11.594551988927165,19.078489,72.8814335,130.88637349010799
124.46000000000001,11.602034307267104,19.0784892,72.88143380000001,130.88637349010799
124.47,11.609512675534765,19.078489400000002,72.8814341,130.88637349010799
124.48,11.61698708552921,19.0784896,72.8814344,130.88637349010799
124.49000000000001,11.624457529053833,19.0784898,72.8814347,130.88637349010799
124.5,11.631923997916363,19.078490000000002,72.88143500000001,130.88637349010799
124.51,11.639386483928943,19.0784902,72.8814353,130.88637349010799
124.52,11.646844978908002,19.0784904,72.8814356,130.88637349010799
124.53,11.654299474674398,19.078490600000002,72.8814359,130.88637349010799
124.54,11.661749963053362,19.0784908,72.88143620000001,130.88637349010799
124.55,11.669196435874508,19.078491,72.8814365,130.88637349010799
124.56,11.676638884971902,19.078491200000002,72.8814368,130.88637349010799
124.57000000000001,11.684077302183951,19.0784914,72.8814371,130.88637349010799
124.58,11.69151167935353,19.0784916,72.88143740000001,130.88637349010799
124.59,11.698942008327945,19.078491800000002,72.8814377,130.88637349010799
124.60000000000001,11.706368280958891,19.078492,72.881438,130.88637349010799
124.61,11.713790489102589,19.0784922,72.8814383,130.88637349010799
124.62,11.721208624619663,19.078492400000002,72.88143860000001,130.88637349010799
124.63000000000001,11.728622679375233,19.0784926,72.8814389,130.88637349010799
124.64,11.736032645238838,19.0784928,72.8814392,130.88637349010799
124.65,11.743438514084582,19.078493,72.8814395,130.88637349010799
124.66,11.75084027779101,19.0784932,72.88143980000001,130.88637349010799
124.67,11.758237928241178,19.0784934,72.8814401,130.88637349010799
124.68,11.765631457322668,19.0784936,72.8814404,130.88637349010799
124.69,11.773020856927532,19.0784938,72.8814407,130.88637349010799
124.7,11.780406118952426,19.078494,72.88144100000001,130.88637349010799
124.71000000000001,11.78778723529849,19.0784942,72.8814413,130.88637349010799
124.72,11.795164197871427,19.0784944,72.8814416,130.88637349010799
124.73,11.802536998581504,19.0784946,72.8814419,130.88637349010799
124.74000000000001,11.809905629343517,19.0784948,72.88144220000001,130.88637349010799
124.75,11.81727008207687,19.078495,72.8814425,130.88637349010799
124.76,11.824630348705528,19.0784952,72.8814428,130.88637349010799
124.77,11.831986421158078,19.0784954,72.8814431,130.88637349010799
124.78,11.839338291367687,19.0784956,72.88144340000001,130.88637349010799
124.79,11.8466859512721,19.0784958,72.8814437,130.88637349010799
124.8,11.854029392813723,19.078496,72.881444,130.88637349010799
124.81,11.861368607939557,19.0784962,72.8814443,130.88637349010799
124.82000000000001,11.868703588601292,19.0784964,72.88144460000001,130.88637349010799
124.83,11.876034326755184,19.0784966,72.8814449,130.88637349010799
124.84,11.883360814362192,19.0784968,72.8814452,130.88637349010799
124.85000000000001,11.890683043387936,19.078497000000002,72.8814455,130.88637349010799
124.86,11.898001005802644,19.0784972,72.88144580000001,130.88637349010799
124.87,11.90531469358135,19.0784974,72.8814461,130.88637349010799
124.88000000000001,11.912624098703649,19.078497600000002,72.8814464,130.88637349010799
124.89,11.919929213153889,19.0784978,72.8814467,130.88637349010799
124.9,11.927230028921135,19.078498,72.88144700000001,130.88637349010799
124.91,11.934526537999108,19.078498200000002,72.8814473,130.88637349010799
124.92,11.941818732386329,19.0784984,72.8814476,130.88637349010799
124.93,11.949106604085998,19.0784986,72.8814479,130.88637349010799
124.94,11.956390145106072,19.078498800000002,72.88144820000001,130.88637349010799
124.95,11.963669347459255,19.078499,72.8814485,130.88637349010799
124.96000000000001,11.970944203163022,19.0784992,72.8814488,130.88637349010799
124.97,11.978214704239562,19.078499400000002,72.8814491,130.88637349010799
124.98,11.98548084271592,19.0784996,72.88144940000001,130.88637349010799
124.99000000000001,11.992742610623882,19.0784998,72.8814497,130.88637349010799
125.0,11.999999999999993,19.078500000000002,72.88145,130.88637349010799
125.01,12.007253002885683,19.0785002,72.8814503,130.88637349010799
125.02,12.01450161132711,19.0785004,72.88145060000001,130.88637349010799
125.03,12.021745817375287,19.0785006,72.8814509,130.88637349010799
125.04,12.028985613086089,19.0785008,72.8814512,130.88637349010799
125.05,12.036220990520144,19.078501,72.88145150000001,130.88637349010799
125.06,12.043451941743022,19.0785012,72.88145180000001,130.88637349010799
125.07000000000001,12.050678458825061,19.0785014,72.8814521,130.88637349010799
125.08,12.0579005338415,19.0785016,72.8814524,130.88637349010799
125.09,12.065118158872487,19.0785018,72.88145270000001,130.88637349010799
125.10000000000001,12.07233132600297,19.078502,72.88145300000001,130.88637349010799
125.11,12.079540027322842,19.0785022,72.8814533,130.88637349010799
125.12,12.086744254926877,19.0785024,72.8814536,130.88637349010799
125.13000000000001,12.093944000914771,19.0785026,72.88145390000001,130.88637349010799
125.14,12.101139257391079,19.0785028,72.88145420000001,130.88637349010799
125.15,12.10833001646536,19.078503,72.8814545,130.88637349010799
125.16,12.115516270252048,19.0785032,72.8814548,130.88637349010799
125.17,12.122698010870542,19.0785034,72.88145510000001,130.88637349010799
125.18,12.129875230445188,19.0785036,72.88145540000001,130.88637349010799
125.19,12.137047921105253,19.0785038,72.8814557,130.88637349010799
125.2,12.144216074985037,19.078504,72.881456,130.88637349010799
125.21000000000001,12.15137968422378,19.0785042,72.88145630000001,130.88637349010799
125.22,12.158538740965671,19.0785044,72.8814566,130.88637349010799
125.23,12.165693237359973,19.078504600000002,72.8814569,130.88637349010799
125.24000000000001,12.172843165560856,19.0785048,72.8814572,130.88637349010799
125.25,12.179988517727583,19.078505,72.88145750000001,130.88637349010799
125.26,12.18712928602439,19.078505200000002,72.8814578,130.88637349010799
125.27,12.194265462620546,19.0785054,72.8814581,130.88637349010799
125.28,12.20139703969037,19.0785056,72.8814584,130.88637349010799
125.29,12.20852400941319,19.078505800000002,72.88145870000001,130.88637349010799
125.3,12.215646363973413,19.078506,72.881459,130.88637349010799
125.31,12.222764095560521,19.0785062,72.8814593,130.88637349010799
125.32000000000001,12.229877196369056,19.078506400000002,72.8814596,130.88637349010799
125.33,12.236985658598602,19.0785066,72.88145990000001,130.88637349010799
125.34,12.244089474453874,19.0785068,72.8814602,130.88637349010799
125.35000000000001,12.251188636144665,19.078507000000002,72.8814605,130.88637349010799
125.36,12.258283135885861,19.0785072,72.8814608,130.88637349010799
125.37,12.265372965897509,19.0785074,72.88146110000001,130.88637349010799
125.38000000000001,12.272458118404707,19.078507600000002,72.8814614,130.88637349010799
125.39,12.279538585637727,19.0785078,72.8814617,130.88637349010799
125.4,12.286614359831983,19.078508,72.881462,130.88637349010799
125.41,12.29368543322797,19.0785082,72.88146230000001,130.88637349010799
125.42,12.300751798071463,19.0785084,72.8814626,130.88637349010799
125.43,12.30781344661328,19.0785086,72.8814629,130.88637349010799
125.44,12.314870371109464,19.0785088,72.8814632,130.88637349010799
125.45,12.32192256382125,19.078509,72.88146350000001,130.88637349010799
125.46000000000001,12.328970017015003,19.0785092,72.8814638,130.88637349010799
125.47,12.336012722962366,19.0785094,72.8814641,130.88637349010799
125.48,12.343050673940136,19.0785096,72.8814644,130.88637349010799
125.49000000000001,12.350083862230345,19.0785098,72.88146470000001,130.88637349010799
125.5,12.357112280120223,19.07851,72.881465,130.88637349010799
125.51,12.364135919902242,19.0785102,72.8814653,130.88637349010799
125.52,12.371154773874146,19.0785104,72.8814656,130.88637349010799
125.53,12.37816883433889,19.0785106,72.88146590000001,130.88637349010799
125.54,12.385178093604704,19.0785108,72.8814662,130.88637349010799
125.55,12.392182543985047,19.078511,72.8814665,130.88637349010799
125.56,12.399182177798721,19.0785112,72.8814668,130.88637349010799
125.57000000000001,12.406176987369728,19.0785114,72.88146710000001,130.88637349010799
125.58,12.413166965027433,19.0785116,72.8814674,130.88637349010799
125.59,12.42015210310647,19.0785118,72.8814677,130.88637349010799
125.60000000000001,12.427132393946755,19.078512,72.881468,130.88637349010799
125.61,12.434107829893554,19.078512200000002,72.88146830000001,130.88637349010799
125.62,12.441078403297436,19.0785124,72.8814686,130.88637349010799
125.63000000000001,12.448044106514347,19.0785126,72.8814689,130.88637349010799
125.64,12.455004931905505,19.078512800000002,72.8814692,130.88637349010799
125.65,12.46196087183752,19.078513,72.88146950000001,130.88637349010799
125.66,12.468911918682355,19.0785132,72.8814698,130.88637349010799
125.67,12.475858064817324,19.078513400000002,72.8814701,130.88637349010799
125.68,12.482799302625157,19.0785136,72.8814704,130.88637349010799
125.69,12.4897356244939,19.0785138,72.88147070000001,130.88637349010799
125.7,12.496667022817043,19.078514000000002,72.881471,130.88637349010799
125.71000000000001,12.503593489993465,19.0785142,72.8814713,130.88637349010799
125.72,12.510515018427412,19.0785144,72.8814716,130.88637349010799
125.73,12.517431600528614,19.078514600000002,72.88147190000001,130.88637349010799
125.74000000000001,12.524343228712178,19.0785148,72.8814722,130.88637349010799
125.75,12.531249895398659,19.078515,72.8814725,130.88637349010799
125.76,12.538151593014058,19.078515200000002,72.8814728,130.88637349010799
125.77,12.545048313989787,19.0785154,72.88147310000001,130.88637349010799
125.78,12.551940050762777,19.0785156,72.8814734,130.88637349010799
125.79,12.558826795775385,19.0785158,72.8814737,130.88637349010799
125.8,12.565708541475447,19.078516,72.88147400000001,130.88637349010799
125.81,12.5725852803163,19.0785162,72.88147430000001,130.88637349010799
125.82000000000001,12.579457004756732,19.0785164,72.8814746,130.88637349010799
125.83,12.586323707261066,19.0785166,72.8814749,130.88637349010799
125.84,12.59318538029911,19.0785168,72.88147520000001,130.88637349010799
125.85000000000001,12.600042016346231,19.078517,72.88147550000001,130.88637349010799
125.86,12.606893607883244,19.0785172,72.8814758,130.88637349010799
125.87,12.613740147396582,19.0785174,72.8814761,130.88637349010799
125.88000000000001,12.620581627378144,19.0785176,72.88147640000001,130.88637349010799
125.89,12.627418040325402,19.0785178,72.88147670000001,130.88637349010799
125.9,12.634249378741432,19.078518,72.881477,130.88637349010799
125.91,12.641075635134783,19.0785182,72.8814773,130.88637349010799
125.92,12.647896802019678,19.0785184,72.88147760000001,130.88637349010799
125.93,12.654712871915834,19.0785186,72.88147790000001,130.88637349010799
125.94,12.661523837348597,19.0785188,72.8814782,130.88637349010799
125.95,12.668329690848939,19.078519,72.8814785,130.88637349010799
125.96000000000001,12.675130424953377,19.0785192,72.88147880000001,130.88637349010799
125.97,12.681926032204078,19.0785194,72.8814791,130.88637349010799
125.98,12.688716505148832,19.0785196,72.8814794,130.88637349010799
125.99000000000001,12.69550183634106,19.078519800000002,72.8814797,130.88637349010799
126.0,12.702282018339782,19.07852,72.88148000000001,130.88637349010799
126.01,12.70905704370973,19.0785202,72.8814803,130.88637349010799
126.02,12.715826905021249,19.078520400000002,72.8814806,130.88637349010799
126.03,12.722591594850352,19.0785206,72.8814809,130.88637349010799
126.04,12.729351105778742,19.0785208,72.88148120000001,130.88637349010799
126.05,12.736105430393751,19.078521000000002,72.8814815,130.88637349010799
126.06,12.742854561288468,19.0785212,72.8814818,130.88637349010799
126.07000000000001,12.749598491061644,19.0785214,72.8814821,130.88637349010799
126.08,12.7563372123177,19.078521600000002,72.88148240000001,130.88637349010799
126.09,12.763070717666844,19.0785218,72.8814827,130.88637349010799
126.10000000000001,12.76979899972493,19.078522,72.881483,130.88637349010799
126.11,12.776522051113574,19.078522200000002,72.8814833,130.88637349010799
126.12,12.783239864460153,19.0785224,72.88148360000001,130.88637349010799
126.13000000000001,12.789952432397735,19.0785226,72.8814839,130.88637349010799
126.14,12.796659747565172,19.078522800000002,72.8814842,130.88637349010799
126.15,12.803361802607075,19.078523,72.8814845,130.88637349010799
126.16,12.810058590173803,19.0785232,72.88148480000001,130.88637349010799
126.17,12.816750102921532,19.0785234,72.8814851,130.88637349010799
126.18,12.823436333512198,19.0785236,72.8814854,130.88637349010799
126.19,12.830117274613507,19.0785238,72.8814857,130.88637349010799
126.2,12.836792918898999,19.078524,72.88148600000001,130.88637349010799
126.21000000000001,12.843463259048022,19.0785242,72.8814863,130.88637349010799
126.22,12.850128287745687,19.0785244,72.8814866,130.88637349010799
126.23,12.856787997683035,19.0785246,72.8814869,130.88637349010799
126.24000000000001,12.86344238155684,19.0785248,72.88148720000001,130.88637349010799
126.25,12.870091432069763,19.078525,72.8814875,130.88637349010799
126.26,12.876735141930315,19.0785252,72.8814878,130.88637349010799
126.27,12.883373503852805,19.0785254,72.8814881,130.88637349010799
126.28,12.89000651055753,19.0785256,72.88148840000001,130.88637349010799
126.29,12.896634154770535,19.0785258,72.8814887,130.88637349010799
126.3,12.903256429223807,19.078526,72.881489,130.88637349010799
126.31,12.909873326655223,19.0785262,72.8814893,130.88637349010799
126.32000000000001,12.916484839808511,19.0785264,72.88148960000001,130.88637349010799
126.33,12.923090961433367,19.0785266,72.8814899,130.88637349010799
126.34,12.929691684285357,19.0785268,72.8814902,130.88637349010799
126.35000000000001,12.936287001125994,19.078527,72.8814905,130.88637349010799
126.36,12.942876904722679,19.0785272,72.88149080000001,130.88637349010799
126.37,12.949461387848787,19.078527400000002,72.8814911,130.88637349010799
126.38000000000001,12.956040443283625,19.0785276,72.8814914,130.88637349010799
126.39,12.96261406381244,19.0785278,72.8814917,130.88637349010799
126.4,12.969182242226486,19.078528000000002,72.88149200000001,130.88637349010799
126.41,12.975744971322914,19.0785282,72.8814923,130.88637349010799
126.42,12.982302243904902,19.0785284,72.8814926,130.88637349010799
126.43,12.988854052781594,19.078528600000002,72.8814929,130.88637349010799
126.44,12.995400390768117,19.0785288,72.88149320000001,130.88637349010799
126.45,13.001941250685643,19.078529,72.8814935,130.88637349010799
126.46000000000001,13.008476625361283,19.078529200000002,72.8814938,130.88637349010799
126.47,13.015006507628208,19.0785294,72.8814941,130.88637349010799
126.48,13.021530890325593,19.0785296,72.88149440000001,130.88637349010799
126.49000000000001,13.028049766298682,19.078529800000002,72.8814947,130.88637349010799
126.5,13.034563128398698,19.07853,72.881495,130.88637349010799
126.51,13.041070969482952,19.0785302,72.8814953,130.88637349010799
126.52,13.047573282414795,19.078530400000002,72.88149560000001,130.88637349010799
126.53,13.054070060063648,19.0785306,72.8814959,130.88637349010799
126.54,13.060561295304993,19.0785308,72.8814962,130.88637349010799
126.55,13.067046981020397,19.078531,72.88149650000001,130.88637349010799
126.56,13.073527110097512,19.0785312,72.88149680000001,130.88637349010799
126.57000000000001,13.080001675430092,19.0785314,72.8814971,130.88637349010799
126.58,13.086470669917947,19.0785316,72.8814974,130.88637349010799
126.59,13.092934086467068,19.0785318,72.88149770000001,130.88637349010799
126.60000000000001,13.099391917989513,19.078532,72.88149800000001,130.88637349010799
126.61,13.105844157403478,19.0785322,72.8814983,130.88637349010799
126.62,13.112290797633301,19.0785324,72.8814986,130.88637349010799
126.63000000000001,13.118731831609432,19.0785326,72.88149890000001,130.88637349010799
126.64,13.125167252268497,19.0785328,72.88149920000001,130.88637349010799
126.65,13.131597052553255,19.078533,72.8814995,130.88637349010799
126.66,13.138021225412668,19.0785332,72.8814998,130.88637349010799
126.67,13.144439763801838,19.0785334,72.88150010000001,130.88637349010799
126.68,13.150852660682032,19.0785336,72.88150040000001,130.88637349010799
126.69,13.157259909020732,19.0785338,72.8815007,130.88637349010799
126.7,13.163661501791594,19.078534,72.881501,130.88637349010799
126.71000000000001,13.17005743197452,19.0785342,72.88150130000001,130.88637349010799
126.72,13.176447692555556,19.0785344,72.8815016,130.88637349010799
126.73,13.182832276527005,19.0785346,72.8815019,130.88637349010799
126.74000000000001,13.189211176887403,19.0785348,72.8815022,130.88637349010799
126.75,13.195584386641457,19.078535000000002,72.88150250000001,130.88637349010799
126.76,13.20195189880023,19.0785352,72.8815028,130.88637349010799
126.77,13.208313706380906,19.0785354,72.8815031,130.88637349010799
126.78,13.214669802407029,19.078535600000002,72.8815034,130.88637349010799
126.79,13.221020179908326,19.0785358,72.88150370000001,130.88637349010799
126.8,13.227364831920841,19.078536,72.881504,130.88637349010799
126.81,13.233703751486885,19.078536200000002,72.8815043,130.88637349010799
126.82000000000001,13.240036931655057,19.0785364,72.8815046,130.88637349010799
126.83,13.246364365480247,19.0785366,72.88150490000001,130.88637349010799
126.84,13.252686046023648,19.078536800000002,72.8815052,130.88637349010799
126.85000000000001,13.259001966352773,19.078537,72.8815055,130.88637349010799
126.86,13.26531211954141,19.0785372,72.8815058,130.88637349010799
126.87,13.27161649866973,19.078537400000002,72.88150610000001,130.88637349010799
126.88000000000001,13.277915096824213,19.0785376,72.8815064,130.88637349010799
126.89,13.284207907097642,19.0785378,72.8815067,130.88637349010799
126.9,13.290494922589218,19.078538,72.881507,130.88637349010799
126.91,13.29677613640443,19.0785382,72.88150730000001,130.88637349010799
126.92,13.303051541655154,19.0785384,72.8815076,130.88637349010799
126.93,13.309321131459672,19.0785386,72.8815079,130.88637349010799
126.94,13.315584898942564,19.0785388,72.8815082,130.88637349010799
126.95,13.32184283723489,19.078539,72.88150850000001,130.88637349010799
126.96000000000001,13.328094939474015,19.0785392,72.8815088,130.88637349010799
126.97,13.334341198803745,19.0785394,72.8815091,130.88637349010799
126.98,13.340581608374325,19.0785396,72.8815094,130.88637349010799
126.99000000000001,13.346816161342346,19.0785398,72.88150970000001,130.88637349010799
127.0,13.353044850870866,19.07854,72.88151,130.88637349010799
127.01,13.359267670129366,19.0785402,72.8815103,130.88637349010799
127.02,13.365484612293749,19.0785404,72.8815106,130.88637349010799
127.03,13.371695670546409,19.0785406,72.88151090000001,130.88637349010799
127.04,13.377900838076126,19.0785408,72.8815112,130.88637349010799
127.05,13.384100108078185,19.078541,72.8815115,130.88637349010799
127.06,13.390293473754326,19.0785412,72.8815118,130.88637349010799
127.07000000000001,13.396480928312773,19.0785414,72.88151210000001,130.88637349010799
127.08,13.402662464968182,19.0785416,72.8815124,130.88637349010799
127.09,13.408838076941805,19.0785418,72.8815127,130.88637349010799
127.10000000000001,13.415007757461293,19.078542,72.881513,130.88637349010799
127.11,13.421171499760813,19.0785422,72.88151330000001,130.88637349010799
127.12,13.427329297081112,19.0785424,72.8815136,130.88637349010799
127.13000000000001,13.433481142669365,19.078542600000002,72.8815139,130.88637349010799
127.14,13.439627029779349,19.0785428,72.8815142,130.88637349010799
127.15,13.445766951671338,19.078543,72.88151450000001,130.88637349010799
127.16,13.451900901612152,19.078543200000002,72.8815148,130.88637349010799
127.17,13.458028872875175,19.0785434,72.8815151,130.88637349010799
127.18,13.464150858740314,19.0785436,72.8815154,130.88637349010799
127.19,13.470266852494063,19.078543800000002,72.88151570000001,130.88637349010799
127.2,13.476376847429503,19.078544,72.881516,130.88637349010799
127.21000000000001,13.482480836846275,19.0785442,72.8815163,130.88637349010799
127.22,13.488578814050587,19.078544400000002,72.8815166,130.88637349010799
127.23,13.494670772355267,19.0785446,72.88151690000001,130.88637349010799
127.24000000000001,13.500756705079741,19.0785448,72.8815172,130.88637349010799
127.25,13.506836605550022,19.078545000000002,72.8815175,130.88637349010799
127.26,13.512910467098788,19.0785452,72.8815178,130.88637349010799
127.27,13.518978283065273,19.0785454,72.88151810000001,130.88637349010799
127.28,13.525040046795382,19.0785456,72.8815184,130.88637349010799
127.29,13.531095751641661,19.0785458,72.8815187,130.88637349010799
127.3,13.537145390963243,19.078546,72.881519,130.88637349010799
127.31,13.54318895812602,19.0785462,72.88151930000001,130.88637349010799
127.32000000000001,13.549226446502438,19.0785464,72.8815196,130.88637349010799
127.33,13.555257849471662,19.0785466,72.8815199,130.88637349010799
127.34,13.561283160419528,19.0785468,72.88152020000001,130.88637349010799
127.35000000000001,13.567302372738512,19.078547,72.88152050000001,130.88637349010799
127.36,13.573315479827844,19.0785472,72.8815208,130.88637349010799
127.37,13.5793224750934,19.0785474,72.8815211,130.88637349010799
127.38000000000001,13.585323351947789,19.0785476,72.88152140000001,130.88637349010799
127.39,13.591318103810277,19.0785478,72.88152170000001,130.88637349010799
127.4,13.597306724106918,19.078548,72.881522,130.88637349010799
127.41,13.603289206270446,19.0785482,72.8815223,130.88637349010799
127.42,13.609265543740333,19.0785484,72.88152260000001,130.88637349010799
127.43,13.615235729962805,19.0785486,72.88152290000001,130.88637349010799
127.44,13.621199758390787,19.0785488,72.8815232,130.88637349010799
127.45,13.627157622484035,19.078549,72.8815235,130.88637349010799
127.46000000000001,13.633109315708978,19.0785492,72.88152380000001,130.88637349010799
127.47,13.639054831538886,19.0785494,72.88152410000001,130.88637349010799
127.48,13.644994163453768,19.0785496,72.8815244,130.88637349010799
127.49000000000001,13.650927304940403,19.0785498,72.8815247,130.88637349010799
127.5,13.656854249492383,19.07855,72.88152500000001,130.88637349010799
127.51,13.662774990610075,19.078550200000002,72.8815253,130.88637349010799
127.52,13.66868952180068,19.0785504,72.8815256,130.88637349010799
127.53,13.674597836578192,19.0785506,72.8815259,130.88637349010799
127.54,13.680499928463398,19.078550800000002,72.88152620000001,130.88637349010799
127.55,13.68639579098394,19.078551,72.8815265,130.88637349010799
127.56,13.692285417674272,19.0785512,72.8815268,130.88637349010799
127.57000000000001,13.698168802075728,19.078551400000002,72.8815271,130.88637349010799
127.58,13.704045937736424,19.0785516,72.88152740000001,130.88637349010799
127.59,13.709916818211369,19.0785518,72.8815277,130.88637349010799
127.60000000000001,13.715781437062436,19.078552000000002,72.881528,130.88637349010799
127.61,13.721639787858319,19.0785522,72.8815283,130.88637349010799
127.62,13.727491864174647,19.0785524,72.88152860000001,130.88637349010799
127.63000000000001,13.733337659593893,19.078552600000002,72.8815289,130.88637349010799
127.64,13.739177167705426,19.0785528,72.8815292,130.88637349010799
127.65,13.745010382105516,19.078553,72.8815295,130.88637349010799
127.66,13.750837296397304,19.0785532,72.88152980000001,130.88637349010799
127.67,13.756657904190888,19.0785534,72.8815301,130.88637349010799
127.68,13.76247219910325,19.0785536,72.8815304,130.88637349010799
127.69,13.768280174758305,19.0785538,72.8815307,130.88637349010799
127.7,13.774081824786903,19.078554,72.88153100000001,130.88637349010799
127.71000000000001,13.779877142826802,19.0785542,72.8815313,130.88637349010799
127.72,13.785666122522741,19.0785544,72.8815316,130.88637349010799
127.73,13.791448757526378,19.0785546,72.8815319,130.88637349010799
127.74000000000001,13.797225041496375,19.0785548,72.88153220000001,130.88637349010799
127.75,13.802994968098293,19.078555,72.8815325,130.88637349010799
127.76,13.808758531004738,19.0785552,72.8815328,130.88637349010799
127.77,13.814515723895225,19.0785554,72.8815331,130.88637349010799
127.78,13.820266540456288,19.0785556,72.88153340000001,130.88637349010799
127.79,13.826010974381479,19.0785558,72.8815337,130.88637349010799
127.8,13.831749019371284,19.078556,72.881534,130.88637349010799
127.81,13.83748066913327,19.0785562,72.8815343,130.88637349010799
127.82000000000001,13.843205917381958,19.0785564,72.88153460000001,130.88637349010799
127.83,13.848924757838903,19.0785566,72.8815349,130.88637349010799
127.84,13.854637184232729,19.0785568,72.8815352,130.88637349010799
127.85000000000001,13.86034319029903,19.078557,72.8815355,130.88637349010799
127.86,13.866042769780478,19.0785572,72.88153580000001,130.88637349010799
127.87,13.87173591642679,19.0785574,72.8815361,130.88637349010799
127.88000000000001,13.87742262399474,19.0785576,72.8815364,130.88637349010799
127.89,13.883102886248125,19.078557800000002,72.8815367,130.88637349010799
127.9,13.888776696957873,19.078558,72.88153700000001,130.88637349010799
127.91,13.894444049901942,19.0785582,72.8815373,130.88637349010799
127.92,13.900104938865388,19.078558400000002,72.8815376,130.88637349010799
127.93,13.90575935764036,19.0785586,72.8815379,130.88637349010799
127.94,13.911407300026067,19.0785588,72.88153820000001,130.88637349010799
127.95,13.917048759828873,19.078559000000002,72.8815385,130.88637349010799
127.96000000000001,13.922683730862229,19.0785592,72.8815388,130.88637349010799
127.97,13.92831220694667,19.0785594,72.8815391,130.88637349010799
127.98,13.933934181909919,19.078559600000002,72.88153940000001,130.88637349010799
127.99000000000001,13.939549649586759,19.0785598,72.8815397,130.88637349010799
128.0,13.945158603819149,19.07856,72.88154,130.88637349010799
128.01,13.950761038456193,19.078560200000002,72.8815403,130.88637349010799
128.02,13.956356947354141,19.0785604,72.88154060000001,130.88637349010799
128.03,13.961946324376374,19.0785606,72.8815409,130.88637349010799
128.04,13.96752916339345,19.0785608,72.8815412,130.88637349010799
128.05,13.973105458283133,19.078561,72.8815415,130.88637349010799
128.06,13.978675202930294,19.0785612,72.88154180000001,130.88637349010799
128.07,13.984238391227052,19.0785614,72.8815421,130.88637349010799
128.08,13.98979501707269,19.0785616,72.8815424,130.88637349010799
128.09,13.995345074373668,19.0785618,72.88154270000001,130.88637349010799
128.1,14.000888557043666,19.078562,72.88154300000001,130.88637349010799
128.11,14.006425459003607,19.0785622,72.8815433,130.88637349010799
128.12,14.011955774181569,19.0785624,72.8815436,130.88637349010799
128.13,14.017479496512891,19.0785626,72.88154390000001,130.88637349010799
128.14000000000001,14.022996619940145,19.0785628,72.88154420000001,130.88637349010799
128.15,14.028507138413111,19.078563,72.8815445,130.88637349010799
128.16,14.03401104588882,19.0785632,72.8815448,130.88637349010799
128.17000000000002,14.039508336331616,19.0785634,72.88154510000001,130.88637349010799
128.18,14.044999003712986,19.0785636,72.88154540000001,130.88637349010799
128.19,14.050483042011773,19.0785638,72.8815457,130.88637349010799
128.2,14.055960445214048,19.078564,72.881546,130.88637349010799
128.21,14.061431207313168,19.0785642,72.88154630000001,130.88637349010799
128.22,14.06689532230977,19.0785644,72.88154660000001,130.88637349010799
128.23,14.072352784211784,19.0785646,72.8815469,130.88637349010799
128.24,14.077803587034442,19.0785648,72.8815472,130.88637349010799
128.25,14.083247724800252,19.078565,72.88154750000001,130.88637349010799
128.26,14.088685191539039,19.0785652,72.8815478,130.88637349010799
128.27,14.094115981288013,19.078565400000002,72.8815481,130.88637349010799
128.28,14.099540088091576,19.0785656,72.8815484,130.88637349010799
128.29,14.104957506001574,19.0785658,72.88154870000001,130.88637349010799
128.3,14.110368229077139,19.078566000000002,72.881549,130.88637349010799
128.31,14.115772251384735,19.0785662,72.8815493,130.88637349010799
128.32,14.121169566998187,19.0785664,72.8815496,130.88637349010799
128.33,14.126560169998703,19.078566600000002,72.88154990000001,130.88637349010799
128.34,14.1319440544748,19.0785668,72.8815502,130.88637349010799
128.35,14.137321214522387,19.078567,72.8815505,130.88637349010799
128.36,14.142691644244788,19.078567200000002,72.8815508,130.88637349010799
128.37,14.148055337752604,19.0785674,72.88155110000001,130.88637349010799
128.38,14.15341228916394,19.0785676,72.8815514,130.88637349010799
128.39000000000001,14.158762492604232,19.078567800000002,72.8815517,130.88637349010799
128.4,14.164105942206312,19.078568,72.881552,130.88637349010799
128.41,14.169442632110439,19.0785682,72.88155230000001,130.88637349010799
128.42000000000002,14.174772556464287,19.0785684,72.8815526,130.88637349010799
128.43,14.180095709422915,19.0785686,72.8815529,130.88637349010799
128.44,14.185412085148855,19.0785688,72.8815532,130.88637349010799
128.45,14.19072167781204,19.078569,72.88155350000001,130.88637349010799
128.46,14.196024481589877,19.0785692,72.8815538,130.88637349010799
128.47,14.201320490667143,19.0785694,72.8815541,130.88637349010799
128.48,14.206609699236143,19.0785696,72.8815544,130.88637349010799
128.49,14.211892101496625,19.0785698,72.88155470000001,130.88637349010799
128.5,14.217167691655764,19.07857,72.881555,130.88637349010799
128.51,14.222436463928233,19.0785702,72.8815553,130.88637349010799
128.52,14.227698412536192,19.0785704,72.8815556,130.88637349010799
128.53,14.232953531709246,19.0785706,72.88155590000001,130.88637349010799
128.54,14.238201815684516,19.0785708,72.8815562,130.88637349010799
128.55,14.243443258706641,19.078571,72.8815565,130.88637349010799
128.56,14.248677855027708,19.0785712,72.8815568,130.88637349010799
128.57,14.253905598907341,19.0785714,72.88155710000001,130.88637349010799
128.58,14.259126484612716,19.0785716,72.8815574,130.88637349010799
128.59,14.264340506418426,19.0785718,72.8815577,130.88637349010799
128.6,14.269547658606712,19.078572,72.881558,130.88637349010799
128.61,14.274747935467282,19.0785722,72.88155830000001,130.88637349010799
128.62,14.27994133129738,19.0785724,72.8815586,130.88637349010799
128.63,14.285127840401817,19.0785726,72.8815589,130.88637349010799
128.64000000000001,14.290307457092961,19.0785728,72.8815592,130.88637349010799
128.65,14.295480175690699,19.078573000000002,72.88155950000001,130.88637349010799
128.66,14.30064599052253,19.0785732,72.8815598,130.88637349010799
128.67000000000002,14.30580489592353,19.0785734,72.8815601,130.88637349010799
128.68,14.310956886236273,19.078573600000002,72.8815604,130.88637349010799
128.69,14.316101955811005,19.0785738,72.88156070000001,130.88637349010799
128.7,14.321240099005513,19.078574,72.881561,130.88637349010799
128.71,14.326371310185214,19.078574200000002,72.8815613,130.88637349010799
128.72,14.331495583723083,19.0785744,72.8815616,130.88637349010799
128.73,14.336612913999733,19.0785746,72.88156190000001,130.88637349010799
128.74,14.341723295403394,19.078574800000002,72.8815622,130.88637349010799
128.75,14.346826722329878,19.078575,72.8815625,130.88637349010799
128.76,14.35192318918267,19.0785752,72.8815628,130.88637349010799
128.77,14.357012690372896,19.078575400000002,72.88156310000001,130.88637349010799
128.78,14.36209522031924,19.0785756,72.8815634,130.88637349010799
128.79,14.367170773448123,19.0785758,72.8815637,130.88637349010799
128.8,14.372239344193574,19.078576,72.881564,130.88637349010799
128.81,14.377300926997261,19.0785762,72.88156430000001,130.88637349010799
128.82,14.382355516308563,19.0785764,72.8815646,130.88637349010799
128.83,14.387403106584502,19.0785766,72.8815649,130.88637349010799
128.84,14.39244369228976,19.0785768,72.88156520000001,130.88637349010799
128.85,14.397477267896726,19.078577,72.88156550000001,130.88637349010799
128.86,14.402503827885468,19.0785772,72.8815658,130.88637349010799
128.87,14.407523366743742,19.0785774,72.8815661,130.88637349010799
128.88,14.412535878967006,19.0785776,72.88156640000001,130.88637349010799
128.89000000000001,14.417541359058454,19.0785778,72.88156670000001,130.88637349010799
128.9,14.422539801528917,19.078578,72.881567,130.88637349010799
128.91,14.427531200897013,19.0785782,72.8815673,130.88637349010799
128.92000000000002,14.432515551689077,19.0785784,72.88156760000001,130.88637349010799
128.93,14.437492848439135,19.0785786,72.88156790000001,130.88637349010799
128.94,14.442463085688974,19.0785788,72.8815682,130.88637349010799
128.95,14.447426257988116,19.078579,72.8815685,130.88637349010799
128.96,14.452382359893868,19.0785792,72.88156880000001,130.88637349010799
128.97,14.457331385971193,19.0785794,72.88156910000001,130.88637349010799
128.98,14.462273330792929,19.0785796,72.8815694,130.88637349010799
128.99,14.467208188939622,19.0785798,72.8815697,130.88637349010799
129.0,14.472135954999576,19.07858,72.88157000000001,130.88637349010799
129.01,14.477056623568902,19.0785802,72.8815703,130.88637349010799
129.02,14.48197018925148,19.0785804,72.8815706,130.88637349010799
129.03,14.486876646658985,19.078580600000002,72.8815709,130.88637349010799
129.04,14.491775990410883,19.0785808,72.88157120000001,130.88637349010799
129.05,14.496668215134454,19.078581,72.8815715,130.88637349010799
129.06,14.501553315464754,19.078581200000002,72.8815718,130.88637349010799
129.07,14.506431286044668,19.0785814,72.8815721,130.88637349010799
129.08,14.511302121524949,19.0785816,72.88157240000001,130.88637349010799
129.09,14.516165816564069,19.078581800000002,72.8815727,130.88637349010799
129.1,14.52102236582843,19.078582,72.881573,130.88637349010799
129.11,14.525871763992221,19.0785822,72.8815733,130.88637349010799
129.12,14.530714005737472,19.078582400000002,72.88157360000001,130.88637349010799
129.13,14.535549085754074,19.0785826,72.8815739,130.88637349010799
129.14000000000001,14.540376998739784,19.0785828,72.8815742,130.88637349010799
129.15,14.545197739400189,19.078583000000002,72.8815745,130.88637349010799
129.16,14.550011302448757,19.0785832,72.88157480000001,130.88637349010799
129.17000000000002,14.554817682606837,19.0785834,72.8815751,130.88637349010799
129.18,14.559616874603627,19.0785836,72.8815754,130.88637349010799
129.19,14.564408873176216,19.0785838,72.8815757,130.88637349010799
129.2,14.569193673069623,19.078584,72.88157600000001,130.88637349010799
129.21,14.573971269036722,19.0785842,72.8815763,130.88637349010799
129.22,14.578741655838273,19.0785844,72.8815766,130.88637349010799
129.23,14.583504828242972,19.0785846,72.8815769,130.88637349010799
129.24,14.588260781027419,19.0785848,72.88157720000001,130.88637349010799
129.25,14.593009508976124,19.078585,72.8815775,130.88637349010799
129.26,14.59775100688152,19.0785852,72.8815778,130.88637349010799
129.27,14.602485269544001,19.0785854,72.8815781,130.88637349010799
129.28,14.607212291771827,19.0785856,72.88157840000001,130.88637349010799
129.29,14.611932068381254,19.0785858,72.8815787,130.88637349010799
129.3,14.61664459419649,19.078586,72.881579,130.88637349010799
129.31,14.621349864049648,19.0785862,72.8815793,130.88637349010799
129.32,14.62604787278083,19.0785864,72.88157960000001,130.88637349010799
129.33,14.6307386152381,19.0785866,72.8815799,130.88637349010799
129.34,14.635422086277469,19.0785868,72.8815802,130.88637349010799
129.35,14.640098280762935,19.078587,72.8815805,130.88637349010799
129.36,14.644767193566505,19.0785872,72.88158080000001,130.88637349010799
129.37,14.649428819568115,19.0785874,72.8815811,130.88637349010799
129.38,14.654083153655726,19.0785876,72.8815814,130.88637349010799
129.39000000000001,14.658730190725318,19.0785878,72.8815817,130.88637349010799
129.4,14.66336992568079,19.078588,72.88158200000001,130.88637349010799
129.41,14.66800235343415,19.078588200000002,72.8815823,130.88637349010799
129.42000000000002,14.672627468905372,19.0785884,72.8815826,130.88637349010799
129.43,14.677245267022425,19.0785886,72.8815829,130.88637349010799
129.44,14.68185574272134,19.078588800000002,72.88158320000001,130.88637349010799
129.45,14.686458890946154,19.078589,72.8815835,130.88637349010799
129.46,14.691054706648979,19.0785892,72.8815838,130.88637349010799
129.47,14.695643184789912,19.078589400000002,72.8815841,130.88637349010799
129.48,14.700224320337124,19.0785896,72.88158440000001,130.88637349010799
129.49,14.704798108266875,19.0785898,72.8815847,130.88637349010799
129.5,14.709364543563392,19.078590000000002,72.881585,130.88637349010799
129.51,14.713923621219045,19.0785902,72.8815853,130.88637349010799
129.52,14.718475336234262,19.0785904,72.88158560000001,130.88637349010799
129.53,14.723019683617505,19.078590600000002,72.8815859,130.88637349010799
129.54,14.72755665838535,19.0785908,72.8815862,130.88637349010799
129.55,14.732086255562454,19.078591,72.8815865,130.88637349010799
129.56,14.736608470181537,19.0785912,72.88158680000001,130.88637349010799
129.57,14.741123297283448,19.0785914,72.8815871,130.88637349010799
129.58,14.74563073191715,19.0785916,72.8815874,130.88637349010799
129.59,14.750130769139645,19.0785918,72.88158770000001,130.88637349010799
129.6,14.754623404016117,19.078592,72.88158800000001,130.88637349010799
129.61,14.759108631619844,19.0785922,72.8815883,130.88637349010799
129.62,14.7635864470322,19.0785924,72.8815886,130.88637349010799
129.63,14.768056845342734,19.0785926,72.88158890000001,130.88637349010799
129.64000000000001,14.772519821649105,19.0785928,72.88158920000001,130.88637349010799
129.65,14.7769753710571,19.078593,72.8815895,130.88637349010799
129.66,14.781423488680668,19.0785932,72.8815898,130.88637349010799
129.67000000000002,14.785864169641904,19.0785934,72.88159010000001,130.88637349010799
129.68,14.790297409071055,19.0785936,72.88159040000001,130.88637349010799
129.69,14.794723202106526,19.0785938,72.8815907,130.88637349010799
129.7,14.799141543894905,19.078594,72.881591,130.88637349010799
129.71,14.803552429590939,19.0785942,72.88159130000001,130.88637349010799
129.72,14.807955854357527,19.0785944,72.88159160000001,130.88637349010799
129.73,14.812351813365801,19.0785946,72.8815919,130.88637349010799
129.74,14.816740301795047,19.0785948,72.8815922,130.88637349010799
129.75,14.821121314832737,19.078595,72.88159250000001,130.88637349010799
129.76,14.825494847674562,19.0785952,72.8815928,130.88637349010799
129.77,14.829860895524412,19.0785954,72.8815931,130.88637349010799
129.78,14.834219453594361,19.0785956,72.8815934,130.88637349010799
129.79,14.838570517104728,19.078595800000002,72.88159370000001,130.88637349010799
129.8,14.842914081284059,19.078596,72.881594,130.88637349010799
129.81,14.847250141369063,19.0785962,72.8815943,130.88637349010799
129.82,14.851578692604743,19.078596400000002,72.8815946,130.88637349010799
129.83,14.85589973024431,19.0785966,72.88159490000001,130.88637349010799
129.84,14.860213249549215,19.0785968,72.8815952,130.88637349010799
129.85,14.864519245789154,19.078597000000002,72.8815955,130.88637349010799
129.86,14.86881771424208,19.0785972,72.8815958,130.88637349010799
129.87,14.873108650194183,19.0785974,72.88159610000001,130.88637349010799
129.88,14.877392048939917,19.078597600000002,72.8815964,130.88637349010799
129.89000000000001,14.881667905782056,19.0785978,72.8815967,130.88637349010799
129.9,14.885936216031546,19.078598,72.881597,130.88637349010799
129.91,14.890196975007688,19.078598200000002,72.88159730000001,130.88637349010799
129.92000000000002,14.894450178038042,19.0785984,72.8815976,130.88637349010799
129.93,14.898695820458434,19.0785986,72.8815979,130.88637349010799
129.94,14.902933897612995,19.0785988,72.8815982,130.88637349010799
129.95,14.907164404854168,19.078599,72.88159850000001,130.88637349010799
129.96,14.911387337542685,19.0785992,72.8815988,130.88637349010799
129.97,14.915602691047564,19.0785994,72.8815991,130.88637349010799
129.98,14.91981046074616,19.0785996,72.8815994,130.88637349010799
129.99,14.92401064202416,19.0785998,72.88159970000001,130.88637349010799
130.0,14.928203230275503,19.0786,72.8816,130.88637349010799
130.01,14.932388220902544,19.0786002,72.8816003,130.88637349010799
130.02,14.93656560931592,19.0786004,72.8816006,130.88637349010799
130.03,14.9407353909346,19.0786006,72.88160090000001,130.88637349010799
130.04,14.944897561185913,19.0786008,72.8816012,130.88637349010799
130.05,14.949052115505529,19.078601,72.8816015,130.88637349010799
130.06,14.95319904933747,19.0786012,72.8816018,130.88637349010799
130.07,14.957338358134114,19.0786014,72.88160210000001,130.88637349010799
130.08,14.96147003735621,19.0786016,72.8816024,130.88637349010799
130.09,14.965594082472851,19.0786018,72.8816027,130.88637349010799
130.1,14.969710488961507,19.078602,72.881603,130.88637349010799
130.11,14.973819252308076,19.0786022,72.88160330000001,130.88637349010799
130.12,14.977920368006746,19.0786024,72.8816036,130.88637349010799
130.13,14.98201383156017,19.0786026,72.8816039,130.88637349010799
130.14000000000001,14.986099638479365,19.0786028,72.8816042,130.88637349010799
130.15,14.990177784283725,19.078603,72.88160450000001,130.88637349010799
130.16,14.994248264501065,19.0786032,72.8816048,130.88637349010799
130.17000000000002,14.998311074667626,19.078603400000002,72.8816051,130.88637349010799
130.18,15.002366210328015,19.0786036,72.8816054,130.88637349010799
130.19,15.00641366703528,19.0786038,72.88160570000001,130.88637349010799
130.2,15.010453440350904,19.078604000000002,72.881606,130.88637349010799
130.21,15.014485525844771,19.0786042,72.8816063,130.88637349010799
130.22,15.018509919095205,19.0786044,72.8816066,130.88637349010799
130.23,15.022526615688967,19.078604600000002,72.88160690000001,130.88637349010799
130.24,15.026535611221263,19.0786048,72.8816072,130.88637349010799
130.25,15.030536901295724,19.078605,72.8816075,130.88637349010799
130.26,15.034530481524444,19.078605200000002,72.8816078,130.88637349010799
130.27,15.038516347527993,19.0786054,72.88160810000001,130.88637349010799
130.28,15.042494494935362,19.0786056,72.8816084,130.88637349010799
130.29,15.046464919384022,19.078605800000002,72.8816087,130.88637349010799
130.3,15.050427616519944,19.078606,72.881609,130.88637349010799
130.31,15.054382581997505,19.0786062,72.88160930000001,130.88637349010799
130.32,15.058329811479618,19.0786064,72.8816096,130.88637349010799
130.33,15.062269300637679,19.0786066,72.8816099,130.88637349010799
130.34,15.066201045151534,19.0786068,72.88161020000001,130.88637349010799
130.35,15.070125040709545,19.078607,72.88161050000001,130.88637349010799
130.36,15.074041283008583,19.0786072,72.8816108,130.88637349010799
130.37,15.077949767753985,19.0786074,72.8816111,130.88637349010799
130.38,15.08185049065964,19.0786076,72.88161140000001,130.88637349010799
130.39000000000001,15.085743447447925,19.0786078,72.88161170000001,130.88637349010799
130.4,15.08962863384972,19.078608,72.881612,130.88637349010799
130.41,15.09350604560445,19.0786082,72.8816123,130.88637349010799
130.42000000000002,15.097375678460075,19.0786084,72.88161260000001,130.88637349010799
130.43,15.101237528173026,19.0786086,72.88161290000001,130.88637349010799
130.44,15.105091590508351,19.0786088,72.8816132,130.88637349010799
130.45,15.108937861239585,19.078609,72.8816135,130.88637349010799
130.46,15.112776336148828,19.0786092,72.88161380000001,130.88637349010799
130.47,15.116607011026705,19.0786094,72.88161410000001,130.88637349010799
130.48,15.120429881672408,19.0786096,72.8816144,130.88637349010799
130.49,15.124244943893729,19.0786098,72.8816147,130.88637349010799
130.5,15.128052193506939,19.07861,72.88161500000001,130.88637349010799
130.51,15.131851626336946,19.0786102,72.8816153,130.88637349010799
130.52,15.135643238217208,19.0786104,72.8816156,130.88637349010799
130.53,15.139427024989738,19.0786106,72.8816159,130.88637349010799
130.54,15.14320298250517,19.0786108,72.88161620000001,130.88637349010799
130.55,15.1469711066227,19.078611000000002,72.8816165,130.88637349010799
130.56,15.15073139321011,19.0786112,72.8816168,130.88637349010799
130.57,15.15448383814379,19.0786114,72.8816171,130.88637349010799
130.58,15.158228437308725,19.078611600000002,72.88161740000001,130.88637349010799
130.59,15.161965186598493,19.0786118,72.8816177,130.88637349010799
130.6,15.165694081915294,19.078612,72.881618,130.88637349010799
130.61,15.169415119169964,19.078612200000002,72.8816183,130.88637349010799
130.62,15.173128294281884,19.0786124,72.88161860000001,130.88637349010799
130.63,15.176833603179134,19.0786126,72.8816189,130.88637349010799
130.64000000000001,15.180531041798378,19.078612800000002,72.8816192,130.88637349010799
130.65,15.184220606084923,19.078613,72.8816195,130.88637349010799
130.66,15.187902291992708,19.0786132,72.88161980000001,130.88637349010799
130.67000000000002,15.19157609548432,19.078613400000002,72.8816201,130.88637349010799
130.68,15.195242012530972,19.0786136,72.8816204,130.88637349010799
130.69,15.19890003911254,19.0786138,72.8816207,130.88637349010799
130.7,15.202550171217538,19.078614,72.88162100000001,130.88637349010799
130.71,15.206192404843186,19.0786142,72.8816213,130.88637349010799
130.72,15.209826735995286,19.0786144,72.8816216,130.88637349010799
130.73,15.213453160688372,19.0786146,72.8816219,130.88637349010799
130.74,15.217071674945625,19.0786148,72.88162220000001,130.88637349010799
130.75,15.22068227479888,19.078615,72.8816225,130.88637349010799
130.76,15.224284956288692,19.0786152,72.8816228,130.88637349010799
130.77,15.22787971546428,19.0786154,72.8816231,130.88637349010799
130.78,15.231466548383535,19.0786156,72.88162340000001,130.88637349010799
130.79,15.235045451113056,19.0786158,72.8816237,130.88637349010799
130.8,15.238616419728164,19.078616,72.881624,130.88637349010799
130.81,15.242179450312808,19.0786162,72.8816243,130.88637349010799
130.82,15.245734538959724,19.0786164,72.88162460000001,130.88637349010799
130.83,15.249281681770318,19.0786166,72.8816249,130.88637349010799
130.84,15.252820874854702,19.0786168,72.8816252,130.88637349010799
130.85,15.256352114331719,19.078617,72.8816255,130.88637349010799
130.86,15.259875396328935,19.0786172,72.88162580000001,130.88637349010799
130.87,15.263390716982638,19.0786174,72.8816261,130.88637349010799
130.88,15.266898072437847,19.0786176,72.8816264,130.88637349010799
130.89000000000001,15.270397458848326,19.0786178,72.8816267,130.88637349010799
130.9,15.273888872376553,19.078618,72.88162700000001,130.88637349010799
130.91,15.277372309193762,19.0786182,72.8816273,130.88637349010799
130.92000000000002,15.280847765479969,19.0786184,72.8816276,130.88637349010799
130.93,15.284315237423872,19.078618600000002,72.8816279,130.88637349010799
130.94,15.287774721222988,19.0786188,72.88162820000001,130.88637349010799
130.95,15.29122621308356,19.078619,72.8816285,130.88637349010799
130.96,15.29466970922061,19.078619200000002,72.8816288,130.88637349010799
130.97,15.298105205857905,19.0786194,72.8816291,130.88637349010799
130.98,15.30153269922802,19.0786196,72.88162940000001,130.88637349010799
130.99,15.304952185572287,19.078619800000002,72.8816297,130.88637349010799
131.0,15.30836366114081,19.07862,72.88163,130.88637349010799
131.01,15.311767122192485,19.0786202,72.8816303,130.88637349010799
131.02,15.31516256499502,19.078620400000002,72.88163060000001,130.88637349010799
131.03,15.318549985824873,19.0786206,72.8816309,130.88637349010799
131.04,15.321929380967337,19.0786208,72.8816312,130.88637349010799
131.05,15.32530074671649,19.078621000000002,72.8816315,130.88637349010799
131.06,15.328664079375205,19.0786212,72.88163180000001,130.88637349010799
131.07,15.332019375255179,19.0786214,72.8816321,130.88637349010799
131.08,15.335366630676932,19.0786216,72.8816324,130.88637349010799
131.09,15.338705841969771,19.0786218,72.8816327,130.88637349010799
131.1,15.342037005471845,19.078622,72.88163300000001,130.88637349010799
131.11,15.345360117530142,19.0786222,72.8816333,130.88637349010799
131.12,15.348675174500432,19.0786224,72.8816336,130.88637349010799
131.13,15.351982172747364,19.0786226,72.88163390000001,130.88637349010799
131.14000000000001,15.355281108644423,19.0786228,72.88163420000001,130.88637349010799
131.15,15.358571978573899,19.078623,72.8816345,130.88637349010799
131.16,15.361854778926961,19.0786232,72.8816348,130.88637349010799
131.17000000000002,15.365129506103619,19.0786234,72.88163510000001,130.88637349010799
131.18,15.368396156512716,19.0786236,72.88163540000001,130.88637349010799
131.19,15.371654726571986,19.0786238,72.8816357,130.88637349010799
131.2,15.374905212707997,19.078624,72.881636,130.88637349010799
131.21,15.378147611356214,19.0786242,72.88163630000001,130.88637349010799
131.22,15.381381918960916,19.0786244,72.88163660000001,130.88637349010799
131.23,15.384608131975305,19.0786246,72.8816369,130.88637349010799
131.24,15.387826246861454,19.0786248,72.8816372,130.88637349010799
131.25,15.391036260090292,19.078625,72.88163750000001,130.88637349010799
131.26,15.394238168141644,19.0786252,72.88163780000001,130.88637349010799
131.27,15.397431967504238,19.0786254,72.8816381,130.88637349010799
131.28,15.400617654675667,19.0786256,72.8816384,130.88637349010799
131.29,15.403795226162433,19.0786258,72.88163870000001,130.88637349010799
131.3,15.406964678479959,19.078626,72.881639,130.88637349010799
131.31,15.410126008152535,19.078626200000002,72.8816393,130.88637349010799
131.32,15.413279211713373,19.0786264,72.8816396,130.88637349010799
131.33,15.416424285704622,19.0786266,72.88163990000001,130.88637349010799
131.34,15.419561226677285,19.078626800000002,72.8816402,130.88637349010799
131.35,15.422690031191355,19.078627,72.8816405,130.88637349010799
131.36,15.425810695815706,19.0786272,72.8816408,130.88637349010799
131.37,15.428923217128139,19.078627400000002,72.88164110000001,130.88637349010799
131.38,15.432027591715396,19.0786276,72.8816414,130.88637349010799
131.39000000000001,15.435123816173155,19.0786278,72.8816417,130.88637349010799
131.4,15.43821188710601,19.078628000000002,72.881642,130.88637349010799
131.41,15.441291801127527,19.0786282,72.88164230000001,130.88637349010799
131.42000000000002,15.444363554860214,19.0786284,72.8816426,130.88637349010799
131.43,15.447427144935485,19.078628600000002,72.8816429,130.88637349010799
131.44,15.45048256799376,19.0786288,72.8816432,130.88637349010799
131.45,15.453529820684384,19.078629,72.88164350000001,130.88637349010799
131.46,15.456568899665687,19.0786292,72.8816438,130.88637349010799
131.47,15.459599801604927,19.0786294,72.8816441,130.88637349010799
131.48,15.462622523178354,19.0786296,72.8816444,130.88637349010799
131.49,15.465637061071192,19.0786298,72.88164470000001,130.88637349010799
131.5,15.468643411977617,19.07863,72.881645,130.88637349010799
131.51,15.471641572600792,19.0786302,72.8816453,130.88637349010799
131.52,15.474631539652899,19.0786304,72.8816456,130.88637349010799
131.53,15.477613309855034,19.0786306,72.88164590000001,130.88637349010799
131.54,15.480586879937343,19.0786308,72.8816462,130.88637349010799
131.55,15.48355224663894,19.078631,72.8816465,130.88637349010799
131.56,15.486509406707924,19.0786312,72.8816468,130.88637349010799
131.57,15.48945835690142,19.0786314,72.88164710000001,130.88637349010799
131.58,15.49239909398554,19.0786316,72.8816474,130.88637349010799
131.59,15.495331614735399,19.0786318,72.8816477,130.88637349010799
131.6,15.498255915935133,19.078632,72.881648,130.88637349010799
131.61,15.501171994377891,19.0786322,72.88164830000001,130.88637349010799
131.62,15.504079846865821,19.0786324,72.8816486,130.88637349010799
131.63,15.506979470210116,19.0786326,72.8816489,130.88637349010799
131.64000000000001,15.509870861230997,19.0786328,72.8816492,130.88637349010799
131.65,15.512754016757672,19.078633,72.88164950000001,130.88637349010799
131.66,15.515628933628427,19.0786332,72.8816498,130.88637349010799
131.67000000000002,15.518495608690557,19.0786334,72.8816501,130.88637349010799
131.68,15.521354038800402,19.0786336,72.8816504,130.88637349010799
131.69,15.524204220823341,19.078633800000002,72.88165070000001,130.88637349010799
131.7,15.527046151633797,19.078634,72.881651,130.88637349010799
131.71,15.529879828115266,19.0786342,72.8816513,130.88637349010799
131.72,15.532705247160235,19.078634400000002,72.8816516,130.88637349010799
131.73,15.535522405670319,19.0786346,72.88165190000001,130.88637349010799
131.74,15.538331300556152,19.0786348,72.8816522,130.88637349010799
131.75,15.541131928737425,19.078635000000002,72.8816525,130.88637349010799
131.76,15.543924287142914,19.0786352,72.8816528,130.88637349010799
131.77,15.546708372710459,19.0786354,72.88165310000001,130.88637349010799
131.78,15.549484182386951,19.078635600000002,72.8816534,130.88637349010799
131.79,15.552251713128395,19.0786358,72.8816537,130.88637349010799
131.8,15.55501096189985,19.078636,72.881654,130.88637349010799
131.81,15.557761925675454,19.078636200000002,72.88165430000001,130.88637349010799
131.82,15.560504601438435,19.0786364,72.8816546,130.88637349010799
131.83,15.56323898618113,19.0786366,72.8816549,130.88637349010799
131.84,15.56596507690493,19.0786368,72.8816552,130.88637349010799
131.85,15.568682870620359,19.078637,72.88165550000001,130.88637349010799
131.86,15.57139236434702,19.0786372,72.8816558,130.88637349010799
131.87,15.574093555113613,19.0786374,72.8816561,130.88637349010799
131.88,15.57678643995795,19.0786376,72.88165640000001,130.88637349010799
131.89000000000001,15.579471015926968,19.0786378,72.88165670000001,130.88637349010799
131.9,15.582147280076686,19.078638,72.881657,130.88637349010799
131.91,15.584815229472255,19.0786382,72.8816573,130.88637349010799
131.92000000000002,15.58747486118795,19.0786384,72.88165760000001,130.88637349010799
131.93,15.590126172307146,19.0786386,72.88165790000001,130.88637349010799
131.94,15.592769159922351,19.0786388,72.8816582,130.88637349010799
131.95,15.595403821135225,19.078639,72.8816585,130.88637349010799
131.96,15.598030153056534,19.0786392,72.88165880000001,130.88637349010799
131.97,15.600648152806173,19.0786394,72.88165910000001,130.88637349010799
131.98,15.603257817513189,19.0786396,72.8816594,130.88637349010799
131.99,15.605859144315765,19.0786398,72.8816597,130.88637349010799
132.0,15.608452130361227,19.07864,72.88166000000001,130.88637349010799
132.01,15.611036772806045,19.0786402,72.88166030000001,130.88637349010799
132.02,15.613613068815855,19.0786404,72.8816606,130.88637349010799
132.03,15.616181015565411,19.0786406,72.8816609,130.88637349010799
132.04,15.618740610238657,19.078640800000002,72.88166120000001,130.88637349010799
132.05,15.621291850028687,19.078641,72.8816615,130.88637349010799
132.06,15.623834732137748,19.0786412,72.8816618,130.88637349010799
132.07,15.62636925377726,19.078641400000002,72.8816621,130.88637349010799
132.08,15.62889541216781,19.0786416,72.88166240000001,130.88637349010799
132.09,15.63141320453915,19.0786418,72.8816627,130.88637349010799
132.1,15.633922628130211,19.078642000000002,72.881663,130.88637349010799
132.11,15.636423680189118,19.0786422,72.8816633,130.88637349010799
132.12,15.638916357973144,19.0786424,72.88166360000001,130.88637349010799
132.13,15.641400658748765,19.078642600000002,72.8816639,130.88637349010799
132.14000000000001,15.643876579791655,19.0786428,72.8816642,130.88637349010799
132.15,15.646344118386637,19.078643,72.8816645,130.88637349010799
132.16,15.648803271827775,19.078643200000002,72.88166480000001,130.88637349010799
132.17000000000002,15.651254037418301,19.0786434,72.8816651,130.88637349010799
132.18,15.653696412470644,19.0786436,72.8816654,130.88637349010799
132.19,15.656130394306443,19.078643800000002,72.8816657,130.88637349010799
132.2,15.658555980256537,19.078644,72.88166600000001,130.88637349010799
132.21,15.660973167660977,19.0786442,72.8816663,130.88637349010799
132.22,15.66338195386902,19.0786444,72.8816666,130.88637349010799
132.23,15.665782336239129,19.0786446,72.8816669,130.88637349010799
132.24,15.66817431213901,19.0786448,72.88166720000001,130.88637349010799
132.25,15.670557878945544,19.078645,72.8816675,130.88637349010799
132.26,15.672933034044867,19.0786452,72.8816678,130.88637349010799
132.27,15.675299774832341,19.0786454,72.8816681,130.88637349010799
132.28,15.677658098712532,19.0786456,72.88166840000001,130.88637349010799
132.29,15.680008003099253,19.0786458,72.8816687,130.88637349010799
132.3,15.682349485415546,19.078646,72.881669,130.88637349010799
132.31,15.684682543093686,19.0786462,72.8816693,130.88637349010799
132.32,15.687007173575182,19.0786464,72.88166960000001,130.88637349010799
132.33,15.689323374310817,19.0786466,72.8816699,130.88637349010799
132.34,15.691631142760563,19.0786468,72.8816702,130.88637349010799
132.35,15.693930476393689,19.078647,72.8816705,130.88637349010799
132.36,15.696221372688688,19.0786472,72.88167080000001,130.88637349010799
132.37,15.698503829133305,19.0786474,72.8816711,130.88637349010799
132.38,15.700777843224554,19.0786476,72.8816714,130.88637349010799
132.39000000000001,15.703043412468702,19.0786478,72.8816717,130.88637349010799
132.4,15.705300534381266,19.078648,72.88167200000001,130.88637349010799
132.41,15.707549206487041,19.0786482,72.8816723,130.88637349010799
132.42000000000002,15.709789426320082,19.078648400000002,72.8816726,130.88637349010799
132.43,15.712021191423705,19.0786486,72.8816729,130.88637349010799
132.44,15.714244499350514,19.0786488,72.88167320000001,130.88637349010799
132.45,15.716459347662381,19.078649000000002,72.8816735,130.88637349010799
132.46,15.718665733930454,19.0786492,72.8816738,130.88637349010799
132.47,15.720863655735155,19.0786494,72.8816741,130.88637349010799
132.48,15.723053110666187,19.078649600000002,72.88167440000001,130.88637349010799
132.49,15.725234096322561,19.0786498,72.8816747,130.88637349010799
132.5,15.727406610312546,19.07865,72.881675,130.88637349010799
132.51,15.729570650253716,19.078650200000002,72.8816753,130.88637349010799
132.52,15.731726213772944,19.0786504,72.88167560000001,130.88637349010799
132.53,15.733873298506374,19.0786506,72.8816759,130.88637349010799
132.54,15.736011902099476,19.078650800000002,72.8816762,130.88637349010799
132.55,15.738142022207017,19.078651,72.8816765,130.88637349010799
132.56,15.740263656493038,19.0786512,72.88167680000001,130.88637349010799
132.57,15.742376802630922,19.078651400000002,72.8816771,130.88637349010799
132.58,15.744481458303344,19.0786516,72.8816774,130.88637349010799
132.59,15.746577621202283,19.0786518,72.8816777,130.88637349010799
132.6,15.748665289029047,19.078652,72.88167800000001,130.88637349010799
132.61,15.750744459494253,19.0786522,72.8816783,130.88637349010799
132.62,15.752815130317831,19.0786524,72.8816786,130.88637349010799
132.63,15.754877299229033,19.0786526,72.88167890000001,130.88637349010799
132.64000000000001,15.75693096396645,19.0786528,72.88167920000001,130.88637349010799
132.65,15.758976122277971,19.078653,72.8816795,130.88637349010799
132.66,15.761012771920845,19.0786532,72.8816798,130.88637349010799
132.67000000000002,15.76304091066163,19.0786534,72.88168010000001,130.88637349010799
132.68,15.76506053627622,19.0786536,72.88168040000001,130.88637349010799
132.69,15.767071646549844,19.0786538,72.8816807,130.88637349010799
132.7,15.769074239277085,19.078654,72.881681,130.88637349010799
132.71,15.771068312261852,19.0786542,72.88168130000001,130.88637349010799
132.72,15.773053863317392,19.0786544,72.88168160000001,130.88637349010799
132.73,15.775030890266304,19.0786546,72.8816819,130.88637349010799
132.74,15.776999390940553,19.0786548,72.8816822,130.88637349010799
132.75,15.778959363181409,19.078655,72.88168250000001,130.88637349010799
132.76,15.780910804839545,19.0786552,72.88168280000001,130.88637349010799
132.77,15.78285371377496,19.0786554,72.8816831,130.88637349010799
132.78,15.784788087857013,19.0786556,72.8816834,130.88637349010799
132.79,15.786713924964424,19.0786558,72.88168370000001,130.88637349010799
132.8,15.78863122298528,19.078656000000002,72.881684,130.88637349010799
132.81,15.79053997981703,19.0786562,72.8816843,130.88637349010799
132.82,15.792440193366485,19.0786564,72.8816846,130.88637349010799
132.83,15.794331861549832,19.078656600000002,72.88168490000001,130.88637349010799
132.84,15.796214982292618,19.0786568,72.8816852,130.88637349010799
132.85,15.79808955352977,19.078657,72.8816855,130.88637349010799
132.86,15.799955573205605,19.078657200000002,72.8816858,130.88637349010799
132.87,15.801813039273785,19.0786574,72.88168610000001,130.88637349010799
132.88,15.803661949697382,19.0786576,72.8816864,130.88637349010799
132.89000000000001,15.80550230244884,19.078657800000002,72.8816867,130.88637349010799
132.9,15.80733409550998,19.078658,72.881687,130.88637349010799
132.91,15.809157326872015,19.0786582,72.88168730000001,130.88637349010799
132.92000000000002,15.81097199453556,19.078658400000002,72.8816876,130.88637349010799
132.93,15.812778096510598,19.0786586,72.8816879,130.88637349010799
132.94,15.814575630816517,19.0786588,72.8816882,130.88637349010799
132.95,15.816364595482106,19.078659000000002,72.88168850000001,130.88637349010799
132.96,15.818144988545544,19.0786592,72.8816888,130.88637349010799
132.97,15.819916808054412,19.0786594,72.8816891,130.88637349010799
132.98,15.821680052065693,19.0786596,72.8816894,130.88637349010799
132.99,15.823434718645775,19.0786598,72.88168970000001,130.88637349010799
133.0,15.825180805870446,19.07866,72.88169,130.88637349010799
133.01,15.826918311824908,19.0786602,72.8816903,130.88637349010799
133.02,15.828647234603777,19.0786604,72.8816906,130.88637349010799
133.03,15.830367572311074,19.0786606,72.88169090000001,130.88637349010799
133.04,15.832079323060235,19.0786608,72.8816912,130.88637349010799
133.05,15.83378248497413,19.078661,72.8816915,130.88637349010799
133.06,15.83547705618501,19.0786612,72.8816918,130.88637349010799
133.07,15.837163034834585,19.0786614,72.88169210000001,130.88637349010799
133.08,15.838840419073975,19.0786616,72.8816924,130.88637349010799
133.09,15.840509207063713,19.0786618,72.8816927,130.88637349010799
133.1,15.842169396973773,19.078662,72.881693,130.88637349010799
133.11,15.843820986983557,19.0786622,72.88169330000001,130.88637349010799
133.12,15.845463975281886,19.0786624,72.8816936,130.88637349010799
133.13,15.847098360067024,19.0786626,72.8816939,130.88637349010799
133.14000000000001,15.848724139546675,19.0786628,72.8816942,130.88637349010799
133.15,15.850341311937964,19.078663,72.88169450000001,130.88637349010799
133.16,15.851949875467461,19.0786632,72.8816948,130.88637349010799
133.17000000000002,15.853549828371195,19.0786634,72.8816951,130.88637349010799
133.18,15.855141168894598,19.078663600000002,72.8816954,130.88637349010799
133.19,15.856723895292589,19.0786638,72.88169570000001,130.88637349010799
133.2,15.858298005829507,19.078664,72.881696,130.88637349010799
133.21,15.859863498779152,19.078664200000002,72.8816963,130.88637349010799
133.22,15.86142037242476,19.0786644,72.8816966,130.88637349010799
133.23,15.862968625059029,19.0786646,72.88169690000001,130.88637349010799
133.24,15.864508254984123,19.078664800000002,72.8816972,130.88637349010799
133.25,15.866039260511634,19.078665,72.8816975,130.88637349010799
133.26,15.867561639962634,19.0786652,72.8816978,130.88637349010799
133.27,15.86907539166765,19.078665400000002,72.88169810000001,130.88637349010799
133.28,15.870580513966662,19.0786656,72.8816984,130.88637349010799
133.29,15.872077005209114,19.0786658,72.8816987,130.88637349010799
133.3,15.873564863753934,19.078666000000002,72.881699,130.88637349010799
133.31,15.875044087969494,19.0786662,72.88169930000001,130.88637349010799
133.32,15.876514676233644,19.0786664,72.8816996,130.88637349010799
133.33,15.877976626933705,19.078666600000002,72.8816999,130.88637349010799
133.34,15.879429938466462,19.0786668,72.8817002,130.88637349010799
133.35,15.880874609238187,19.078667,72.88170050000001,130.88637349010799
133.36,15.88231063766463,19.0786672,72.8817008,130.88637349010799
133.37,15.883738022170993,19.0786674,72.8817011,130.88637349010799
133.38,15.885156761191983,19.0786676,72.88170140000001,130.88637349010799
133.39000000000001,15.88656685317178,19.0786678,72.88170170000001,130.88637349010799
133.4,15.887968296564038,19.078668,72.881702,130.88637349010799
133.41,15.88936108983191,19.0786682,72.8817023,130.88637349010799
133.42000000000002,15.890745231448026,19.0786684,72.88170260000001,130.88637349010799
133.43,15.8921207198945,19.0786686,72.88170290000001,130.88637349010799
133.44,15.893487553662945,19.0786688,72.8817032,130.88637349010799
133.45,15.894845731254454,19.078669,72.8817035,130.88637349010799
133.46,15.896195251179634,19.0786692,72.88170380000001,130.88637349010799
133.47,15.897536111958551,19.0786694,72.88170410000001,130.88637349010799
133.48,15.8988683121208,19.0786696,72.8817044,130.88637349010799
133.49,15.90019185020546,19.0786698,72.8817047,130.88637349010799
133.5,15.9015067247611,19.07867,72.88170500000001,130.88637349010799
133.51,15.902812934345807,19.0786702,72.88170530000001,130.88637349010799
133.52,15.904110477527162,19.0786704,72.8817056,130.88637349010799
133.53,15.905399352882245,19.0786706,72.8817059,130.88637349010799
133.54,15.906679558997645,19.0786708,72.88170620000001,130.88637349010799
133.55,15.907951094469471,19.078671,72.8817065,130.88637349010799
133.56,15.90921395790331,19.078671200000002,72.8817068,130.88637349010799
133.57,15.910468147914292,19.0786714,72.8817071,130.88637349010799
133.58,15.911713663127042,19.0786716,72.88170740000001,130.88637349010799
133.59,15.912950502175693,19.078671800000002,72.8817077,130.88637349010799
133.6,15.914178663703908,19.078672,72.881708,130.88637349010799
133.61,15.915398146364847,19.0786722,72.8817083,130.88637349010799
133.62,15.916608948821207,19.078672400000002,72.88170860000001,130.88637349010799
133.63,15.917811069745191,19.0786726,72.8817089,130.88637349010799
133.64000000000001,15.919004507818528,19.0786728,72.8817092,130.88637349010799
133.65,15.920189261732462,19.078673000000002,72.8817095,130.88637349010799
133.66,15.921365330187765,19.0786732,72.88170980000001,130.88637349010799
133.67000000000002,15.922532711894743,19.0786734,72.8817101,130.88637349010799
133.68,15.923691405573209,19.078673600000002,72.8817104,130.88637349010799
133.69,15.924841409952517,19.0786738,72.8817107,130.88637349010799
133.7,15.925982723771547,19.078674,72.88171100000001,130.88637349010799
133.71,15.92711534577871,19.078674200000002,72.8817113,130.88637349010799
133.72,15.92823927473194,19.0786744,72.8817116,130.88637349010799
133.73,15.929354509398719,19.0786746,72.8817119,130.88637349010799
133.74,15.930461048556053,19.0786748,72.88171220000001,130.88637349010799
133.75,15.931558890990484,19.078675,72.8817125,130.88637349010799
133.76,15.932648035498092,19.0786752,72.8817128,130.88637349010799
133.77,15.933728480884504,19.0786754,72.8817131,130.88637349010799
133.78,15.93480022596487,19.0786756,72.88171340000001,130.88637349010799
133.79,15.935863269563894,19.0786758,72.8817137,130.88637349010799
133.8,15.936917610515824,19.078676,72.881714,130.88637349010799
133.81,15.937963247664435,19.0786762,72.8817143,130.88637349010799
133.82,15.939000179863065,19.0786764,72.88171460000001,130.88637349010799
133.83,15.94002840597459,19.0786766,72.8817149,130.88637349010799
133.84,15.941047924871432,19.0786768,72.8817152,130.88637349010799
133.85,15.942058735435563,19.078677,72.8817155,130.88637349010799
133.86,15.94306083655851,19.0786772,72.88171580000001,130.88637349010799
133.87,15.94405422714134,19.0786774,72.8817161,130.88637349010799
133.88,15.94503890609468,19.0786776,72.8817164,130.88637349010799
133.89000000000001,15.946014872338717,19.0786778,72.8817167,130.88637349010799
133.9,15.94698212480317,19.078678,72.88171700000001,130.88637349010799
133.91,15.947940662427339,19.0786782,72.8817173,130.88637349010799
133.92000000000002,15.948890484160067,19.0786784,72.8817176,130.88637349010799
133.93,15.949831588959757,19.0786786,72.8817179,130.88637349010799
133.94,15.950763975794372,19.078678800000002,72.88171820000001,130.88637349010799
133.95,15.951687643641435,19.078679,72.8817185,130.88637349010799
133.96,15.952602591488038,19.0786792,72.8817188,130.88637349010799
133.97,15.953508818330818,19.078679400000002,72.8817191,130.88637349010799
133.98,15.954406323175991,19.0786796,72.88171940000001,130.88637349010799
133.99,15.955295105039333,19.0786798,72.8817197,130.88637349010799
134.0,15.956175162946185,19.078680000000002,72.88172,130.88637349010799
134.01,15.957046495931458,19.0786802,72.8817203,130.88637349010799
134.02,15.957909103039627,19.0786804,72.88172060000001,130.88637349010799
134.03,15.958762983324736,19.078680600000002,72.8817209,130.88637349010799
134.04,15.9596081358504,19.0786808,72.8817212,130.88637349010799
134.05,15.960444559689812,19.078681,72.8817215,130.88637349010799
134.06,15.96127225392572,19.078681200000002,72.88172180000001,130.88637349010799
134.07,15.962091217650466,19.0786814,72.8817221,130.88637349010799
134.08,15.962901449965953,19.0786816,72.8817224,130.88637349010799
134.09,15.963702949983656,19.078681800000002,72.8817227,130.88637349010799
134.1,15.96449571682464,19.078682,72.88172300000001,130.88637349010799
134.11,15.965279749619535,19.0786822,72.8817233,130.88637349010799
134.12,15.966055047508553,19.0786824,72.8817236,130.88637349010799
134.13,15.966821609641485,19.0786826,72.88172390000001,130.88637349010799
134.14000000000001,15.967579435177704,19.0786828,72.88172420000001,130.88637349010799
134.15,15.968328523286157,19.078683,72.8817245,130.88637349010799
134.16,15.969068873145378,19.0786832,72.8817248,130.88637349010799
134.17000000000002,15.969800483943489,19.0786834,72.88172510000001,130.88637349010799
134.18,15.970523354878178,19.0786836,72.88172540000001,130.88637349010799
134.19,15.971237485156738,19.0786838,72.8817257,130.88637349010799
134.2,15.971942873996033,19.078684,72.881726,130.88637349010799
134.21,15.97263952062252,19.0786842,72.88172630000001,130.88637349010799
134.22,15.973327424272238,19.0786844,72.88172660000001,130.88637349010799
134.23,15.974006584190818,19.0786846,72.8817269,130.88637349010799
134.24,15.974676999633479,19.0786848,72.8817272,130.88637349010799
134.25,15.975338669865025,19.078685,72.88172750000001,130.88637349010799
134.26,15.97599159415985,19.0786852,72.88172780000001,130.88637349010799
134.27,15.976635771801956,19.0786854,72.8817281,130.88637349010799
134.28,15.97727120208491,19.0786856,72.8817284,130.88637349010799
134.29,15.977897884311892,19.0786858,72.88172870000001,130.88637349010799
134.3,15.978515817795664,19.078686,72.881729,130.88637349010799
134.31,15.979125001858588,19.0786862,72.8817293,130.88637349010799
134.32,15.97972543583262,19.078686400000002,72.8817296,130.88637349010799
134.33,15.98031711905931,19.0786866,72.88172990000001,130.88637349010799
134.34,15.980900050889801,19.0786868,72.8817302,130.88637349010799
134.35,15.981474230684842,19.078687000000002,72.8817305,130.88637349010799
134.36,15.982039657814774,19.0786872,72.8817308,130.88637349010799
134.37,15.982596331659533,19.0786874,72.88173110000001,130.88637349010799
134.38,15.983144251608657,19.078687600000002,72.8817314,130.88637349010799
134.39000000000001,15.983683417061293,19.0786878,72.8817317,130.88637349010799
134.4,15.984213827426172,19.078688,72.881732,130.88637349010799
134.41,15.984735482121637,19.078688200000002,72.88173230000001,130.88637349010799
134.42000000000002,15.98524838057563,19.0786884,72.8817326,130.88637349010799
134.43,15.985752522225695,19.0786886,72.8817329,130.88637349010799
134.44,15.986247906518976,19.078688800000002,72.8817332,130.88637349010799
134.45,15.986734532912227,19.078689,72.88173350000001,130.88637349010799
134.46,15.987212400871801,19.0786892,72.8817338,130.88637349010799
134.47,15.987681509873655,19.078689400000002,72.8817341,130.88637349010799
134.48,15.988141859403356,19.0786896,72.8817344,130.88637349010799
134.49,15.988593448956077,19.0786898,72.88173470000001,130.88637349010799
134.5,15.98903627803659,19.07869,72.881735,130.88637349010799
134.51,15.98947034615928,19.0786902,72.8817353,130.88637349010799
134.52,15.98989565284814,19.0786904,72.8817356,130.88637349010799
134.53,15.990312197636765,19.0786906,72.88173590000001,130.88637349010799
134.54,15.990719980068366,19.0786908,72.8817362,130.88637349010799
134.55,15.991118999695761,19.078691,72.8817365,130.88637349010799
134.56,15.99150925608137,19.0786912,72.8817368,130.88637349010799
134.57,15.991890748797234,19.0786914,72.88173710000001,130.88637349010799
134.58,15.992263477424999,19.0786916,72.8817374,130.88637349010799
134.59,15.992627441555918,19.0786918,72.8817377,130.88637349010799
134.6,15.992982640790867,19.078692,72.881738,130.88637349010799
134.61,15.99332907474032,19.0786922,72.88173830000001,130.88637349010799
134.62,15.993666743024374,19.0786924,72.8817386,130.88637349010799
134.63,15.993995645272733,19.0786926,72.8817389,130.88637349010799
134.64000000000001,15.994315781124714,19.0786928,72.8817392,130.88637349010799
134.65,15.994627150229249,19.078693,72.88173950000001,130.88637349010799
134.66,15.994929752244886,19.0786932,72.8817398,130.88637349010799
134.67000000000002,15.995223586839783,19.0786934,72.8817401,130.88637349010799
134.68,15.995508653691715,19.0786936,72.8817404,130.88637349010799
134.69,15.99578495248807,19.0786938,72.88174070000001,130.88637349010799
134.7,15.996052482925851,19.078694000000002,72.881741,130.88637349010799
134.71,15.996311244711684,19.0786942,72.8817413,130.88637349010799
134.72,15.9965612375618,19.0786944,72.8817416,130.88637349010799
134.73,15.996802461202051,19.078694600000002,72.88174190000001,130.88637349010799
134.74,15.99703491536791,19.0786948,72.8817422,130.88637349010799
134.75,15.997258599804457,19.078695,72.8817425,130.88637349010799
134.76,15.9974735142664,19.078695200000002,72.8817428,130.88637349010799
134.77,15.997679658518056,19.0786954,72.88174310000001,130.88637349010799
134.78,15.99787703233336,19.0786956,72.8817434,130.88637349010799
134.79,15.998065635495873,19.078695800000002,72.8817437,130.88637349010799
134.8,15.998245467798764,19.078696,72.881744,130.88637349010799
134.81,15.998416529044828,19.0786962,72.88174430000001,130.88637349010799
134.82,15.998578819046472,19.078696400000002,72.8817446,130.88637349010799
134.83,15.998732337625729,19.0786966,72.8817449,130.88637349010799
134.84,15.998877084614243,19.0786968,72.8817452,130.88637349010799
134.85,15.999013059853285,19.078697000000002,72.88174550000001,130.88637349010799
134.86,15.99914026319374,19.0786972,72.8817458,130.88637349010799
134.87,15.999258694496111,19.0786974,72.8817461,130.88637349010799
134.88,15.99936835363053,19.0786976,72.8817464,130.88637349010799
134.89000000000001,15.999469240476735,19.0786978,72.88174670000001,130.88637349010799
134.9,15.999561354924097,19.078698,72.881747,130.88637349010799
134.91,15.999644696871599,19.0786982,72.8817473,130.88637349010799
134.92000000000002,15.999719266227846,19.0786984,72.88174760000001,130.88637349010799
134.93,15.999785062911062,19.0786986,72.88174790000001,130.88637349010799
134.94,15.999842086849096,19.0786988,72.8817482,130.88637349010799
134.95,15.999890337979414,19.078699,72.8817485,130.88637349010799
134.96,15.9999298162491,19.0786992,72.88174880000001,130.88637349010799
134.97,15.999960521614867,19.0786994,72.88174910000001,130.88637349010799
134.98,15.999982454043035,19.0786996,72.8817494,130.88637349010799
134.99,15.999995613509556,19.0786998,72.8817497,130.88637349010799
135.0,16.0,19.0787,72.88175000000001,130.88637349010799
135.01,15.999995613509556,19.0787002,72.88175030000001,130.88637349010799
135.02,15.999982454043035,19.0787004,72.8817506,130.88637349010799
135.03,15.999960521614867,19.0787006,72.8817509,130.88637349010799
135.04,15.9999298162491,19.0787008,72.88175120000001,130.88637349010799
135.05,15.999890337979414,19.078701,72.88175150000001,130.88637349010799
135.06,15.999842086849096,19.0787012,72.8817518,130.88637349010799
135.07,15.999785062911062,19.0787014,72.8817521,130.88637349010799
135.08,15.999719266227846,19.078701600000002,72.88175240000001,130.88637349010799
135.09,15.999644696871599,19.0787018,72.8817527,130.88637349010799
135.1,15.999561354924097,19.078702,72.881753,130.88637349010799
135.11,15.999469240476735,19.078702200000002,72.8817533,130.88637349010799
135.12,15.99936835363053,19.0787024,72.88175360000001,130.88637349010799
135.13,15.999258694496113,19.0787026,72.8817539,130.88637349010799
135.14000000000001,15.999140263193738,19.078702800000002,72.8817542,130.88637349010799
135.15,15.999013059853285,19.078703,72.8817545,130.88637349010799
135.16,15.998877084614243,19.0787032,72.88175480000001,130.88637349010799
135.17000000000002,15.998732337625729,19.078703400000002,72.8817551,130.88637349010799
135.18,15.998578819046472,19.0787036,72.8817554,130.88637349010799
135.19,15.998416529044828,19.0787038,72.8817557,130.88637349010799
135.2,15.998245467798764,19.078704000000002,72.88175600000001,130.88637349010799
135.21,15.998065635495873,19.0787042,72.8817563,130.88637349010799
135.22,15.99787703233336,19.0787044,72.8817566,130.88637349010799
135.23,15.997679658518056,19.078704600000002,72.8817569,130.88637349010799
135.24,15.9974735142664,19.0787048,72.88175720000001,130.88637349010799
135.25,15.997258599804457,19.078705,72.8817575,130.88637349010799
135.26,15.997034915367909,19.0787052,72.8817578,130.88637349010799
135.27,15.996802461202051,19.0787054,72.8817581,130.88637349010799
135.28,15.9965612375618,19.0787056,72.88175840000001,130.88637349010799
135.29,15.996311244711684,19.0787058,72.8817587,130.88637349010799
135.3,15.996052482925851,19.078706,72.881759,130.88637349010799
135.31,15.99578495248807,19.0787062,72.8817593,130.88637349010799
135.32,15.995508653691715,19.0787064,72.88175960000001,130.88637349010799
135.33,15.995223586839783,19.0787066,72.8817599,130.88637349010799
135.34,15.994929752244886,19.0787068,72.8817602,130.88637349010799
135.35,15.99462715022925,19.078707,72.8817605,130.88637349010799
135.36,15.994315781124714,19.0787072,72.88176080000001,130.88637349010799
135.37,15.993995645272733,19.0787074,72.8817611,130.88637349010799
135.38,15.993666743024374,19.0787076,72.8817614,130.88637349010799
135.39000000000001,15.99332907474032,19.0787078,72.8817617,130.88637349010799
135.4,15.992982640790867,19.078708,72.88176200000001,130.88637349010799
135.41,15.99262744155592,19.0787082,72.8817623,130.88637349010799
135.42000000000002,15.992263477424997,19.0787084,72.8817626,130.88637349010799
135.43,15.991890748797234,19.0787086,72.8817629,130.88637349010799
135.44,15.99150925608137,19.0787088,72.88176320000001,130.88637349010799
135.45,15.991118999695761,19.078709,72.8817635,130.88637349010799
135.46,15.990719980068366,19.078709200000002,72.8817638,130.88637349010799
135.47,15.990312197636765,19.0787094,72.8817641,130.88637349010799
135.48,15.98989565284814,19.0787096,72.88176440000001,130.88637349010799
135.49,15.98947034615928,19.078709800000002,72.8817647,130.88637349010799
135.5,15.989036278036592,19.07871,72.881765,130.88637349010799
135.51,15.98859344895608,19.0787102,72.8817653,130.88637349010799
135.52,15.98814185940336,19.078710400000002,72.88176560000001,130.88637349010799
135.53,15.987681509873656,19.0787106,72.8817659,130.88637349010799
135.54,15.987212400871801,19.0787108,72.8817662,130.88637349010799
135.55,15.986734532912227,19.078711000000002,72.8817665,130.88637349010799
135.56,15.986247906518976,19.0787112,72.88176680000001,130.88637349010799
135.57,15.985752522225695,19.0787114,72.8817671,130.88637349010799
135.58,15.98524838057563,19.078711600000002,72.8817674,130.88637349010799
135.59,15.984735482121637,19.0787118,72.8817677,130.88637349010799
135.6,15.984213827426174,19.078712,72.88176800000001,130.88637349010799
135.61,15.983683417061293,19.078712200000002,72.8817683,130.88637349010799
135.62,15.98314425160866,19.0787124,72.8817686,130.88637349010799
135.63,15.982596331659533,19.0787126,72.8817689,130.88637349010799
135.64000000000001,15.982039657814772,19.0787128,72.88176920000001,130.88637349010799
135.65,15.981474230684842,19.078713,72.8817695,130.88637349010799
135.66,15.980900050889803,19.0787132,72.8817698,130.88637349010799
135.67000000000002,15.980317119059308,19.0787134,72.88177010000001,130.88637349010799
135.68,15.97972543583262,19.0787136,72.88177040000001,130.88637349010799
135.69,15.979125001858591,19.0787138,72.8817707,130.88637349010799
135.7,15.978515817795666,19.078714,72.881771,130.88637349010799
135.71,15.97789788431189,19.0787142,72.88177130000001,130.88637349010799
135.72,15.977271202084912,19.0787144,72.88177160000001,130.88637349010799
135.73,15.976635771801957,19.0787146,72.8817719,130.88637349010799
135.74,15.975991594159854,19.0787148,72.8817722,130.88637349010799
135.75,15.975338669865025,19.078715,72.88177250000001,130.88637349010799
135.76,15.974676999633477,19.0787152,72.88177280000001,130.88637349010799
135.77,15.97400658419082,19.0787154,72.8817731,130.88637349010799
135.78,15.973327424272238,19.0787156,72.8817734,130.88637349010799
135.79,15.972639520622522,19.0787158,72.88177370000001,130.88637349010799
135.8,15.971942873996035,19.078716,72.88177400000001,130.88637349010799
135.81,15.97123748515674,19.0787162,72.8817743,130.88637349010799
135.82,15.970523354878182,19.0787164,72.8817746,130.88637349010799
135.83,15.969800483943487,19.0787166,72.88177490000001,130.88637349010799
135.84,15.96906887314538,19.078716800000002,72.8817752,130.88637349010799
135.85,15.968328523286157,19.078717,72.8817755,130.88637349010799
135.86,15.967579435177703,19.0787172,72.8817758,130.88637349010799
135.87,15.966821609641485,19.078717400000002,72.88177610000001,130.88637349010799
135.88,15.966055047508554,19.0787176,72.8817764,130.88637349010799
135.89000000000001,15.965279749619533,19.0787178,72.8817767,130.88637349010799
135.9,15.96449571682464,19.078718000000002,72.881777,130.88637349010799
135.91,15.963702949983658,19.0787182,72.88177730000001,130.88637349010799
135.92000000000002,15.96290144996595,19.0787184,72.8817776,130.88637349010799
135.93,15.962091217650467,19.078718600000002,72.8817779,130.88637349010799
135.94,15.961272253925722,19.0787188,72.8817782,130.88637349010799
135.95,15.960444559689812,19.078719,72.88177850000001,130.88637349010799
135.96,15.959608135850402,19.078719200000002,72.8817788,130.88637349010799
135.97,15.958762983324736,19.0787194,72.8817791,130.88637349010799
135.98,15.95790910303963,19.0787196,72.8817794,130.88637349010799
135.99,15.957046495931458,19.078719800000002,72.88177970000001,130.88637349010799
136.0,15.956175162946186,19.07872,72.88178,130.88637349010799
136.01,15.955295105039335,19.0787202,72.8817803,130.88637349010799
136.02,15.95440632317599,19.0787204,72.8817806,130.88637349010799
136.03,15.953508818330818,19.0787206,72.88178090000001,130.88637349010799
136.04,15.952602591488038,19.0787208,72.8817812,130.88637349010799
136.05,15.951687643641439,19.078721,72.8817815,130.88637349010799
136.06,15.950763975794374,19.0787212,72.8817818,130.88637349010799
136.07,15.949831588959757,19.0787214,72.88178210000001,130.88637349010799
136.08,15.948890484160067,19.0787216,72.8817824,130.88637349010799
136.09,15.947940662427339,19.0787218,72.8817827,130.88637349010799
136.1,15.946982124803174,19.078722,72.881783,130.88637349010799
136.11,15.946014872338715,19.0787222,72.88178330000001,130.88637349010799
136.12,15.945038906094684,19.0787224,72.8817836,130.88637349010799
136.13,15.94405422714134,19.0787226,72.8817839,130.88637349010799
136.14000000000001,15.943060836558509,19.0787228,72.8817842,130.88637349010799
136.15,15.942058735435566,19.078723,72.88178450000001,130.88637349010799
136.16,15.941047924871434,19.0787232,72.8817848,130.88637349010799
136.17000000000002,15.940028405974589,19.0787234,72.8817851,130.88637349010799
136.18,15.939000179863065,19.0787236,72.8817854,130.88637349010799
136.19,15.937963247664435,19.0787238,72.88178570000001,130.88637349010799
136.2,15.936917610515826,19.078724,72.881786,130.88637349010799
136.21,15.935863269563896,19.0787242,72.8817863,130.88637349010799
136.22,15.934800225964871,19.078724400000002,72.8817866,130.88637349010799
136.23,15.933728480884504,19.0787246,72.88178690000001,130.88637349010799
136.24,15.932648035498094,19.0787248,72.8817872,130.88637349010799
136.25,15.931558890990484,19.078725000000002,72.8817875,130.88637349010799
136.26,15.930461048556054,19.0787252,72.8817878,130.88637349010799
136.27,15.92935450939872,19.0787254,72.88178810000001,130.88637349010799
136.28,15.928239274731942,19.078725600000002,72.8817884,130.88637349010799
136.29,15.927115345778713,19.0787258,72.8817887,130.88637349010799
136.3,15.925982723771547,19.078726,72.881789,130.88637349010799
136.31,15.924841409952519,19.078726200000002,72.88178930000001,130.88637349010799
136.32,15.923691405573212,19.0787264,72.8817896,130.88637349010799
136.33,15.92253271189474,19.0787266,72.8817899,130.88637349010799
136.34,15.921365330187768,19.078726800000002,72.8817902,130.88637349010799
136.35,15.92018926173246,19.078727,72.88179050000001,130.88637349010799
136.36,15.919004507818524,19.0787272,72.8817908,130.88637349010799
136.37,15.917811069745191,19.078727400000002,72.8817911,130.88637349010799
136.38,15.916608948821208,19.0787276,72.8817914,130.88637349010799
136.39000000000001,15.915398146364847,19.0787278,72.88179170000001,130.88637349010799
136.4,15.914178663703906,19.078728,72.881792,130.88637349010799
136.41,15.912950502175695,19.0787282,72.8817923,130.88637349010799
136.42000000000002,15.911713663127042,19.0787284,72.88179260000001,130.88637349010799
136.43,15.910468147914296,19.0787286,72.88179290000001,130.88637349010799
136.44,15.909213957903313,19.0787288,72.8817932,130.88637349010799
136.45,15.90795109446947,19.078729,72.8817935,130.88637349010799
136.46,15.906679558997647,19.0787292,72.88179380000001,130.88637349010799
136.47,15.905399352882245,19.0787294,72.88179410000001,130.88637349010799
136.48,15.904110477527162,19.0787296,72.8817944,130.88637349010799
136.49,15.902812934345807,19.0787298,72.8817947,130.88637349010799
136.5,15.901506724761102,19.07873,72.88179500000001,130.88637349010799
136.51,15.900191850205461,19.0787302,72.88179530000001,130.88637349010799
136.52,15.8988683121208,19.0787304,72.8817956,130.88637349010799
136.53,15.897536111958555,19.0787306,72.8817959,130.88637349010799
136.54,15.896195251179634,19.0787308,72.88179620000001,130.88637349010799
136.55,15.894845731254458,19.078731,72.88179650000001,130.88637349010799
136.56,15.893487553662943,19.0787312,72.8817968,130.88637349010799
136.57,15.8921207198945,19.0787314,72.8817971,130.88637349010799
136.58,15.890745231448026,19.0787316,72.88179740000001,130.88637349010799
136.59,15.889361089831912,19.0787318,72.8817977,130.88637349010799
136.6,15.887968296564043,19.078732000000002,72.881798,130.88637349010799
136.61,15.886566853171777,19.0787322,72.8817983,130.88637349010799
136.62,15.885156761191983,19.0787324,72.88179860000001,130.88637349010799
136.63,15.883738022170997,19.078732600000002,72.8817989,130.88637349010799
136.64000000000001,15.882310637664627,19.0787328,72.8817992,130.88637349010799
136.65,15.880874609238191,19.078733,72.8817995,130.88637349010799
136.66,15.879429938466464,19.078733200000002,72.88179980000001,130.88637349010799
136.67000000000002,15.877976626933702,19.0787334,72.8818001,130.88637349010799
136.68,15.876514676233642,19.0787336,72.8818004,130.88637349010799
136.69,15.875044087969496,19.078733800000002,72.8818007,130.88637349010799
136.70000000000002,15.873564863753934,19.078734,72.88180100000001,130.88637349010799
136.71,15.872077005209118,19.0787342,72.8818013,130.88637349010799
136.72,15.870580513966662,19.078734400000002,72.8818016,130.88637349010799
136.73,15.869075391667652,19.0787346,72.8818019,130.88637349010799
136.74,15.86756163996264,19.0787348,72.88180220000001,130.88637349010799
136.75,15.866039260511638,19.078735,72.8818025,130.88637349010799
136.76,15.864508254984127,19.0787352,72.8818028,130.88637349010799
136.77,15.862968625059032,19.0787354,72.8818031,130.88637349010799
136.78,15.86142037242476,19.0787356,72.88180340000001,130.88637349010799
136.79,15.85986349877915,19.0787358,72.8818037,130.88637349010799
136.8,15.858298005829509,19.078736,72.881804,130.88637349010799
136.81,15.85672389529259,19.0787362,72.8818043,130.88637349010799
136.82,15.855141168894603,19.0787364,72.88180460000001,130.88637349010799
136.83,15.85354982837119,19.0787366,72.8818049,130.88637349010799
136.84,15.851949875467463,19.0787368,72.8818052,130.88637349010799
136.85,15.850341311937964,19.078737,72.8818055,130.88637349010799
136.86,15.848724139546672,19.0787372,72.88180580000001,130.88637349010799
136.87,15.847098360067026,19.0787374,72.8818061,130.88637349010799
136.88,15.845463975281884,19.0787376,72.8818064,130.88637349010799
136.89000000000001,15.843820986983554,19.0787378,72.8818067,130.88637349010799
136.9,15.842169396973773,19.078738,72.88180700000001,130.88637349010799
136.91,15.840509207063715,19.0787382,72.8818073,130.88637349010799
136.92000000000002,15.838840419073973,19.0787384,72.8818076,130.88637349010799
136.93,15.837163034834585,19.0787386,72.8818079,130.88637349010799
136.94,15.835477056185013,19.0787388,72.88180820000001,130.88637349010799
136.95000000000002,15.833782484974122,19.078739,72.8818085,130.88637349010799
136.96,15.83207932306024,19.0787392,72.8818088,130.88637349010799
136.97,15.830367572311076,19.0787394,72.8818091,130.88637349010799
136.98,15.828647234603778,19.078739600000002,72.88180940000001,130.88637349010799
136.99,15.826918311824908,19.0787398,72.8818097,130.88637349010799
137.0,15.825180805870444,19.07874,72.88181,130.88637349010799
137.01,15.82343471864578,19.078740200000002,72.8818103,130.88637349010799
137.02,15.821680052065695,19.0787404,72.88181060000001,130.88637349010799
137.03,15.819916808054419,19.0787406,72.8818109,130.88637349010799
137.04,15.818144988545551,19.078740800000002,72.8818112,130.88637349010799
137.05,15.816364595482108,19.078741,72.8818115,130.88637349010799
137.06,15.814575630816519,19.0787412,72.88181180000001,130.88637349010799
137.07,15.812778096510598,19.078741400000002,72.8818121,130.88637349010799
137.08,15.81097199453556,19.0787416,72.8818124,130.88637349010799
137.09,15.809157326872018,19.0787418,72.8818127,130.88637349010799
137.1,15.80733409550998,19.078742000000002,72.88181300000001,130.88637349010799
137.11,15.805502302448836,19.0787422,72.8818133,130.88637349010799
137.12,15.803661949697386,19.0787424,72.8818136,130.88637349010799
137.13,15.80181303927379,19.0787426,72.8818139,130.88637349010799
137.14000000000001,15.799955573205601,19.0787428,72.88181420000001,130.88637349010799
137.15,15.798089553529774,19.078743,72.8818145,130.88637349010799
137.16,15.796214982292618,19.0787432,72.8818148,130.88637349010799
137.17000000000002,15.794331861549828,19.0787434,72.88181510000001,130.88637349010799
137.18,15.792440193366488,19.0787436,72.88181540000001,130.88637349010799
137.19,15.790539979817032,19.0787438,72.8818157,130.88637349010799
137.20000000000002,15.78863122298528,19.078744,72.881816,130.88637349010799
137.21,15.786713924964424,19.0787442,72.88181630000001,130.88637349010799
137.22,15.78478808785701,19.0787444,72.88181660000001,130.88637349010799
137.23,15.782853713774966,19.0787446,72.8818169,130.88637349010799
137.24,15.780910804839547,19.0787448,72.8818172,130.88637349010799
137.25,15.778959363181414,19.078745,72.88181750000001,130.88637349010799
137.26,15.776999390940553,19.0787452,72.88181780000001,130.88637349010799
137.27,15.775030890266308,19.0787454,72.8818181,130.88637349010799
137.28,15.773053863317394,19.0787456,72.8818184,130.88637349010799
137.29,15.771068312261853,19.0787458,72.88181870000001,130.88637349010799
137.3,15.769074239277089,19.078746,72.88181900000001,130.88637349010799
137.31,15.767071646549848,19.0787462,72.8818193,130.88637349010799
137.32,15.765060536276222,19.0787464,72.8818196,130.88637349010799
137.33,15.763040910661626,19.0787466,72.88181990000001,130.88637349010799
137.34,15.76101277192085,19.0787468,72.8818202,130.88637349010799
137.35,15.758976122277979,19.078747,72.8818205,130.88637349010799
137.36,15.756930963966447,19.078747200000002,72.8818208,130.88637349010799
137.37,15.754877299229033,19.0787474,72.88182110000001,130.88637349010799
137.38,15.752815130317828,19.0787476,72.8818214,130.88637349010799
137.39000000000001,15.750744459494253,19.078747800000002,72.8818217,130.88637349010799
137.4,15.748665289029049,19.078748,72.881822,130.88637349010799
137.41,15.746577621202285,19.0787482,72.88182230000001,130.88637349010799
137.42000000000002,15.74448145830334,19.078748400000002,72.8818226,130.88637349010799
137.43,15.742376802630922,19.0787486,72.8818229,130.88637349010799
137.44,15.740263656493045,19.0787488,72.8818232,130.88637349010799
137.45000000000002,15.738142022207011,19.078749000000002,72.88182350000001,130.88637349010799
137.46,15.73601190209948,19.0787492,72.8818238,130.88637349010799
137.47,15.733873298506378,19.0787494,72.8818241,130.88637349010799
137.48,15.731726213772943,19.078749600000002,72.8818244,130.88637349010799
137.49,15.729570650253716,19.0787498,72.88182470000001,130.88637349010799
137.5,15.72740661031255,19.07875,72.881825,130.88637349010799
137.51,15.725234096322563,19.0787502,72.8818253,130.88637349010799
137.52,15.72305311066619,19.0787504,72.8818256,130.88637349010799
137.53,15.720863655735151,19.0787506,72.88182590000001,130.88637349010799
137.54,15.718665733930457,19.0787508,72.8818262,130.88637349010799
137.55,15.71645934766238,19.078751,72.8818265,130.88637349010799
137.56,15.71424449935052,19.0787512,72.8818268,130.88637349010799
137.57,15.712021191423709,19.0787514,72.88182710000001,130.88637349010799
137.58,15.709789426320077,19.0787516,72.8818274,130.88637349010799
137.59,15.707549206487037,19.0787518,72.8818277,130.88637349010799
137.6,15.705300534381266,19.078752,72.881828,130.88637349010799
137.61,15.7030434124687,19.0787522,72.88182830000001,130.88637349010799
137.62,15.700777843224557,19.0787524,72.8818286,130.88637349010799
137.63,15.69850382913331,19.0787526,72.8818289,130.88637349010799
137.64000000000001,15.696221372688683,19.0787528,72.8818292,130.88637349010799
137.65,15.69393047639369,19.078753,72.88182950000001,130.88637349010799
137.66,15.69163114276057,19.0787532,72.8818298,130.88637349010799
137.67000000000002,15.689323374310817,19.0787534,72.8818301,130.88637349010799
137.68,15.68700717357519,19.0787536,72.8818304,130.88637349010799
137.69,15.684682543093686,19.0787538,72.88183070000001,130.88637349010799
137.70000000000002,15.682349485415543,19.078754,72.881831,130.88637349010799
137.71,15.68000800309925,19.0787542,72.8818313,130.88637349010799
137.72,15.677658098712534,19.0787544,72.8818316,130.88637349010799
137.73,15.675299774832348,19.0787546,72.88183190000001,130.88637349010799
137.74,15.67293303404487,19.078754800000002,72.8818322,130.88637349010799
137.75,15.670557878945546,19.078755,72.8818325,130.88637349010799
137.76,15.668174312139008,19.0787552,72.8818328,130.88637349010799
137.77,15.665782336239136,19.078755400000002,72.88183310000001,130.88637349010799
137.78,15.66338195386902,19.0787556,72.8818334,130.88637349010799
137.79,15.66097316766098,19.0787558,72.8818337,130.88637349010799
137.8,15.658555980256537,19.078756000000002,72.881834,130.88637349010799
137.81,15.656130394306441,19.0787562,72.88183430000001,130.88637349010799
137.82,15.653696412470646,19.0787564,72.8818346,130.88637349010799
137.83,15.651254037418301,19.078756600000002,72.8818349,130.88637349010799
137.84,15.648803271827777,19.0787568,72.8818352,130.88637349010799
137.85,15.646344118386644,19.078757,72.88183550000001,130.88637349010799
137.86,15.643876579791646,19.078757200000002,72.8818358,130.88637349010799
137.87,15.641400658748768,19.0787574,72.8818361,130.88637349010799
137.88,15.638916357973148,19.0787576,72.8818364,130.88637349010799
137.89000000000001,15.636423680189116,19.0787578,72.88183670000001,130.88637349010799
137.9,15.633922628130215,19.078758,72.881837,130.88637349010799
137.91,15.631413204539149,19.0787582,72.8818373,130.88637349010799
137.92000000000002,15.628895412167804,19.0787584,72.88183760000001,130.88637349010799
137.93,15.626369253777261,19.0787586,72.88183790000001,130.88637349010799
137.94,15.623834732137755,19.0787588,72.8818382,130.88637349010799
137.95000000000002,15.621291850028687,19.078759,72.8818385,130.88637349010799
137.96,15.618740610238664,19.0787592,72.88183880000001,130.88637349010799
137.97,15.616181015565413,19.0787594,72.88183910000001,130.88637349010799
137.98,15.613613068815859,19.0787596,72.8818394,130.88637349010799
137.99,15.611036772806052,19.0787598,72.8818397,130.88637349010799
138.0,15.60845213036123,19.07876,72.88184000000001,130.88637349010799
138.01,15.605859144315769,19.0787602,72.88184030000001,130.88637349010799
138.02,15.603257817513187,19.0787604,72.8818406,130.88637349010799
138.03,15.600648152806171,19.0787606,72.8818409,130.88637349010799
138.04,15.598030153056541,19.0787608,72.88184120000001,130.88637349010799
138.05,15.595403821135228,19.078761,72.88184150000001,130.88637349010799
138.06,15.592769159922359,19.0787612,72.8818418,130.88637349010799
138.07,15.590126172307144,19.0787614,72.8818421,130.88637349010799
138.08,15.587474861187943,19.0787616,72.88184240000001,130.88637349010799
138.09,15.584815229472259,19.0787618,72.8818427,130.88637349010799
138.1,15.58214728007669,19.078762,72.881843,130.88637349010799
138.11,15.579471015926966,19.0787622,72.8818433,130.88637349010799
138.12,15.576786439957953,19.078762400000002,72.88184360000001,130.88637349010799
138.13,15.57409355511361,19.0787626,72.8818439,130.88637349010799
138.14000000000001,15.571392364347012,19.0787628,72.8818442,130.88637349010799
138.15,15.56868287062036,19.078763000000002,72.8818445,130.88637349010799
138.16,15.565965076904938,19.0787632,72.88184480000001,130.88637349010799
138.17000000000002,15.563238986181124,19.0787634,72.8818451,130.88637349010799
138.18,15.560504601438438,19.078763600000002,72.8818454,130.88637349010799
138.19,15.557761925675452,19.0787638,72.8818457,130.88637349010799
138.20000000000002,15.55501096189985,19.078764,72.88184600000001,130.88637349010799
138.21,15.552251713128399,19.078764200000002,72.8818463,130.88637349010799
138.22,15.549484182386955,19.0787644,72.8818466,130.88637349010799
138.23,15.54670837271046,19.0787646,72.8818469,130.88637349010799
138.24,15.54392428714291,19.078764800000002,72.88184720000001,130.88637349010799
138.25,15.541131928737432,19.078765,72.8818475,130.88637349010799
138.26,15.538331300556159,19.0787652,72.8818478,130.88637349010799
138.27,15.535522405670326,19.0787654,72.8818481,130.88637349010799
138.28,15.532705247160244,19.0787656,72.88184840000001,130.88637349010799
138.29,15.529879828115263,19.0787658,72.8818487,130.88637349010799
138.3,15.527046151633801,19.078766,72.881849,130.88637349010799
138.31,15.524204220823345,19.0787662,72.8818493,130.88637349010799
138.32,15.521354038800403,19.0787664,72.88184960000001,130.88637349010799
138.33,15.518495608690555,19.0787666,72.8818499,130.88637349010799
138.34,15.515628933628426,19.0787668,72.8818502,130.88637349010799
138.35,15.512754016757675,19.078767,72.8818505,130.88637349010799
138.36,15.509870861230986,19.0787672,72.88185080000001,130.88637349010799
138.37,15.506979470210123,19.0787674,72.8818511,130.88637349010799
138.38,15.504079846865825,19.0787676,72.8818514,130.88637349010799
138.39000000000001,15.501171994377884,19.0787678,72.8818517,130.88637349010799
138.4,15.49825591593513,19.078768,72.88185200000001,130.88637349010799
138.41,15.495331614735397,19.0787682,72.8818523,130.88637349010799
138.42000000000002,15.492399093985538,19.0787684,72.8818526,130.88637349010799
138.43,15.489458356901421,19.0787686,72.8818529,130.88637349010799
138.44,15.486509406707928,19.0787688,72.88185320000001,130.88637349010799
138.45000000000002,15.483552246638933,19.078769,72.8818535,130.88637349010799
138.46,15.480586879937341,19.0787692,72.8818538,130.88637349010799
138.47,15.477613309855043,19.0787694,72.8818541,130.88637349010799
138.48,15.4746315396529,19.0787696,72.88185440000001,130.88637349010799
138.49,15.4716415726008,19.0787698,72.8818547,130.88637349010799
138.5,15.468643411977615,19.078770000000002,72.881855,130.88637349010799
138.51,15.46563706107119,19.0787702,72.8818553,130.88637349010799
138.52,15.462622523178354,19.0787704,72.88185560000001,130.88637349010799
138.53,15.459599801604929,19.078770600000002,72.8818559,130.88637349010799
138.54,15.456568899665694,19.0787708,72.8818562,130.88637349010799
138.55,15.453529820684388,19.078771,72.8818565,130.88637349010799
138.56,15.450482567993763,19.078771200000002,72.88185680000001,130.88637349010799
138.57,15.447427144935489,19.0787714,72.8818571,130.88637349010799
138.58,15.44436355486021,19.0787716,72.8818574,130.88637349010799
138.59,15.441291801127534,19.078771800000002,72.8818577,130.88637349010799
138.6,15.438211887106014,19.078772,72.88185800000001,130.88637349010799
138.61,15.435123816173148,19.0787722,72.8818583,130.88637349010799
138.62,15.432027591715393,19.078772400000002,72.8818586,130.88637349010799
138.63,15.428923217128142,19.0787726,72.8818589,130.88637349010799
138.64000000000001,15.425810695815706,19.0787728,72.88185920000001,130.88637349010799
138.65,15.422690031191358,19.078773,72.8818595,130.88637349010799
138.66,15.419561226677295,19.0787732,72.8818598,130.88637349010799
138.67000000000002,15.41642428570461,19.0787734,72.88186010000001,130.88637349010799
138.68,15.413279211713377,19.0787736,72.88186040000001,130.88637349010799
138.69,15.410126008152538,19.0787738,72.8818607,130.88637349010799
138.70000000000002,15.406964678479957,19.078774,72.881861,130.88637349010799
138.71,15.403795226162437,19.0787742,72.88186130000001,130.88637349010799
138.72,15.400617654675663,19.0787744,72.88186160000001,130.88637349010799
138.73,15.397431967504236,19.0787746,72.8818619,130.88637349010799
138.74,15.394238168141648,19.0787748,72.8818622,130.88637349010799
138.75,15.391036260090296,19.078775,72.88186250000001,130.88637349010799
138.76,15.387826246861465,19.0787752,72.88186280000001,130.88637349010799
138.77,15.384608131975309,19.0787754,72.8818631,130.88637349010799
138.78,15.381381918960919,19.0787756,72.8818634,130.88637349010799
138.79,15.378147611356217,19.0787758,72.88186370000001,130.88637349010799
138.8,15.374905212708006,19.078776,72.88186400000001,130.88637349010799
138.81,15.37165472657199,19.0787762,72.8818643,130.88637349010799
138.82,15.36839615651272,19.0787764,72.8818646,130.88637349010799
138.83,15.36512950610361,19.0787766,72.88186490000001,130.88637349010799
138.84,15.36185477892696,19.0787768,72.88186520000001,130.88637349010799
138.85,15.35857197857391,19.078777,72.8818655,130.88637349010799
138.86,15.35528110864442,19.0787772,72.8818658,130.88637349010799
138.87,15.351982172747373,19.0787774,72.88186610000001,130.88637349010799
138.88,15.348675174500436,19.078777600000002,72.8818664,130.88637349010799
138.89000000000001,15.345360117530134,19.0787778,72.8818667,130.88637349010799
138.9,15.342037005471852,19.078778,72.881867,130.88637349010799
138.91,15.338705841969775,19.078778200000002,72.88186730000001,130.88637349010799
138.92000000000002,15.33536663067693,19.0787784,72.8818676,130.88637349010799
138.93,15.332019375255182,19.0787786,72.8818679,130.88637349010799
138.94,15.328664079375205,19.078778800000002,72.8818682,130.88637349010799
138.95000000000002,15.325300746716483,19.078779,72.88186850000001,130.88637349010799
138.96,15.32192938096734,19.0787792,72.8818688,130.88637349010799
138.97,15.318549985824882,19.078779400000002,72.8818691,130.88637349010799
138.98,15.315162564995024,19.0787796,72.8818694,130.88637349010799
138.99,15.311767122192489,19.0787798,72.88186970000001,130.88637349010799
139.0,15.308363661140806,19.078780000000002,72.88187,130.88637349010799
139.01,15.30495218557229,19.0787802,72.8818703,130.88637349010799
139.02,15.301532699228023,19.0787804,72.8818706,130.88637349010799
139.03,15.298105205857908,19.0787806,72.88187090000001,130.88637349010799
139.04,15.294669709220607,19.0787808,72.8818712,130.88637349010799
139.05,15.291226213083558,19.078781,72.8818715,130.88637349010799
139.06,15.287774721222986,19.0787812,72.8818718,130.88637349010799
139.07,15.284315237423883,19.0787814,72.88187210000001,130.88637349010799
139.08,15.280847765479962,19.0787816,72.8818724,130.88637349010799
139.09,15.277372309193769,19.0787818,72.8818727,130.88637349010799
139.1,15.27388887237655,19.078782,72.881873,130.88637349010799
139.11,15.270397458848318,19.0787822,72.88187330000001,130.88637349010799
139.12,15.26689807243785,19.0787824,72.8818736,130.88637349010799
139.13,15.263390716982641,19.0787826,72.8818739,130.88637349010799
139.14000000000001,15.259875396328933,19.0787828,72.8818742,130.88637349010799
139.15,15.256352114331717,19.078783,72.88187450000001,130.88637349010799
139.16,15.252820874854706,19.0787832,72.8818748,130.88637349010799
139.17000000000002,15.24928168177031,19.0787834,72.8818751,130.88637349010799
139.18,15.245734538959734,19.0787836,72.8818754,130.88637349010799
139.19,15.242179450312817,19.0787838,72.88187570000001,130.88637349010799
139.20000000000002,15.238616419728155,19.078784,72.881876,130.88637349010799
139.21,15.23504545111306,19.0787842,72.8818763,130.88637349010799
139.22,15.231466548383533,19.0787844,72.8818766,130.88637349010799
139.23,15.227879715464283,19.0787846,72.88187690000001,130.88637349010799
139.24,15.224284956288697,19.0787848,72.8818772,130.88637349010799
139.25,15.220682274798884,19.078785,72.8818775,130.88637349010799
139.26,15.217071674945629,19.078785200000002,72.8818778,130.88637349010799
139.27,15.21345316068837,19.0787854,72.88187810000001,130.88637349010799
139.28,15.209826735995296,19.0787856,72.8818784,130.88637349010799
139.29,15.20619240484319,19.078785800000002,72.8818787,130.88637349010799
139.3,15.202550171217549,19.078786,72.881879,130.88637349010799
139.31,15.198900039112537,19.0787862,72.88187930000001,130.88637349010799
139.32,15.195242012530969,19.078786400000002,72.8818796,130.88637349010799
139.33,15.191576095484312,19.0787866,72.8818799,130.88637349010799
139.34,15.187902291992712,19.0787868,72.8818802,130.88637349010799
139.35,15.184220606084928,19.078787000000002,72.88188050000001,130.88637349010799
139.36,15.180531041798375,19.0787872,72.8818808,130.88637349010799
139.37,15.176833603179132,19.0787874,72.8818811,130.88637349010799
139.38,15.17312829428189,19.078787600000002,72.8818814,130.88637349010799
139.39000000000001,15.169415119169955,19.0787878,72.88188170000001,130.88637349010799
139.4,15.165694081915305,19.078788,72.881882,130.88637349010799
139.41,15.161965186598497,19.0787882,72.8818823,130.88637349010799
139.42000000000002,15.158228437308718,19.0787884,72.8818826,130.88637349010799
139.43,15.154483838143786,19.0787886,72.88188290000001,130.88637349010799
139.44,15.150731393210114,19.0787888,72.8818832,130.88637349010799
139.45000000000002,15.146971106622697,19.078789,72.8818835,130.88637349010799
139.46,15.143202982505173,19.0787892,72.88188380000001,130.88637349010799
139.47,15.139427024989747,19.0787894,72.88188410000001,130.88637349010799
139.48,15.135643238217211,19.0787896,72.8818844,130.88637349010799
139.49,15.13185162633695,19.0787898,72.8818847,130.88637349010799
139.5,15.12805219350695,19.07879,72.88188500000001,130.88637349010799
139.51,15.124244943893732,19.0787902,72.88188530000001,130.88637349010799
139.52,15.120429881672418,19.0787904,72.8818856,130.88637349010799
139.53,15.116607011026703,19.0787906,72.8818859,130.88637349010799
139.54,15.112776336148826,19.0787908,72.88188620000001,130.88637349010799
139.55,15.10893786123959,19.078791,72.88188650000001,130.88637349010799
139.56,15.105091590508357,19.0787912,72.8818868,130.88637349010799
139.57,15.101237528173037,19.0787914,72.8818871,130.88637349010799
139.58,15.09737567846006,19.0787916,72.88188740000001,130.88637349010799
139.59,15.093506045604453,19.0787918,72.88188770000001,130.88637349010799
139.6,15.089628633849726,19.078792,72.881888,130.88637349010799
139.61,15.085743447447921,19.0787922,72.8818883,130.88637349010799
139.62,15.081850490659644,19.0787924,72.88188860000001,130.88637349010799
139.63,15.077949767753989,19.0787926,72.8818889,130.88637349010799
139.64000000000001,15.074041283008574,19.078792800000002,72.8818892,130.88637349010799
139.65,15.070125040709543,19.078793,72.8818895,130.88637349010799
139.66,15.066201045151537,19.0787932,72.88188980000001,130.88637349010799
139.67000000000002,15.062269300637677,19.078793400000002,72.8818901,130.88637349010799
139.68,15.058329811479624,19.0787936,72.8818904,130.88637349010799
139.69,15.054382581997508,19.0787938,72.8818907,130.88637349010799
139.70000000000002,15.05042761651993,19.078794000000002,72.88189100000001,130.88637349010799
139.71,15.046464919384032,19.0787942,72.8818913,130.88637349010799
139.72,15.042494494935365,19.0787944,72.8818916,130.88637349010799
139.73,15.038516347527999,19.078794600000002,72.8818919,130.88637349010799
139.74,15.034530481524449,19.0787948,72.88189220000001,130.88637349010799
139.75,15.030536901295722,19.078795,72.8818925,130.88637349010799
139.76,15.026535611221274,19.078795200000002,72.8818928,130.88637349010799
139.77,15.022526615688971,19.0787954,72.8818931,130.88637349010799
139.78,15.018509919095216,19.0787956,72.88189340000001,130.88637349010799
139.79,15.014485525844783,19.0787958,72.8818937,130.88637349010799
139.8,15.010453440350908,19.078796,72.881894,130.88637349010799
139.81,15.006413667035286,19.0787962,72.8818943,130.88637349010799
139.82,15.00236621032802,19.0787964,72.88189460000001,130.88637349010799
139.83,14.998311074667622,19.0787966,72.8818949,130.88637349010799
139.84,14.99424826450107,19.0787968,72.8818952,130.88637349010799
139.85,14.990177784283723,19.078797,72.8818955,130.88637349010799
139.86,14.986099638479356,19.0787972,72.88189580000001,130.88637349010799
139.87,14.982013831560169,19.0787974,72.8818961,130.88637349010799
139.88,14.977920368006757,19.0787976,72.8818964,130.88637349010799
139.89000000000001,14.973819252308065,19.0787978,72.8818967,130.88637349010799
139.9,14.969710488961518,19.078798,72.88189700000001,130.88637349010799
139.91,14.965594082472848,19.0787982,72.8818973,130.88637349010799
139.92000000000002,14.9614700373562,19.0787984,72.8818976,130.88637349010799
139.93,14.95733835813412,19.0787986,72.8818979,130.88637349010799
139.94,14.953199049337474,19.0787988,72.88189820000001,130.88637349010799
139.95000000000002,14.949052115505527,19.078799,72.8818985,130.88637349010799
139.96,14.944897561185911,19.0787992,72.8818988,130.88637349010799
139.97,14.940735390934597,19.0787994,72.8818991,130.88637349010799
139.98,14.936565609315931,19.0787996,72.88189940000001,130.88637349010799
139.99,14.932388220902547,19.0787998,72.8818997,130.88637349010799
140.0,14.928203230275514,19.0788,72.8819,130.88637349010799
140.01,14.924010642024157,19.0788002,72.8819003,130.88637349010799
140.02,14.919810460746163,19.078800400000002,72.88190060000001,130.88637349010799
140.03,14.915602691047562,19.0788006,72.8819009,130.88637349010799
140.04,14.911387337542688,19.0788008,72.8819012,130.88637349010799
140.05,14.907164404854171,19.078801000000002,72.8819015,130.88637349010799
140.06,14.902933897613,19.0788012,72.88190180000001,130.88637349010799
140.07,14.898695820458439,19.0788014,72.8819021,130.88637349010799
140.08,14.894450178038033,19.078801600000002,72.8819024,130.88637349010799
140.09,14.8901969750077,19.0788018,72.8819027,130.88637349010799
140.1,14.885936216031556,19.078802,72.88190300000001,130.88637349010799
140.11,14.881667905782052,19.078802200000002,72.8819033,130.88637349010799
140.12,14.877392048939928,19.0788024,72.8819036,130.88637349010799
140.13,14.87310865019418,19.0788026,72.8819039,130.88637349010799
140.14000000000001,14.86881771424207,19.078802800000002,72.88190420000001,130.88637349010799
140.15,14.864519245789158,19.078803,72.8819045,130.88637349010799
140.16,14.860213249549219,19.0788032,72.8819048,130.88637349010799
140.17000000000002,14.855899730244309,19.0788034,72.8819051,130.88637349010799
140.18,14.851578692604742,19.0788036,72.88190540000001,130.88637349010799
140.19,14.847250141369067,19.0788038,72.8819057,130.88637349010799
140.20000000000002,14.842914081284048,19.078804,72.881906,130.88637349010799
140.21,14.838570517104738,19.0788042,72.88190630000001,130.88637349010799
140.22,14.834219453594365,19.0788044,72.88190660000001,130.88637349010799
140.23,14.82986089552441,19.0788046,72.8819069,130.88637349010799
140.24,14.825494847674559,19.0788048,72.8819072,130.88637349010799
140.25,14.821121314832741,19.078805,72.88190750000001,130.88637349010799
140.26,14.81674030179505,19.0788052,72.88190780000001,130.88637349010799
140.27,14.812351813365805,19.0788054,72.8819081,130.88637349010799
140.28,14.807955854357534,19.0788056,72.8819084,130.88637349010799
140.29,14.803552429590944,19.0788058,72.88190870000001,130.88637349010799
140.3,14.799141543894901,19.078806,72.88190900000001,130.88637349010799
140.31,14.794723202106539,19.0788062,72.8819093,130.88637349010799
140.32,14.79029740907106,19.0788064,72.8819096,130.88637349010799
140.33,14.7858641696419,19.0788066,72.88190990000001,130.88637349010799
140.34,14.781423488680666,19.0788068,72.88191020000001,130.88637349010799
140.35,14.776975371057096,19.078807,72.8819105,130.88637349010799
140.36,14.772519821649102,19.0788072,72.8819108,130.88637349010799
140.37,14.768056845342738,19.0788074,72.88191110000001,130.88637349010799
140.38,14.76358644703221,19.0788076,72.8819114,130.88637349010799
140.39000000000001,14.759108631619833,19.0788078,72.8819117,130.88637349010799
140.4,14.754623404016122,19.078808000000002,72.881912,130.88637349010799
140.41,14.750130769139655,19.0788082,72.88191230000001,130.88637349010799
140.42000000000002,14.745630731917148,19.0788084,72.8819126,130.88637349010799
140.43,14.74112329728346,19.078808600000002,72.8819129,130.88637349010799
140.44,14.73660847018154,19.0788088,72.8819132,130.88637349010799
140.45000000000002,14.732086255562443,19.078809,72.88191350000001,130.88637349010799
140.46,14.727556658385348,19.078809200000002,72.8819138,130.88637349010799
140.47,14.723019683617512,19.0788094,72.8819141,130.88637349010799
140.48,14.718475336234274,19.0788096,72.8819144,130.88637349010799
140.49,14.713923621219049,19.078809800000002,72.88191470000001,130.88637349010799
140.5,14.709364543563396,19.07881,72.881915,130.88637349010799
140.51,14.704798108266871,19.0788102,72.8819153,130.88637349010799
140.52,14.700224320337139,19.078810400000002,72.8819156,130.88637349010799
140.53,14.695643184789915,19.0788106,72.88191590000001,130.88637349010799
140.54,14.691054706648984,19.0788108,72.8819162,130.88637349010799
140.55,14.68645889094616,19.078811,72.8819165,130.88637349010799
140.56,14.681855742721336,19.0788112,72.8819168,130.88637349010799
140.57,14.677245267022421,19.0788114,72.88191710000001,130.88637349010799
140.58,14.672627468905368,19.0788116,72.8819174,130.88637349010799
140.59,14.668002353434158,19.0788118,72.8819177,130.88637349010799
140.6,14.663369925680803,19.078812,72.881918,130.88637349010799
140.61,14.658730190725299,19.0788122,72.88191830000001,130.88637349010799
140.62,14.65408315365573,19.0788124,72.8819186,130.88637349010799
140.63,14.649428819568122,19.0788126,72.8819189,130.88637349010799
140.64000000000001,14.644767193566501,19.0788128,72.8819192,130.88637349010799
140.65,14.64009828076294,19.078813,72.88191950000001,130.88637349010799
140.66,14.635422086277465,19.0788132,72.8819198,130.88637349010799
140.67000000000002,14.630738615238087,19.0788134,72.8819201,130.88637349010799
140.68,14.626047872780827,19.0788136,72.8819204,130.88637349010799
140.69,14.621349864049662,19.0788138,72.88192070000001,130.88637349010799
140.70000000000002,14.616644594196488,19.078814,72.881921,130.88637349010799
140.71,14.611932068381268,19.0788142,72.8819213,130.88637349010799
140.72,14.60721229177183,19.0788144,72.8819216,130.88637349010799
140.73,14.602485269544,19.0788146,72.88192190000001,130.88637349010799
140.74,14.597751006881532,19.0788148,72.8819222,130.88637349010799
140.75,14.593009508976127,19.078815,72.8819225,130.88637349010799
140.76,14.588260781027422,19.0788152,72.8819228,130.88637349010799
140.77,14.583504828242969,19.0788154,72.88192310000001,130.88637349010799
140.78,14.57874165583827,19.078815600000002,72.8819234,130.88637349010799
140.79,14.573971269036734,19.0788158,72.8819237,130.88637349010799
140.8,14.569193673069629,19.078816,72.881924,130.88637349010799
140.81,14.56440887317623,19.078816200000002,72.88192430000001,130.88637349010799
140.82,14.559616874603623,19.0788164,72.8819246,130.88637349010799
140.83,14.554817682606826,19.0788166,72.8819249,130.88637349010799
140.84,14.550011302448755,19.078816800000002,72.8819252,130.88637349010799
140.85,14.545197739400194,19.078817,72.88192550000001,130.88637349010799
140.86,14.540376998739783,19.0788172,72.8819258,130.88637349010799
140.87,14.535549085754077,19.078817400000002,72.8819261,130.88637349010799
140.88,14.53071400573747,19.0788176,72.8819264,130.88637349010799
140.89000000000001,14.52587176399221,19.0788178,72.88192670000001,130.88637349010799
140.9,14.521022365828433,19.078818000000002,72.881927,130.88637349010799
140.91,14.516165816564083,19.0788182,72.8819273,130.88637349010799
140.92000000000002,14.511302121524936,19.0788184,72.8819276,130.88637349010799
140.93,14.50643128604468,19.0788186,72.88192790000001,130.88637349010799
140.94,14.501553315464752,19.0788188,72.8819282,130.88637349010799
140.95000000000002,14.496668215134441,19.078819,72.8819285,130.88637349010799
140.96,14.49177599041089,19.0788192,72.88192880000001,130.88637349010799
140.97,14.486876646658988,19.0788194,72.88192910000001,130.88637349010799
140.98,14.481970189251493,19.0788196,72.8819294,130.88637349010799
140.99,14.477056623568899,19.0788198,72.8819297,130.88637349010799
141.0,14.472135954999583,19.07882,72.88193000000001,130.88637349010799
141.01,14.467208188939637,19.0788202,72.88193030000001,130.88637349010799
141.02,14.462273330792943,19.0788204,72.8819306,130.88637349010799
141.03,14.457331385971205,19.0788206,72.8819309,130.88637349010799
141.04,14.452382359893864,19.0788208,72.88193120000001,130.88637349010799
141.05,14.447426257988123,19.078821,72.88193150000001,130.88637349010799
141.06,14.442463085688981,19.0788212,72.8819318,130.88637349010799
141.07,14.437492848439138,19.0788214,72.8819321,130.88637349010799
141.08,14.432515551689075,19.0788216,72.88193240000001,130.88637349010799
141.09,14.427531200897018,19.0788218,72.88193270000001,130.88637349010799
141.1,14.422539801528922,19.078822,72.881933,130.88637349010799
141.11,14.417541359058434,19.0788222,72.8819333,130.88637349010799
141.12,14.41253587896702,19.0788224,72.88193360000001,130.88637349010799
141.13,14.407523366743748,19.0788226,72.8819339,130.88637349010799
141.14000000000001,14.402503827885464,19.0788228,72.8819342,130.88637349010799
141.15,14.397477267896722,19.078823,72.8819345,130.88637349010799
141.16,14.392443692289756,19.078823200000002,72.88193480000001,130.88637349010799
141.17000000000002,14.387403106584499,19.0788234,72.8819351,130.88637349010799
141.18,14.382355516308568,19.0788236,72.8819354,130.88637349010799
141.19,14.377300926997266,19.078823800000002,72.8819357,130.88637349010799
141.20000000000002,14.372239344193563,19.078824,72.88193600000001,130.88637349010799
141.21,14.36717077344812,19.0788242,72.8819363,130.88637349010799
141.22,14.362095220319254,19.078824400000002,72.8819366,130.88637349010799
141.23,14.357012690372901,19.0788246,72.8819369,130.88637349010799
141.24,14.351923189182685,19.0788248,72.88193720000001,130.88637349010799
141.25,14.346826722329883,19.078825000000002,72.8819375,130.88637349010799
141.26,14.34172329540339,19.0788252,72.8819378,130.88637349010799
141.27,14.33661291399973,19.0788254,72.8819381,130.88637349010799
141.28,14.33149558372309,19.078825600000002,72.88193840000001,130.88637349010799
141.29,14.326371310185229,19.0788258,72.8819387,130.88637349010799
141.3,14.321240099005518,19.078826,72.881939,130.88637349010799
141.31,14.31610195581101,19.0788262,72.8819393,130.88637349010799
141.32,14.310956886236276,19.0788264,72.88193960000001,130.88637349010799
141.33,14.305804895923526,19.0788266,72.8819399,130.88637349010799
141.34,14.300645990522543,19.0788268,72.8819402,130.88637349010799
141.35,14.295480175690704,19.078827,72.8819405,130.88637349010799
141.36,14.290307457092947,19.0788272,72.88194080000001,130.88637349010799
141.37,14.285127840401813,19.0788274,72.8819411,130.88637349010799
141.38,14.279941331297376,19.0788276,72.8819414,130.88637349010799
141.39000000000001,14.274747935467278,19.0788278,72.8819417,130.88637349010799
141.4,14.269547658606717,19.078828,72.88194200000001,130.88637349010799
141.41,14.26434050641844,19.0788282,72.8819423,130.88637349010799
141.42000000000002,14.259126484612695,19.0788284,72.8819426,130.88637349010799
141.43,14.253905598907348,19.0788286,72.8819429,130.88637349010799
141.44,14.248677855027715,19.0788288,72.88194320000001,130.88637349010799
141.45000000000002,14.243443258706638,19.078829,72.8819435,130.88637349010799
141.46,14.238201815684523,19.0788292,72.8819438,130.88637349010799
141.47,14.232953531709242,19.0788294,72.8819441,130.88637349010799
141.48,14.227698412536188,19.0788296,72.88194440000001,130.88637349010799
141.49,14.22243646392823,19.0788298,72.8819447,130.88637349010799
141.5,14.217167691655767,19.07883,72.881945,130.88637349010799
141.51,14.21189210149664,19.0788302,72.8819453,130.88637349010799
141.52,14.206609699236148,19.0788304,72.88194560000001,130.88637349010799
141.53,14.20132049066715,19.0788306,72.8819459,130.88637349010799
141.54,14.196024481589873,19.078830800000002,72.8819462,130.88637349010799
141.55,14.190721677812054,19.078831,72.8819465,130.88637349010799
141.56,14.185412085148862,19.0788312,72.88194680000001,130.88637349010799
141.57,14.180095709422918,19.078831400000002,72.8819471,130.88637349010799
141.58,14.174772556464275,19.0788316,72.8819474,130.88637349010799
141.59,14.169442632110435,19.0788318,72.8819477,130.88637349010799
141.6,14.164105942206326,19.078832000000002,72.88194800000001,130.88637349010799
141.61,14.158762492604229,19.0788322,72.8819483,130.88637349010799
141.62,14.153412289163954,19.0788324,72.8819486,130.88637349010799
141.63,14.14805533775262,19.078832600000002,72.8819489,130.88637349010799
141.64000000000001,14.142691644244778,19.0788328,72.88194920000001,130.88637349010799
141.65,14.137321214522395,19.078833,72.8819495,130.88637349010799
141.66,14.131944054474806,19.078833200000002,72.8819498,130.88637349010799
141.67000000000002,14.1265601699987,19.0788334,72.8819501,130.88637349010799
141.68,14.12116956699819,19.0788336,72.88195040000001,130.88637349010799
141.69,14.115772251384731,19.0788338,72.8819507,130.88637349010799
141.70000000000002,14.110368229077128,19.078834,72.881951,130.88637349010799
141.71,14.104957506001579,19.0788342,72.88195130000001,130.88637349010799
141.72,14.099540088091592,19.0788344,72.88195160000001,130.88637349010799
141.73,14.094115981288017,19.0788346,72.8819519,130.88637349010799
141.74,14.088685191539055,19.0788348,72.8819522,130.88637349010799
141.75,14.083247724800248,19.078835,72.88195250000001,130.88637349010799
141.76,14.077803587034449,19.0788352,72.88195280000001,130.88637349010799
141.77,14.072352784211791,19.0788354,72.8819531,130.88637349010799
141.78,14.066895322309776,19.0788356,72.8819534,130.88637349010799
141.79,14.061431207313174,19.0788358,72.88195370000001,130.88637349010799
141.8,14.055960445214044,19.078836,72.88195400000001,130.88637349010799
141.81,14.05048304201177,19.0788362,72.8819543,130.88637349010799
141.82,14.044999003713,19.0788364,72.8819546,130.88637349010799
141.83,14.039508336331604,19.0788366,72.88195490000001,130.88637349010799
141.84,14.034011045888835,19.0788368,72.88195520000001,130.88637349010799
141.85,14.028507138413108,19.078837,72.8819555,130.88637349010799
141.86,14.022996619940132,19.0788372,72.8819558,130.88637349010799
141.87,14.017479496512896,19.0788374,72.88195610000001,130.88637349010799
141.88,14.011955774181573,19.0788376,72.8819564,130.88637349010799
141.89000000000001,14.006425459003603,19.0788378,72.8819567,130.88637349010799
141.9,14.000888557043673,19.078838,72.881957,130.88637349010799
141.91,13.995345074373674,19.0788382,72.88195730000001,130.88637349010799
141.92000000000002,13.989795017072677,19.078838400000002,72.8819576,130.88637349010799
141.93,13.984238391227066,19.0788386,72.8819579,130.88637349010799
141.94,13.978675202930308,19.0788388,72.8819582,130.88637349010799
141.95000000000002,13.973105458283129,19.078839000000002,72.88195850000001,130.88637349010799
141.96,13.967529163393454,19.0788392,72.8819588,130.88637349010799
141.97,13.96194632437637,19.0788394,72.8819591,130.88637349010799
141.98,13.956356947354148,19.078839600000002,72.8819594,130.88637349010799
141.99,13.9507610384562,19.0788398,72.88195970000001,130.88637349010799
142.0,13.945158603819154,19.07884,72.88196,130.88637349010799
142.01,13.939549649586766,19.078840200000002,72.8819603,130.88637349010799
142.02,13.933934181909905,19.0788404,72.8819606,130.88637349010799
142.03,13.928312206946686,19.0788406,72.88196090000001,130.88637349010799
142.04,13.922683730862236,19.078840800000002,72.8819612,130.88637349010799
142.05,13.91704875982888,19.078841,72.8819615,130.88637349010799
142.06,13.911407300026072,19.0788412,72.8819618,130.88637349010799
142.07,13.905759357640356,19.0788414,72.88196210000001,130.88637349010799
142.08,13.900104938865384,19.0788416,72.8819624,130.88637349010799
142.09,13.89444404990195,19.0788418,72.8819627,130.88637349010799
142.1,13.888776696957878,19.078842,72.881963,130.88637349010799
142.11,13.883102886248121,19.0788422,72.88196330000001,130.88637349010799
142.12,13.877422623994725,19.0788424,72.8819636,130.88637349010799
142.13,13.871735916426797,19.0788426,72.8819639,130.88637349010799
142.14000000000001,13.866042769780465,19.0788428,72.8819642,130.88637349010799
142.15,13.860343190299035,19.078843,72.88196450000001,130.88637349010799
142.16,13.854637184232736,19.0788432,72.8819648,130.88637349010799
142.17000000000002,13.848924757838908,19.0788434,72.8819651,130.88637349010799
142.18,13.843205917381955,19.0788436,72.8819654,130.88637349010799
142.19,13.837480669133267,19.0788438,72.88196570000001,130.88637349010799
142.20000000000002,13.831749019371289,19.078844,72.881966,130.88637349010799
142.21,13.826010974381475,19.0788442,72.8819663,130.88637349010799
142.22,13.820266540456302,19.0788444,72.8819666,130.88637349010799
142.23,13.81451572389523,19.0788446,72.88196690000001,130.88637349010799
142.24,13.808758531004734,19.0788448,72.8819672,130.88637349010799
142.25,13.80299496809831,19.078845,72.8819675,130.88637349010799
142.26,13.797225041496382,19.0788452,72.8819678,130.88637349010799
142.27,13.791448757526384,19.078845400000002,72.88196810000001,130.88637349010799
142.28,13.785666122522736,19.0788456,72.8819684,130.88637349010799
142.29,13.779877142826798,19.0788458,72.8819687,130.88637349010799
142.3,13.774081824786888,19.078846000000002,72.881969,130.88637349010799
142.31,13.76828017475831,19.0788462,72.88196930000001,130.88637349010799
142.32,13.762472199103268,19.0788464,72.8819696,130.88637349010799
142.33,13.756657904190885,19.078846600000002,72.8819699,130.88637349010799
142.34,13.75083729639731,19.0788468,72.8819702,130.88637349010799
142.35,13.745010382105512,19.078847,72.88197050000001,130.88637349010799
142.36,13.739177167705432,19.078847200000002,72.8819708,130.88637349010799
142.37,13.7333376595939,19.0788474,72.8819711,130.88637349010799
142.38,13.727491864174652,19.0788476,72.8819714,130.88637349010799
142.39000000000001,13.721639787858315,19.078847800000002,72.88197170000001,130.88637349010799
142.4,13.715781437062422,19.078848,72.881972,130.88637349010799
142.41,13.709916818211376,19.0788482,72.8819723,130.88637349010799
142.42000000000002,13.70404593773642,19.078848400000002,72.8819726,130.88637349010799
142.43,13.698168802075724,19.0788486,72.88197290000001,130.88637349010799
142.44,13.692285417674288,19.0788488,72.8819732,130.88637349010799
142.45000000000002,13.686395790983926,19.078849,72.8819735,130.88637349010799
142.46,13.680499928463394,19.0788492,72.88197380000001,130.88637349010799
142.47,13.674597836578197,19.0788494,72.88197410000001,130.88637349010799
142.48,13.668689521800697,19.0788496,72.8819744,130.88637349010799
142.49,13.662774990610082,19.0788498,72.8819747,130.88637349010799
142.5,13.65685424949238,19.07885,72.88197500000001,130.88637349010799
142.51,13.65092730494041,19.0788502,72.88197530000001,130.88637349010799
142.52,13.644994163453765,19.0788504,72.8819756,130.88637349010799
142.53,13.6390548315389,19.0788506,72.8819759,130.88637349010799
142.54,13.633109315708994,19.0788508,72.88197620000001,130.88637349010799
142.55,13.627157622484031,19.078851,72.88197650000001,130.88637349010799
142.56,13.621199758390794,19.0788512,72.8819768,130.88637349010799
142.57,13.61523572996281,19.0788514,72.8819771,130.88637349010799
142.58,13.609265543740339,19.0788516,72.88197740000001,130.88637349010799
142.59,13.603289206270453,19.0788518,72.88197770000001,130.88637349010799
142.6,13.597306724106925,19.078852,72.881978,130.88637349010799
142.61,13.591318103810273,19.0788522,72.8819783,130.88637349010799
142.62,13.585323351947775,19.0788524,72.88197860000001,130.88637349010799
142.63,13.579322475093417,19.0788526,72.88197890000001,130.88637349010799
142.64000000000001,13.573315479827839,19.0788528,72.8819792,130.88637349010799
142.65,13.567302372738517,19.078853000000002,72.8819795,130.88637349010799
142.66,13.561283160419524,19.0788532,72.88197980000001,130.88637349010799
142.67000000000002,13.555257849471658,19.0788534,72.8819801,130.88637349010799
142.68,13.549226446502445,19.078853600000002,72.8819804,130.88637349010799
142.69,13.543188958126027,19.0788538,72.8819807,130.88637349010799
142.70000000000002,13.53714539096325,19.078854,72.88198100000001,130.88637349010799
142.71,13.531095751641647,19.078854200000002,72.8819813,130.88637349010799
142.72,13.525040046795379,19.0788544,72.8819816,130.88637349010799
142.73,13.518978283065291,19.0788546,72.8819819,130.88637349010799
142.74,13.512910467098784,19.078854800000002,72.88198220000001,130.88637349010799
142.75,13.506836605550038,19.078855,72.8819825,130.88637349010799
142.76,13.500756705079748,19.0788552,72.8819828,130.88637349010799
142.77,13.494670772355263,19.078855400000002,72.8819831,130.88637349010799
142.78,13.488578814050582,19.0788556,72.88198340000001,130.88637349010799
142.79,13.482480836846282,19.0788558,72.8819837,130.88637349010799
142.8,13.47637684742951,19.078856000000002,72.881984,130.88637349010799
142.81,13.47026685249407,19.0788562,72.8819843,130.88637349010799
142.82,13.464150858740322,19.0788564,72.88198460000001,130.88637349010799
142.83,13.458028872875161,19.0788566,72.8819849,130.88637349010799
142.84,13.45190090161217,19.0788568,72.8819852,130.88637349010799
142.85,13.445766951671354,19.078857,72.8819855,130.88637349010799
142.86,13.439627029779356,19.0788572,72.88198580000001,130.88637349010799
142.87,13.43348114266937,19.0788574,72.8819861,130.88637349010799
142.88,13.427329297081108,19.0788576,72.8819864,130.88637349010799
142.89000000000001,13.42117149976081,19.0788578,72.8819867,130.88637349010799
142.9,13.41500775746129,19.078858,72.88198700000001,130.88637349010799
142.91,13.408838076941812,19.0788582,72.8819873,130.88637349010799
142.92000000000002,13.402662464968188,19.0788584,72.8819876,130.88637349010799
142.93,13.396480928312759,19.0788586,72.8819879,130.88637349010799
142.94,13.390293473754332,19.0788588,72.88198820000001,130.88637349010799
142.95000000000002,13.38410010807817,19.078859,72.8819885,130.88637349010799
142.96,13.377900838076133,19.0788592,72.8819888,130.88637349010799
142.97,13.371695670546416,19.0788594,72.8819891,130.88637349010799
142.98,13.365484612293766,19.0788596,72.88198940000001,130.88637349010799
142.99,13.359267670129363,19.0788598,72.8819897,130.88637349010799
143.0,13.353044850870862,19.07886,72.88199,130.88637349010799
143.01,13.346816161342351,19.0788602,72.8819903,130.88637349010799
143.02,13.340581608374322,19.0788604,72.88199060000001,130.88637349010799
143.03,13.334341198803752,19.078860600000002,72.8819909,130.88637349010799
143.04,13.32809493947402,19.0788608,72.8819912,130.88637349010799
143.05,13.321842837234875,19.078861,72.8819915,130.88637349010799
143.06,13.315584898942582,19.078861200000002,72.88199180000001,130.88637349010799
143.07,13.309321131459678,19.0788614,72.8819921,130.88637349010799
143.08,13.303051541655162,19.0788616,72.8819924,130.88637349010799
143.09,13.296776136404427,19.078861800000002,72.8819927,130.88637349010799
143.1,13.290494922589215,19.078862,72.88199300000001,130.88637349010799
143.11,13.284207907097638,19.0788622,72.8819933,130.88637349010799
143.12,13.27791509682421,19.078862400000002,72.8819936,130.88637349010799
143.13,13.271616498669747,19.0788626,72.8819939,130.88637349010799
143.14000000000001,13.265312119541404,19.0788628,72.88199420000001,130.88637349010799
143.15,13.259001966352768,19.078863000000002,72.8819945,130.88637349010799
143.16,13.252686046023655,19.0788632,72.8819948,130.88637349010799
143.17000000000002,13.246364365480254,19.0788634,72.8819951,130.88637349010799
143.18,13.240036931655064,19.078863600000002,72.88199540000001,130.88637349010799
143.19,13.233703751486892,19.0788638,72.8819957,130.88637349010799
143.20000000000002,13.227364831920838,19.078864,72.881996,130.88637349010799
143.21,13.221020179908322,19.0788642,72.8819963,130.88637349010799
143.22,13.214669802407034,19.0788644,72.88199660000001,130.88637349010799
143.23,13.208313706380935,19.0788646,72.8819969,130.88637349010799
143.24,13.201951898800225,19.0788648,72.8819972,130.88637349010799
143.25,13.195584386641475,19.078865,72.88199750000001,130.88637349010799
143.26,13.1892111768874,19.0788652,72.88199780000001,130.88637349010799
143.27,13.182832276527002,19.0788654,72.8819981,130.88637349010799
143.28,13.176447692555563,19.0788656,72.8819984,130.88637349010799
143.29,13.170057431974527,19.0788658,72.88199870000001,130.88637349010799
143.3,13.163661501791601,19.078866,72.88199900000001,130.88637349010799
143.31,13.157259909020729,19.0788662,72.8819993,130.88637349010799
143.32,13.150852660682029,19.0788664,72.8819996,130.88637349010799
143.33,13.144439763801834,19.0788666,72.88199990000001,130.88637349010799
143.34,13.138021225412674,19.0788668,72.88200020000001,130.88637349010799
143.35,13.131597052553273,19.078867,72.8820005,130.88637349010799
143.36,13.125167252268481,19.0788672,72.8820008,130.88637349010799
143.37,13.118731831609427,19.0788674,72.88200110000001,130.88637349010799
143.38,13.112290797633309,19.0788676,72.88200140000001,130.88637349010799
143.39000000000001,13.105844157403483,19.0788678,72.8820017,130.88637349010799
143.4,13.099391917989518,19.078868,72.882002,130.88637349010799
143.41,13.092934086467075,19.078868200000002,72.88200230000001,130.88637349010799
143.42000000000002,13.086470669917944,19.0788684,72.8820026,130.88637349010799
143.43,13.080001675430076,19.0788686,72.8820029,130.88637349010799
143.44,13.07352711009753,19.078868800000002,72.8820032,130.88637349010799
143.45000000000002,13.067046981020393,19.078869,72.88200350000001,130.88637349010799
143.46,13.060561295305,19.0788692,72.8820038,130.88637349010799
143.47,13.054070060063653,19.078869400000002,72.8820041,130.88637349010799
143.48,13.047573282414803,19.0788696,72.8820044,130.88637349010799
143.49,13.04107096948296,19.0788698,72.88200470000001,130.88637349010799
143.5,13.034563128398705,19.078870000000002,72.882005,130.88637349010799
143.51,13.02804976629869,19.0788702,72.8820053,130.88637349010799
143.52,13.0215308903256,19.0788704,72.8820056,130.88637349010799
143.53,13.015006507628204,19.078870600000002,72.88200590000001,130.88637349010799
143.54,13.0084766253613,19.0788708,72.8820062,130.88637349010799
143.55,13.001941250685638,19.078871,72.8820065,130.88637349010799
143.56,12.995400390768134,19.078871200000002,72.8820068,130.88637349010799
143.57,12.988854052781601,19.0788714,72.88200710000001,130.88637349010799
143.58,12.982302243904897,19.0788716,72.8820074,130.88637349010799
143.59,12.97574497132291,19.0788718,72.8820077,130.88637349010799
143.6,12.969182242226491,19.078872,72.882008,130.88637349010799
143.61,12.962614063812447,19.0788722,72.88200830000001,130.88637349010799
143.62,12.95604044328362,19.0788724,72.8820086,130.88637349010799
143.63,12.949461387848782,19.0788726,72.8820089,130.88637349010799
143.64000000000001,12.942876904722663,19.0788728,72.8820092,130.88637349010799
143.65,12.93628700112598,19.078873,72.88200950000001,130.88637349010799
143.66,12.929691684285377,19.0788732,72.8820098,130.88637349010799
143.67000000000002,12.923090961433363,19.0788734,72.8820101,130.88637349010799
143.68,12.916484839808518,19.0788736,72.8820104,130.88637349010799
143.69,12.90987332665522,19.0788738,72.88201070000001,130.88637349010799
143.70000000000002,12.903256429223802,19.078874,72.882011,130.88637349010799
143.71,12.896634154770542,19.0788742,72.8820113,130.88637349010799
143.72,12.890006510557537,19.0788744,72.8820116,130.88637349010799
143.73,12.883373503852836,19.0788746,72.88201190000001,130.88637349010799
143.74,12.876735141930297,19.0788748,72.8820122,130.88637349010799
143.75,12.87009143206977,19.078875,72.8820125,130.88637349010799
143.76,12.86344238155686,19.0788752,72.8820128,130.88637349010799
143.77,12.856787997683043,19.0788754,72.88201310000001,130.88637349010799
143.78,12.850128287745704,19.0788756,72.8820134,130.88637349010799
143.79,12.843463259048018,19.078875800000002,72.8820137,130.88637349010799
143.8,12.836792918898993,19.078876,72.882014,130.88637349010799
143.81,12.830117274613503,19.0788762,72.88201430000001,130.88637349010799
143.82,12.823436333512205,19.078876400000002,72.8820146,130.88637349010799
143.83,12.816750102921539,19.0788766,72.8820149,130.88637349010799
143.84,12.81005859017381,19.0788768,72.8820152,130.88637349010799
143.85,12.803361802607082,19.078877000000002,72.88201550000001,130.88637349010799
143.86,12.796659747565158,19.0788772,72.8820158,130.88637349010799
143.87,12.789952432397742,19.0788774,72.8820161,130.88637349010799
143.88,12.78323986446016,19.078877600000002,72.8820164,130.88637349010799
143.89000000000001,12.776522051113579,19.0788778,72.88201670000001,130.88637349010799
143.9,12.769798999724927,19.078878,72.882017,130.88637349010799
143.91,12.763070717666839,19.078878200000002,72.8820173,130.88637349010799
143.92000000000002,12.756337212317694,19.0788784,72.8820176,130.88637349010799
143.93,12.74959849106164,19.0788786,72.88201790000001,130.88637349010799
143.94,12.742854561288475,19.078878800000002,72.8820182,130.88637349010799
143.95000000000002,12.736105430393746,19.078879,72.8820185,130.88637349010799
143.96,12.729351105778726,19.0788792,72.8820188,130.88637349010799
143.97,12.722591594850359,19.0788794,72.88201910000001,130.88637349010799
143.98,12.715826905021267,19.0788796,72.8820194,130.88637349010799
143.99,12.709057043709738,19.0788798,72.8820197,130.88637349010799
144.0,12.702282018339789,19.07888,72.88202000000001,130.88637349010799
144.01,12.695501836341055,19.0788802,72.88202030000001,130.88637349010799
144.02,12.688716505148827,19.0788804,72.8820206,130.88637349010799
144.03,12.681926032204085,19.0788806,72.8820209,130.88637349010799
144.04,12.675130424953394,19.0788808,72.88202120000001,130.88637349010799
144.05,12.668329690848935,19.078881,72.88202150000001,130.88637349010799
144.06,12.661523837348614,19.0788812,72.8820218,130.88637349010799
144.07,12.65471287191584,19.0788814,72.8820221,130.88637349010799
144.08,12.647896802019673,19.0788816,72.88202240000001,130.88637349010799
144.09,12.641075635134802,19.0788818,72.88202270000001,130.88637349010799
144.1,12.634249378741439,19.078882,72.882023,130.88637349010799
144.11,12.62741804032541,19.0788822,72.8820233,130.88637349010799
144.12,12.620581627378138,19.0788824,72.88202360000001,130.88637349010799
144.13,12.613740147396578,19.0788826,72.88202390000001,130.88637349010799
144.14000000000001,12.60689360788325,19.0788828,72.8820242,130.88637349010799
144.15,12.600042016346226,19.078883,72.8820245,130.88637349010799
144.16,12.59318538029913,19.0788832,72.88202480000001,130.88637349010799
144.17000000000002,12.58632370726105,19.078883400000002,72.8820251,130.88637349010799
144.18,12.579457004756726,19.0788836,72.8820254,130.88637349010799
144.19,12.572585280316307,19.0788838,72.8820257,130.88637349010799
144.20000000000002,12.565708541475455,19.078884000000002,72.88202600000001,130.88637349010799
144.21,12.558826795775392,19.0788842,72.8820263,130.88637349010799
144.22,12.551940050762784,19.0788844,72.8820266,130.88637349010799
144.23,12.545048313989794,19.078884600000002,72.8820269,130.88637349010799
144.24,12.538151593014042,19.0788848,72.88202720000001,130.88637349010799
144.25,12.531249895398666,19.078885,72.8820275,130.88637349010799
144.26,12.524343228712198,19.078885200000002,72.8820278,130.88637349010799
144.27,12.517431600528608,19.0788854,72.8820281,130.88637349010799
144.28,12.51051501842742,19.0788856,72.88202840000001,130.88637349010799
144.29,12.50359348999346,19.078885800000002,72.8820287,130.88637349010799
144.3,12.49666702281705,19.078886,72.882029,130.88637349010799
144.31,12.489735624493907,19.0788862,72.8820293,130.88637349010799
144.32,12.482799302625164,19.078886400000002,72.88202960000001,130.88637349010799
144.33,12.47585806481733,19.0788866,72.8820299,130.88637349010799
144.34,12.468911918682352,19.0788868,72.8820302,130.88637349010799
144.35,12.46196087183754,19.078887,72.8820305,130.88637349010799
144.36,12.4550049319055,19.0788872,72.88203080000001,130.88637349010799
144.37,12.448044106514354,19.0788874,72.8820311,130.88637349010799
144.38,12.441078403297455,19.0788876,72.8820314,130.88637349010799
144.39000000000001,12.434107829893549,19.0788878,72.8820317,130.88637349010799
144.4,12.42713239394675,19.078888,72.88203200000001,130.88637349010799
144.41,12.420152103106478,19.0788882,72.8820323,130.88637349010799
144.42000000000002,12.41316696502744,19.0788884,72.8820326,130.88637349010799
144.43,12.406176987369735,19.0788886,72.8820329,130.88637349010799
144.44,12.399182177798718,19.0788888,72.88203320000001,130.88637349010799
144.45000000000002,12.392182543985042,19.078889,72.8820335,130.88637349010799
144.46,12.385178093604688,19.0788892,72.8820338,130.88637349010799
144.47,12.378168834338908,19.0788894,72.8820341,130.88637349010799
144.48,12.371154773874165,19.0788896,72.88203440000001,130.88637349010799
144.49,12.36413591990225,19.0788898,72.8820347,130.88637349010799
144.5,12.35711228012022,19.07889,72.882035,130.88637349010799
144.51,12.350083862230342,19.0788902,72.8820353,130.88637349010799
144.52,12.343050673940143,19.0788904,72.88203560000001,130.88637349010799
144.53,12.336012722962373,19.0788906,72.8820359,130.88637349010799
144.54,12.32897001701501,19.0788908,72.8820362,130.88637349010799
144.55,12.321922563821232,19.078891000000002,72.8820365,130.88637349010799
144.56,12.31487037110946,19.0788912,72.88203680000001,130.88637349010799
144.57,12.307813446613299,19.0788914,72.8820371,130.88637349010799
144.58,12.30075179807146,19.078891600000002,72.8820374,130.88637349010799
144.59,12.293685433227992,19.0788918,72.8820377,130.88637349010799
144.6,12.28661435983198,19.078892,72.88203800000001,130.88637349010799
144.61,12.279538585637724,19.078892200000002,72.8820383,130.88637349010799
144.62,12.272458118404703,19.0788924,72.8820386,130.88637349010799
144.63,12.265372965897516,19.0788926,72.8820389,130.88637349010799
144.64000000000001,12.258283135885868,19.078892800000002,72.88203920000001,130.88637349010799
144.65,12.25118863614466,19.078893,72.8820395,130.88637349010799
144.66,12.244089474453881,19.0788932,72.8820398,130.88637349010799
144.67000000000002,12.236985658598586,19.078893400000002,72.8820401,130.88637349010799
144.68,12.229877196369063,19.0788936,72.88204040000001,130.88637349010799
144.69,12.222764095560542,19.0788938,72.8820407,130.88637349010799
144.70000000000002,12.21564636397342,19.078894000000002,72.882041,130.88637349010799
144.71,12.208524009413185,19.0788942,72.8820413,130.88637349010799
144.72,12.201397039690365,19.0788944,72.88204160000001,130.88637349010799
144.73,12.194265462620564,19.0788946,72.8820419,130.88637349010799
144.74,12.187129286024398,19.0788948,72.8820422,130.88637349010799
144.75,12.179988517727592,19.078895,72.88204250000001,130.88637349010799
144.76,12.172843165560877,19.0788952,72.88204280000001,130.88637349010799
144.77,12.165693237359957,19.0788954,72.8820431,130.88637349010799
144.78,12.158538740965678,19.0788956,72.8820434,130.88637349010799
144.79,12.151379684223787,19.0788958,72.88204370000001,130.88637349010799
144.8,12.144216074985046,19.078896,72.88204400000001,130.88637349010799
144.81,12.13704792110526,19.0788962,72.8820443,130.88637349010799
144.82,12.129875230445183,19.0788964,72.8820446,130.88637349010799
144.83,12.122698010870536,19.0788966,72.88204490000001,130.88637349010799
144.84,12.115516270252057,19.0788968,72.88204520000001,130.88637349010799
144.85,12.108330016465366,19.078897,72.8820455,130.88637349010799
144.86,12.101139257391075,19.0788972,72.8820458,130.88637349010799
144.87,12.093944000914753,19.0788974,72.88204610000001,130.88637349010799
144.88,12.086744254926884,19.0788976,72.88204640000001,130.88637349010799
144.89000000000001,12.079540027322825,19.0788978,72.8820467,130.88637349010799
144.9,12.072331326002978,19.078898,72.882047,130.88637349010799
144.91,12.065118158872494,19.0788982,72.88204730000001,130.88637349010799
144.92000000000002,12.057900533841508,19.0788984,72.8820476,130.88637349010799
144.93,12.050678458825058,19.078898600000002,72.8820479,130.88637349010799
144.94,12.043451941743017,19.0788988,72.8820482,130.88637349010799
144.95000000000002,12.036220990520151,19.078899,72.88204850000001,130.88637349010799
144.96,12.028985613086085,19.078899200000002,72.8820488,130.88637349010799
144.97,12.021745817375308,19.0788994,72.8820491,130.88637349010799
144.98,12.01450161132712,19.0788996,72.8820494,130.88637349010799
144.99,12.00725300288568,19.078899800000002,72.88204970000001,130.88637349010799
145.0,12.000000000000012,19.0789,72.88205,130.88637349010799
145.01,11.992742610623889,19.0789002,72.8820503,130.88637349010799
145.02,11.985480842715928,19.078900400000002,72.8820506,130.88637349010799
145.03,11.97821470423957,19.0789006,72.88205090000001,130.88637349010799
145.04,11.970944203163016,19.0789008,72.8820512,130.88637349010799
145.05,11.96366934745925,19.078901000000002,72.8820515,130.88637349010799
145.06,11.956390145106079,19.0789012,72.8820518,130.88637349010799
145.07,11.949106604086019,19.0789014,72.88205210000001,130.88637349010799
145.08,11.941818732386324,19.078901600000002,72.8820524,130.88637349010799
145.09,11.934526537999115,19.0789018,72.8820527,130.88637349010799
145.1,11.92723002892113,19.078902,72.882053,130.88637349010799
145.11,11.919929213153898,19.0789022,72.88205330000001,130.88637349010799
145.12,11.912624098703656,19.0789024,72.8820536,130.88637349010799
145.13,11.905314693581358,19.0789026,72.8820539,130.88637349010799
145.14000000000001,11.898001005802652,19.0789028,72.8820542,130.88637349010799
145.15,11.890683043387918,19.078903,72.88205450000001,130.88637349010799
145.16,11.883360814362186,19.0789032,72.8820548,130.88637349010799
145.17000000000002,11.876034326755178,19.0789034,72.8820551,130.88637349010799
145.18,11.868703588601289,19.0789036,72.8820554,130.88637349010799
145.19,11.861368607939578,19.0789038,72.88205570000001,130.88637349010799
145.20000000000002,11.854029392813707,19.078904,72.882056,130.88637349010799
145.21,11.846685951272097,19.0789042,72.8820563,130.88637349010799
145.22,11.839338291367694,19.0789044,72.8820566,130.88637349010799
145.23,11.8319864211581,19.0789046,72.88205690000001,130.88637349010799
145.24,11.824630348705536,19.0789048,72.8820572,130.88637349010799
145.25,11.817270082076867,19.078905,72.8820575,130.88637349010799
145.26,11.809905629343525,19.0789052,72.8820578,130.88637349010799
145.27,11.802536998581488,19.0789054,72.88205810000001,130.88637349010799
145.28,11.795164197871447,19.0789056,72.8820584,130.88637349010799
145.29,11.78778723529851,19.0789058,72.8820587,130.88637349010799
145.3,11.780406118952433,19.078906,72.882059,130.88637349010799
145.31,11.77302085692754,19.078906200000002,72.88205930000001,130.88637349010799
145.32,11.765631457322662,19.0789064,72.8820596,130.88637349010799
145.33,11.758237928241185,19.0789066,72.8820599,130.88637349010799
145.34,11.750840277791017,19.078906800000002,72.8820602,130.88637349010799
145.35,11.743438514084591,19.078907,72.88206050000001,130.88637349010799
145.36,11.736032645238835,19.0789072,72.8820608,130.88637349010799
145.37,11.728622679375215,19.078907400000002,72.8820611,130.88637349010799
145.38,11.721208624619685,19.0789076,72.8820614,130.88637349010799
145.39000000000001,11.713790489102585,19.0789078,72.88206170000001,130.88637349010799
145.4,11.7063682809589,19.078908000000002,72.882062,130.88637349010799
145.41,11.69894200832794,19.0789082,72.8820623,130.88637349010799
145.42000000000002,11.691511679353525,19.0789084,72.8820626,130.88637349010799
145.43,11.684077302183947,19.078908600000002,72.88206290000001,130.88637349010799
145.44,11.676638884971911,19.0789088,72.8820632,130.88637349010799
145.45000000000002,11.669196435874515,19.078909,72.8820635,130.88637349010799
145.46,11.661749963053357,19.078909200000002,72.8820638,130.88637349010799
145.47,11.654299474674392,19.0789094,72.88206410000001,130.88637349010799
145.48,11.64684497890801,19.0789096,72.8820644,130.88637349010799
145.49,11.639386483928938,19.0789098,72.8820647,130.88637349010799
145.5,11.631923997916385,19.07891,72.88206500000001,130.88637349010799
145.51,11.62445752905384,19.0789102,72.88206530000001,130.88637349010799
145.52,11.616987085529205,19.0789104,72.8820656,130.88637349010799
145.53,11.60951267553476,19.0789106,72.8820659,130.88637349010799
145.54,11.602034307267113,19.0789108,72.88206620000001,130.88637349010799
145.55,11.594551988927172,19.078911,72.88206650000001,130.88637349010799
145.56,11.587065728720258,19.0789112,72.8820668,130.88637349010799
145.57,11.579575534855971,19.0789114,72.8820671,130.88637349010799
145.58,11.572081415548178,19.0789116,72.88206740000001,130.88637349010799
145.59,11.564583379015172,19.0789118,72.88206770000001,130.88637349010799
145.6,11.557081433479436,19.078912,72.882068,130.88637349010799
145.61,11.549575587167743,19.0789122,72.8820683,130.88637349010799
145.62,11.542065848311216,19.0789124,72.88206860000001,130.88637349010799
145.63,11.53455222514519,19.0789126,72.88206890000001,130.88637349010799
145.64000000000001,11.52703472590926,19.0789128,72.8820692,130.88637349010799
145.65,11.519513358847327,19.078913,72.8820695,130.88637349010799
145.66,11.51198813220745,19.0789132,72.88206980000001,130.88637349010799
145.67000000000002,11.504459054241966,19.0789134,72.8820701,130.88637349010799
145.68,11.496926133207456,19.0789136,72.8820704,130.88637349010799
145.69,11.489389377364693,19.078913800000002,72.8820707,130.88637349010799
145.70000000000002,11.481848794978601,19.078914,72.88207100000001,130.88637349010799
145.71,11.474304394318445,19.0789142,72.8820713,130.88637349010799
145.72,11.466756183657505,19.078914400000002,72.8820716,130.88637349010799
145.73,11.459204171273349,19.0789146,72.8820719,130.88637349010799
145.74,11.451648365447667,19.0789148,72.88207220000001,130.88637349010799
145.75,11.444088774466358,19.078915000000002,72.8820725,130.88637349010799
145.76,11.436525406619436,19.0789152,72.8820728,130.88637349010799
145.77,11.428958270201024,19.0789154,72.8820731,130.88637349010799
145.78,11.421387373509454,19.078915600000002,72.88207340000001,130.88637349010799
145.79,11.413812724847142,19.0789158,72.8820737,130.88637349010799
145.8,11.406234332520567,19.078916,72.882074,130.88637349010799
145.81,11.398652204840456,19.078916200000002,72.8820743,130.88637349010799
145.82,11.391066350121466,19.0789164,72.88207460000001,130.88637349010799
145.83,11.383476776682427,19.0789166,72.8820749,130.88637349010799
145.84,11.375883492846263,19.078916800000002,72.8820752,130.88637349010799
145.85,11.36828650693993,19.078917,72.8820755,130.88637349010799
145.86,11.36068582729444,19.0789172,72.88207580000001,130.88637349010799
145.87,11.353081462244909,19.0789174,72.8820761,130.88637349010799
145.88,11.345473420130428,19.0789176,72.8820764,130.88637349010799
145.89000000000001,11.337861709294113,19.0789178,72.8820767,130.88637349010799
145.9,11.330246338083214,19.078918,72.88207700000001,130.88637349010799
145.91,11.322627314848866,19.0789182,72.8820773,130.88637349010799
145.92000000000002,11.315004647946278,19.0789184,72.8820776,130.88637349010799
145.93,11.307378345734637,19.0789186,72.8820779,130.88637349010799
145.94,11.299748416577119,19.0789188,72.88207820000001,130.88637349010799
145.95000000000002,11.292114868840864,19.078919,72.8820785,130.88637349010799
145.96,11.284477710897018,19.0789192,72.8820788,130.88637349010799
145.97,11.27683695112065,19.0789194,72.8820791,130.88637349010799
145.98,11.269192597890813,19.0789196,72.88207940000001,130.88637349010799
145.99,11.261544659590403,19.0789198,72.8820797,130.88637349010799
146.0,11.25389314460641,19.07892,72.88208,130.88637349010799
146.01,11.24623806132961,19.0789202,72.8820803,130.88637349010799
146.02,11.238579418154735,19.0789204,72.88208060000001,130.88637349010799
146.03,11.230917223480471,19.0789206,72.8820809,130.88637349010799
146.04,11.223251485709312,19.0789208,72.8820812,130.88637349010799
146.05,11.215582213247679,19.078921,72.8820815,130.88637349010799
146.06,11.207909414505897,19.0789212,72.88208180000001,130.88637349010799
146.07,11.200233097898117,19.078921400000002,72.8820821,130.88637349010799
146.08,11.192553271842348,19.0789216,72.8820824,130.88637349010799
146.09,11.1848699447605,19.0789218,72.8820827,130.88637349010799
146.1,11.177183125078258,19.078922000000002,72.88208300000001,130.88637349010799
146.11,11.169492821225123,19.0789222,72.8820833,130.88637349010799
146.12,11.161799041634533,19.0789224,72.8820836,130.88637349010799
146.13,11.15410179474361,19.078922600000002,72.8820839,130.88637349010799
146.14000000000001,11.146401088993342,19.0789228,72.88208420000001,130.88637349010799
146.15,11.138696932828495,19.078923,72.8820845,130.88637349010799
146.16,11.130989334697622,19.078923200000002,72.8820848,130.88637349010799
146.17000000000002,11.123278303053038,19.0789234,72.8820851,130.88637349010799
146.18,11.11556384635086,19.0789236,72.88208540000001,130.88637349010799
146.19,11.107845973050946,19.078923800000002,72.8820857,130.88637349010799
146.20000000000002,11.100124691616816,19.078924,72.882086,130.88637349010799
146.21,11.092400010515892,19.0789242,72.8820863,130.88637349010799
146.22,11.084671938219179,19.078924400000002,72.88208660000001,130.88637349010799
146.23,11.076940483201472,19.0789246,72.8820869,130.88637349010799
146.24,11.069205653941244,19.0789248,72.8820872,130.88637349010799
146.25,11.061467458920726,19.078925,72.88208750000001,130.88637349010799
146.26,11.053725906625756,19.0789252,72.88208780000001,130.88637349010799
146.27,11.045981005545896,19.0789254,72.8820881,130.88637349010799
146.28,11.038232764174404,19.0789256,72.8820884,130.88637349010799
146.29,11.030481191008182,19.0789258,72.88208870000001,130.88637349010799
146.3,11.022726294547734,19.078926,72.88208900000001,130.88637349010799
146.31,11.014968083297312,19.0789262,72.8820893,130.88637349010799
146.32,11.007206565764704,19.0789264,72.8820896,130.88637349010799
146.33,10.999441750461369,19.0789266,72.88208990000001,130.88637349010799
146.34,10.991673645902402,19.0789268,72.88209020000001,130.88637349010799
146.35,10.983902260606484,19.078927,72.8820905,130.88637349010799
146.36,10.97612760309585,19.0789272,72.8820908,130.88637349010799
146.37,10.96834968189641,19.0789274,72.88209110000001,130.88637349010799
146.38,10.960568505537587,19.0789276,72.88209140000001,130.88637349010799
146.39000000000001,10.952784082552387,19.0789278,72.8820917,130.88637349010799
146.4,10.944996421477413,19.078928,72.882092,130.88637349010799
146.41,10.937205530852797,19.0789282,72.88209230000001,130.88637349010799
146.42000000000002,10.92941141922213,19.0789284,72.88209260000001,130.88637349010799
146.43,10.921614095132705,19.0789286,72.8820929,130.88637349010799
146.44,10.91381356713519,19.0789288,72.8820932,130.88637349010799
146.45000000000002,10.906009843783817,19.078929000000002,72.88209350000001,130.88637349010799
146.46,10.89820293363637,19.0789292,72.8820938,130.88637349010799
146.47,10.890392845254041,19.0789294,72.8820941,130.88637349010799
146.48,10.882579587201576,19.078929600000002,72.8820944,130.88637349010799
146.49,10.874763168047117,19.0789298,72.88209470000001,130.88637349010799
146.5,10.86694359636241,19.07893,72.882095,130.88637349010799
146.51,10.859120880722527,19.078930200000002,72.8820953,130.88637349010799
146.52,10.851295029706012,19.0789304,72.8820956,130.88637349010799
146.53,10.843466051894913,19.0789306,72.88209590000001,130.88637349010799
146.54,10.835633955874645,19.078930800000002,72.8820962,130.88637349010799
146.55,10.827798750234052,19.078931,72.8820965,130.88637349010799
146.56,10.819960443565424,19.0789312,72.8820968,130.88637349010799
146.57,10.812119044464424,19.078931400000002,72.88209710000001,130.88637349010799
146.58,10.80427456153007,19.0789316,72.8820974,130.88637349010799
146.59,10.796427003364835,19.0789318,72.8820977,130.88637349010799
146.6,10.788576378574533,19.078932000000002,72.882098,130.88637349010799
146.61,10.780722695768281,19.0789322,72.88209830000001,130.88637349010799
146.62,10.7728659635587,19.0789324,72.8820986,130.88637349010799
146.63,10.765006190561579,19.0789326,72.8820989,130.88637349010799
146.64000000000001,10.757143385396137,19.0789328,72.8820992,130.88637349010799
146.65,10.749277556684929,19.078933,72.88209950000001,130.88637349010799
146.66,10.74140871305379,19.0789332,72.8820998,130.88637349010799
146.67000000000002,10.733536863131855,19.0789334,72.8821001,130.88637349010799
146.68,10.725662015551615,19.0789336,72.8821004,130.88637349010799
146.69,10.717784178948765,19.0789338,72.88210070000001,130.88637349010799
146.70000000000002,10.70990336196232,19.078934,72.882101,130.88637349010799
146.71,10.702019573234589,19.0789342,72.8821013,130.88637349010799
146.72,10.69413282141111,19.0789344,72.8821016,130.88637349010799
146.73,10.686243115140662,19.0789346,72.88210190000001,130.88637349010799
146.74,10.678350463075251,19.0789348,72.8821022,130.88637349010799
146.75,10.670454873870174,19.078935,72.8821025,130.88637349010799
146.76,10.662556356183899,19.0789352,72.8821028,130.88637349010799
146.77,10.654654918678109,19.0789354,72.88210310000001,130.88637349010799
146.78,10.646750570017723,19.0789356,72.8821034,130.88637349010799
146.79,10.638843318870844,19.0789358,72.8821037,130.88637349010799
146.8,10.63093317390866,19.078936,72.882104,130.88637349010799
146.81,10.62302014380571,19.0789362,72.88210430000001,130.88637349010799
146.82,10.61510423723955,19.0789364,72.8821046,130.88637349010799
146.83,10.607185462890936,19.078936600000002,72.8821049,130.88637349010799
146.84,10.59926382944382,19.0789368,72.8821052,130.88637349010799
146.85,10.591339345585206,19.078937,72.88210550000001,130.88637349010799
146.86,10.583412020005257,19.078937200000002,72.8821058,130.88637349010799
146.87,10.575481861397288,19.0789374,72.8821061,130.88637349010799
146.88,10.567548878457675,19.0789376,72.8821064,130.88637349010799
146.89000000000001,10.559613079885892,19.078937800000002,72.88210670000001,130.88637349010799
146.9,10.551674474384559,19.078938,72.882107,130.88637349010799
146.91,10.5437330706593,19.0789382,72.8821073,130.88637349010799
146.92000000000002,10.5357888774188,19.078938400000002,72.8821076,130.88637349010799
146.93,10.527841903374922,19.0789386,72.88210790000001,130.88637349010799
146.94,10.51989215724244,19.0789388,72.8821082,130.88637349010799
146.95000000000002,10.511939647739242,19.078939000000002,72.8821085,130.88637349010799
146.96,10.503984383586229,19.0789392,72.8821088,130.88637349010799
146.97,10.496026373507322,19.0789394,72.88210910000001,130.88637349010799
146.98,10.488065626229456,19.0789396,72.8821094,130.88637349010799
146.99,10.480102150482555,19.0789398,72.8821097,130.88637349010799
147.0,10.472135954999583,19.07894,72.88211,130.88637349010799
147.01,10.464167048516428,19.0789402,72.88211030000001,130.88637349010799
147.02,10.456195439771928,19.0789404,72.8821106,130.88637349010799
147.03,10.448221137508012,19.0789406,72.8821109,130.88637349010799
147.04,10.440244150469427,19.0789408,72.88211120000001,130.88637349010799
147.05,10.432264487403916,19.078941,72.88211150000001,130.88637349010799
147.06,10.4242821570622,19.0789412,72.8821118,130.88637349010799
147.07,10.41629716819784,19.0789414,72.8821121,130.88637349010799
147.08,10.408309529567358,19.0789416,72.88211240000001,130.88637349010799
147.09,10.400319249930206,19.0789418,72.88211270000001,130.88637349010799
147.1,10.392326338048703,19.078942,72.882113,130.88637349010799
147.11,10.384330802688018,19.0789422,72.8821133,130.88637349010799
147.12,10.37633265261629,19.0789424,72.88211360000001,130.88637349010799
147.13,10.368331896604431,19.0789426,72.88211390000001,130.88637349010799
147.14000000000001,10.360328543426249,19.0789428,72.8821142,130.88637349010799
147.15,10.35232260185843,19.078943,72.8821145,130.88637349010799
147.16,10.344314080680473,19.0789432,72.88211480000001,130.88637349010799
147.17000000000002,10.336302988674658,19.0789434,72.88211510000001,130.88637349010799
147.18,10.328289334626174,19.0789436,72.8821154,130.88637349010799
147.19,10.320273127322961,19.0789438,72.8821157,130.88637349010799
147.20000000000002,10.31225437555576,19.078944,72.88211600000001,130.88637349010799
147.21,10.304233088118142,19.078944200000002,72.8821163,130.88637349010799
147.22,10.296209273806443,19.0789444,72.8821166,130.88637349010799
147.23,10.288182941419711,19.0789446,72.8821169,130.88637349010799
147.24,10.280154099759812,19.078944800000002,72.88211720000001,130.88637349010799
147.25,10.272122757631385,19.078945,72.8821175,130.88637349010799
147.26,10.264088923841765,19.0789452,72.8821178,130.88637349010799
147.27,10.25605260720104,19.078945400000002,72.8821181,130.88637349010799
147.28,10.248013816522013,19.0789456,72.88211840000001,130.88637349010799
147.29,10.239972560620206,19.0789458,72.8821187,130.88637349010799
147.3,10.231928848313826,19.078946000000002,72.882119,130.88637349010799
147.31,10.223882688423819,19.0789462,72.8821193,130.88637349010799
147.32,10.2158340897738,19.0789464,72.88211960000001,130.88637349010799
147.33,10.20778306118996,19.078946600000002,72.8821199,130.88637349010799
147.34,10.199729611501336,19.0789468,72.8821202,130.88637349010799
147.35,10.191673749539468,19.078947,72.8821205,130.88637349010799
147.36,10.183615484138597,19.0789472,72.88212080000001,130.88637349010799
147.37,10.175554824135627,19.0789474,72.8821211,130.88637349010799
147.38,10.167491778370056,19.0789476,72.8821214,130.88637349010799
147.39000000000001,10.159426355683967,19.0789478,72.8821217,130.88637349010799
147.4,10.151358564922123,19.078948,72.88212200000001,130.88637349010799
147.41,10.143288414931845,19.0789482,72.8821223,130.88637349010799
147.42000000000002,10.13521591456299,19.0789484,72.8821226,130.88637349010799
147.43,10.127141072668136,19.0789486,72.8821229,130.88637349010799
147.44,10.119063898102258,19.0789488,72.88212320000001,130.88637349010799
147.45000000000002,10.110984399722984,19.078949,72.8821235,130.88637349010799
147.46,10.102902586390496,19.0789492,72.8821238,130.88637349010799
147.47,10.094818466967485,19.0789494,72.8821241,130.88637349010799
147.48,10.086732050319178,19.0789496,72.88212440000001,130.88637349010799
147.49,10.078643345313319,19.0789498,72.8821247,130.88637349010799
147.5,10.07055236082017,19.07895,72.882125,130.88637349010799
147.51,10.062459105712495,19.0789502,72.8821253,130.88637349010799
147.52,10.054363588865492,19.0789504,72.88212560000001,130.88637349010799
147.53,10.046265819156966,19.0789506,72.8821259,130.88637349010799
147.54,10.038165805467075,19.0789508,72.8821262,130.88637349010799
147.55,10.03006355667845,19.078951,72.8821265,130.88637349010799
147.56,10.02195908167624,19.0789512,72.88212680000001,130.88637349010799
147.57,10.013852389347983,19.0789514,72.8821271,130.88637349010799
147.58,10.005743488583647,19.0789516,72.8821274,130.88637349010799
147.59,9.997632388275662,19.078951800000002,72.8821277,130.88637349010799
147.6,9.989519097318846,19.078952,72.88212800000001,130.88637349010799
147.61,9.981403624610374,19.0789522,72.8821283,130.88637349010799
147.62,9.973285979049901,19.078952400000002,72.8821286,130.88637349010799
147.63,9.965166169539419,19.0789526,72.8821289,130.88637349010799
147.64000000000001,9.95704420498324,19.0789528,72.88212920000001,130.88637349010799
147.65,9.94892009428819,19.078953000000002,72.8821295,130.88637349010799
147.66,9.94079384636327,19.0789532,72.8821298,130.88637349010799
147.67000000000002,9.93266547011992,19.0789534,72.8821301,130.88637349010799
147.68,9.924534974471932,19.078953600000002,72.88213040000001,130.88637349010799
147.69,9.916402368335373,19.0789538,72.8821307,130.88637349010799
147.70000000000002,9.908267660628631,19.078954,72.882131,130.88637349010799
147.71,9.900130860272455,19.078954200000002,72.8821313,130.88637349010799
147.72,9.89199197618981,19.0789544,72.88213160000001,130.88637349010799
147.73,9.883851017305973,19.0789546,72.8821319,130.88637349010799
147.74,9.8757079925485,19.0789548,72.8821322,130.88637349010799
147.75,9.867562910847244,19.078955,72.8821325,130.88637349010799
147.76,9.859415781134288,19.0789552,72.88213280000001,130.88637349010799
147.77,9.851266612343913,19.0789554,72.8821331,130.88637349010799
147.78,9.843115413412727,19.0789556,72.8821334,130.88637349010799
147.79,9.834962193279505,19.0789558,72.88213370000001,130.88637349010799
147.8,9.826806960885236,19.078956,72.88213400000001,130.88637349010799
147.81,9.818649725173175,19.0789562,72.8821343,130.88637349010799
147.82,9.810490495088706,19.0789564,72.8821346,130.88637349010799
147.83,9.80232927957938,19.0789566,72.88213490000001,130.88637349010799
147.84,9.794166087595055,19.0789568,72.88213520000001,130.88637349010799
147.85,9.786000928087617,19.078957,72.8821355,130.88637349010799
147.86,9.777833810011165,19.0789572,72.8821358,130.88637349010799
147.87,9.769664742321984,19.0789574,72.88213610000001,130.88637349010799
147.88,9.761493733978421,19.0789576,72.88213640000001,130.88637349010799
147.89000000000001,9.753320793940985,19.0789578,72.8821367,130.88637349010799
147.9,9.745145931172335,19.078958,72.882137,130.88637349010799
147.91,9.7369691546372,19.0789582,72.88213730000001,130.88637349010799
147.92000000000002,9.728790473302412,19.0789584,72.88213760000001,130.88637349010799
147.93,9.720609896136903,19.0789586,72.8821379,130.88637349010799
147.94,9.712427432111692,19.0789588,72.8821382,130.88637349010799
147.95000000000002,9.704243090199796,19.078959,72.88213850000001,130.88637349010799
147.96,9.696056879376435,19.0789592,72.8821388,130.88637349010799
147.97,9.68786880861875,19.078959400000002,72.8821391,130.88637349010799
147.98,9.679678886905952,19.0789596,72.8821394,130.88637349010799
147.99,9.671487123219293,19.0789598,72.88213970000001,130.88637349010799
148.0,9.663293526542075,19.078960000000002,72.88214,130.88637349010799
148.01,9.65509810585958,19.0789602,72.8821403,130.88637349010799
148.02,9.646900870159037,19.0789604,72.8821406,130.88637349010799
148.03,9.638701828429818,19.078960600000002,72.88214090000001,130.88637349010799
148.04,9.630500989663094,19.0789608,72.8821412,130.88637349010799
148.05,9.622298362852103,19.078961,72.8821415,130.88637349010799
148.06,9.61409395699206,19.078961200000002,72.8821418,130.88637349010799
148.07,9.605887781080085,19.0789614,72.88214210000001,130.88637349010799
148.08,9.59767984411526,19.0789616,72.8821424,130.88637349010799
148.09,9.589470155098594,19.078961800000002,72.8821427,130.88637349010799
148.1,9.581258723033015,19.078962,72.882143,130.88637349010799
148.11,9.573045556923352,19.0789622,72.88214330000001,130.88637349010799
148.12,9.564830665776379,19.0789624,72.8821436,130.88637349010799
148.13,9.556614058600742,19.0789626,72.8821439,130.88637349010799
148.14000000000001,9.548395744406875,19.0789628,72.8821442,130.88637349010799
148.15,9.540175732207267,19.078963,72.88214450000001,130.88637349010799
148.16,9.531954031016113,19.0789632,72.8821448,130.88637349010799
148.17000000000002,9.523730649849513,19.0789634,72.8821451,130.88637349010799
148.18,9.515505597725445,19.0789636,72.8821454,130.88637349010799
148.19,9.507278883663686,19.0789638,72.88214570000001,130.88637349010799
148.20000000000002,9.499050516685793,19.078964,72.882146,130.88637349010799
148.21,9.490820505815224,19.0789642,72.8821463,130.88637349010799
148.22,9.482588860077177,19.0789644,72.8821466,130.88637349010799
148.23,9.474355588498678,19.0789646,72.88214690000001,130.88637349010799
148.24,9.466120700108462,19.0789648,72.8821472,130.88637349010799
148.25,9.457884203937192,19.078965,72.8821475,130.88637349010799
148.26,9.449646109017113,19.0789652,72.8821478,130.88637349010799
148.27,9.441406424382317,19.0789654,72.88214810000001,130.88637349010799
148.28,9.43316515906866,19.0789656,72.8821484,130.88637349010799
148.29,9.424922322113682,19.0789658,72.8821487,130.88637349010799
148.3,9.416677922556667,19.078966,72.882149,130.88637349010799
148.31,9.408431969438611,19.0789662,72.88214930000001,130.88637349010799
148.32,9.400184471802225,19.0789664,72.8821496,130.88637349010799
148.33,9.391935438691846,19.0789666,72.8821499,130.88637349010799
148.34,9.383684879153632,19.0789668,72.8821502,130.88637349010799
148.35,9.375432802235295,19.078967000000002,72.88215050000001,130.88637349010799
148.36,9.367179216986218,19.0789672,72.8821508,130.88637349010799
148.37,9.358924132457512,19.0789674,72.8821511,130.88637349010799
148.38,9.350667557701877,19.078967600000002,72.8821514,130.88637349010799
148.39000000000001,9.342409501773643,19.0789678,72.88215170000001,130.88637349010799
148.4,9.334149973728811,19.078968,72.882152,130.88637349010799
148.41,9.325888982624965,19.078968200000002,72.8821523,130.88637349010799
148.42000000000002,9.317626537521253,19.0789684,72.8821526,130.88637349010799
148.43,9.309362647478501,19.0789686,72.88215290000001,130.88637349010799
148.44,9.301097321559077,19.078968800000002,72.8821532,130.88637349010799
148.45000000000002,9.29283056882687,19.078969,72.8821535,130.88637349010799
148.46,9.284562398347486,19.0789692,72.8821538,130.88637349010799
148.47,9.276292819187901,19.078969400000002,72.88215410000001,130.88637349010799
148.48,9.268021840416752,19.0789696,72.8821544,130.88637349010799
148.49,9.259749471104168,19.0789698,72.8821547,130.88637349010799
148.5,9.251475720321844,19.07897,72.882155,130.88637349010799
148.51,9.243200597142962,19.0789702,72.88215530000001,130.88637349010799
148.52,9.234924110642169,19.0789704,72.8821556,130.88637349010799
148.53,9.226646269895685,19.0789706,72.8821559,130.88637349010799
148.54,9.21836708398118,19.0789708,72.88215620000001,130.88637349010799
148.55,9.21008656197774,19.078971,72.88215650000001,130.88637349010799
148.56,9.201804712966057,19.0789712,72.8821568,130.88637349010799
148.57,9.193521546028153,19.0789714,72.8821571,130.88637349010799
148.58,9.185237070247505,19.0789716,72.88215740000001,130.88637349010799
148.59,9.176951294709102,19.0789718,72.88215770000001,130.88637349010799
148.6,9.168664228499296,19.078972,72.882158,130.88637349010799
148.61,9.160375880705859,19.0789722,72.8821583,130.88637349010799
148.62,9.152086260418022,19.0789724,72.88215860000001,130.88637349010799
148.63,9.143795376726342,19.0789726,72.88215890000001,130.88637349010799
148.64000000000001,9.135503238722746,19.0789728,72.8821592,130.88637349010799
148.65,9.127209855500666,19.078973,72.8821595,130.88637349010799
148.66,9.11891523615476,19.0789732,72.88215980000001,130.88637349010799
148.67000000000002,9.110619389781089,19.0789734,72.88216010000001,130.88637349010799
148.68,9.102322325477111,19.0789736,72.8821604,130.88637349010799
148.69,9.094024052341535,19.0789738,72.8821607,130.88637349010799
148.70000000000002,9.085724579474428,19.078974,72.88216100000001,130.88637349010799
148.71,9.077423915977215,19.0789742,72.8821613,130.88637349010799
148.72,9.069122070952574,19.0789744,72.8821616,130.88637349010799
148.73,9.060819053504524,19.078974600000002,72.8821619,130.88637349010799
148.74,9.052514872738255,19.0789748,72.88216220000001,130.88637349010799
148.75,9.044209537760423,19.078975,72.8821625,130.88637349010799
148.76,9.035903057678787,19.078975200000002,72.8821628,130.88637349010799
148.77,9.02759544160242,19.0789754,72.8821631,130.88637349010799
148.78,9.019286698641686,19.0789756,72.88216340000001,130.88637349010799
148.79,9.010976837908096,19.078975800000002,72.8821637,130.88637349010799
148.8,9.002665868514434,19.078976,72.882164,130.88637349010799
148.81,8.994353799574721,19.0789762,72.8821643,130.88637349010799
148.82,8.98604064020415,19.078976400000002,72.88216460000001,130.88637349010799
148.83,8.977726399519103,19.0789766,72.8821649,130.88637349010799
148.84,8.969411086637205,19.0789768,72.8821652,130.88637349010799
148.85,8.961094710677193,19.078977000000002,72.8821655,130.88637349010799
148.86,8.952777280758946,19.0789772,72.88216580000001,130.88637349010799
148.87,8.944458806003633,19.0789774,72.8821661,130.88637349010799
148.88,8.936139295533422,19.0789776,72.8821664,130.88637349010799
148.89000000000001,8.927818758471695,19.0789778,72.8821667,130.88637349010799
148.9,8.919497203942937,19.078978,72.88216700000001,130.88637349010799
148.91,8.911174641072755,19.0789782,72.8821673,130.88637349010799
148.92000000000002,8.902851078987844,19.0789784,72.8821676,130.88637349010799
148.93,8.89452652681604,19.0789786,72.8821679,130.88637349010799
148.94,8.88620099368625,19.0789788,72.88216820000001,130.88637349010799
148.95000000000002,8.877874488728356,19.078979,72.8821685,130.88637349010799
148.96,8.869547021073489,19.0789792,72.8821688,130.88637349010799
148.97,8.861218599853682,19.0789794,72.8821691,130.88637349010799
148.98,8.852889234202088,19.0789796,72.88216940000001,130.88637349010799
148.99,8.84455893325286,19.0789798,72.8821697,130.88637349010799
149.0,8.836227706141237,19.07898,72.88217,130.88637349010799
149.01,8.827895562003391,19.0789802,72.8821703,130.88637349010799
149.02,8.819562509976537,19.0789804,72.88217060000001,130.88637349010799
149.03,8.811228559198916,19.0789806,72.8821709,130.88637349010799
149.04,8.802893718809731,19.0789808,72.8821712,130.88637349010799
149.05,8.794557997949095,19.078981,72.8821715,130.88637349010799
149.06,8.786221405758251,19.0789812,72.88217180000001,130.88637349010799
149.07,8.777883951379208,19.0789814,72.8821721,130.88637349010799
149.08,8.76954564395502,19.0789816,72.8821724,130.88637349010799
149.09,8.761206492629693,19.0789818,72.8821727,130.88637349010799
149.1,8.752866506548115,19.078982,72.88217300000001,130.88637349010799
149.11,8.744525694856103,19.078982200000002,72.8821733,130.88637349010799
149.12,8.736184066700378,19.0789824,72.8821736,130.88637349010799
149.13,8.72784163122856,19.0789826,72.8821739,130.88637349010799
149.14000000000001,8.71949839758914,19.078982800000002,72.88217420000001,130.88637349010799
149.15,8.711154374931521,19.078983,72.8821745,130.88637349010799
149.16,8.702809572405963,19.0789832,72.8821748,130.88637349010799
149.17000000000002,8.69446399916348,19.078983400000002,72.8821751,130.88637349010799
149.18,8.686117664356116,19.0789836,72.88217540000001,130.88637349010799
149.19,8.677770577136593,19.0789838,72.8821757,130.88637349010799
149.20000000000002,8.669422746658515,19.078984000000002,72.882176,130.88637349010799
149.21,8.661074182076332,19.0789842,72.8821763,130.88637349010799
149.22,8.652724892545267,19.0789844,72.88217660000001,130.88637349010799
149.23,8.644374887221327,19.078984600000002,72.8821769,130.88637349010799
149.24,8.636024175261271,19.0789848,72.8821772,130.88637349010799
149.25,8.627672765822767,19.078985,72.8821775,130.88637349010799
149.26,8.619320668064102,19.0789852,72.88217780000001,130.88637349010799
149.27,8.610967891144389,19.0789854,72.8821781,130.88637349010799
149.28,8.602614444223471,19.0789856,72.8821784,130.88637349010799
149.29,8.594260336461929,19.0789858,72.88217870000001,130.88637349010799
149.3,8.58590557702105,19.078986,72.88217900000001,130.88637349010799
149.31,8.577550175062882,19.0789862,72.8821793,130.88637349010799
149.32,8.569194139750147,19.0789864,72.8821796,130.88637349010799
149.33,8.56083748024622,19.0789866,72.88217990000001,130.88637349010799
149.34,8.552480205715245,19.0789868,72.88218020000001,130.88637349010799
149.35,8.544122325321998,19.078987,72.8821805,130.88637349010799
149.36,8.535763848231865,19.0789872,72.8821808,130.88637349010799
149.37,8.527404783611024,19.0789874,72.88218110000001,130.88637349010799
149.38,8.51904514062617,19.0789876,72.88218140000001,130.88637349010799
149.39000000000001,8.510684928444652,19.0789878,72.8821817,130.88637349010799
149.4,8.50232415623451,19.078988,72.882182,130.88637349010799
149.41,8.493962833164337,19.0789882,72.88218230000001,130.88637349010799
149.42000000000002,8.48560096840334,19.0789884,72.88218260000001,130.88637349010799
149.43,8.477238571121369,19.0789886,72.8821829,130.88637349010799
149.44,8.468875650488776,19.0789888,72.8821832,130.88637349010799
149.45000000000002,8.460512215676529,19.078989,72.88218350000001,130.88637349010799
149.46,8.452148275856187,19.0789892,72.8821838,130.88637349010799
149.47,8.443783840199837,19.0789894,72.8821841,130.88637349010799
149.48,8.435418917880094,19.0789896,72.8821844,130.88637349010799
149.49,8.42705351807009,19.078989800000002,72.88218470000001,130.88637349010799
149.5,8.418687649943557,19.07899,72.882185,130.88637349010799
149.51,8.410321322674681,19.0789902,72.8821853,130.88637349010799
149.52,8.401954545438151,19.078990400000002,72.8821856,130.88637349010799
149.53,8.393587327409191,19.0789906,72.88218590000001,130.88637349010799
149.54,8.385219677763496,19.0789908,72.8821862,130.88637349010799
149.55,8.376851605677137,19.078991000000002,72.8821865,130.88637349010799
149.56,8.368483120326829,19.0789912,72.8821868,130.88637349010799
149.57,8.360114230889584,19.0789914,72.88218710000001,130.88637349010799
149.58,8.351744946542917,19.078991600000002,72.8821874,130.88637349010799
149.59,8.343375276464815,19.0789918,72.8821877,130.88637349010799
149.6,8.335005229833609,19.078992,72.882188,130.88637349010799
149.61,8.32663481582808,19.078992200000002,72.88218830000001,130.88637349010799
149.62,8.318264043627437,19.0789924,72.8821886,130.88637349010799
149.63,8.30989292241125,19.0789926,72.8821889,130.88637349010799
149.64000000000001,8.301521461359462,19.0789928,72.8821892,130.88637349010799
149.65,8.29314966965245,19.078993,72.88218950000001,130.88637349010799
149.66,8.284777556470884,19.0789932,72.8821898,130.88637349010799
149.67000000000002,8.276405130995766,19.0789934,72.8821901,130.88637349010799
149.68,8.268032402408574,19.0789936,72.8821904,130.88637349010799
149.69,8.259659379890977,19.0789938,72.88219070000001,130.88637349010799
149.70000000000002,8.25128607262503,19.078994,72.882191,130.88637349010799
149.71,8.242912489793095,19.0789942,72.8821913,130.88637349010799
149.72,8.234538640577831,19.0789944,72.8821916,130.88637349010799
149.73,8.22616453416219,19.0789946,72.88219190000001,130.88637349010799
149.74,8.217790179729395,19.0789948,72.8821922,130.88637349010799
149.75,8.209415586462978,19.078995,72.8821925,130.88637349010799
149.76,8.20104076354672,19.0789952,72.8821928,130.88637349010799
149.77,8.19266572016456,19.0789954,72.88219310000001,130.88637349010799
149.78,8.184290465500858,19.0789956,72.8821934,130.88637349010799
149.79,8.175915008740049,19.0789958,72.8821937,130.88637349010799
149.8,8.16753935906685,19.078996,72.882194,130.88637349010799
149.81,8.15916352566623,19.0789962,72.88219430000001,130.88637349010799
149.82,8.150787517723275,19.0789964,72.8821946,130.88637349010799
149.83,8.142411344423305,19.0789966,72.8821949,130.88637349010799
149.84,8.134035014951847,19.0789968,72.8821952,130.88637349010799
149.85,8.125658538494577,19.078997,72.88219550000001,130.88637349010799
149.86,8.117281924237268,19.0789972,72.8821958,130.88637349010799
149.87,8.108905181366008,19.078997400000002,72.8821961,130.88637349010799
149.88,8.100528319066834,19.0789976,72.8821964,130.88637349010799
149.89000000000001,8.092151346526004,19.0789978,72.88219670000001,130.88637349010799
149.9,8.083774272929967,19.078998000000002,72.882197,130.88637349010799
149.91,8.075397107465152,19.0789982,72.8821973,130.88637349010799
149.92000000000002,8.067019859318165,19.0789984,72.8821976,130.88637349010799
149.93,8.058642537675686,19.078998600000002,72.88219790000001,130.88637349010799
149.94,8.050265151724473,19.0789988,72.8821982,130.88637349010799
149.95000000000002,8.041887710651345,19.078999,72.8821985,130.88637349010799
149.96,8.03351022364322,19.078999200000002,72.8821988,130.88637349010799
149.97,8.025132699887054,19.0789994,72.88219910000001,130.88637349010799
149.98,8.016755148569773,19.0789996,72.8821994,130.88637349010799
149.99,8.008377578878402,19.078999800000002,72.8821997,130.88637349010799
